gene_id	baseMean	log2FoldChange	lfcSE	pvalue	padj	stat	gene_name	gene_label	significant	direction
ENSG00000211445.13	2497.44066916998	3.75377797114289	0.15052638647246	9.80641188698867e-141	2.66538275088352e-137	25.2556946838754	GPX3	GPX3	TRUE	Upregulated
ENSG00000120129.6	679.707450866514	2.98590472285652	0.135544418067463	4.40369804814175e-109	5.98462564742464e-106	22.1888228418976	DUSP1	DUSP1	TRUE	Upregulated
ENSG00000198624.13	413.832617490654	2.81355051303806	0.172542759695954	7.06937979982282e-62	6.40485809863947e-59	16.5991423656355	CCDC69	CCDC69	TRUE	Upregulated
ENSG00000196569.14	3367.76755192459	2.03115947508333	0.12610300095389	4.08458711854313e-60	2.77547694705006e-57	16.3538329788482	LAMA2	LAMA2	TRUE	Upregulated
ENSG00000124766.7	250.278500124419	-2.41116286997325	0.16699857139606	1.19408542934146e-48	6.49104839390018e-46	-14.6581930625481	SOX4	SOX4	TRUE	Downregulated
ENSG00000108821.14	19373.0629029254	-1.28575386631292	0.0971840083045036	3.72856173102953e-41	1.68903846415638e-38	-13.4358315673872	COL1A1	COL1A1	TRUE	Downregulated
ENSG00000179094.16	147.305299406595	3.04329040225787	0.233776349775351	2.45264069880343e-40	9.52325345621102e-38	13.2956706907501	PER1	PER1	TRUE	Upregulated
ENSG00000136478.9	753.899370852385	1.52276391028348	0.121499761985276	2.90126165850889e-37	9.85703648478395e-35	12.7556016310796	TEX2	TEX2	TRUE	Upregulated
ENSG00000134363.12	587.163338520206	-1.76900962751023	0.14919037930144	5.76208362361355e-34	1.74014925433129e-31	-12.1496370314169	FST	FST	TRUE	Downregulated
ENSG00000146122.17	432.341157025848	1.6704548372026	0.145622229972441	7.70072649985783e-32	2.09305746266136e-29	11.7426795745234	DAAM2	DAAM2	TRUE	Upregulated
ENSG00000112837.17	562.667429724715	-1.78722257198538	0.156698179490161	8.63170378362453e-32	2.13281553489922e-29	-11.7330256534139	TBX18	TBX18	TRUE	Downregulated
ENSG00000164442.11	1489.73183379984	1.46693733050295	0.132934017044453	9.20182215481798e-30	2.08421271806627e-27	11.3311221353863	CITED2	CITED2	TRUE	Upregulated
ENSG00000096060.15	524.432587942587	3.84612669102413	0.38496273837243	8.09007833934411e-26	1.69144868664133e-23	10.5061844192082	FKBP5	FKBP5	TRUE	Upregulated
ENSG00000124762.14	1556.34489004939	-0.999015307628048	0.101284284305927	5.40800235310688e-24	1.04992502826747e-21	-10.102084889101	CDKN1A	CDKN1A	FALSE	Not significant
ENSG00000277443.3	1075.5774857888	-1.16001002922142	0.118909414178701	1.15557824501672e-23	2.0939077799703e-21	-10.0273662930791	MARCKS	MARCKS	TRUE	Downregulated
ENSG00000118689.15	747.35640133032	1.25592137664779	0.134940106423854	7.30306285219781e-22	1.2406078020171e-19	9.60931865719906	FOXO3	FOXO3	TRUE	Upregulated
ENSG00000164292.13	2999.02445863202	1.03377571917602	0.11166972737914	1.53916519738835e-21	2.4608535332362e-19	9.53224601942647	RHOBTB3	RHOBTB3	TRUE	Upregulated
ENSG00000111859.17	360.345799247148	1.61124504765352	0.177561501188197	3.64058610074088e-21	5.44777191072456e-19	9.44248006213409	NEDD9	NEDD9	TRUE	Upregulated
ENSG00000166482.12	5388.94025191552	-0.953197881936799	0.103775232767276	3.80822907666544e-21	5.44777191072456e-19	-9.43776290603514	MFAP4	MFAP4	FALSE	Not significant
ENSG00000170214.5	42.6318904041336	3.79033521561625	0.416857254642088	9.0892397025587e-21	1.23522767557773e-18	9.34615447796864	ADRA1B	ADRA1B	TRUE	Upregulated
ENSG00000196230.14	1839.61187329123	-1.19026095040552	0.132189400985324	1.17964036114214e-20	1.52679166742111e-18	-9.31852929422964	TUBB	TUBB	TRUE	Downregulated
ENSG00000145675.16	699.902555769033	1.50597794352253	0.17119399832843	3.5487667312945e-20	4.38433998893567e-18	9.20092646107789	PIK3R1	PIK3R1	TRUE	Upregulated
ENSG00000169738.8	124.901868225282	1.91787086276298	0.223380051088423	3.6597577351856e-19	4.3248789235802e-17	8.94678813437594	DCXR	DCXR	TRUE	Upregulated
ENSG00000118523.6	2238.41103943186	1.21638540103774	0.142345139183501	5.65759323661354e-19	6.40722434046483e-17	8.89855994068787	CCN2	CCN2	TRUE	Upregulated
ENSG00000146250.7	64.5023494529516	-2.36736456288844	0.277795007479857	9.80072229507966e-19	1.06553452792106e-16	-8.83735967473572	PRSS35	PRSS35	TRUE	Downregulated
ENSG00000136436.15	649.761272306574	1.15887966589039	0.136582605041345	1.34117414357585e-18	1.40204281624584e-16	8.80223546730846	CALCOCO2	CALCOCO2	TRUE	Upregulated
ENSG00000197043.15	2782.71446996089	0.903788964087441	0.106071388022526	1.47288225425864e-18	1.48270146928703e-16	8.79171942413764	ANXA6	ANXA6	FALSE	Not significant
ENSG00000071242.12	2236.64685435098	0.872377396721365	0.106359603520041	2.32080922210145e-17	2.25284266631134e-15	8.47649439128919	RPS6KA2	RPS6KA2	FALSE	Not significant
ENSG00000108604.18	443.022972826918	1.22628767760226	0.151172529442357	2.87409115446097e-17	2.69371715787066e-15	8.45157093630967	SMARCD2	SMARCD2	TRUE	Upregulated
ENSG00000145685.14	402.789321858482	-1.09565931494279	0.134835486728398	3.23078372046741e-17	2.83266779104207e-15	-8.43790415744381	LHFPL2	LHFPL2	TRUE	Downregulated
ENSG00000220884.2	96.0003286356395	-1.83048899510318	0.225816420217436	3.22791117698487e-17	2.83266779104207e-15	-8.43800815318276	MESTP1	MESTP1	TRUE	Downregulated
ENSG00000009413.17	1590.73901641734	1.0969210254514	0.139296531645466	1.69078767907549e-16	1.43611278491474e-14	8.24219566327967	REV3L	REV3L	TRUE	Upregulated
ENSG00000170624.14	428.372478569913	-1.10135724998898	0.139430854101898	2.09702324749721e-16	1.72718460202952e-14	-8.21640048952764	SGCD	SGCD	TRUE	Downregulated
ENSG00000113580.15	561.583929235117	-0.966868257685073	0.124304656387216	6.4613493765747e-16	5.16527870750884e-14	-8.08028894317148	NR3C1	NR3C1	FALSE	Not significant
ENSG00000145777.15	36.1681482712774	-3.06271720610607	0.397228333274619	9.58686947415346e-16	7.44488892307117e-14	-8.03203540399425	TSLP	TSLP	TRUE	Downregulated
ENSG00000113389.16	934.686833381607	0.892314709923566	0.115894213830159	1.31091634503618e-15	9.77663143650495e-14	7.99356507625099	NPR3	NPR3	FALSE	Not significant
ENSG00000270978.1	1262.45777919088	2.84397126276759	0.384240006332765	1.3308880174786e-15	9.77663143650495e-14	7.99170165383503	ENSG00000270978	ENSG00000270978	TRUE	Upregulated
ENSG00000131016.17	8161.29318338983	-0.884057001333797	0.118169664359478	5.70538524109356e-15	4.08085186455061e-13	-7.81029596036883	AKAP12	AKAP12	FALSE	Not significant
ENSG00000154262.13	494.937934515848	0.97446992930093	0.131010431978945	8.53637988722884e-15	5.94920013679179e-13	7.75935291996479	ABCA6	ABCA6	FALSE	Not significant
ENSG00000131446.17	1085.62504356696	0.814504424261656	0.109906744923986	1.38737315437032e-14	9.42720058394632e-13	7.69751545376828	MGAT1	MGAT1	FALSE	Not significant
ENSG00000256235.3	226.950251174099	1.16508644616067	0.158664454886877	1.52645229668059e-14	1.01192618106777e-12	7.68529468005033	SMIM3	SMIM3	TRUE	Upregulated
ENSG00000173918.15	197.38304682542	1.23403305440954	0.168500154628742	1.64567804923526e-14	1.06498879471939e-12	7.67566100723744	C1QTNF1	C1QTNF1	TRUE	Upregulated
ENSG00000138829.14	3187.16243605255	1.85026676695673	0.260424733669389	2.98187938860074e-14	1.88482515772484e-12	7.59910405899729	FBN2	FBN2	TRUE	Upregulated
ENSG00000173221.14	398.241446274768	0.980646178749682	0.136002797828584	4.74311676511819e-14	2.92995258354346e-12	7.53880112092811	GLRX	GLRX	FALSE	Not significant
ENSG00000083290.20	312.27395590465	1.1117617514427	0.156824857022411	9.61039396642456e-14	5.80467795572043e-12	7.44614944104201	ULK2	ULK2	TRUE	Upregulated
ENSG00000167549.19	387.315078671134	2.22075883769849	0.321131234479637	1.06718089309988e-13	6.30564710314236e-12	7.43230906040994	CORO6	CORO6	TRUE	Upregulated
ENSG00000113719.17	1355.30170460368	0.737903650128689	0.104113586964211	1.55786810845581e-13	9.00911812506998e-12	7.38212159515306	ERGIC1	ERGIC1	FALSE	Not significant
ENSG00000108950.12	221.234795286368	1.14360950132097	0.162926034789616	1.61223363846115e-13	9.12927297778628e-12	7.37755451603636	FAM20A	FAM20A	TRUE	Upregulated
ENSG00000161011.20	2005.89519591083	-0.746073555688732	0.105474347269679	1.83419952525614e-13	1.01741924686657e-11	-7.36035632752132	SQSTM1	SQSTM1	FALSE	Not significant
ENSG00000247763.2	1164.14465825673	-1.02723599090711	0.14816231399793	2.44036215730008e-13	1.32658086870832e-11	-7.32214611731319	TUBAP14	TUBAP14	TRUE	Downregulated
ENSG00000070540.13	776.141537641973	0.938145852733675	0.135558702062115	3.38139485022325e-13	1.80208454958957e-11	7.27826545400127	WIPI1	WIPI1	FALSE	Not significant
ENSG00000152377.15	1316.06072949661	0.883523720736744	0.129689293053146	8.46696570452573e-13	4.42561784325018e-11	7.15337537028711	SPOCK1	SPOCK1	FALSE	Not significant
ENSG00000141298.19	427.29994691191	1.16691204196132	0.173890179134649	9.0456987157008e-13	4.63890737910845e-11	7.14429797526391	SSH2	SSH2	TRUE	Upregulated
ENSG00000113361.13	456.942985640867	-1.10678324046775	0.166513977483436	1.65522398403153e-12	8.3312940529587e-11	-7.06082041697518	CDH6	CDH6	TRUE	Downregulated
ENSG00000168994.14	272.660500943548	1.19338185927897	0.18300036185735	3.38398039351161e-12	1.67230158355719e-10	6.96077826416199	PXDC1	PXDC1	TRUE	Upregulated
ENSG00000135318.12	862.706254421006	-0.819355762042952	0.124660096433887	4.99454355713065e-12	2.42413739076448e-10	-6.90573136038565	NT5E	NT5E	FALSE	Not significant
ENSG00000112936.21	409.820009958278	2.94630082948679	0.475095415806455	5.20399534033348e-12	2.48148409386428e-10	6.89989783028482	C7	C7	TRUE	Upregulated
ENSG00000157510.14	108.281175056269	1.54804097845785	0.25168138115269	2.72791858034638e-11	1.2574539908672e-09	6.66055693768054	AFAP1L1	AFAP1L1	TRUE	Upregulated
ENSG00000112715.26	385.683174225743	-1.1947515115032	0.193844850741666	2.72957268069039e-11	1.2574539908672e-09	-6.66046785360945	VEGFA	VEGFA	TRUE	Downregulated
ENSG00000164330.18	166.849963884902	1.05139585765401	0.172584733596764	9.0161793540893e-11	4.01737303023192e-09	6.48258912001691	EBF1	EBF1	TRUE	Upregulated
ENSG00000179593.16	14.6420514539295	8.34090276670636	2.69134361053094	8.90402989227344e-11	4.01737303023192e-09	6.48447667269188	ALOX15B	ALOX15B	TRUE	Upregulated
ENSG00000132356.12	484.045826507871	0.759577888758407	0.123556154770953	9.33894093673519e-11	4.09407120420101e-09	6.47728223864068	PRKAA1	PRKAA1	FALSE	Not significant
ENSG00000185561.10	262.256772647063	0.911561255612019	0.149305402960842	9.9788145674257e-11	4.30514571337509e-09	6.46727168558577	TLCD2	TLCD2	FALSE	Not significant
ENSG00000155324.10	117.755217338318	1.24009601999954	0.207814476534178	1.63735232148446e-10	6.9536306403043e-09	6.39199502067005	GRAMD2B	GRAMD2B	TRUE	Upregulated
ENSG00000213763.4	4875.12997377291	0.857758732468856	0.143484005029577	1.72496390685879e-10	7.21300292129569e-09	6.38402191317566	ACTBP2	ACTBP2	FALSE	Not significant
ENSG00000079691.19	308.317066114255	1.08060829280249	0.182658022505648	1.8011547719433e-10	7.41748283354833e-09	6.37740349223457	CARMIL1	CARMIL1	TRUE	Upregulated
ENSG00000112773.16	104.873953382075	-1.21729290120275	0.20594494954216	2.40893850497816e-10	9.77238038288154e-09	-6.33270886773321	TENT5A	TENT5A	TRUE	Downregulated
ENSG00000250978.5	12.5819165385765	8.09447440274288	2.67484662166388	3.27659268631953e-10	1.30967337079654e-08	6.28509215436882	ENSG00000250978	ENSG00000250978	TRUE	Upregulated
ENSG00000087116.17	893.893768212976	0.691559717781481	0.116490182574601	3.95171438197807e-10	1.53439424145949e-08	6.25592310190283	ADAMTS2	ADAMTS2	FALSE	Not significant
ENSG00000131459.13	208.045082579794	1.20505267142239	0.209156284861135	3.92307765360557e-10	1.53439424145949e-08	6.25705791187344	GFPT2	GFPT2	TRUE	Upregulated
ENSG00000226549.3	71.585222371608	-1.75787415579365	0.309228579188274	4.28164100454956e-10	1.63908454230503e-08	-6.24339853420474	SCDP1	SCDP1	TRUE	Downregulated
ENSG00000112658.8	252.970562818112	0.908469798803668	0.156494265110105	5.79434511730513e-10	2.18736528178269e-08	6.19592571678063	SRF	SRF	FALSE	Not significant
ENSG00000126861.5	61.6871197554026	-1.65885760637474	0.292309262861625	6.08866587670555e-10	2.26698545929941e-08	-6.18811822453779	OMG	OMG	TRUE	Downregulated
ENSG00000176928.7	92.9089168512837	1.65402745166169	0.298507888766611	8.87807431771667e-10	3.26089270210188e-08	6.12837570797508	GCNT4	GCNT4	TRUE	Upregulated
ENSG00000164484.12	163.84851372094	-1.08348803236785	0.192546916568906	1.23305432660852e-09	4.46858887962929e-08	-6.07588542183161	TMEM200A	TMEM200A	TRUE	Downregulated
ENSG00000264215.1	46.4785932512526	-1.89178980734048	0.340182866093305	1.26946794265014e-09	4.54001824753037e-08	-6.07121411414979	ENSG00000264215	ENSG00000264215	TRUE	Downregulated
ENSG00000108830.11	39.2798662093283	-2.01161913172012	0.368504578584327	1.98261663205893e-09	6.99837922848855e-08	-5.99922485300526	RND2	RND2	TRUE	Downregulated
ENSG00000220267.1	771.732902706969	0.869906292281391	0.157779283732272	2.58904781967808e-09	9.02183586395514e-08	5.95573549638485	ACTBP8	ACTBP8	FALSE	Not significant
ENSG00000072210.19	193.835870257712	-1.06381241977031	0.197677154675051	4.42713692731127e-09	1.52315926182684e-07	-5.86738806158864	ALDH3A2	ALDH3A2	TRUE	Downregulated
ENSG00000185813.11	91.3086003448117	1.20230073092556	0.223708066332379	5.22106067125842e-09	1.77385536306005e-07	5.83996877555762	PCYT2	PCYT2	TRUE	Upregulated
ENSG00000177469.13	3853.6025905527	0.625776309552868	0.113932208175367	5.61793838180109e-09	1.88513043478215e-07	5.82775080007597	CAVIN1	CAVIN1	FALSE	Not significant
ENSG00000186594.16	271.962947269627	0.811998772469149	0.149838523718563	6.27094412261269e-09	2.07858855186113e-07	5.80936712535952	MIR22HG	MIR22HG	FALSE	Not significant
ENSG00000174136.13	184.057052318952	-0.916177300242386	0.171129028257564	7.60019795983068e-09	2.48883591021925e-07	-5.77709366897314	RGMB	RGMB	FALSE	Not significant
ENSG00000146373.17	171.003018198326	0.943832366033542	0.176985354243854	8.2493343092271e-09	2.66924888719991e-07	5.76328290760653	RNF217	RNF217	FALSE	Not significant
ENSG00000125398.8	111.948207036368	-1.25471455957673	0.239851461085862	8.73211913934989e-09	2.79222350832388e-07	-5.75368036045277	SOX9	SOX9	TRUE	Downregulated
ENSG00000131771.14	19.1018985196706	-3.20711970517754	0.603486977640129	9.41417082282001e-09	2.97531584842149e-07	-5.74095931625097	PPP1R1B	PPP1R1B	TRUE	Downregulated
ENSG00000111885.7	1145.82420129064	0.771250106093199	0.146448526921618	1.18587808476357e-08	3.70484670619238e-07	5.70174403527529	MAN1A1	MAN1A1	FALSE	Not significant
ENSG00000108828.16	2407.86036254974	-0.603970293082282	0.112336747644844	1.20239298580028e-08	3.71375469932405e-07	-5.69938656587748	VAT1	VAT1	FALSE	Not significant
ENSG00000137393.10	30.4954795598632	2.12802791765853	0.41427736055704	1.24628212777221e-08	3.80606159919648e-07	5.69327116796176	RNF144B	RNF144B	TRUE	Upregulated
ENSG00000250895.1	307.713641348194	-0.884584009856418	0.169541271544633	1.43829981192479e-08	4.34366543201287e-07	-5.66876559356581	TUBAP15	TUBAP15	FALSE	Not significant
ENSG00000229596.3	917.049015447701	0.628033053240062	0.11806850963739	1.61687275357557e-08	4.82929686177846e-07	5.6486770492493	MYL12BP3	MYL12BP3	FALSE	Not significant
ENSG00000213149.3	781.778386233507	0.70887226206183	0.135582098742631	1.99056820864852e-08	5.84175743957339e-07	5.61281896801756	CNN2P9	CNN2P9	FALSE	Not significant
ENSG00000146411.6	159.71665923906	-0.909104990214552	0.175370514073677	1.99883532700635e-08	5.84175743957339e-07	-5.61210201692483	SLC2A12	SLC2A12	FALSE	Not significant
ENSG00000168610.16	1553.27001861196	0.567628548465731	0.107319045563097	2.30407908180701e-08	6.66222015356538e-07	5.58746520165233	STAT3	STAT3	FALSE	Not significant
ENSG00000184009.13	14668.3064419258	0.632568231395052	0.121490540738253	2.74507373101658e-08	7.85380042200324e-07	5.55696398460632	ACTG1	ACTG1	FALSE	Not significant
ENSG00000113657.13	944.299780259486	-0.618406477895407	0.119025617581776	3.10061771203154e-08	8.7786238971893e-07	-5.53565817016926	DPYSL3	DPYSL3	FALSE	Not significant
ENSG00000248929.1	115.619038673379	1.05726914244528	0.210804290324046	3.71913719527757e-08	1.04212524708912e-06	5.50369453652191	HIGD1AP3	HIGD1AP3	TRUE	Upregulated
ENSG00000164171.11	162.463845695671	-0.909835650672697	0.180578401985214	4.10784641976378e-08	1.13929862948142e-06	-5.48615149592117	ITGA2	ITGA2	FALSE	Not significant
ENSG00000224012.3	312.008309336634	0.813904347998898	0.165422770898012	7.79387558953048e-08	2.13977311639837e-06	5.37183651380298	ENSG00000224012	ENSG00000224012	FALSE	Not significant
ENSG00000133026.14	3134.56066182179	0.594675677906041	0.118297711145728	8.03771378692552e-08	2.18465060728636e-06	5.36627998863322	MYH10	MYH10	FALSE	Not significant
ENSG00000166260.13	156.606302946715	0.977075055207358	0.20399944722315	1.13225725899555e-07	3.04700517816823e-06	5.30410726156353	COX11	COX11	FALSE	Not significant
ENSG00000113456.20	216.032166207266	0.763689766242949	0.15614298716776	1.15909860875628e-07	3.08865688097997e-06	5.29983109379837	RAD1	RAD1	FALSE	Not significant
ENSG00000197594.14	140.653811052119	1.16469050665819	0.250792793763305	1.4713511369591e-07	3.88265280607266e-06	5.25610899050822	ENPP1	ENPP1	TRUE	Upregulated
ENSG00000113140.11	6199.96747569689	-0.504030627468757	0.101176495866829	1.54942279947937e-07	4.04935689325473e-06	-5.24658749757344	SPARC	SPARC	FALSE	Not significant
ENSG00000007237.19	81.7708826949206	-1.36163811005128	0.294748206324014	1.82557617895371e-07	4.72563433752017e-06	-5.21627446031883	GAS7	GAS7	TRUE	Downregulated
ENSG00000197442.11	307.62519405581	0.711269507369747	0.148138892977981	1.96392423612637e-07	5.03579818282215e-06	5.20272021847933	MAP3K5	MAP3K5	FALSE	Not significant
ENSG00000214944.10	129.696021147879	0.950815226804196	0.20301885294559	2.05489634266813e-07	5.21982080315137e-06	5.19430173271884	ARHGEF28	ARHGEF28	FALSE	Not significant
ENSG00000164294.14	736.329657237816	-0.540968178040403	0.111561819586788	2.45102295488184e-07	6.16840776978597e-06	-5.16140574097478	GPX8	GPX8	FALSE	Not significant
ENSG00000168621.15	39.6265344647475	1.5311314901952	0.334812351582438	2.61397127256222e-07	6.51814120993039e-06	5.14934540062726	GDNF	GDNF	TRUE	Upregulated
ENSG00000164237.9	128.370572746853	-0.897151102328302	0.194024125065185	3.33370705514067e-07	8.23728706897485e-06	-5.1035327968966	CMBL	CMBL	FALSE	Not significant
ENSG00000026950.17	128.201489884915	-0.879026193146683	0.19032631492142	3.53707936978595e-07	8.66106461898939e-06	-5.09232028078119	BTN3A1	BTN3A1	FALSE	Not significant
ENSG00000272841.1	23.8716274745668	-2.16764772314819	0.484200452840587	3.93077720639347e-07	9.53915397051558e-06	-5.07227986622461	MAP3K4-AS1	MAP3K4-AS1	TRUE	Downregulated
ENSG00000010017.13	399.615881428541	0.640650799679541	0.136804134784393	4.1899153330064e-07	1.00780441372667e-05	5.0601205310006	RANBP9	RANBP9	FALSE	Not significant
ENSG00000108960.9	343.286881374268	1.42641998223067	0.329177841515355	5.44278190332154e-07	1.29767379063403e-05	5.01000783679979	MMD	MMD	TRUE	Upregulated
ENSG00000168646.14	65.2866030405821	1.15698958804668	0.259357136326828	5.51276507667903e-07	1.30293004160118e-05	5.00754854371784	AXIN2	AXIN2	TRUE	Upregulated
ENSG00000166484.20	193.503961186803	0.789330934814655	0.174284552218587	5.86762317111248e-07	1.3748448085417e-05	4.9955239805242	MAPK7	MAPK7	FALSE	Not significant
ENSG00000113460.13	100.65992412657	0.960353073427795	0.214650404243873	6.31078560378866e-07	1.4538022418284e-05	4.98145532095048	BRIX1	BRIX1	FALSE	Not significant
ENSG00000164291.17	103.295072059773	0.926265635254214	0.206801136662428	6.31157706165385e-07	1.4538022418284e-05	4.98143105775849	ARSK	ARSK	FALSE	Not significant
ENSG00000173838.12	11.5017477880884	3.34710660063988	0.750085721386286	6.91829446024963e-07	1.58016170949231e-05	4.96364332403936	MARCHF10	MARCHF10	TRUE	Upregulated
ENSG00000093144.19	309.170232897788	0.664182118231001	0.14727883433121	8.18513244652854e-07	1.85393249913871e-05	4.93090072741943	ECHDC1	ECHDC1	FALSE	Not significant
ENSG00000145901.16	511.120952117268	0.569915877207112	0.125327198720266	9.76387172886705e-07	2.1932399470298e-05	4.89633870795	TNIP1	TNIP1	FALSE	Not significant
ENSG00000034152.20	223.396399261592	0.800159125447312	0.184296120918177	1.27559985139833e-06	2.84186917713169e-05	4.84351827130126	MAP2K3	MAP2K3	FALSE	Not significant
ENSG00000183876.9	35.3076537071479	-1.54733953982943	0.369070486317146	1.4272729181839e-06	3.15392503384052e-05	-4.8211579430703	ARSI	ARSI	TRUE	Downregulated
ENSG00000067113.17	261.345844920323	-0.795502345684782	0.185873195815167	1.63060461958306e-06	3.57418012582802e-05	-4.79452532923961	PLPP1	PLPP1	FALSE	Not significant
ENSG00000286676.1	94.9927814636969	0.937936625451021	0.220292569742164	1.68635215382298e-06	3.66680412327269e-05	4.78778136732729	ACTBP4	ACTBP4	FALSE	Not significant
ENSG00000145632.15	109.351262298582	-0.878953690183347	0.205883168173779	1.76415133036137e-06	3.8055264412081e-05	-4.77871946513916	PLK2	PLK2	FALSE	Not significant
ENSG00000129250.12	1514.76482497813	0.463996254444397	0.105066933249139	2.41505402371634e-06	5.16859593422127e-05	4.71517305114989	KIF1C	KIF1C	FALSE	Not significant
ENSG00000167291.16	552.370621022747	0.537800312515755	0.123010104322359	2.44005887572165e-06	5.18131251891518e-05	4.71307537457987	TBC1D16	TBC1D16	FALSE	Not significant
ENSG00000161381.14	113.163492810083	-0.998206528329278	0.243775731632826	2.51627848807571e-06	5.30174025627114e-05	-4.70680625359549	PLXDC1	PLXDC1	FALSE	Not significant
ENSG00000145604.17	140.506600253582	0.802239826691695	0.192204385217364	2.91916495349224e-06	6.10330026430146e-05	4.67642696741801	SKP2	SKP2	FALSE	Not significant
ENSG00000083720.13	189.053986105733	0.682092317829132	0.161506456623414	3.15663100651355e-06	6.54940692801819e-05	4.66035589382592	OXCT1	OXCT1	FALSE	Not significant
ENSG00000072310.18	293.319443938726	-0.683022733875765	0.162170923642819	3.20319103228149e-06	6.59566153465234e-05	-4.65734134390677	SREBF1	SREBF1	FALSE	Not significant
ENSG00000246763.7	34.7513330899207	-1.49626156433411	0.376734060690914	3.32552198468481e-06	6.79606673261152e-05	-4.64961687210509	RGMB-AS1	RGMB-AS1	TRUE	Downregulated
ENSG00000069020.19	171.384989038159	-0.727399059863063	0.17394882154344	3.35783167984289e-06	6.81088545209923e-05	-4.64762220627422	MAST4	MAST4	FALSE	Not significant
ENSG00000161513.12	120.091940010539	-0.837942856035677	0.20285730608991	3.38490539382189e-06	6.81494285956141e-05	-4.64596491100176	FDXR	FDXR	FALSE	Not significant
ENSG00000161647.19	32.8693891579603	1.42892819141319	0.357426870040665	3.6502222975921e-06	7.29507662121716e-05	4.63036470422618	MPP3	MPP3	TRUE	Upregulated
ENSG00000184188.6	312.021941586672	0.736399152448323	0.178532267029501	3.82208395820969e-06	7.5827913857036e-05	4.6208297145306	ENSG00000184188	ENSG00000184188	FALSE	Not significant
ENSG00000112414.15	160.519015968648	0.794453879365945	0.194033365445613	4.08515876522877e-06	8.0459866115158e-05	4.60700210063509	ADGRG6	ADGRG6	FALSE	Not significant
ENSG00000131711.15	1313.27665776806	-0.473254256472142	0.110461052616718	4.36066690219869e-06	8.52682923753672e-05	-4.59340734044132	MAP1B	MAP1B	FALSE	Not significant
ENSG00000197860.10	106.787338603888	0.828329070525591	0.203512790018865	4.7134985707451e-06	9.15092079663228e-05	4.57715161227932	SGTB	SGTB	FALSE	Not significant
ENSG00000112576.13	126.00411406687	0.812843854893802	0.200811002672608	4.85494151517978e-06	9.3586744952189e-05	4.57096034716932	CCND3	CCND3	FALSE	Not significant
ENSG00000228118.3	1257.75846238213	0.519958172528801	0.123246538283475	4.94270319987059e-06	9.46075161778047e-05	4.56720510562789	MYL6P5	MYL6P5	FALSE	Not significant
ENSG00000170921.16	425.301478361093	0.548059811729157	0.131981481507799	6.30386202641138e-06	0.00011981746145305	4.51593291445061	TANC2	TANC2	FALSE	Not significant
ENSG00000108840.16	480.397996233183	0.561997082385399	0.135881606516486	6.39692528083479e-06	0.000120741964675757	4.51282682283541	HDAC5	HDAC5	FALSE	Not significant
ENSG00000197879.17	1621.43234014781	0.484223149806804	0.117013071090323	8.03122863242905e-06	0.000150543996020291	4.46434974132849	MYO1C	MYO1C	FALSE	Not significant
ENSG00000183688.4	221.150817898191	0.661261986523565	0.165243179374128	8.17376287217029e-06	0.000152166352647663	4.46058133871708	RFLNB	RFLNB	FALSE	Not significant
ENSG00000108582.12	1566.10517108804	0.509051977713805	0.123952252024197	8.41746650619256e-06	0.000155637237849193	4.45428133934133	CPD	CPD	FALSE	Not significant
ENSG00000176183.8	166.486193489797	0.764433795318332	0.195077642728477	8.68530077989945e-06	0.000159504375133559	4.44755553704483	ENSG00000176183	ENSG00000176183	FALSE	Not significant
ENSG00000154263.18	43.5224236193578	-1.18455914892981	0.31269405290583	9.56132370718847e-06	0.000174413945208982	-4.42686340328431	ABCA10	ABCA10	TRUE	Downregulated
ENSG00000174705.13	778.979957732196	0.58154894963975	0.147456089297688	1.22200558440966e-05	0.00022142741189503	4.37362439717848	SH3PXD2B	SH3PXD2B	FALSE	Not significant
ENSG00000137193.14	136.269978490537	-0.765011173501703	0.199149974789717	1.23955263094877e-05	0.000221651582297286	-4.37051249097513	PIM1	PIM1	FALSE	Not significant
ENSG00000108797.12	335.258032653969	-0.558855635563396	0.140205199227424	1.23552785844235e-05	0.000221651582297286	-4.37122253756621	CNTNAP1	CNTNAP1	FALSE	Not significant
ENSG00000108861.9	412.904928351345	0.51559484427693	0.128712832663741	1.26234339283929e-05	0.000224251590963215	4.36653279957521	DUSP3	DUSP3	FALSE	Not significant
ENSG00000111801.16	136.02480280143	-0.73207584365049	0.190686401864555	1.3804536914414e-05	0.000243641112554399	-4.3469473019824	BTN3A3	BTN3A3	FALSE	Not significant
ENSG00000065320.9	837.994961526275	0.471406035259537	0.117185338153378	1.40441940007218e-05	0.0002462717373804	4.34316911345528	NTN1	NTN1	FALSE	Not significant
ENSG00000137273.6	442.781575470753	-0.575624155843101	0.14760970369205	1.52991875840326e-05	0.000266558922137184	-4.3243361319385	FOXF2	FOXF2	FALSE	Not significant
ENSG00000188176.12	12.2495667141549	-2.68470426557824	0.767248248450916	1.58043575078393e-05	0.000272190761067694	-4.31716840973311	SMTNL2	SMTNL2	TRUE	Downregulated
ENSG00000270885.2	31.2626253577514	1.32057124633762	0.36203298771579	1.58227153232876e-05	0.000272190761067694	4.31691206846579	RASL10B	RASL10B	TRUE	Upregulated
ENSG00000145506.14	28.3815339664949	1.53757982591404	0.430235526253436	1.59649937149142e-05	0.00027291102463608	4.31493490871426	NKD2	NKD2	TRUE	Upregulated
ENSG00000250722.6	1056.7098985644	0.434713208104971	0.1083087121038	1.72035374513639e-05	0.000292245092455045	4.29840014480557	SELENOP	SELENOP	FALSE	Not significant
ENSG00000007866.22	313.823969842636	0.546196358605381	0.140191447706557	1.83139990329879e-05	0.000309176704171808	4.28451289115111	TEAD3	TEAD3	FALSE	Not significant
ENSG00000184640.20	1585.07099365004	-0.409326827789937	0.102040714643536	1.87662859142099e-05	0.000314856574782855	-4.27908539377746	SEPTIN9	SEPTIN9	FALSE	Not significant
ENSG00000113083.15	2769.05080236884	0.402679825361053	0.100597527784195	1.99513355345367e-05	0.000332685460017612	4.26543470817515	LOX	LOX	FALSE	Not significant
ENSG00000175471.20	33.9180328794833	1.38132228257146	0.3939458433954	2.23284840311551e-05	0.000370053778028534	4.24023606531269	MCTP1	MCTP1	TRUE	Upregulated
ENSG00000134987.13	222.91094001038	-0.61988291905277	0.165237110546832	2.59436970607213e-05	0.000427363446127517	-4.20642949537773	WDR36	WDR36	FALSE	Not significant
ENSG00000229349.2	119.50264472502	0.791225377530454	0.221709457347422	3.19335913266975e-05	0.00052286446521665	4.15922021505622	ACTG1P9	ACTG1P9	FALSE	Not significant
ENSG00000169271.3	18.0708314694215	1.85043566025373	0.557643722951714	3.27772294585682e-05	0.000533464129750828	4.15325976623989	HSPB3	HSPB3	TRUE	Upregulated
ENSG00000164574.16	615.698404352275	0.494152209936375	0.130853362897098	3.5884921802119e-05	0.000580566770584282	4.13249330794541	GALNT10	GALNT10	FALSE	Not significant
ENSG00000146006.8	8.92565577956307	-2.87606962732167	0.846724089961288	3.63659426604036e-05	0.000584867645863769	-4.1294327022598	LRRTM2	LRRTM2	TRUE	Downregulated
ENSG00000062716.13	622.10245861299	0.478824810329154	0.126423616689538	3.66324987729775e-05	0.00058568900979384	4.12775318981297	VMP1	VMP1	FALSE	Not significant
ENSG00000113441.16	277.343788796389	0.555590533625638	0.15030661528485	3.86792902072556e-05	0.000614797139083747	4.11523037353685	LNPEP	LNPEP	FALSE	Not significant
ENSG00000113552.16	323.726504324228	-0.534935897254062	0.144291821924122	4.07387248444156e-05	0.000643766593762335	-4.10324964631648	GNPDA1	GNPDA1	FALSE	Not significant
ENSG00000123213.23	111.1198572249	0.754269747835663	0.214908333775784	4.29412348581088e-05	0.00067077170312839	4.09105657678691	NLN	NLN	FALSE	Not significant
ENSG00000203727.4	69.9725660317629	-0.941716799667818	0.275341967504007	4.27565933660045e-05	0.00067077170312839	-4.09205568918016	SAMD5	SAMD5	FALSE	Not significant
ENSG00000123643.14	167.752598666219	0.644805788720263	0.179677839621888	4.43586551870514e-05	0.000688953284562319	4.08351976133315	SLC36A1	SLC36A1	FALSE	Not significant
ENSG00000145623.13	1319.22206565387	0.42278154243952	0.111728937647206	4.49063371455124e-05	0.000689578668709055	4.08066862751491	OSMR	OSMR	FALSE	Not significant
ENSG00000112320.12	63.3077209882275	-1.08097916594941	0.327381243325774	4.48370771066454e-05	0.000689578668709055	-4.08102735544801	SOBP	SOBP	TRUE	Downregulated
ENSG00000141522.12	535.046303304499	0.473224309191796	0.128969819658346	5.78865591630094e-05	0.000883908246095841	4.02126451042729	ARHGDIA	ARHGDIA	FALSE	Not significant
ENSG00000012048.25	46.3181963402222	-1.07778975332854	0.329315642375943	6.07429649119894e-05	0.000922342897378699	-4.00990584384964	BRCA1	BRCA1	TRUE	Downregulated
ENSG00000225415.2	228.899281453153	-1.19852727432558	0.378660426111018	6.2405605604746e-05	0.000942324644631665	-4.00352499032611	ACKR4P1	ACKR4P1	TRUE	Downregulated
ENSG00000291237.1	2965.48494426639	0.537507610439522	0.152462741757224	6.90856608975057e-05	0.00103742997966531	3.97941291290488	SOD2	SOD2	FALSE	Not significant
ENSG00000119899.13	312.818646436039	0.53272979498711	0.151371589468343	7.19221571466098e-05	0.00107409023694772	3.96983587230663	SLC17A5	SLC17A5	FALSE	Not significant
ENSG00000130340.17	906.741245618395	-0.423113566735651	0.115994535920563	7.49258640802799e-05	0.00110971847199822	-3.96007615997906	SNX9	SNX9	FALSE	Not significant
ENSG00000186340.17	1914.78806600172	-0.484429623711431	0.136750752027776	7.51244293037793e-05	0.00110971847199822	-3.95944408781156	THBS2	THBS2	FALSE	Not significant
ENSG00000249363.1	11.4823411054173	2.16334839029583	0.702826271773621	7.64832250979085e-05	0.0011236832746817	3.95516069742834	TRPC6P2	TRPC6P2	TRUE	Upregulated
ENSG00000132530.17	43.9002985985772	-1.02172833714212	0.316715156738502	8.26701417148083e-05	0.0012080507805422	-3.93652462209837	XAF1	XAF1	TRUE	Downregulated
ENSG00000108468.15	287.668567592835	-0.498388547314305	0.140234144840686	8.34180379533281e-05	0.00121246110779222	-3.93436183239392	CBX1	CBX1	FALSE	Not significant
ENSG00000118515.12	554.721706604533	0.538643296393117	0.154609045204511	8.63798755931907e-05	0.00124883245671432	3.92597291557721	SGK1	SGK1	FALSE	Not significant
ENSG00000125430.9	60.432473053897	0.912130919324831	0.285148160651348	9.90104795875382e-05	0.00142386499216365	3.89300409695141	HS3ST3B1	HS3ST3B1	FALSE	Not significant
ENSG00000057657.17	41.2591700222663	1.1334449563965	0.368314896768911	0.000100562242227939	0.00143856933881862	3.8892312962264	PRDM1	PRDM1	TRUE	Upregulated
ENSG00000108829.10	361.349813074178	0.477056320395306	0.136173168671325	0.000108703686224358	0.00154689329401992	3.8702951056412	LRRC59	LRRC59	FALSE	Not significant
ENSG00000113319.13	85.756668389149	-0.740356211773695	0.232153719286042	0.000150119352945531	0.00212512709013517	-3.79087192653993	RASGRF2	RASGRF2	FALSE	Not significant
ENSG00000170899.11	87.8535248821283	-0.734887920730685	0.231394989836703	0.000155527351377988	0.00218017554717966	-3.78207361245922	GSTA4	GSTA4	FALSE	Not significant
ENSG00000118526.7	1015.53313291004	0.40964120017332	0.117691503521053	0.000155612235523493	0.00218017554717966	3.78193782280609	TCF21	TCF21	FALSE	Not significant
ENSG00000070193.5	43.1894904085463	-1.00215505951839	0.331265548861536	0.000169066522526249	0.00235652722167356	-3.7612497391989	FGF10	FGF10	TRUE	Downregulated
ENSG00000145681.11	208.667310878183	0.63711290490344	0.199869767788823	0.000179953529064591	0.00249547802039571	3.74561340918501	HAPLN1	HAPLN1	FALSE	Not significant
ENSG00000248216.1	86.3098188648375	0.786185459288243	0.257546761433581	0.000187638381163131	0.00258883817259589	3.73510298922075	KCTD9P5	KCTD9P5	FALSE	Not significant
ENSG00000145687.17	154.831613271385	-0.572758269010843	0.177791495549737	0.000206005837644422	0.00282789831675525	-3.71153541531818	SSBP2	SSBP2	FALSE	Not significant
ENSG00000039560.14	1059.79039340146	0.429536219437751	0.129509418190588	0.000251924787381796	0.00342365786051861	3.66029525674932	RAI14	RAI14	FALSE	Not significant
ENSG00000078269.15	223.422679454597	-0.52862834900501	0.16491667124467	0.000251502157911301	0.00342365786051861	-3.66072543506622	SYNJ2	SYNJ2	FALSE	Not significant
ENSG00000137266.15	30.1746629141901	-1.08314373603839	0.379455598768264	0.000261093810607517	0.00353061182702105	-3.65112530210841	SLC22A23	SLC22A23	TRUE	Downregulated
ENSG00000120708.17	2265.74624932168	-0.380432938689932	0.113157808653712	0.000266015334394486	0.00357935484596145	-3.64632708756012	TGFBI	TGFBI	FALSE	Not significant
ENSG00000113578.18	36.0951608634669	1.08041056008838	0.387234235255475	0.000270321456748971	0.003601635879626	3.64219663321922	FGF1	FGF1	TRUE	Upregulated
ENSG00000159842.16	831.721136767709	-0.36687593276102	0.108462658305563	0.000269722446965256	0.003601635879626	-3.64276749758126	ABR	ABR	FALSE	Not significant
ENSG00000172301.11	158.284833295845	-0.54360128658773	0.171903916739535	0.000276857784035827	0.00367072905858232	-3.63604332839869	COPRS	COPRS	FALSE	Not significant
ENSG00000096384.20	2169.6176796585	-0.334642796290256	0.0989480084791655	0.000293508314804332	0.00386429240786691	-3.6209631561899	HSP90AB1	HSP90AB1	FALSE	Not significant
ENSG00000002834.19	1569.82614778509	0.36583993524711	0.109343219212325	0.000294300415168672	0.00386429240786691	3.62026590291693	LASP1	LASP1	FALSE	Not significant
ENSG00000124496.13	95.1618446387997	-0.654110242111135	0.215076876584165	0.000296668950716588	0.00387666446176772	-3.61819141611025	TRERF1	TRERF1	FALSE	Not significant
ENSG00000272341.1	13.0614949100852	-1.73843394797729	0.654408748278317	0.000300486949208519	0.00388915965689883	-3.61487984784551	ENSG00000272341	ENSG00000272341	TRUE	Downregulated
ENSG00000006025.13	30.0398672877293	-1.18457322640588	0.437627394279238	0.000299304149295302	0.00388915965689883	-3.61590152433054	OSBPL7	OSBPL7	TRUE	Downregulated
ENSG00000245812.5	24.293383094553	1.18290252003288	0.428634995469997	0.000313498863816186	0.00403834081446632	3.60388246764011	LINC02202	LINC02202	TRUE	Upregulated
ENSG00000108846.16	81.3404588705968	0.699730604407906	0.237730861706522	0.000338598417233969	0.00434108725491475	3.58382544132178	ABCC3	ABCC3	FALSE	Not significant
ENSG00000124702.19	203.273550176508	0.509725426718594	0.164400463057731	0.000347224199052171	0.00443077639917278	3.57725289860852	KLHDC3	KLHDC3	FALSE	Not significant
ENSG00000112078.14	487.438673352012	0.428662814927745	0.135250861552884	0.000389009354813396	0.00494078236627481	3.54742983446366	KCTD20	KCTD20	FALSE	Not significant
ENSG00000151914.22	3271.50014403051	-0.340318729998899	0.103822107055669	0.000391748608824049	0.00495243125015704	-3.5455809724216	DST	DST	FALSE	Not significant
ENSG00000215057.4	1308.46267004867	-0.378271427746207	0.116894673431421	0.000403113035415517	0.00507250569564526	-3.53803734794217	PKMP5	PKMP5	FALSE	Not significant
ENSG00000108262.16	240.029193756839	0.515565842588186	0.168197113255529	0.000408393422564334	0.00511526876741871	3.53459964301074	GIT1	GIT1	FALSE	Not significant
ENSG00000176845.13	201.113653506033	-0.502868920529213	0.163421412040388	0.000428381743914481	0.00534101642183283	-3.52195197277944	METRNL	METRNL	FALSE	Not significant
ENSG00000182575.8	57.2093849966681	0.816825686309716	0.293790129242975	0.000435636981346026	0.00540667267259589	3.51749717880519	NXPH3	NXPH3	FALSE	Not significant
ENSG00000113721.14	4125.87867073108	0.334847874490675	0.102688567410006	0.0004654570386844	0.00572448973368416	3.49988607487755	PDGFRB	PDGFRB	FALSE	Not significant
ENSG00000272168.10	24.0128903742303	-1.15252055470435	0.4412224487014	0.00046532611252123	0.00572448973368416	-3.49996106842674	CASC15	CASC15	TRUE	Downregulated
ENSG00000113739.11	3464.26628087147	0.904601481556975	0.343460916815376	0.000475829558062068	0.00582569702167884	3.49400642987057	STC2	STC2	FALSE	Not significant
ENSG00000113645.15	25.3770435851441	1.11265331881107	0.42615709221653	0.000492239888641893	0.0059995875216532	3.48494408711435	WWC1	WWC1	TRUE	Upregulated
ENSG00000180891.13	212.273878094161	0.478693749677933	0.157317181602261	0.000525537612636992	0.00637683585333635	3.46739060168235	CUEDC1	CUEDC1	FALSE	Not significant
ENSG00000120254.16	279.472450604929	-0.525036123074667	0.177454621902796	0.000529589813325002	0.00639744494496603	-3.46532563615168	MTHFD1L	MTHFD1L	FALSE	Not significant
ENSG00000279118.1	25.0236517682555	1.15266476797026	0.453383133624867	0.000535862642497392	0.00644457815180492	3.46215791485418	ENSG00000279118	ENSG00000279118	TRUE	Upregulated
ENSG00000164506.16	375.949905853489	0.402034645082026	0.128379006988562	0.000541536713603943	0.00648412681751329	3.45932218284825	STXBP5	STXBP5	FALSE	Not significant
ENSG00000137309.21	634.015512145884	-0.389573667894568	0.124720612378127	0.000569510651052052	0.0067891664454363	-3.44573400078099	HMGA1	HMGA1	FALSE	Not significant
ENSG00000168477.21	1120.32996848849	-0.433071251126379	0.142629967260065	0.000593055588876143	0.00703897419460854	-3.43477062072391	TNXB	TNXB	FALSE	Not significant
ENSG00000164220.7	468.946245354808	-0.392697993836196	0.12634162748265	0.000603222067814954	0.00712851121878716	-3.43016151380538	F2RL2	F2RL2	FALSE	Not significant
ENSG00000189007.16	38.6604616144676	-0.875767307162589	0.33218085374989	0.000616378204107233	0.00725245003793706	-3.42430315363788	ADAT2	ADAT2	FALSE	Not significant
ENSG00000120149.9	30.8803356418832	-1.03287891159559	0.406769375528375	0.000643353189336611	0.00753721538196944	-3.41264657467698	MSX2	MSX2	TRUE	Downregulated
ENSG00000126561.18	150.625266558491	0.527020248315638	0.18110633686356	0.000667032657988009	0.00778109340949102	3.40278287570242	STAT5A	STAT5A	FALSE	Not significant
ENSG00000164530.15	22.9576559545305	-1.40508109767987	0.592870876778917	0.000675904825597955	0.00785089451271471	-3.39917084091445	PI16	PI16	TRUE	Downregulated
ENSG00000153113.24	1603.91635262778	0.328264232748873	0.1039715847326	0.000689876415902162	0.00797908126988117	3.39357112293172	CAST	CAST	FALSE	Not significant
ENSG00000141574.8	124.766135590023	-0.568047877813334	0.199713473846642	0.000698060317432353	0.008039525181276	-3.39033983279125	SECTM1	SECTM1	FALSE	Not significant
ENSG00000286511.1	6.29723424641906	2.64331611060416	1.15485330942477	0.000705849486330461	0.00809493208373921	3.38729693217829	ENSG00000286511	ENSG00000286511	TRUE	Upregulated
ENSG00000171617.16	159.392473593083	-1.15661761322197	0.509982651266615	0.000730029427640887	0.00833705875768038	-3.37804571713285	ENC1	ENC1	TRUE	Downregulated
ENSG00000182473.22	383.188964315365	-0.399043448873294	0.131524507964762	0.000742107607112875	0.00843953337294057	-3.3735307369588	EXOC7	EXOC7	FALSE	Not significant
ENSG00000196923.14	693.294067331045	0.476231601224706	0.164223189611006	0.000756636590472649	0.00856890938710275	3.36818917727415	PDLIM7	PDLIM7	FALSE	Not significant
ENSG00000065833.9	137.890059291922	-0.5386239988646	0.189725863783289	0.000775966439176936	0.00875135594059299	-3.36122835064573	ME1	ME1	FALSE	Not significant
ENSG00000183010.17	60.7719438271397	-0.746286100133274	0.286728977797363	0.000804781803838988	0.00903883034229078	-3.35114489868174	PYCR1	PYCR1	FALSE	Not significant
ENSG00000072682.20	758.143499553263	-0.338842381725577	0.109788728743806	0.000827631052179015	0.00925370820709139	-3.34338461135235	P4HA2	P4HA2	FALSE	Not significant
ENSG00000188112.10	73.9894376536921	0.639992043845584	0.235522265511712	0.000830722885404819	0.00925370820709139	3.34234984003181	C6orf132	C6orf132	FALSE	Not significant
ENSG00000153721.19	50.7906209107891	-0.74547077782578	0.284526334006341	0.000834958911326641	0.00926293192239106	-3.34093791692366	CNKSR3	CNKSR3	FALSE	Not significant
ENSG00000137265.16	47.4558204642192	0.887794076424515	0.361894595321147	0.000854172057629898	0.00943755956356936	3.33461619408676	IRF4	IRF4	FALSE	Not significant
ENSG00000213949.10	235.663383666959	0.493992002021765	0.174192518742049	0.000888486333359572	0.00969841708462376	3.32364684078034	ITGA1	ITGA1	FALSE	Not significant
ENSG00000112851.16	538.630185836738	0.369218296424873	0.122050677208501	0.000886208587117548	0.00969841708462376	3.32436269851753	ERBIN	ERBIN	FALSE	Not significant
ENSG00000171604.12	126.410589357927	-0.549162489430826	0.197437475625414	0.0008848989421829	0.00969841708462376	-3.32477507077296	CXXC5	CXXC5	FALSE	Not significant
ENSG00000038274.18	336.792725865847	0.430561651934751	0.146616395555224	0.000894924746234092	0.00972962184105705	3.32163251677986	MAT2B	MAT2B	FALSE	Not significant
ENSG00000131242.18	8.84680852063003	-1.78959345981698	0.801964504882647	0.000939568269421742	0.0101742890688777	-3.30802379235984	RAB11FIP4	RAB11FIP4	TRUE	Downregulated
ENSG00000168724.18	289.75451017048	0.406636990347615	0.13865131819347	0.00102873281977484	0.0110956182704286	3.28254851515744	DNAJC21	DNAJC21	FALSE	Not significant
ENSG00000178425.14	101.46256090335	-0.563188651600676	0.207347409837699	0.00103854665755026	0.0111571929455399	-3.27987071710165	NT5DC1	NT5DC1	FALSE	Not significant
ENSG00000132589.16	399.045200522868	0.391219592364498	0.13355097223946	0.0010844240973631	0.0116041917190272	3.26765515134983	FLOT2	FLOT2	FALSE	Not significant
ENSG00000135596.18	257.461442746154	0.424859484915381	0.1477514534102	0.00111063815938677	0.0118380961459342	3.26088821502568	MICAL1	MICAL1	FALSE	Not significant
ENSG00000270504.1	89.5082555390869	0.593904400729443	0.226035627705303	0.00116448125110967	0.0123635157832659	3.24744021640167	ENSG00000270504	ENSG00000270504	FALSE	Not significant
ENSG00000181472.5	117.613776277571	-0.547030987144923	0.203836956244077	0.00118031616475779	0.0124828767930415	-3.24359458033033	ZBTB2	ZBTB2	FALSE	Not significant
ENSG00000227602.1	52.5557226643828	0.832161646948067	0.359444476265084	0.00120631493984338	0.012708387622071	3.23738276213835	ENSG00000227602	ENSG00000227602	FALSE	Not significant
ENSG00000164402.14	402.39789787541	-0.375700534499823	0.12969251260776	0.00129448086212164	0.0135777441207726	-3.21720053254424	SEPTIN8	SEPTIN8	FALSE	Not significant
ENSG00000108551.5	15.6175806885228	1.4914479078276	0.730233849323646	0.00129882762008863	0.0135777441207726	3.216238677485	RASD1	RASD1	TRUE	Upregulated
ENSG00000205765.10	236.549266082354	0.415056738772721	0.147179098376003	0.0013978068605797	0.0145564714446575	3.19510353476603	RIMOC1	RIMOC1	FALSE	Not significant
ENSG00000083097.15	84.9997282671466	-0.582498719025159	0.225345030324082	0.00140993310879329	0.0146267106477105	-3.1926098378043	DOP1A	DOP1A	FALSE	Not significant
ENSG00000153162.9	31.5274167540385	0.948149080529224	0.428272576496091	0.00148639843021184	0.015303147474681	3.17732601783817	BMP6	BMP6	FALSE	Not significant
ENSG00000124422.12	875.736735024137	-0.312579074355311	0.106135871612962	0.00148475870011179	0.015303147474681	-3.17764608529396	USP22	USP22	FALSE	Not significant
ENSG00000021355.13	124.031305708022	0.511790844717538	0.19255694199452	0.00149785940281874	0.0153629504032503	3.17509793160561	SERPINB1	SERPINB1	FALSE	Not significant
ENSG00000146278.11	431.680673448007	0.404854456147351	0.145125969507791	0.00151915248267674	0.0155227686011857	3.17099979899415	PNRC1	PNRC1	FALSE	Not significant
ENSG00000146242.9	327.477415570795	-0.392013769307556	0.139596972379491	0.0015761392834851	0.0160447437172753	-3.16028676316426	TPBG	TPBG	FALSE	Not significant
ENSG00000085377.15	125.783456094265	0.500244693024789	0.188579174999418	0.00158855033174234	0.0161107455286406	3.15800096297146	PREP	PREP	FALSE	Not significant
ENSG00000196535.20	413.37028858532	-0.357032242352103	0.125156546791692	0.00160313204772838	0.0161981892406161	-3.15533629290115	MYO18A	MYO18A	FALSE	Not significant
ENSG00000112290.13	127.746212746017	0.491388889065004	0.185056746311683	0.00161640669136502	0.0162718273597412	3.15292980763827	WASF1	WASF1	FALSE	Not significant
ENSG00000141510.18	172.851669529683	-0.454404370165574	0.167358237773896	0.00166052140855429	0.0165434983617897	-3.14506110878149	TP53	TP53	FALSE	Not significant
ENSG00000166263.13	102.004854255369	0.650322155700246	0.274019082731363	0.00166165380896563	0.0165434983617897	3.14486166706591	STXBP4	STXBP4	FALSE	Not significant
ENSG00000198909.8	283.957547285192	0.463118046866893	0.17444974579649	0.00165720014952914	0.0165434983617897	3.14564678135252	MAP3K3	MAP3K3	FALSE	Not significant
ENSG00000132361.18	176.979117080121	0.44450668207227	0.166218840369501	0.00186055513919647	0.0184561637530511	3.1116332045678	CLUH	CLUH	FALSE	Not significant
ENSG00000137343.18	32.2488411588335	-0.825776542414472	0.373557792988632	0.00189863102946854	0.0187653786839836	-3.10564718694955	ATAT1	ATAT1	FALSE	Not significant
ENSG00000164172.20	188.602250227688	-0.438498332134417	0.164294913447944	0.0019074517114239	0.0187842527233701	-3.10427620374778	MOCS2	MOCS2	FALSE	Not significant
ENSG00000154217.16	33.9901521177138	0.785435349882906	0.350730761894372	0.0019850081602475	0.019477444691526	3.09246623196022	PITPNC1	PITPNC1	FALSE	Not significant
ENSG00000204592.9	2046.36833955962	0.292329316383615	0.101823865101055	0.00205269166567158	0.0200691221125732	3.08250081761113	HLA-E	HLA-E	FALSE	Not significant
ENSG00000261888.1	68.9686142598079	-0.614162838402182	0.260145866756407	0.0021565489732123	0.0210089609648424	-3.06778058657101	ENSG00000261888	ENSG00000261888	FALSE	Not significant
ENSG00000164465.19	133.378967875381	-0.481511576279319	0.18914140713898	0.00223420877058771	0.0216877837087764	-3.05719232180413	DCBLD1	DCBLD1	FALSE	Not significant
ENSG00000038427.16	1840.30299207034	-0.319517502760708	0.115103506105601	0.00232400950581517	0.0223994958751973	-3.04536129058856	VCAN	VCAN	FALSE	Not significant
ENSG00000204314.12	21.8245335160609	-0.952574903879841	0.47463285627035	0.00232046798959937	0.0223994958751973	-3.04581988089509	PRRT1	PRRT1	FALSE	Not significant
ENSG00000235109.8	14.6509955992968	-1.20226008376934	0.699303892330275	0.00234766105088361	0.0225475008349881	-3.04231496361712	ZSCAN31	ZSCAN31	TRUE	Downregulated
ENSG00000233859.2	1169.55135906673	0.310942261324114	0.111273986543321	0.00238011149303489	0.0227786726692565	3.03818074731215	ADH5P4	ADH5P4	FALSE	Not significant
ENSG00000055163.21	54.4167496359836	-0.67393561343284	0.300346404040917	0.00239171809974132	0.022809437877533	-3.0367145767144	CYFIP2	CYFIP2	FALSE	Not significant
ENSG00000232699.3	187.240510098112	-0.436668683294298	0.169677708508401	0.00249308796058033	0.0236930527162844	-3.02417910531107	BDH2P1	BDH2P1	FALSE	Not significant
ENSG00000155511.19	572.551504250885	0.728268696551398	0.34804797333194	0.00255117014271075	0.0241605590518739	3.01720524333631	GRIA1	GRIA1	FALSE	Not significant
ENSG00000213830.3	423.804027479704	0.381608401625015	0.144146039357757	0.00256453621678434	0.0242028105459022	3.01562096507921	CFL1P5	CFL1P5	FALSE	Not significant
ENSG00000168792.5	76.8877299745937	0.552058815132758	0.231971828482761	0.0026715739878478	0.0251257373666793	3.00319931716353	ABHD15	ABHD15	FALSE	Not significant
ENSG00000236104.3	78.6942110840748	-0.55216433725618	0.233443429604794	0.00273423457352613	0.0256263778304966	-2.99613711594588	ZBTB22	ZBTB22	FALSE	Not significant
ENSG00000263368.1	82.8009540668331	-0.564421111045717	0.24092194727181	0.0027479603257228	0.0256665160320088	-2.99460990932343	MSANTD3P1	MSANTD3P1	FALSE	Not significant
ENSG00000172123.13	85.010838147752	0.535937082493556	0.22441898407898	0.00276174612017665	0.0257069382008223	2.99308302036895	SLFN12	SLFN12	FALSE	Not significant
ENSG00000253785.1	222.161997917371	-0.390867899899065	0.149484715198927	0.00278183010932643	0.0257747431332147	-2.9908709684434	ENSG00000253785	ENSG00000253785	FALSE	Not significant
ENSG00000172348.16	113.114228717745	-1.09758873777909	0.711329857136199	0.00278799649785325	0.0257747431332147	-2.9901947285406	RCAN2	RCAN2	TRUE	Downregulated
ENSG00000132357.14	144.350632589445	0.447113251398861	0.17806446485607	0.00283808449670567	0.0259727732728822	2.98475186085458	CARD6	CARD6	FALSE	Not significant
ENSG00000206503.14	1468.14693996065	-0.279293818563795	0.100349411203631	0.00282175695531834	0.0259727732728822	-2.98651640781291	HLA-A	HLA-A	FALSE	Not significant
ENSG00000087191.14	299.646565652497	0.36044278034693	0.135596901983866	0.00283525311044608	0.0259727732728822	2.98505718844545	PSMC5	PSMC5	FALSE	Not significant
ENSG00000131507.11	588.810173390964	0.341920384090298	0.127876917064282	0.00290964517257937	0.0265383073123179	2.97712588006015	NDFIP1	NDFIP1	FALSE	Not significant
ENSG00000169750.9	14.9887996418926	1.06858659488468	0.593644873343828	0.00302793882680691	0.0275248753553886	2.96488724985295	RAC3	RAC3	TRUE	Upregulated
ENSG00000175745.15	753.044626614437	-0.304835042801133	0.112190865515556	0.00305064330725079	0.0276388283636922	-2.96258826561614	NR2F1	NR2F1	FALSE	Not significant
ENSG00000040731.10	13.5830041123024	-1.20452654530975	0.76136258120525	0.00312676299492442	0.0282343582066598	-2.95499284775517	CDH10	CDH10	TRUE	Downregulated
ENSG00000176974.21	26.6222814920443	0.82129910731408	0.415261505734882	0.00314395037022272	0.0282955533320045	2.95330120078515	SHMT1	SHMT1	FALSE	Not significant
ENSG00000064692.20	10.7413548772139	-1.27066874280461	0.807246460146154	0.00343397226183195	0.0308037511803935	-2.92595806168105	SNCAIP	SNCAIP	TRUE	Downregulated
ENSG00000218976.2	89.7923439571931	0.505341005583768	0.216876005126443	0.00358081974345692	0.0320153554694602	2.91290634872763	IMPDH1P9	IMPDH1P9	FALSE	Not significant
ENSG00000012660.14	479.548798346676	0.33567225274437	0.128539307166907	0.0035958828887448	0.0320446219396995	2.91159521932741	ELOVL5	ELOVL5	FALSE	Not significant
ENSG00000174238.16	333.004138278617	0.340414414469046	0.131335502529748	0.00367421810298741	0.0326357019735941	2.90485624555502	PITPNA	PITPNA	FALSE	Not significant
ENSG00000244694.8	52.6436384172789	-0.658942504303698	0.323018586284258	0.00383435839572631	0.033858809855138	-2.89147685082848	PTCHD4	PTCHD4	FALSE	Not significant
ENSG00000152818.20	845.382737041379	0.342427045758791	0.134111874275778	0.00383683349351821	0.033858809855138	2.89127407576925	UTRN	UTRN	FALSE	Not significant
ENSG00000216835.3	239.156179633999	-0.384803821627295	0.15401047941238	0.00389104213902618	0.0342260599801721	-2.88686251592929	RBMXP1	RBMXP1	FALSE	Not significant
ENSG00000160867.15	64.0780345109944	-0.577794008600083	0.266742730778298	0.00391695828865662	0.0343428794469958	-2.88477312354743	FGFR4	FGFR4	FALSE	Not significant
ENSG00000185262.9	80.4604721712184	0.570409530324183	0.26602619470362	0.00399289585914277	0.0348961123638265	2.87872243770247	UBALD2	UBALD2	FALSE	Not significant
ENSG00000133401.16	19.1067911654671	0.947213968288564	0.596457390966301	0.00402824741089811	0.0350922322526316	2.87594120230357	PDZD2	PDZD2	FALSE	Not significant
ENSG00000249014.2	81.1814564025743	-0.520914042053902	0.231480206473175	0.0040793102118423	0.0354235308491609	-2.87196277113347	HMGN2P4	HMGN2P4	FALSE	Not significant
ENSG00000161921.17	30.4343306206143	-0.735232647865321	0.381011105848144	0.00421379029942818	0.0364747835472796	-2.86169738296874	CXCL16	CXCL16	FALSE	Not significant
ENSG00000291006.1	50.8774439340361	-0.642986961221112	0.323200261892015	0.00436421598173655	0.0376569493281268	-2.85056113447991	ENSG00000291006	ENSG00000291006	FALSE	Not significant
ENSG00000251340.1	843.654824018979	0.311764773402883	0.120703388573183	0.00438137926581061	0.0376854077356748	2.84931271503887	MTCYBP35	MTCYBP35	FALSE	Not significant
ENSG00000155508.14	158.415466507745	0.453891607797818	0.19716324482887	0.00453386607594827	0.0386302444966376	2.83841170748566	CNOT8	CNOT8	FALSE	Not significant
ENSG00000146247.15	325.459784900472	-0.334682014818173	0.132195979261249	0.00451485894148314	0.0386302444966376	-2.8397522080952	PHIP	PHIP	FALSE	Not significant
ENSG00000170315.14	997.807172241839	-0.287958286858565	0.110445171945102	0.00452063572643043	0.0386302444966376	-2.83934425358575	UBB	UBB	FALSE	Not significant
ENSG00000161010.16	108.686399505803	-0.450721273468044	0.194651803748454	0.0046513917180614	0.0393859559363889	-2.83023437036382	MRNIP	MRNIP	FALSE	Not significant
ENSG00000044090.13	191.386313493531	-0.400420025288932	0.166332754343387	0.00465154225738809	0.0393859559363889	-2.83022401650716	CUL7	CUL7	FALSE	Not significant
ENSG00000216904.2	90.3463634384024	-0.501078971395741	0.226332639537169	0.00468092729529666	0.0395116782255165	-2.82820874649968	SOCS5P5	SOCS5P5	FALSE	Not significant
ENSG00000164440.15	31.1875943330538	-0.746128710802161	0.413694568671153	0.00469777382970918	0.0395311122883887	-2.82705854554662	TXLNB	TXLNB	FALSE	Not significant
ENSG00000079950.14	273.473851891558	0.369926346517321	0.151390473048378	0.00483045998648133	0.0405221921088156	2.81812766094679	STX7	STX7	FALSE	Not significant
ENSG00000141337.13	112.68488719347	0.452218262566395	0.196943373563388	0.00487842948193339	0.0407986810212152	2.81495348245329	ARSG	ARSG	FALSE	Not significant
ENSG00000085511.20	160.280356226271	-0.399223814287902	0.167312767994714	0.00492161504770302	0.0410335880357571	-2.81211992078793	MAP3K4	MAP3K4	FALSE	Not significant
ENSG00000013375.17	243.42889938289	-0.363111830374054	0.14910743234926	0.00512069212904293	0.0425628171459898	-2.79934167636617	PGM3	PGM3	FALSE	Not significant
ENSG00000279204.1	11.033392195683	1.09485619776412	0.823434682513953	0.00521055176339386	0.0431776819905626	2.79372034365538	ENSG00000279204	ENSG00000279204	TRUE	Upregulated
ENSG00000173757.11	314.388976521745	0.339528534531361	0.138158853459678	0.00532164188169959	0.043964202536351	2.78689073661313	STAT5B	STAT5B	FALSE	Not significant
ENSG00000108946.17	1663.85593869591	0.260369893047956	0.100335962719357	0.00535891284639423	0.0441379548984834	2.78462822129703	PRKAR1A	PRKAR1A	FALSE	Not significant
ENSG00000070495.15	60.9142273764607	0.551995211695102	0.26656757088009	0.00545898641523897	0.0448263597480952	2.77862286441981	JMJD6	JMJD6	FALSE	Not significant
ENSG00000213328.3	24.1866208097896	0.759006319062326	0.439856734265702	0.00555928452120743	0.0455124558091621	2.7727029300978	ENSG00000213328	ENSG00000213328	FALSE	Not significant
ENSG00000214295.4	6.10980584407632	1.36767120790046	1.17465100789297	0.00561915618661143	0.0458644640096392	2.7692148806676	FOXO1B	FOXO1B	TRUE	Upregulated
ENSG00000164509.16	23.1617324969421	-0.818853405890102	0.507322814937599	0.00567287548271021	0.0461642980898393	-2.76611368275153	IL31RA	IL31RA	FALSE	Not significant
ENSG00000250332.1	233.146099653387	0.372316612626308	0.157090400195462	0.0057891872183854	0.0469701816703627	2.759488796175	PTPN11P4	PTPN11P4	FALSE	Not significant
ENSG00000124608.5	81.8000722461972	-0.498360912160903	0.234621341731542	0.00590079808842411	0.0477332416795736	-2.7532435470493	AARS2	AARS2	FALSE	Not significant
ENSG00000184584.14	249.712116294571	0.379253054633623	0.1619195715073	0.00592309208551934	0.0477714073840996	2.75200884634139	STING1	STING1	FALSE	Not significant
ENSG00000232290.1	17.4754749099618	0.853625946018303	0.564611698240158	0.00614535250394264	0.0494111171285632	2.73992329242414	ENSG00000232290	ENSG00000232290	FALSE	Not significant
ENSG00000133027.18	34.7268397171306	0.644476840023845	0.347876333321975	0.0061627552268517	0.0494111171285632	2.73899371114902	PEMT	PEMT	FALSE	Not significant
ENSG00000111897.7	2214.89708338666	0.246827681693361	0.0964510178813281	0.00623808065579623	0.0498679506542769	2.7349972006856	SERINC1	SERINC1	FALSE	Not significant
ENSG00000145907.16	584.034451870504	0.286969198975409	0.114981422483363	0.00626253925699791	0.0499166618783587	2.73370885265096	G3BP1	G3BP1	FALSE	Not significant
ENSG00000135074.16	145.770984019151	0.460933189915702	0.216411589056824	0.0063258867212588	0.0502741523636884	2.73039298573238	ADAM19	ADAM19	FALSE	Not significant
ENSG00000204304.12	216.452311553461	-0.354645432563925	0.149876688774611	0.00639935377248823	0.0507097479697464	-2.72658464038153	PBX2	PBX2	FALSE	Not significant
ENSG00000108799.13	276.493684181938	0.333779342086103	0.138884560150697	0.00645486027425764	0.0510009018181171	2.72373332677555	EZH1	EZH1	FALSE	Not significant
ENSG00000074935.14	50.6216469068238	-0.550814866125521	0.279507647484817	0.00669452324133647	0.052741200492616	-2.71166985584931	TUBE1	TUBE1	FALSE	Not significant
ENSG00000170836.13	84.302578134309	-0.475449780337275	0.227095663364977	0.00688093956521987	0.054053161093259	-2.70255211941359	PPM1D	PPM1D	FALSE	Not significant
ENSG00000205302.7	340.628000680598	-0.316362770212279	0.131513082888659	0.00704091140960588	0.055150424240083	-2.69490305093349	SNX2	SNX2	FALSE	Not significant
ENSG00000112902.12	868.818569504909	-0.28285133007834	0.115460937971253	0.00708400579937937	0.055254930943859	-2.69286918369833	SEMA5A	SEMA5A	FALSE	Not significant
ENSG00000081087.16	250.901079153166	0.362374300240231	0.156903598406999	0.00709491203068682	0.055254930943859	2.69235621892788	OSTM1	OSTM1	FALSE	Not significant
ENSG00000176390.12	47.3098618860477	0.572764216531837	0.313272794746732	0.00765146509452557	0.0594190917912015	2.66707475333553	CRLF3	CRLF3	FALSE	Not significant
ENSG00000168938.6	200.441133716002	-0.356471385158632	0.155985201955145	0.00775459428216032	0.0600399630520462	-2.6625721516259	PPIC	PPIC	FALSE	Not significant
ENSG00000112419.15	340.402281459664	0.339061321782302	0.146148809214962	0.00777559492064763	0.0600399630520462	2.66166184868594	PHACTR2	PHACTR2	FALSE	Not significant
ENSG00000248400.2	551.484154723517	-0.293090803738785	0.122244514771526	0.00789076325625104	0.0607566417294343	-2.65670853071363	ST13P12	ST13P12	FALSE	Not significant
ENSG00000132376.20	141.11723044788	0.392253750675721	0.178407699888755	0.00807461164899516	0.0619965945253357	2.64893392636537	INPP5K	INPP5K	FALSE	Not significant
ENSG00000170584.11	93.1468076650184	0.455016297510349	0.221386669809945	0.00817561831630216	0.0625952974188993	2.64472975349454	NUDCD2	NUDCD2	FALSE	Not significant
ENSG00000186665.10	50.7493452159182	-0.552802875547955	0.301555801266917	0.00828551414536185	0.0632585040648694	-2.64020806783651	C17orf58	C17orf58	FALSE	Not significant
ENSG00000248873.1	301.486355008565	0.3304040568317	0.142441179776639	0.00831022075205858	0.0632694117761771	2.63919890233775	SERBP1P6	SERBP1P6	FALSE	Not significant
ENSG00000161682.15	53.1891062875809	-0.521622160464511	0.272684961846233	0.00838169634302185	0.0636353370400374	-2.63629445317935	FAM171A2	FAM171A2	FALSE	Not significant
ENSG00000141753.7	14602.8871794665	-0.242018171580618	0.0972684581759955	0.00846539370411602	0.0640917551191848	-2.63292139379648	IGFBP4	IGFBP4	FALSE	Not significant
ENSG00000226137.5	89.0313685007822	-0.441434036065569	0.213803681079342	0.00853641823345402	0.0644499576625778	-2.63008236942673	BAIAP2-DT	BAIAP2-DT	FALSE	Not significant
ENSG00000118507.19	22.0862224955564	0.703112050381612	0.465343283800315	0.00856694531763043	0.0645012669621039	2.62886861221245	AKAP7	AKAP7	FALSE	Not significant
ENSG00000113368.12	12.297257428106	-0.858250849799748	0.749172346100044	0.00863877875155246	0.0647263832001902	-2.62602769769624	LMNB1	LMNB1	FALSE	Not significant
ENSG00000072134.16	128.717984525294	0.416287838151827	0.197349334415786	0.00864447281150443	0.0647263832001902	2.62580340965917	EPN2	EPN2	FALSE	Not significant
ENSG00000196743.9	306.385066006867	0.322298231683773	0.140898801429714	0.00927789371123832	0.0692783382064444	2.60164092669349	GM2A	GM2A	FALSE	Not significant
ENSG00000273997.1	259.152432820363	-0.335082579112868	0.1501568145627	0.00972876643629356	0.0724459922571121	-2.58532351631351	ENSG00000273997	ENSG00000273997	FALSE	Not significant
ENSG00000137331.12	23.8233202242923	-0.682091630869802	0.465184888704264	0.00978862428061725	0.0726925704773708	-2.58320816169226	IER3	IER3	FALSE	Not significant
ENSG00000113448.21	77.4358623554118	0.501558213531233	0.271811387719077	0.00991025462034692	0.0731958479839754	2.57894506223723	PDE4D	PDE4D	FALSE	Not significant
ENSG00000183775.11	15.7043249871038	-0.754022918439033	0.602323414722194	0.00990265618175739	0.0731958479839754	-2.57921001580368	KCTD16	KCTD16	FALSE	Not significant
ENSG00000155506.19	824.41502692478	0.273339352619871	0.116535343368863	0.00995968643903753	0.0732095685171899	2.57722580570176	LARP1	LARP1	FALSE	Not significant
ENSG00000111816.8	18.6347189411914	-0.71868827104524	0.540688105253984	0.00996598246922747	0.0732095685171899	-2.57700737351553	FRK	FRK	FALSE	Not significant
ENSG00000141198.16	39.2016539702111	0.568559451571413	0.334076574832614	0.010012273031412	0.0733513695401021	2.575405149104	TOM1L1	TOM1L1	FALSE	Not significant
ENSG00000204371.12	200.153025554546	-0.357659431920704	0.164494613117376	0.0101518714367525	0.0737775041847415	-2.57061295553351	EHMT2	EHMT2	FALSE	Not significant
ENSG00000111799.22	8857.54965535716	-0.227006987051568	0.094162646777282	0.0101284759776014	0.0737775041847415	-2.57141197531419	COL12A1	COL12A1	FALSE	Not significant
ENSG00000198833.7	280.006228263883	0.313578952294431	0.138377510774963	0.0101207199698726	0.0737775041847415	2.5716772272003	UBE2J1	UBE2J1	FALSE	Not significant
ENSG00000113384.14	577.944703380923	0.281550861165937	0.121739755991639	0.0102570028734933	0.0740308227335496	2.567042538367	GOLPH3	GOLPH3	FALSE	Not significant
ENSG00000129596.5	18.7509104976392	0.743711742896523	0.643434094954164	0.010303470992945	0.0740308227335496	2.56547478481673	CDO1	CDO1	FALSE	Not significant
ENSG00000112297.18	70.4187226120135	0.481584753923576	0.25663992300567	0.0102461562922704	0.0740308227335496	2.56740939305952	CRYBG1	CRYBG1	FALSE	Not significant
ENSG00000181481.14	79.0630052752386	0.441045763486188	0.222299283062713	0.0103186424241016	0.0740308227335496	2.5649642897064	RNF135	RNF135	FALSE	Not significant
ENSG00000167925.17	82.0267184773851	0.435932192657176	0.219192978792257	0.0103229145754287	0.0740308227335496	2.56482065898452	GHDC	GHDC	FALSE	Not significant
ENSG00000145779.8	276.156278646512	0.329885128664813	0.1494727059534	0.0104356434000556	0.0744464009484281	2.5610496739095	TNFAIP8	TNFAIP8	FALSE	Not significant
ENSG00000276023.5	140.286968783682	0.379914742915932	0.179648215592899	0.0104234079160135	0.0744464009484281	2.56145721476047	DUSP14	DUSP14	FALSE	Not significant
ENSG00000267681.1	52.4021949950953	-0.536992782444643	0.312808010160636	0.0104994806319146	0.0747057286846697	-2.55893024658105	ENSG00000267681	ENSG00000267681	FALSE	Not significant
ENSG00000120738.8	128.485388180738	-0.657206035392655	0.554091000309261	0.0106244667361824	0.0753976516682605	-2.5548136292816	EGR1	EGR1	FALSE	Not significant
ENSG00000119900.9	161.680933484934	0.369233835479287	0.174209716092592	0.0106882384728259	0.0756526879404705	2.5527297730842	OGFRL1	OGFRL1	FALSE	Not significant
ENSG00000161544.10	239.940404399053	-0.321583537790438	0.144630855627181	0.0107394189986239	0.0758175086708044	-2.55106533911037	CYGB	CYGB	FALSE	Not significant
ENSG00000145911.6	14.8264501041936	-0.749612153774024	0.63776216416741	0.0108928483946589	0.0767014557945154	-2.54611760254961	N4BP3	N4BP3	FALSE	Not significant
ENSG00000150753.12	351.266719902462	0.29201953902326	0.129195995669485	0.0110988155208897	0.0777717221605756	2.53957213453855	CCT5	CCT5	FALSE	Not significant
ENSG00000187987.10	10.552068293924	-0.796883274255416	0.827571310188189	0.0111020707131359	0.0777717221605756	-2.53946955630638	ZSCAN23	ZSCAN23	FALSE	Not significant
ENSG00000135540.12	122.429221302103	0.390286387303637	0.189421351137918	0.0111672018058286	0.0780268753425246	2.53742272768603	NHSL1	NHSL1	FALSE	Not significant
ENSG00000043143.22	313.375470099818	0.297930690043153	0.132134329175185	0.0112385603927618	0.0783241208910936	2.53519232850985	JADE2	JADE2	FALSE	Not significant
ENSG00000181904.9	273.23479303296	0.308590667342098	0.138549365855569	0.0114327190624878	0.0794734793141738	2.5291867095124	C5orf24	C5orf24	FALSE	Not significant
ENSG00000113163.19	348.485872086188	0.302565889431809	0.134993619591297	0.0115067223027746	0.0797838551503605	2.526921487973	CERT1	CERT1	FALSE	Not significant
ENSG00000275066.5	194.704039861179	-0.340871911396125	0.158616369108998	0.011640085099566	0.080503183971044	-2.52287173026601	SYNRG	SYNRG	FALSE	Not significant
ENSG00000112218.9	11.9489693128927	0.735607547608557	0.814496974810745	0.0119138002951244	0.0821870791932694	2.51468729341489	GPR63	GPR63	FALSE	Not significant
ENSG00000124615.20	98.6058021142575	0.406015679233983	0.205879606511436	0.0122169434169208	0.0839968764175524	2.50581525605373	MOCS1	MOCS1	FALSE	Not significant
ENSG00000172156.4	100.252086002659	-0.614944260005136	0.750818730845456	0.0122379555045441	0.0839968764175524	-2.50520755513773	CCL11	CCL11	FALSE	Not significant
ENSG00000280187.2	7.39531685110704	-0.581344078081269	1.52380653226092	0.0123561871055077	0.084338148999346	-2.50180525703261	ENSG00000280187	ENSG00000280187	FALSE	Not significant
ENSG00000251204.1	65.6024143279725	-0.451762965106331	0.24236082690409	0.0124022567563213	0.084338148999346	-2.500487334722	ENSG00000251204	ENSG00000251204	FALSE	Not significant
ENSG00000151917.18	61.6622099896242	-0.461766217437859	0.251482037828555	0.0124117952905586	0.084338148999346	-2.50021500619591	BEND6	BEND6	FALSE	Not significant
ENSG00000112319.21	142.199549457878	-0.396183098153681	0.1994996192621	0.0123600532693934	0.084338148999346	-2.5016944898731	EYA4	EYA4	FALSE	Not significant
ENSG00000108518.8	1086.87869323763	0.268484065421042	0.118800041563427	0.0125953136536641	0.0853717269592494	2.49501125074382	PFN1	PFN1	FALSE	Not significant
ENSG00000006283.18	13.5593330585558	-0.722223668542443	0.716614260423679	0.0129384773856556	0.0872624851965553	-2.48545821961248	CACNA1G	CACNA1G	FALSE	Not significant
ENSG00000141576.16	22.6302724826288	0.630745852071821	0.484922891371578	0.0129256929616266	0.0872624851965553	2.48581007048726	RNF157	RNF157	FALSE	Not significant
ENSG00000155850.9	142.569160911848	0.373683115943691	0.185473502912565	0.0130236695704018	0.0874032935613635	2.48312139612544	SLC26A2	SLC26A2	FALSE	Not significant
ENSG00000072571.20	7.07004507351925	0.385163037558099	0.73447453841407	0.0130114659339359	0.0874032935613635	2.48345531091198	HMMR	HMMR	FALSE	Not significant
ENSG00000111912.20	275.839182240655	0.393445186349442	0.204185745218283	0.0132612641035242	0.0887786104270413	2.47667487825351	NCOA7	NCOA7	FALSE	Not significant
ENSG00000218868.1	93.3010037852706	0.417082004553085	0.220015198971944	0.0134106736219521	0.08955825775053	2.47267313788153	CNN3P1	CNN3P1	FALSE	Not significant
ENSG00000131467.12	343.946254527576	0.283763368733189	0.12859906634707	0.0134529414991173	0.08962033086912	2.47154819892306	PSME3	PSME3	FALSE	Not significant
ENSG00000134986.14	29.1354271234236	-0.580292020326691	0.409991645273536	0.0136697175591876	0.0907004727438784	-2.46582742712919	NREP	NREP	FALSE	Not significant
ENSG00000079819.20	1460.71815456086	-0.254631709991983	0.113349341000311	0.0136818225993341	0.0907004727438784	-2.46551034058056	EPB41L2	EPB41L2	FALSE	Not significant
ENSG00000113732.9	716.851506997184	0.252648123591453	0.112149503510291	0.0138500802604872	0.0912126660369195	2.46112836513418	ATP6V0E1	ATP6V0E1	FALSE	Not significant
ENSG00000220734.1	68.4710035974221	0.442266667892751	0.241872619945252	0.0138933199923785	0.0912126660369195	2.46000985699631	ENSG00000220734	ENSG00000220734	FALSE	Not significant
ENSG00000001167.15	87.3844605301868	-0.411201987897402	0.216075575024071	0.0138905160642763	0.0912126660369195	-2.46008229463435	NFYA	NFYA	FALSE	Not significant
ENSG00000027697.16	294.894622610121	0.305397865238521	0.142137524696299	0.0137981248651652	0.0912126660369195	2.46247641197308	IFNGR1	IFNGR1	FALSE	Not significant
ENSG00000146143.19	75.5445269893978	-0.425264073806832	0.228576958187788	0.0140355229099011	0.091924219925569	-2.45635295547113	PRIM2	PRIM2	FALSE	Not significant
ENSG00000220412.1	211.813547122207	0.316133117021066	0.149271921093936	0.014252676331864	0.0929011797741216	2.45083122728237	PTPN11P3	PTPN11P3	FALSE	Not significant
ENSG00000184465.16	73.3462922414228	-0.427587859421057	0.230950648845042	0.0142530507600473	0.0929011797741216	-2.45082177069708	WDR27	WDR27	FALSE	Not significant
ENSG00000186952.15	11.3176853900677	-0.678461044911923	0.847059186653371	0.0143646952090108	0.0932477969996619	-2.44801179740517	TMEM232	TMEM232	FALSE	Not significant
ENSG00000227685.1	9.18183437434864	0.680155191819348	0.987915269804951	0.0143748443498375	0.0932477969996619	2.44775731039653	LINC02088	LINC02088	FALSE	Not significant
ENSG00000007944.15	63.3464005903141	-0.443352505925864	0.245836110706443	0.0144408589925446	0.093452987480324	-2.44610586783704	MYLIP	MYLIP	FALSE	Not significant
ENSG00000051620.11	234.603416003566	0.31008620340623	0.145752471161685	0.0145333252065211	0.0938279760364002	2.44380386292314	HEBP2	HEBP2	FALSE	Not significant
ENSG00000153989.8	221.059535839112	0.320535398269633	0.153452306198665	0.0146775472171676	0.0945345339721839	2.44023901408455	NUS1	NUS1	FALSE	Not significant
ENSG00000131899.12	241.43355184131	-0.308486009165609	0.145447805644848	0.0148069216025046	0.0951423473182208	-2.43706734151274	LLGL1	LLGL1	FALSE	Not significant
ENSG00000244921.2	4587.81613304049	0.223866404404847	0.0986779419247185	0.0151957556279491	0.0974105278225603	2.42767972799144	MTCYBP18	MTCYBP18	FALSE	Not significant
ENSG00000134056.12	55.981157771216	0.45337505594221	0.259603558072814	0.0154275088325456	0.0986634564867272	2.42218465957806	MRPS36	MRPS36	FALSE	Not significant
ENSG00000004975.12	196.042743861796	-0.321028315429972	0.156747792703727	0.0158414554107932	0.101072947902666	-2.41254790747287	DVL2	DVL2	FALSE	Not significant
ENSG00000215878.3	14.5568758862228	-0.639180413699087	0.636841260442842	0.0158950181594286	0.101177188190461	-2.41131718802496	MARCKSL1P2	MARCKSL1P2	FALSE	Not significant
ENSG00000177453.7	13.3506627236925	-0.582471211703229	0.791134630157652	0.0160160494262041	0.101709397991642	-2.40854960897957	NIM1K	NIM1K	FALSE	Not significant
ENSG00000145861.9	14.4665943206152	-0.63215670299056	0.639813661125713	0.0161197384109375	0.102129251750415	-2.40619317521119	C1QTNF2	C1QTNF2	FALSE	Not significant
ENSG00000112149.10	19.9381576348793	-0.599852396919051	0.490563055410405	0.0162520612445135	0.102728145261832	-2.40320528318229	CD83	CD83	FALSE	Not significant
ENSG00000112276.14	89.7371078526373	0.38895938467547	0.207073013464813	0.0164388292019142	0.10342763372871	2.39902417822937	BVES	BVES	FALSE	Not significant
ENSG00000279059.1	18.5693414902668	0.603761103441817	0.533904730158422	0.0164013402343055	0.10342763372871	2.39986007001379	ENSG00000279059	ENSG00000279059	FALSE	Not significant
ENSG00000167193.8	456.828767510688	0.258090686145579	0.119099729180989	0.0165258317932114	0.103734897953692	2.39709071465022	CRK	CRK	FALSE	Not significant
ENSG00000112062.12	256.724130376807	0.290456111105777	0.137988747595149	0.0166266750487169	0.104127425765928	2.39486082428414	MAPK14	MAPK14	FALSE	Not significant
ENSG00000125347.15	73.669770715528	-0.421675413660931	0.238394297547556	0.0167822930512026	0.104619891085249	-2.39144292532483	IRF1	IRF1	FALSE	Not significant
ENSG00000266074.11	117.817420870643	-0.360179443161006	0.185642876525711	0.0167594809218411	0.104619891085249	-2.39194221196455	BAHCC1	BAHCC1	FALSE	Not significant
ENSG00000141127.15	36.4329870208703	-0.507029626805505	0.333685580634802	0.0168290420781204	0.104671250270781	-2.39042159313489	PRPSAP2	PRPSAP2	FALSE	Not significant
ENSG00000146063.20	171.560195689928	0.326576080246641	0.163375142423324	0.0174828322876811	0.108489356524925	2.37639297558633	TRIM41	TRIM41	FALSE	Not significant
ENSG00000006062.18	39.282405861724	-0.51563905731614	0.373774110106895	0.0176227619264362	0.109108580674382	-2.37345035490216	MAP3K14	MAP3K14	FALSE	Not significant
ENSG00000197062.12	68.7613016284159	-0.419420998331843	0.238932055675697	0.0176679557026861	0.109139780908866	-2.37250433717672	ZSCAN26	ZSCAN26	FALSE	Not significant
ENSG00000247796.3	16.1120317843706	-0.598787313692471	0.564065500428871	0.0178307446503555	0.109895609885865	-2.36911424615214	MOCS2-DT	MOCS2-DT	FALSE	Not significant
ENSG00000109099.16	1388.35544744661	-0.237531296158271	0.109333720830768	0.0178775377014123	0.109934722788323	-2.36814479626236	PMP22	PMP22	FALSE	Not significant
ENSG00000286215.1	101.962331368203	-0.374797282810923	0.20124607044366	0.0180311808761918	0.110629231651218	-2.36497720166355	ENSG00000286215	ENSG00000286215	FALSE	Not significant
ENSG00000161013.17	1194.4666962025	0.222457675350008	0.101313062175708	0.0181817772751236	0.111301960886905	2.36189528068952	MGAT4B	MGAT4B	FALSE	Not significant
ENSG00000131508.17	250.684512220195	0.316289061980481	0.158666528277793	0.0184941472556497	0.11295975784462	2.35557331279465	UBE2D2	UBE2D2	FALSE	Not significant
ENSG00000082641.16	2174.72975735841	0.21505871432455	0.097206188412012	0.0185519629383724	0.11305882346748	2.35441346033104	NFE2L1	NFE2L1	FALSE	Not significant
ENSG00000237187.9	122.478061658954	-0.356303689976563	0.187867127134096	0.0186015143526889	0.113107194654605	-2.35342191347104	NR2F1-AS1	NR2F1-AS1	FALSE	Not significant
ENSG00000204576.12	41.3189403580423	-0.477423417193965	0.30942599976642	0.0186722890694355	0.113284110916798	-2.35200967878391	PRR3	PRR3	FALSE	Not significant
ENSG00000198818.10	86.6388184174246	0.385220333605755	0.21194540956928	0.0188133647640359	0.113885802736413	2.34920857704548	SFT2D1	SFT2D1	FALSE	Not significant
ENSG00000196591.12	265.015830925874	-0.292950123899074	0.143347440413108	0.0188699033527103	0.11397421625037	-2.3480911404494	HDAC2	HDAC2	FALSE	Not significant
ENSG00000219294.6	117.100753341002	0.358085110653089	0.190242476311252	0.0189794849144262	0.114381906867872	2.34593366678261	PIP5K1P1	PIP5K1P1	FALSE	Not significant
ENSG00000169045.19	789.853714226311	0.231574253462943	0.107100086387049	0.0190298055138235	0.114431441120735	2.34494658747449	HNRNPH1	HNRNPH1	FALSE	Not significant
ENSG00000214027.3	314.872883434858	0.272697143503291	0.131345093001008	0.0192184240391549	0.114881816684589	2.34126687466623	ARPC3P5	ARPC3P5	FALSE	Not significant
ENSG00000290555.1	25.8518861422218	-0.531744790319093	0.40190452429756	0.019207872022296	0.114881816684589	-2.34147189592131	LINC00680	LINC00680	FALSE	Not significant
ENSG00000220505.2	39.1235944734213	0.481806686827297	0.31906893394572	0.0192315035288771	0.114881816684589	2.34101288219164	EIF4EBP2P3	EIF4EBP2P3	FALSE	Not significant
ENSG00000141699.11	211.076433413504	0.303660154504735	0.151051481004639	0.0194332417084735	0.115832348604454	2.33711429901688	RETREG3	RETREG3	FALSE	Not significant
ENSG00000176170.14	36.6434868731436	0.516191806142995	0.417241586165475	0.019532070056802	0.116166666114634	2.33521733398692	SPHK1	SPHK1	FALSE	Not significant
ENSG00000121104.8	31.602168485266	-0.507965048751099	0.36971924667507	0.0196551500655661	0.116643445148927	-2.33286655778155	FAM117A	FAM117A	FALSE	Not significant
ENSG00000146416.19	135.990297834103	-0.339973695475512	0.180060688509607	0.020569597381732	0.121804282534962	-2.31579256508412	AIG1	AIG1	FALSE	Not significant
ENSG00000146376.11	93.3198034878986	0.375700392960755	0.209848587773415	0.0206697152481397	0.121866130248251	2.31396366641128	ARHGAP18	ARHGAP18	FALSE	Not significant
ENSG00000291214.1	55.9780350617911	-0.424887451935214	0.257689040074949	0.0206409911205432	0.121866130248251	-2.3144875915904	ENSG00000291214	ENSG00000291214	FALSE	Not significant
ENSG00000291117.1	43.5801967551894	0.458272315049815	0.297695271284735	0.0208726936170652	0.122796496214682	2.31027934646455	ENSG00000291117	ENSG00000291117	FALSE	Not significant
ENSG00000112679.15	145.875362530008	0.332876835828454	0.175513711708882	0.0210362464011608	0.12349139895973	2.30733330142861	DUSP22	DUSP22	FALSE	Not significant
ENSG00000064652.11	54.5467310286321	0.425916827049311	0.260229945216937	0.0211073155679565	0.123641559727814	2.30605936284447	SNX24	SNX24	FALSE	Not significant
ENSG00000133835.18	530.978731775156	0.251171588079365	0.1211717380745	0.021388381826588	0.125018541515411	2.30105748839538	HSD17B4	HSD17B4	FALSE	Not significant
ENSG00000168405.18	28.3767739279033	0.507878898794716	0.393453419397919	0.0215035943644208	0.12542225210836	2.29902368575414	CMAHP	CMAHP	FALSE	Not significant
ENSG00000204560.10	154.207812173738	0.330153073187117	0.17537057855374	0.0216645118307486	0.126090242304014	2.29619889280003	DHX16	DHX16	FALSE	Not significant
ENSG00000108256.9	493.725269885511	0.250004915635933	0.121328565738079	0.0221893252466814	0.128868773548034	2.28711133839702	NUFIP2	NUFIP2	FALSE	Not significant
ENSG00000238000.1	117.388713506138	-0.344547480866943	0.18828379522653	0.0225682665121577	0.130547273507433	-2.28066519005322	PSME2P1	PSME2P1	FALSE	Not significant
ENSG00000124788.19	278.675049901948	-0.293802229200957	0.150687343726455	0.0226857918003601	0.130547273507433	-2.27868508819453	ATXN1	ATXN1	FALSE	Not significant
ENSG00000289047.2	59.6876368875221	-0.419489689788199	0.262949633930664	0.0226741002208409	0.130547273507433	-2.27888167165486	ENSG00000289047	ENSG00000289047	FALSE	Not significant
ENSG00000118503.18	73.5352544077746	0.395455080005204	0.236265489376397	0.0227927390812001	0.130547273507433	2.27689093950719	TNFAIP3	TNFAIP3	FALSE	Not significant
ENSG00000164694.17	68.9800678658059	-0.409252698326594	0.251958413217193	0.0228145529492387	0.130547273507433	-2.27652588822371	FNDC1	FNDC1	FALSE	Not significant
ENSG00000005884.18	240.830806501622	0.318414372566244	0.169295161903395	0.0227173922076257	0.130547273507433	2.27815419580491	ITGA3	ITGA3	FALSE	Not significant
ENSG00000228218.1	999.236859705589	-0.221233623721775	0.105614244463199	0.0228072008637067	0.130547273507433	-2.27664889020204	ATF4P3	ATF4P3	FALSE	Not significant
ENSG00000108592.17	256.209674967116	0.286376476650002	0.1461686448575	0.0230956919646169	0.131878341932413	2.27184800982735	FTSJ3	FTSJ3	FALSE	Not significant
ENSG00000118418.16	111.250577398209	-0.348193578540788	0.193131945807553	0.0233108737929925	0.132720937157029	-2.26830088884641	HMGN3	HMGN3	FALSE	Not significant
ENSG00000004660.15	15.4745251333403	-0.531895343075909	0.564221206772935	0.0233409153646283	0.132720937157029	-2.2678079382959	CAMKK1	CAMKK1	FALSE	Not significant
ENSG00000070366.14	180.091611000699	-0.30897998475149	0.162544717900079	0.023587993066043	0.133567010736469	-2.26377441216411	SMG6	SMG6	FALSE	Not significant
ENSG00000132535.22	97.4126239492717	-0.358017565842123	0.202314470692905	0.0235803322681875	0.133567010736469	-2.26389892212437	DLG4	DLG4	FALSE	Not significant
ENSG00000182446.15	391.321695927277	0.25415566306727	0.125343717751558	0.0236444131188354	0.133608138995831	2.26285850359522	NPLOC4	NPLOC4	FALSE	Not significant
ENSG00000204386.12	193.594888822725	-0.296675716812475	0.154416274432222	0.0238645914722972	0.134531855156921	-2.25930222723425	NEU1	NEU1	FALSE	Not significant
ENSG00000146433.10	321.179581557655	0.264398289878638	0.133032834502927	0.023906874923029	0.134531855156921	2.25862253332371	TMEM181	TMEM181	FALSE	Not significant
ENSG00000156508.19	48813.5327536338	-0.198689184306419	0.0938669049522805	0.0240020425732054	0.134788329987546	-2.25709654756068	EEF1A1	EEF1A1	FALSE	Not significant
ENSG00000113369.9	206.733580852648	-0.33527468873585	0.186476684798476	0.0242199344292337	0.135731508821974	-2.25362237605186	ARRDC3	ARRDC3	FALSE	Not significant
ENSG00000113013.16	637.795943305764	-0.238968445134436	0.117515810228445	0.0243457520333862	0.136155872483011	-2.25162860176781	HSPA9	HSPA9	FALSE	Not significant
ENSG00000131504.18	341.34019264237	0.263152415902503	0.133312252797503	0.0252946991078511	0.14081230525573	2.23687212160029	DIAPH1	DIAPH1	FALSE	Not significant
ENSG00000112294.14	103.053087780159	-0.342033963291008	0.191855679113433	0.0253337811883928	0.14081230525573	-2.23627472232491	ALDH5A1	ALDH5A1	FALSE	Not significant
ENSG00000170734.12	236.984199520715	-0.280947048086488	0.145040279308484	0.0252635114881921	0.14081230525573	-2.23734942141074	POLH	POLH	FALSE	Not significant
ENSG00000121068.14	591.972896246176	0.230682058551794	0.113401759137284	0.0256838820597869	0.142466921303063	2.23095844020662	TBX2	TBX2	FALSE	Not significant
ENSG00000055211.14	449.99235198786	0.253907515594078	0.128505417525383	0.0261957297403354	0.145010169927152	2.22329774116536	GINM1	GINM1	FALSE	Not significant
ENSG00000146281.6	96.9556694801574	0.353032741029999	0.205027340490429	0.0264071030064867	0.145883142218762	2.22017187052472	PM20D2	PM20D2	FALSE	Not significant
ENSG00000152495.11	16.1670368053756	-0.492543719357652	0.535284549238546	0.02675539992819	0.147507458427627	-2.21506796411446	CAMK4	CAMK4	FALSE	Not significant
ENSG00000183580.10	131.814918745269	0.363286629557348	0.22137516984651	0.0272150306296872	0.14918056571865	2.20841968775941	FBXL7	FBXL7	FALSE	Not significant
ENSG00000164576.12	342.310095553398	0.2719207057048	0.141358942918154	0.0272235322282745	0.14918056571865	2.2082976330293	SAP30L	SAP30L	FALSE	Not significant
ENSG00000112139.17	207.092801662711	-0.313108481842414	0.173777666522604	0.0272033616749732	0.14918056571865	-2.20858726879466	MDGA1	MDGA1	FALSE	Not significant
ENSG00000011028.14	3015.51802177107	-0.19803924125806	0.0964965696866049	0.0274758355443246	0.150260203238379	-2.20469028181641	MRC2	MRC2	FALSE	Not significant
ENSG00000120705.13	589.819638966934	0.226511906333148	0.112531692710185	0.0275708545055146	0.150359323164129	2.20333913643636	ETF1	ETF1	FALSE	Not significant
ENSG00000070614.15	1573.0520020666	0.249520634575927	0.127055696058808	0.0276283023245617	0.150359323164129	2.20252419011842	NDST1	NDST1	FALSE	Not significant
ENSG00000182952.5	231.615812494589	0.284783167995899	0.15060947724662	0.0276599196402003	0.150359323164129	2.20207629484821	HMGN4	HMGN4	FALSE	Not significant
ENSG00000266282.1	199.292243945119	0.283093586200577	0.150371569523919	0.0281338788649145	0.152023623767073	2.1954144868149	UBL5P2	UBL5P2	FALSE	Not significant
ENSG00000011258.16	76.2147311042282	-0.36579163108598	0.222323456595852	0.0280668260385396	0.152023623767073	-2.19635105520547	MBTD1	MBTD1	FALSE	Not significant
ENSG00000274370.1	15.4902388516097	-0.473531987599505	0.549871177781209	0.0281123134456039	0.152023623767073	-2.19571549432835	ENSG00000274370	ENSG00000274370	FALSE	Not significant
ENSG00000255883.1	99.4776060027909	0.346621682118382	0.204068954278244	0.0284410518894784	0.153378529832544	2.1911484460896	FUNDC2P1	FUNDC2P1	FALSE	Not significant
ENSG00000172594.13	449.066245675505	0.248426392247012	0.127388345406911	0.0285548182451033	0.153687120772655	2.18957851989149	SMPDL3A	SMPDL3A	FALSE	Not significant
ENSG00000219951.4	964.903406572747	-0.231998717708166	0.118104427446237	0.0287745080948374	0.154563464430372	-2.1865620801742	ENSG00000219951	ENSG00000219951	FALSE	Not significant
ENSG00000220517.2	73.4942471846543	-0.371205038092881	0.23083257846679	0.0291069248791871	0.1560406742044	-2.18203533655275	ASS1P1	ASS1P1	FALSE	Not significant
ENSG00000188451.8	236.093470529352	-0.269260155193134	0.142560957379841	0.0297151015796075	0.15898749230979	-2.17386731174527	SRP72P2	SRP72P2	FALSE	Not significant
ENSG00000234745.14	870.873891961936	-0.221876907866978	0.111921634250805	0.029857575314125	0.15912331314469	-2.17197464658668	HLA-B	HLA-B	FALSE	Not significant
ENSG00000167863.12	313.509338461187	0.254635022259574	0.132273676507591	0.0298069466313945	0.15912331314469	2.17264632251283	ATP5PD	ATP5PD	FALSE	Not significant
ENSG00000113407.14	284.502588949856	-0.261976658542054	0.138166273982418	0.0301573034657307	0.159377402496727	-2.16801817833308	TARS1	TARS1	FALSE	Not significant
ENSG00000251348.1	11.9365022915259	0.385372761425585	0.569989909904047	0.0301984408704247	0.159377402496727	2.16747779715584	HSPD1P11	HSPD1P11	FALSE	Not significant
ENSG00000079841.20	8.4380786966178	0.324704391332655	0.524999866587282	0.0301012126841625	0.159377402496727	2.16875600877154	RIMS1	RIMS1	FALSE	Not significant
ENSG00000108557.20	140.688515395777	-0.309174927964967	0.173786568706022	0.0301583940966135	0.159377402496727	-2.16800384362773	RAI1	RAI1	FALSE	Not significant
ENSG00000188013.6	44.3522479669796	0.410910197329446	0.285362597565197	0.03002760771226	0.159377402496727	2.16972601944256	MEIS3P2	MEIS3P2	FALSE	Not significant
ENSG00000108691.10	189.293313461857	-0.34801442123086	0.215177445295519	0.030280439856935	0.159500456455716	-2.16640254238152	CCL2	CCL2	FALSE	Not significant
ENSG00000120278.17	101.094499492282	-0.337441512646029	0.200337512406533	0.0306302404967979	0.161030935532489	-2.16184350951105	PLEKHG1	PLEKHG1	FALSE	Not significant
ENSG00000001036.14	339.148083008651	-0.244751376175998	0.127268340445088	0.0308897821515539	0.162081907119544	-2.15848965128674	FUCA2	FUCA2	FALSE	Not significant
ENSG00000175416.16	170.978662651124	0.289877083569044	0.159786121586387	0.0314269170860258	0.164184084903629	2.15162480203175	CLTB	CLTB	FALSE	Not significant
ENSG00000146409.12	35.184826831589	-0.432040794245139	0.34100473924438	0.0314205571305587	0.164184084903629	-2.15170549441458	SLC18B1	SLC18B1	FALSE	Not significant
ENSG00000033627.18	193.969684527118	0.289518068918846	0.161208859727365	0.0314716365838083	0.164184084903629	2.15105781546258	ATP6V0A1	ATP6V0A1	FALSE	Not significant
ENSG00000248610.1	644.429405424839	-0.21929102732645	0.112080905404166	0.0316327579547601	0.164708498316164	-2.14902071428614	HSPA8P4	HSPA8P4	FALSE	Not significant
ENSG00000079931.15	1162.68229460816	-0.242150838040845	0.127685420003395	0.0318331631065141	0.165435061804026	-2.1464993182352	MOXD1	MOXD1	FALSE	Not significant
ENSG00000108424.11	1040.97013248548	0.202938004675574	0.101950975355917	0.0320238571967572	0.166108480650355	2.14411270648018	KPNB1	KPNB1	FALSE	Not significant
ENSG00000156711.17	57.6954463674551	0.382598994513967	0.25604684666483	0.0322260685769024	0.166838960746706	2.14159522178156	MAPK13	MAPK13	FALSE	Not significant
ENSG00000137312.15	665.016740798961	0.217717496717372	0.1109548625876	0.0322933677459247	0.166855674583053	2.14076036490144	FLOT1	FLOT1	FALSE	Not significant
ENSG00000108639.8	72.7642961281037	0.364766116941913	0.233250303657446	0.032352075241085	0.166855674583053	2.14003330564343	SYNGR2	SYNGR2	FALSE	Not significant
ENSG00000113328.20	1048.01192831238	-0.233462977111804	0.121254669858498	0.032459987048328	0.167095160601052	-2.13869982206512	CCNG1	CCNG1	FALSE	Not significant
ENSG00000123505.19	114.036293770715	0.31559606787335	0.182751710813478	0.0325364666222552	0.167172242493931	2.13775704924705	AMD1	AMD1	FALSE	Not significant
ENSG00000237190.4	43.2060273208793	0.404861518311525	0.290759727451797	0.0330410512582561	0.169251660767269	2.13158410905288	CDKN2AIPNL	CDKN2AIPNL	FALSE	Not significant
ENSG00000112699.11	65.447206854518	-0.364138449790922	0.233935072939677	0.0330657218055261	0.169251660767269	-2.13128437145638	GMDS	GMDS	FALSE	Not significant
ENSG00000141562.19	133.633671212581	-0.304051434590454	0.175702542683749	0.033889713992089	0.173143313215222	-2.12138146228686	NARF	NARF	FALSE	Not significant
ENSG00000122203.15	499.905683082351	0.233129074749897	0.12286766704016	0.034046701759419	0.173619015726268	2.11951814731857	KIAA1191	KIAA1191	FALSE	Not significant
ENSG00000204767.4	19.2818441084305	-0.437123251143431	0.465152329684985	0.0350456843676316	0.177713003938848	-2.10783014464719	INSYN2B	INSYN2B	FALSE	Not significant
ENSG00000008083.14	59.438341003586	0.372032114908788	0.25089110794833	0.0349740075871766	0.177713003938848	2.10865921575089	JARID2	JARID2	FALSE	Not significant
ENSG00000278730.1	90.9457532809935	-0.332491827855356	0.204298199637806	0.035002605563212	0.177713003938848	-2.10832825486458	ENSG00000278730	ENSG00000278730	FALSE	Not significant
ENSG00000172738.13	7.1212394791258	-0.231556530626244	0.4008165857315	0.0352654402861376	0.178494351392406	-2.10529726224866	TMEM217	TMEM217	FALSE	Not significant
ENSG00000096092.6	81.9028608893327	0.340152817313849	0.213615979799541	0.0354574553363246	0.179132646104331	2.10309512152514	TMEM14A	TMEM14A	FALSE	Not significant
ENSG00000198933.11	97.9987744700213	0.324720415311624	0.197852872109465	0.0356083840240278	0.179561387341943	2.10137131427881	TBKBP1	TBKBP1	FALSE	Not significant
ENSG00000132475.10	666.205791391013	-0.20998473219313	0.109101327635265	0.0359278977081332	0.180837085130937	-2.09774250737631	H3-3B	H3-3B	FALSE	Not significant
ENSG00000095951.17	100.336021636471	-0.326975286229609	0.202315888022748	0.0360523344698534	0.181127994619337	-2.09633668707198	HIVEP1	HIVEP1	FALSE	Not significant
ENSG00000111911.7	77.6021501754639	-0.344797945188278	0.221440130762568	0.036256888474997	0.181819599400446	-2.09403470872518	HINT3	HINT3	FALSE	Not significant
ENSG00000220614.1	52.6512875488295	0.377418584633434	0.2626779872161	0.0364073028021521	0.18223765933011	2.09234905161485	ENSG00000220614	ENSG00000220614	FALSE	Not significant
ENSG00000197283.18	143.95143102798	-0.291362186971852	0.169718088968624	0.0370330102228021	0.185028900341133	-2.08539996281934	SYNGAP1	SYNGAP1	FALSE	Not significant
ENSG00000073536.18	58.9864553085725	-0.373244058718901	0.261354218947953	0.0373499744975138	0.186270148044482	-2.08191784503004	NLE1	NLE1	FALSE	Not significant
ENSG00000112972.15	52.9725211616615	-0.371896687518228	0.257646512209465	0.0374618758532514	0.186295696938303	-2.08069452155958	HMGCS1	HMGCS1	FALSE	Not significant
ENSG00000254114.1	40.6052535257438	-0.398744000852867	0.31364883163894	0.0374921803624913	0.186295696938303	-2.08036376302225	HMGN1P28	HMGN1P28	FALSE	Not significant
ENSG00000277972.2	37.384575462115	0.399077578944151	0.305726103145877	0.0375658717426089	0.186321239774473	2.0795604067968	CISD3	CISD3	FALSE	Not significant
ENSG00000112033.14	214.726241535275	0.262858487167527	0.146993214437545	0.0378350277781192	0.187314399819541	2.0766375140106	PPARD	PPARD	FALSE	Not significant
ENSG00000038382.23	1199.77675162687	-0.210805077850542	0.111327392258708	0.038088643240554	0.188226323229158	-2.07389952436098	TRIO	TRIO	FALSE	Not significant
ENSG00000120318.16	60.672574219411	-0.364921741342721	0.251890002478592	0.0381577277775078	0.188226323229158	-2.07315638670665	ARAP3	ARAP3	FALSE	Not significant
ENSG00000131844.17	124.907095799345	0.299418782175596	0.17826541005115	0.0385823775893618	0.189290437342753	2.06861342006295	MCCC2	MCCC2	FALSE	Not significant
ENSG00000131732.12	125.388331760242	-0.297453839982542	0.176226689999704	0.0385483258955918	0.189290437342753	-2.06897613855488	ZCCHC9	ZCCHC9	FALSE	Not significant
ENSG00000118508.5	142.189957755398	-0.288827404899298	0.169201801807567	0.0385487883900269	0.189290437342753	-2.06897121024241	RAB32	RAB32	FALSE	Not significant
ENSG00000218582.2	2487.50327867704	-0.222246429536534	0.119478522576288	0.0387752708193688	0.189894028985666	-2.06656384251449	GAPDHP63	GAPDHP63	FALSE	Not significant
ENSG00000028839.10	64.7252016185459	-0.363151655388034	0.259797891263721	0.0389992845318717	0.190647581578466	-2.06419443939718	TBPL1	TBPL1	FALSE	Not significant
ENSG00000010818.11	308.653661947188	-0.250871942301738	0.140439379397422	0.0395610645926687	0.193046631172125	-2.05830291454937	HIVEP2	HIVEP2	FALSE	Not significant
ENSG00000166278.16	48.3125056253731	-0.373721905540486	0.270563651929213	0.0397773207055331	0.193407437705973	-2.05605390412197	C2	C2	FALSE	Not significant
ENSG00000146386.8	31.2106314687672	0.406503421206025	0.371468550095405	0.0397124404222598	0.193407437705973	2.05672755128712	ABRACL	ABRACL	FALSE	Not significant
ENSG00000187624.9	10.8828966230378	-0.357821211384712	0.505242516053653	0.0410142200771251	0.199065446731475	-2.04338622422202	C17orf97	C17orf97	FALSE	Not significant
ENSG00000215068.10	31.8573275851652	-0.398436393898181	0.338022320868529	0.0413634079870491	0.200045805887544	-2.03986866988429	ANXA2R-AS1	ANXA2R-AS1	FALSE	Not significant
ENSG00000112514.18	254.485080977127	-0.245902698657249	0.137768240689111	0.0413263298022741	0.200045805887544	-2.04024098179247	CUTA	CUTA	FALSE	Not significant
ENSG00000157107.14	174.04876576707	0.275749556090155	0.161556276657668	0.0419073657960828	0.20231655458926	2.03443887349565	FCHO2	FCHO2	FALSE	Not significant
ENSG00000204366.4	22.0073484873921	-0.402211333994426	0.400394671104414	0.0429257640982313	0.206134676358644	-2.02443159056275	ZBTB12	ZBTB12	FALSE	Not significant
ENSG00000080546.14	129.49687244674	-0.287646419131924	0.174063913185636	0.0428867307107643	0.206134676358644	-2.02481143235701	SESN1	SESN1	FALSE	Not significant
ENSG00000109016.18	66.3931250607177	0.344663010972244	0.237015210892518	0.0428470789057094	0.206134676358644	2.02519759144969	DHRS7B	DHRS7B	FALSE	Not significant
ENSG00000065308.5	1913.08844507876	0.183337712686636	0.097562066942483	0.0430419061078495	0.206327867374136	2.02330311337571	TRAM2	TRAM2	FALSE	Not significant
ENSG00000112304.11	68.231696299387	-0.342296793930305	0.236469426769358	0.0431879525239911	0.206663477042619	-2.02188772152795	ACOT13	ACOT13	FALSE	Not significant
ENSG00000153006.16	95.7246297779719	0.309867752431596	0.196423320982709	0.0433344925741407	0.207000265055385	2.02047160511767	SREK1IP1	SREK1IP1	FALSE	Not significant
ENSG00000171992.13	929.992724813804	-0.222996559168702	0.124362383778028	0.0437238468464311	0.208493711804561	-2.01672856895879	SYNPO	SYNPO	FALSE	Not significant
ENSG00000170542.6	35.2791381082066	0.386589985348215	0.328775792848652	0.0438957041826169	0.208946626914803	2.01508537664545	SERPINB9	SERPINB9	FALSE	Not significant
ENSG00000229852.4	66.5306949813983	-0.340436817145597	0.236920665853574	0.0444805341984819	0.211360300614465	-2.00953398569361	KHDC1-AS1	KHDC1-AS1	FALSE	Not significant
ENSG00000127804.13	132.323933992078	-0.291797800809479	0.181095341236442	0.0448225433751851	0.212243332567514	-2.00631600602927	METTL16	METTL16	FALSE	Not significant
ENSG00000167543.16	83.1369645992776	0.318122110166691	0.208018956344685	0.0447964689019129	0.212243332567514	2.00656061123079	TP53I13	TP53I13	FALSE	Not significant
ENSG00000184988.8	13.2120830914578	-0.362394397806646	0.477340761516607	0.045110178339875	0.213233851700488	-2.00362562899584	TMEM106A	TMEM106A	FALSE	Not significant
ENSG00000153395.10	245.486909991767	0.256509305927839	0.150058286993418	0.0454032039801282	0.213505031865032	2.0008996623226	LPCAT1	LPCAT1	FALSE	Not significant
ENSG00000249119.1	3587.30771271202	0.187348208613865	0.100802603507109	0.0453482562543537	0.213505031865032	2.00140969951094	MTND6P4	MTND6P4	FALSE	Not significant
ENSG00000126368.6	68.4230385193769	-0.338654930617008	0.237939412300544	0.045325407840709	0.213505031865032	-2.001621936988	NR1D1	NR1D1	FALSE	Not significant
ENSG00000179277.9	52.4658596886072	0.355039318421065	0.262006347506544	0.0455953776429161	0.214038404893689	1.99911994464852	MEIS3P1	MEIS3P1	FALSE	Not significant
ENSG00000270225.1	3461.48138604972	0.211890463554889	0.117333549864144	0.0459521234704002	0.215341157918186	1.99583281665392	MTCO2P22	MTCO2P22	FALSE	Not significant
ENSG00000131437.16	80.1221680051133	-0.316040194149537	0.209385196525787	0.0465992440634907	0.217997840558636	-1.98992458147089	KIF3A	KIF3A	FALSE	Not significant
ENSG00000030582.19	2104.20961541366	-0.176193549943213	0.0946886307384194	0.0468353203382896	0.218725774363352	-1.98778638323917	GRN	GRN	FALSE	Not significant
ENSG00000274565.1	16.3947387308349	-0.372573162173685	0.445396072181378	0.0473982208896219	0.220974896017139	-1.9827244149118	ENSG00000274565	ENSG00000274565	FALSE	Not significant
ENSG00000182534.14	1493.39432560157	0.178834666867905	0.0965677310178002	0.0480547909515131	0.223652263366802	1.97688358281604	MXRA7	MXRA7	FALSE	Not significant
ENSG00000207561.1	15.8053789054534	0.369622402192794	0.444278222967171	0.0487186060918712	0.226354139073002	1.97104607337716	MIR635	MIR635	FALSE	Not significant
ENSG00000152700.14	212.808351940527	0.247406301638479	0.145932098381717	0.0490154487269523	0.227344692218185	1.96845726356697	SAR1B	SAR1B	FALSE	Not significant
ENSG00000254373.1	380.383517911011	-0.223138507929661	0.127439516145034	0.049331297690692	0.228419875848894	-1.96571710631766	ENSG00000254373	ENSG00000254373	FALSE	Not significant
ENSG00000157637.13	471.599441481575	0.218304070426515	0.124540833389971	0.0499679068107793	0.230974099849827	1.96023861701036	SLC38A10	SLC38A10	FALSE	Not significant
ENSG00000174695.10	441.253363175597	0.21715239878145	0.124940665152367	0.0506408797741266	0.233687455392319	1.95451045396199	TMEM167A	TMEM167A	FALSE	Not significant
ENSG00000250337.10	22.2874915403731	-0.376573246480319	0.385492266741334	0.0508692807722523	0.23394704761249	-1.95258086153471	PURPL	PURPL	FALSE	Not significant
ENSG00000112531.17	618.807574354141	0.201742387216147	0.113400605494299	0.050807645623975	0.23394704761249	1.95310085556281	QKI	QKI	FALSE	Not significant
ENSG00000213228.5	857.809007708844	-0.203598054582617	0.114791578583907	0.0510500440378462	0.234381790025111	-1.951058862782	RPL12P38	RPL12P38	FALSE	Not significant
ENSG00000248923.1	8061.63772380438	0.162306239841544	0.0885699101457658	0.0536679340460251	0.245571455786357	1.92950714405772	MTND5P11	MTND5P11	FALSE	Not significant
ENSG00000109066.14	102.34986321846	0.294933887396403	0.198325302375347	0.0536061575615576	0.245571455786357	1.93000548966533	TMEM104	TMEM104	FALSE	Not significant
ENSG00000002919.15	50.9846010167227	0.337528588833876	0.260011638076302	0.0540729666009014	0.247008946590336	1.92625159237389	SNX11	SNX11	FALSE	Not significant
ENSG00000096654.16	32.039586809258	-0.359624040247771	0.333878145852797	0.0543093133317614	0.247672338314979	-1.92436128766065	ZNF184	ZNF184	FALSE	Not significant
ENSG00000175048.17	42.0218681868168	-0.346733604324972	0.280706493488421	0.0546841090836428	0.248963833315479	-1.92137769004878	ZDHHC14	ZDHHC14	FALSE	Not significant
ENSG00000112473.19	625.484638698179	-0.208873684881101	0.121146914478627	0.054878223465507	0.24942978491513	-1.9198391226602	SLC39A7	SLC39A7	FALSE	Not significant
ENSG00000113594.10	137.369617075965	0.276657083157901	0.181021979146663	0.0563127001205965	0.255067492481828	1.90860783754591	LIFR	LIFR	FALSE	Not significant
ENSG00000247572.9	19.8776530959077	-0.354867993497504	0.394047864187334	0.0564001335473064	0.255067492481828	-1.90793101097564	CKMT2-AS1	CKMT2-AS1	FALSE	Not significant
ENSG00000176809.11	21.2956428156934	-0.356064401454364	0.385579541533948	0.0563297615870898	0.255067492481828	-1.90847569520431	LRRC37A3	LRRC37A3	FALSE	Not significant
ENSG00000229931.3	11.8837366750183	-0.253014116493094	0.396266775037444	0.0567910829894851	0.25640890957711	-1.90491529298813	ATXN1-AS1	ATXN1-AS1	FALSE	Not significant
ENSG00000132840.10	98.4944853657317	-0.294891705514222	0.203125090339626	0.0569900905585084	0.25688070669656	-1.90338681220041	BHMT2	BHMT2	FALSE	Not significant
ENSG00000164463.12	299.290869043142	0.264575872458793	0.17343004194595	0.0574669846770804	0.258601431046862	1.89974200772959	CREBRF	CREBRF	FALSE	Not significant
ENSG00000273841.6	108.311105625158	0.281126810382204	0.187595638411092	0.0578511901912099	0.259161147815872	1.89682385206985	TAF9	TAF9	FALSE	Not significant
ENSG00000186470.14	103.198042490251	-0.28052960836073	0.186350778841663	0.0578311109797098	0.259161147815872	-1.89697596010153	BTN3A2	BTN3A2	FALSE	Not significant
ENSG00000213177.3	125.843683773672	-0.27071665835446	0.175361222218481	0.0579727659573399	0.259161147815872	-1.89590380318677	PRDX2P4	PRDX2P4	FALSE	Not significant
ENSG00000141068.16	79.6896067690425	-0.310644276256647	0.227170842502658	0.0579225612636601	0.259161147815872	-1.89628354267762	KSR1	KSR1	FALSE	Not significant
ENSG00000203722.8	13.6938310107503	-0.277878394096139	0.407674154228927	0.0581709008048588	0.259619882409862	-1.89440780832783	RAET1G	RAET1G	FALSE	Not significant
ENSG00000131747.15	59.4700394628809	-0.326668303568836	0.257617980179765	0.0585165720658203	0.260734496516229	-1.89180796212868	TOP2A	TOP2A	FALSE	Not significant
ENSG00000278619.5	11.2945324459312	0.300989932414935	0.428400041349665	0.0588415798492878	0.261753541784557	1.88937513800203	MRM1	MRM1	FALSE	Not significant
ENSG00000134970.14	422.946615626491	0.223324174332148	0.135465447068562	0.0600062542701735	0.266498364552829	1.88074765121032	TMED7	TMED7	FALSE	Not significant
ENSG00000091831.25	7.42993142498166	-0.204914795938708	0.363146894912899	0.0607644371439946	0.268986547487585	-1.87520565032976	ESR1	ESR1	FALSE	Not significant
ENSG00000154945.7	199.77983608214	0.23985323640862	0.1500305604816	0.0607339484169135	0.268986547487585	1.87542740116655	ANKRD40	ANKRD40	FALSE	Not significant
ENSG00000134058.12	99.8649797833294	0.278733954266127	0.189651547612816	0.0612994860552384	0.270474031003471	1.87132905237605	CDK7	CDK7	FALSE	Not significant
ENSG00000152894.15	515.304125926684	-0.201857008593784	0.11975300455198	0.0612433380109613	0.270474031003471	-1.87173454343385	PTPRK	PTPRK	FALSE	Not significant
ENSG00000185760.18	7.6775288775598	-0.224444439272275	0.37959566309345	0.0614628805622435	0.270755444681001	-1.87015079396647	KCNQ5	KCNQ5	FALSE	Not significant
ENSG00000135316.20	237.232511767003	0.229729524683941	0.14144461276478	0.061621647556013	0.271015595561882	1.86900838685248	SYNCRIP	SYNCRIP	FALSE	Not significant
ENSG00000180573.10	151.22722684784	-0.258346049184555	0.16919196922435	0.0618062638872175	0.271135125742853	-1.86768304088769	H2AC6	H2AC6	FALSE	Not significant
ENSG00000109084.14	32.556671917207	0.342781560604724	0.315861811599302	0.0618483362621667	0.271135125742853	1.8673814651916	TMEM97	TMEM97	FALSE	Not significant
ENSG00000251193.1	15.3633801494783	0.323480064217795	0.410894808034891	0.0620757484934193	0.271335720025464	1.86575430220543	ENSG00000251193	ENSG00000251193	FALSE	Not significant
ENSG00000233237.9	30.4154718328675	0.343439101423076	0.316691902293048	0.0620937519705071	0.271335720025464	1.86562569589922	LINC00472	LINC00472	FALSE	Not significant
ENSG00000169567.13	334.392087088671	0.214077113785977	0.13017639586121	0.0626117107272695	0.27228580761075	1.86193884577686	HINT1	HINT1	FALSE	Not significant
ENSG00000267002.4	48.0933474751716	-0.326285678857906	0.264339072606145	0.0624564324084417	0.27228580761075	-1.86304146653284	ENSG00000267002	ENSG00000267002	FALSE	Not significant
ENSG00000108588.15	289.212771014334	0.227073012992739	0.140413827926772	0.062522449621822	0.27228580761075	1.86257240606577	CCDC47	CCDC47	FALSE	Not significant
ENSG00000164258.12	117.49198076882	-0.264609475318982	0.175867617769742	0.0631063121751837	0.272402466002835	-1.85844172131679	NDUFS4	NDUFS4	FALSE	Not significant
ENSG00000243649.10	22.0397371138096	-0.342226947220357	0.364581232238347	0.063137811604965	0.272402466002835	-1.85821977015375	CFB	CFB	FALSE	Not significant
ENSG00000111817.19	790.529154453448	0.19607163808856	0.116631871505143	0.0629771588290727	0.272402466002835	1.85935271971035	DSE	DSE	FALSE	Not significant
ENSG00000197566.10	21.5529350755469	-0.34054644706812	0.370637983598924	0.0631396444377433	0.272402466002835	-1.85820685847218	ZNF624	ZNF624	FALSE	Not significant
ENSG00000213180.4	359.996014954371	-0.208609687251996	0.126853787432027	0.0630900828186895	0.272402466002835	-1.8585561122928	RPL36AP48	RPL36AP48	FALSE	Not significant
ENSG00000198721.13	159.66011776127	-0.251456852103049	0.163917032766214	0.0635644207761575	0.272504882759615	-1.85522277430487	ECI2	ECI2	FALSE	Not significant
ENSG00000235652.11	35.3054409686608	-0.336956298428988	0.299331467615293	0.063289356463648	0.272504882759615	-1.85715323288365	EPM2A-DT	EPM2A-DT	FALSE	Not significant
ENSG00000166579.16	283.870347421133	0.21853771034764	0.134400319961946	0.0635232053917487	0.272504882759615	1.85551159227577	NDEL1	NDEL1	FALSE	Not significant
ENSG00000235554.1	252.982215240428	-0.226389287569865	0.140061147116873	0.0634876035115485	0.272504882759615	-1.85576119811061	SRSF6P2	SRSF6P2	FALSE	Not significant
ENSG00000169302.16	6.7783239263466	-0.189286928176549	0.353058278308846	0.0636847578213295	0.27259082166673	-1.85438039343309	STK32A	STK32A	FALSE	Not significant
ENSG00000112146.17	265.244295062055	0.221280702116969	0.136755641142079	0.0646588781124277	0.276325205518205	1.84760933624875	FBXO9	FBXO9	FALSE	Not significant
ENSG00000274211.6	69.1395179550422	0.299485965258563	0.224036937723535	0.0653325506637977	0.278765891215388	1.84297575352989	SOCS7	SOCS7	FALSE	Not significant
ENSG00000072786.13	141.336223851851	0.254934830235044	0.169613583092322	0.0664277517173708	0.282994716563972	1.83552626084898	STK10	STK10	FALSE	Not significant
ENSG00000181104.7	1465.82379102904	0.19896937068046	0.121534771185042	0.0667411457101147	0.283884873302178	1.83341320241348	F2R	F2R	FALSE	Not significant
ENSG00000182700.5	80.2439609177427	0.290546245231988	0.213847018752918	0.0671279357669689	0.284195840209691	1.8308165063595	IGIP	IGIP	FALSE	Not significant
ENSG00000145817.17	378.012242218272	-0.211632190273134	0.130939749218809	0.0671172233578252	0.284195840209691	-1.83088825754498	YIPF5	YIPF5	FALSE	Not significant
ENSG00000124795.17	558.269101525166	0.194996892730179	0.117469135536449	0.067121896655126	0.284195840209691	1.83085695487223	DEK	DEK	FALSE	Not significant
ENSG00000216412.4	138.096650641946	-0.255365427030803	0.171719626337014	0.0672652232377615	0.284334178476261	-1.82989779501659	RPL12P2	RPL12P2	FALSE	Not significant
ENSG00000204520.14	92.4888246220091	-0.276821124089719	0.196195688701389	0.0678648982464853	0.285979524703794	-1.82590284063975	MICA	MICA	FALSE	Not significant
ENSG00000213335.4	76.1844819936988	-0.287722967560499	0.210801896031734	0.0677665001495699	0.285979524703794	-1.82655635862229	CLNS1AP1	CLNS1AP1	FALSE	Not significant
ENSG00000214890.3	31.1235230427387	-0.330286832579606	0.313849180569034	0.0680925614374548	0.286494708958208	-1.82439378155278	ENSG00000214890	ENSG00000214890	FALSE	Not significant
ENSG00000170832.13	301.262211868163	0.228143823939015	0.145922650215881	0.0684555301402734	0.287576709306434	1.82199641153741	USP32	USP32	FALSE	Not significant
ENSG00000109079.10	187.363266187497	0.233843858966521	0.150794781357246	0.0686006099739344	0.287741447390669	1.82104109692969	TNFAIP1	TNFAIP1	FALSE	Not significant
ENSG00000254893.6	312.39992643766	0.211858213355522	0.131615235806335	0.0687377147811518	0.287872278544177	1.82013982075281	RAP1BL	RAP1BL	FALSE	Not significant
ENSG00000251032.1	97.0950676195854	0.269911930410153	0.191298104606685	0.0695831363631762	0.290964560977097	1.81461473567034	CUL1P1	CUL1P1	FALSE	Not significant
ENSG00000132386.11	1946.99158400247	-0.16536652827031	0.0980896474056948	0.0701013513545083	0.292232320523855	-1.81125523676423	SERPINF1	SERPINF1	FALSE	Not significant
ENSG00000232938.2	58.170927156261	-0.301762521011533	0.236514738785778	0.0700883307874183	0.292232320523855	-1.81133939682979	RPL23AP87	RPL23AP87	FALSE	Not significant
ENSG00000131473.17	682.723714220672	0.177830100994817	0.107617383971552	0.0722406739366005	0.300689359509464	1.79759838835478	ACLY	ACLY	FALSE	Not significant
ENSG00000217769.4	231.231922130223	-0.22437726994852	0.14541438142061	0.072365966818113	0.300750302464268	-1.79680887575639	ENSG00000217769	ENSG00000217769	FALSE	Not significant
ENSG00000145860.13	217.647928750412	0.223397530204387	0.14475344672539	0.0729035712714586	0.302361099380215	1.79343389882432	RNF145	RNF145	FALSE	Not significant
ENSG00000112619.8	29.0547215326751	-0.323048583219864	0.318154072401564	0.0730872856117739	0.302361099380215	-1.79228524493343	PRPH2	PRPH2	FALSE	Not significant
ENSG00000289182.1	8.5419815687926	-0.239480990157496	0.382023554341391	0.0730081377563528	0.302361099380215	-1.79277981827732	ENSG00000289182	ENSG00000289182	FALSE	Not significant
ENSG00000173210.21	426.988597678965	-0.212620116557014	0.136344339472572	0.073611693650864	0.304067755840499	-1.78901938524702	ABLIM3	ABLIM3	FALSE	Not significant
ENSG00000213722.10	299.193500386994	-0.207887996165391	0.133125440116646	0.0752811956254461	0.310492093641825	-1.77874733088363	DDAH2	DDAH2	FALSE	Not significant
ENSG00000131019.11	22.157599314238	-0.305674565993304	0.359265524590967	0.076150274724414	0.313600676819632	-1.77347352727789	ULBP3	ULBP3	FALSE	Not significant
ENSG00000112343.11	277.237951774663	0.223177928188719	0.148302530210697	0.0766618607730064	0.313805628887096	1.77039200448019	TRIM38	TRIM38	FALSE	Not significant
ENSG00000112249.14	416.644915455015	-0.196597570396471	0.124216608933874	0.0764361674004962	0.313805628887096	-1.77174938795949	ASCC3	ASCC3	FALSE	Not significant
ENSG00000131462.9	86.2004841319435	-0.286891530702671	0.229962828512765	0.0766001623564517	0.313805628887096	-1.77076275216401	TUBG1	TUBG1	FALSE	Not significant
ENSG00000185504.17	101.429366826644	-0.259188671902226	0.18745150984498	0.0764885974653173	0.313805628887096	-1.7714337676667	FAAP100	FAAP100	FALSE	Not significant
ENSG00000158985.14	83.8196143879205	0.279218732441158	0.21526129883898	0.0768689208114697	0.314180040248984	1.76914954976674	CDC42SE2	CDC42SE2	FALSE	Not significant
ENSG00000267185.1	231.325365488537	0.221330926184012	0.145465037783886	0.077010597096409	0.314286490852912	1.76830099841112	PTP4A2P1	PTP4A2P1	FALSE	Not significant
ENSG00000214922.9	9.10744124078229	-0.213640469203367	0.361519258302602	0.0772707453637818	0.314875391152562	-1.76674618210371	HLA-F-AS1	HLA-F-AS1	FALSE	Not significant
ENSG00000124570.21	341.802292270683	-0.197813890367226	0.125424609168892	0.0777358853793419	0.31629661146864	-1.76397679934999	SERPINB6	SERPINB6	FALSE	Not significant
ENSG00000270714.1	71.7382865331173	0.283116102261822	0.220681976763484	0.0781983069651873	0.317702538611927	1.76123694733959	MICOS10P2	MICOS10P2	FALSE	Not significant
ENSG00000118985.16	1236.90262343147	0.166093911458801	0.101930589836317	0.0785238030342346	0.318356180120643	1.75931627939414	ELL2	ELL2	FALSE	Not significant
ENSG00000112367.12	119.334851168748	-0.248249178773004	0.174554928084282	0.0785934499120499	0.318356180120643	-1.75890615301832	FIG4	FIG4	FALSE	Not significant
ENSG00000112561.19	17.3046602361049	-0.287213593799321	0.373930161980376	0.0788682781874181	0.318994018025896	-1.75729066465473	TFEB	TFEB	FALSE	Not significant
ENSG00000005100.13	101.430826550182	0.257224232985489	0.189176947870865	0.0799204254308147	0.322769266450155	1.75114796787142	DHX33	DHX33	FALSE	Not significant
ENSG00000225014.1	48.4671040377843	0.297188038840929	0.255605106959541	0.0804921793314075	0.32459605849075	1.7478374449718	KCTD9P1	KCTD9P1	FALSE	Not significant
ENSG00000141552.18	124.992907206024	0.242809831641893	0.170396801906286	0.0809136186172162	0.325812170965324	1.74540946883705	ANAPC11	ANAPC11	FALSE	Not significant
ENSG00000226221.1	12.3745657741477	-0.255473323963609	0.37988944936361	0.081453848824278	0.326702493214445	-1.74231209121254	RPL26P19	RPL26P19	FALSE	Not significant
ENSG00000197375.14	26.9959820215828	-0.301630518545027	0.333431037785211	0.0822165214711848	0.326702493214445	-1.73796760835231	SLC22A5	SLC22A5	FALSE	Not significant
ENSG00000019582.17	9.08656946118198	-0.21178542928257	0.358072235151539	0.0819930426719641	0.326702493214445	-1.73923723347548	CD74	CD74	FALSE	Not significant
ENSG00000037749.13	166.1049085536	0.23093964713933	0.159802759066221	0.0818495635505391	0.326702493214445	1.74005384551905	MFAP3	MFAP3	FALSE	Not significant
ENSG00000112079.9	271.624346971907	0.216365393542482	0.145901335887139	0.0821305469116964	0.326702493214445	1.73845571438142	STK38	STK38	FALSE	Not significant
ENSG00000152661.9	504.53331901306	-0.201971931864889	0.133602897705493	0.0817993110954604	0.326702493214445	-1.74034013215391	GJA1	GJA1	FALSE	Not significant
ENSG00000220494.4	220.315538378976	0.21693309406633	0.144621914889173	0.0813037484438308	0.326702493214445	1.74317100591279	YAP1P1	YAP1P1	FALSE	Not significant
ENSG00000120265.21	190.280987869027	0.218912127859356	0.14724061480103	0.0821322436095295	0.326702493214445	1.73844607765929	PCMT1	PCMT1	FALSE	Not significant
ENSG00000076604.16	51.404952498204	-0.292759577889809	0.248949940688093	0.0820010734822216	0.326702493214445	-1.73919156034647	TRAF4	TRAF4	FALSE	Not significant
ENSG00000108924.14	11.5798695176745	0.253830108939529	0.378841678864237	0.0824442358249247	0.327129099229409	1.73667679547264	HLF	HLF	FALSE	Not significant
ENSG00000056097.16	586.121425853831	0.175582062875736	0.110637219111618	0.0832799721059903	0.329483208419333	1.73196400142689	ZFR	ZFR	FALSE	Not significant
ENSG00000122335.17	201.498640721322	-0.21916469785906	0.147995020560143	0.0832673337501255	0.329483208419333	-1.73203498431107	SERAC1	SERAC1	FALSE	Not significant
ENSG00000132846.6	58.2957909725006	-0.289155007804755	0.251819069107903	0.0838058395734164	0.330758988084139	-1.72901819005745	ZBED3	ZBED3	FALSE	Not significant
ENSG00000153046.18	100.389812964877	-0.256288708409953	0.190265459159112	0.0838849804224616	0.330758988084139	-1.72857615449707	CDYL	CDYL	FALSE	Not significant
ENSG00000141030.13	134.334633082942	-0.235936054803813	0.166001781516772	0.0839675135312935	0.330758988084139	-1.72811553121041	COPS3	COPS3	FALSE	Not significant
ENSG00000129235.11	59.078171549575	0.283046843441719	0.233640879055077	0.084301767292031	0.331595084659537	1.72625377606692	TXNDC17	TXNDC17	FALSE	Not significant
ENSG00000226359.1	20.1426374497787	0.294225431959849	0.352344859091924	0.0847448569797834	0.33237593257006	1.72379500329206	ACTG1P24	ACTG1P24	FALSE	Not significant
ENSG00000108641.20	51.7743179025513	-0.291195036078633	0.255542955964452	0.0846957365094743	0.33237593257006	-1.72406706701437	B9D1	B9D1	FALSE	Not significant
ENSG00000112186.13	71.7597929929316	-0.272969103248267	0.21758641979399	0.0851761770065495	0.333249461342204	-1.72141151058845	CAP2	CAP2	FALSE	Not significant
ENSG00000108788.12	115.995683033375	0.245328698267652	0.177440750477078	0.085212794566899	0.333249461342204	1.7212096102325	MLX	MLX	FALSE	Not significant
ENSG00000235863.4	33.4695606985738	0.300135231218801	0.290009809266344	0.0859666874463677	0.335714736320729	1.71706833252168	B3GALT4	B3GALT4	FALSE	Not significant
ENSG00000124508.17	43.5129435221316	-0.291983203342442	0.259036866216994	0.0861068937842779	0.335779823967959	-1.71630139147023	BTN2A2	BTN2A2	FALSE	Not significant
ENSG00000050393.12	113.020843538274	0.244905374760744	0.17752262201036	0.0863982902931942	0.335952150238773	1.71471064841986	MCUR1	MCUR1	FALSE	Not significant
ENSG00000047932.14	268.212995088896	-0.207086435847716	0.138906887664852	0.0863321947859981	0.335952150238773	-1.71507108551917	GOPC	GOPC	FALSE	Not significant
ENSG00000125457.15	43.4692904670049	0.29190722520083	0.261912256033393	0.0870852462967555	0.338139570620831	1.71097760920661	MIF4GD	MIF4GD	FALSE	Not significant
ENSG00000187372.11	15.2135845954011	-0.269023639132179	0.368212284506022	0.0877821281092467	0.339539666593615	-1.70721483795288	PCDHB13	PCDHB13	FALSE	Not significant
ENSG00000238035.8	57.3485911761562	-0.283238324098971	0.246796046161913	0.0878205980924619	0.339539666593615	-1.70700782441775	ENSG00000238035	ENSG00000238035	FALSE	Not significant
ENSG00000146263.12	45.2873865059327	-0.290503088517611	0.263593156602229	0.0876058121873597	0.339539666593615	-1.70816456130357	MMS22L	MMS22L	FALSE	Not significant
ENSG00000186314.12	12.8843899613494	0.254999340879672	0.367357132156175	0.0895282065694746	0.345650092977034	1.69789168682539	PRELID2	PRELID2	FALSE	Not significant
ENSG00000229036.7	12.6866173678405	-0.254825331984772	0.366813365557464	0.089810791194108	0.346249263071753	-1.69639663165547	VDAC1P8	VDAC1P8	FALSE	Not significant
ENSG00000091592.17	207.909410921096	0.221841941257277	0.156370749695104	0.0899582455014343	0.346326503219403	1.69561800624935	NLRP1	NLRP1	FALSE	Not significant
ENSG00000013561.18	184.209979073934	0.225683656516569	0.160983103051693	0.0914372171602245	0.351522427498572	1.68786463261844	RNF14	RNF14	FALSE	Not significant
ENSG00000135541.22	103.679929085884	-0.242926072491499	0.181654063034632	0.0916231500433017	0.351522573451245	-1.68689704682667	AHI1	AHI1	FALSE	Not significant
ENSG00000071994.11	135.080379488918	0.230146569172952	0.165473521374877	0.0916959177987242	0.351522573451245	1.68651879654957	PDCD2	PDCD2	FALSE	Not significant
ENSG00000266777.1	47.7782262549203	0.28319509862852	0.260800743811111	0.0931724913728451	0.356680044438582	1.67889509135166	SH3GL1P1	SH3GL1P1	FALSE	Not significant
ENSG00000113387.12	449.239400464525	-0.180204159772899	0.119190812091147	0.093333183127557	0.356792674740787	-1.67807128773443	SUB1	SUB1	FALSE	Not significant
ENSG00000187189.11	92.3551185137574	-0.255240626568458	0.20201855098553	0.0935386552765761	0.357075934047379	-1.67701956889159	TSPYL4	TSPYL4	FALSE	Not significant
ENSG00000204256.14	672.666091615898	-0.171003342109064	0.112303032896339	0.0947789228529757	0.361279209034047	-1.67071025222335	BRD2	BRD2	FALSE	Not significant
ENSG00000196114.3	1400.04268170975	0.151565913190461	0.0968876744409215	0.0950384968577423	0.361279209034047	1.66939816611439	IFITM3P3	IFITM3P3	FALSE	Not significant
ENSG00000087157.19	135.497943937411	0.229399654421607	0.167573366242704	0.0949221405957183	0.361279209034047	1.66998596439695	PGS1	PGS1	FALSE	Not significant
ENSG00000220875.1	277.463431437222	-0.196145383651714	0.134121947338599	0.0954552004721509	0.361374039987477	-1.66729781722488	H3C9P	H3C9P	FALSE	Not significant
ENSG00000269293.5	19.0500411570658	0.27699877836942	0.344561226093345	0.0954118234639533	0.361374039987477	1.66751611146481	ZSCAN16-AS1	ZSCAN16-AS1	FALSE	Not significant
ENSG00000203489.3	85.3131819687572	-0.25047451514921	0.19615267709112	0.0957282225132389	0.361374039987477	-1.66592565768613	HMGB1P39	HMGB1P39	FALSE	Not significant
ENSG00000108523.16	265.51026699124	0.198931997631355	0.136461277777492	0.0956829519582801	0.361374039987477	1.66615296244347	RNF167	RNF167	FALSE	Not significant
ENSG00000267745.1	11.8371386290022	0.242744151899455	0.361063865381209	0.0956363853499925	0.361374039987477	1.6663868645746	ENSG00000267745	ENSG00000267745	FALSE	Not significant
ENSG00000091844.8	16.506535030051	-0.270003683520818	0.353086035778467	0.0965517566894834	0.363233686192562	-1.66180561181082	RGS17	RGS17	FALSE	Not significant
ENSG00000040633.13	155.410077195458	-0.220398330654398	0.158046079810179	0.0966217642079553	0.363233686192562	-1.66145667075565	PHF23	PHF23	FALSE	Not significant
ENSG00000068079.8	77.8528228817092	0.25965246091792	0.212147559220886	0.0964687788043537	0.363233686192562	1.66221946376283	IFI35	IFI35	FALSE	Not significant
ENSG00000249353.2	11.6949782575829	-0.225888067489401	0.353379692563371	0.0970507947418775	0.364342624459148	-1.65932264389797	NPM1P27	NPM1P27	FALSE	Not significant
ENSG00000197451.12	203.399366417195	0.208435228883221	0.1478953385564	0.0985479127225676	0.369452726593019	1.6519344577676	HNRNPAB	HNRNPAB	FALSE	Not significant
ENSG00000154229.12	726.33191741352	0.181780006092612	0.123243480015579	0.0990519672248788	0.370830918618761	1.6494671523975	PRKCA	PRKCA	FALSE	Not significant
ENSG00000049192.15	30.617907129034	-0.275791928936607	0.312757261439765	0.0998647995805605	0.373359732131999	-1.64550943013509	ADAMTS6	ADAMTS6	FALSE	Not significant
ENSG00000132507.18	615.96932390548	0.169785349774837	0.113431856151309	0.100473161104986	0.374723303097809	1.6425640638381	EIF5A	EIF5A	FALSE	Not significant
ENSG00000108854.16	640.879257133985	-0.195769305731706	0.137546927099877	0.100505256791134	0.374723303097809	-1.64240906865428	SMURF2	SMURF2	FALSE	Not significant
ENSG00000180992.7	62.7001427314768	-0.263599243457151	0.227363732992782	0.10116354893856	0.376660994541102	-1.63923873850008	MRPL14	MRPL14	FALSE	Not significant
ENSG00000251553.1	33.0670272673843	0.274800458640384	0.305772774472637	0.101385195038816	0.376969849679208	1.63817499099515	DDX18P4	DDX18P4	FALSE	Not significant
ENSG00000251118.1	67.9863026265818	-0.25504587671877	0.213215873825596	0.102792686700559	0.380879419643801	-1.63146287773202	H3P24	H3P24	FALSE	Not significant
ENSG00000181610.13	81.7122093373503	0.246593099410435	0.197616506663233	0.102857061816979	0.380879419643801	1.6311576356753	MRPS23	MRPS23	FALSE	Not significant
ENSG00000183077.16	61.9185080282461	0.261165398793928	0.224229083434493	0.102801607403825	0.380879419643801	1.63142057011308	AFMID	AFMID	FALSE	Not significant
ENSG00000249287.1	14.7414636928325	-0.238723028318549	0.348206861554978	0.103109166763989	0.381293490155813	-1.62996371152469	ENSG00000249287	ENSG00000249287	FALSE	Not significant
ENSG00000286388.1	26.7548754970715	-0.2749923553539	0.313307090393938	0.103292550162569	0.381452651279703	-1.62909669790965	ENSG00000286388	ENSG00000286388	FALSE	Not significant
ENSG00000137288.10	69.8391174238312	-0.256459076084732	0.217955919500833	0.1035431514994	0.381859275136188	-1.62791386293432	UQCC2	UQCC2	FALSE	Not significant
ENSG00000220205.10	147.188009514952	0.235037215749375	0.18466752464716	0.103789460159979	0.382248987418459	1.62675350455215	VAMP2	VAMP2	FALSE	Not significant
ENSG00000167085.14	177.423615302498	0.208096241061576	0.150500508373601	0.104012940227851	0.382553682732476	1.62570258341633	PHB1	PHB1	FALSE	Not significant
ENSG00000217416.4	51.7133336650237	0.264898735056928	0.242377228764054	0.105089328549993	0.385990263512002	1.62066581651205	ISCA1P1	ISCA1P1	FALSE	Not significant
ENSG00000112031.16	60.5795724406914	0.260728768923453	0.230408614694228	0.105239443952339	0.386019984699674	1.61996663666303	MTRF1L	MTRF1L	FALSE	Not significant
ENSG00000124813.23	26.4831253995124	0.274186091286205	0.303018055140475	0.106817836321228	0.390928380593999	1.6126625715422	RUNX2	RUNX2	FALSE	Not significant
ENSG00000074660.17	7.08145217698791	0.18816399647756	0.338815597100603	0.106865263716461	0.390928380593999	1.61244442746172	SCARF1	SCARF1	FALSE	Not significant
ENSG00000112406.5	155.702950170377	0.220541809207569	0.167674599991544	0.107699708777941	0.393451355454898	1.60861885510268	HECA	HECA	FALSE	Not significant
ENSG00000189298.14	28.8774789180643	-0.266372782595432	0.304841618698966	0.109482915007787	0.398244404330491	-1.60052161828489	ZKSCAN3	ZKSCAN3	FALSE	Not significant
ENSG00000204599.16	34.6049841530757	-0.270839445900469	0.276548745473601	0.109274323582072	0.398244404330491	-1.60146338465354	TRIM39	TRIM39	FALSE	Not significant
ENSG00000137310.13	28.994089398415	-0.268423093613333	0.303758365853788	0.109415218195705	0.398244404330491	-1.6008271060238	TCF19	TCF19	FALSE	Not significant
ENSG00000189241.8	307.98295423657	-0.189278189236408	0.135169558963063	0.109597797806919	0.398244404330491	-1.60000354123923	TSPYL1	TSPYL1	FALSE	Not significant
ENSG00000213500.3	22.4584527669386	0.257327545022873	0.325319921670451	0.110808172455085	0.399438478425625	1.59457113159317	LAP3P2	LAP3P2	FALSE	Not significant
ENSG00000275700.6	146.499021307974	0.21519012280534	0.163165895226379	0.110616874106682	0.399438478425625	1.59542658893662	AATF	AATF	FALSE	Not significant
ENSG00000173786.17	456.130254773684	0.17124831815761	0.11884804901141	0.110755574010581	0.399438478425625	1.59480622758077	CNP	CNP	FALSE	Not significant
ENSG00000108774.15	254.187517507251	0.188655264586329	0.134882157939842	0.110284963306327	0.399438478425625	1.59691362019983	RAB5C	RAB5C	FALSE	Not significant
ENSG00000068120.15	181.65910069044	0.20685911115694	0.153438255095181	0.110073944008108	0.399438478425625	1.59786087099645	COASY	COASY	FALSE	Not significant
ENSG00000215769.8	14.2513030902043	0.23024775152741	0.342535819744186	0.110771066542853	0.399438478425625	1.5947369724177	ARHGAP27P1-BPTFP1-KPNA2P3	ARHGAP27P1-BPTFP1-KPNA2P3	FALSE	Not significant
ENSG00000141052.18	22.3633103818416	0.237944238386552	0.332325646460201	0.111043839897087	0.399757823629513	1.59351886405346	MYOCD	MYOCD	FALSE	Not significant
ENSG00000130338.13	108.493061176401	-0.232943891577996	0.188701893655992	0.111320648668792	0.400224236880656	-1.59228514739233	TULP4	TULP4	FALSE	Not significant
ENSG00000213376.4	568.874748637332	-0.171558465818299	0.120120885807019	0.112303916049031	0.403225949565741	-1.58792227409097	GAPDHP71	GAPDHP71	FALSE	Not significant
ENSG00000112695.13	123.516511614306	0.223491729594972	0.176972508714346	0.113495350549698	0.406966177828602	1.58267591530719	COX7A2	COX7A2	FALSE	Not significant
ENSG00000153044.10	9.62782411879036	-0.205863235637214	0.341110690102798	0.113842310674903	0.407404432760982	-1.58115627289222	CENPH	CENPH	FALSE	Not significant
ENSG00000184838.15	54.1172021659059	0.256130998026694	0.236090128445287	0.113991821111688	0.407404432760982	1.58050255993648	PRR16	PRR16	FALSE	Not significant
ENSG00000231458.2	20.5548888898665	0.259189221970035	0.321300376891169	0.11406724552285	0.407404432760982	1.58017303365912	RNASEH1P2	RNASEH1P2	FALSE	Not significant
ENSG00000187607.16	20.995270425606	-0.253083622000703	0.322356920036496	0.115375197669526	0.411535153892089	-1.57448573146238	ZNF286A	ZNF286A	FALSE	Not significant
ENSG00000267102.1	13.5141180496449	0.218717251117	0.338014915700568	0.116368367645961	0.414027951737983	1.57020095421952	ENSG00000267102	ENSG00000267102	FALSE	Not significant
ENSG00000166292.12	8.1142958686891	0.174632464021605	0.327969189087885	0.116531046018969	0.414027951737983	1.56950186167844	TMEM100	TMEM100	FALSE	Not significant
ENSG00000185359.14	302.400310764635	0.182164031971451	0.131345167683235	0.116452984244807	0.414027951737983	1.56983722788053	HGS	HGS	FALSE	Not significant
ENSG00000134480.16	63.1265672222778	0.251307812238486	0.233351599200919	0.117530319506113	0.417033170257982	1.56522432629205	CCNH	CCNH	FALSE	Not significant
ENSG00000188428.20	42.7952472843393	-0.258021029370758	0.250811280166489	0.117687470117911	0.417046341304408	-1.56455422076633	BLOC1S5	BLOC1S5	FALSE	Not significant
ENSG00000146233.8	28.079734058075	0.261800109190975	0.298675785633871	0.117920770533572	0.41732897696647	1.56356069884883	CYP39A1	CYP39A1	FALSE	Not significant
ENSG00000244717.1	743.809299966059	-0.178317285068322	0.130035963037197	0.118130602482385	0.417527929190015	-1.5626684350334	RPS27P14	RPS27P14	FALSE	Not significant
ENSG00000198663.17	981.602390529102	-0.14595590177802	0.101046981282254	0.11878822103696	0.419306993218775	-1.55988008697718	C6orf89	C6orf89	FALSE	Not significant
ENSG00000251548.1	38.9831823854726	0.25888288158648	0.262263607335503	0.11908247368671	0.419553760081148	1.55863635336758	ENSG00000251548	ENSG00000251548	FALSE	Not significant
ENSG00000171522.6	62.1976836457918	-0.250452717318781	0.271860869809838	0.119166851649244	0.419553760081148	-1.55828015290533	PTGER4	PTGER4	FALSE	Not significant
ENSG00000126860.12	6.99374329586214	-0.173459805251558	0.32754508813316	0.119931823399986	0.421700771023494	-1.55505981888505	EVI2A	EVI2A	FALSE	Not significant
ENSG00000266707.1	76.4694159075992	0.234794953394804	0.199605981635144	0.120531236506029	0.423260853776986	1.55254766688241	PSMD7P1	PSMD7P1	FALSE	Not significant
ENSG00000226810.3	47.3102905267721	-0.253129310334188	0.248718173275917	0.121416911858123	0.425272121688631	-1.54885362217962	ENSG00000226810	ENSG00000226810	FALSE	Not significant
ENSG00000146414.17	86.550624304248	-0.233043092275482	0.200186282506083	0.121399961632977	0.425272121688631	-1.54892412134263	SHPRH	SHPRH	FALSE	Not significant
ENSG00000164308.17	175.075670692468	-0.207875999213619	0.162156364599749	0.122156579740896	0.426876072900263	-1.54578467342577	ERAP2	ERAP2	FALSE	Not significant
ENSG00000275832.5	568.908965197083	0.160146159879551	0.113583481090122	0.122188956849303	0.426876072900263	1.54565067010863	ARHGAP23	ARHGAP23	FALSE	Not significant
ENSG00000244192.1	1644.39060509273	-0.141838283875012	0.0987837168228452	0.123287965692947	0.429547701144367	-1.54111842772211	ENSG00000244192	ENSG00000244192	FALSE	Not significant
ENSG00000111961.19	643.018749570637	0.163938480657958	0.117546193704459	0.123427797863779	0.429547701144367	1.54054403422375	SASH1	SASH1	FALSE	Not significant
ENSG00000121075.11	129.101830338194	0.212129888714123	0.169910894812403	0.123376838506249	0.429547701144367	1.54075330289064	TBX4	TBX4	FALSE	Not significant
ENSG00000112137.19	14.1257868288147	-0.212442628431525	0.330864396688293	0.124933407301489	0.433805352636592	-1.53439133795999	PHACTR1	PHACTR1	FALSE	Not significant
ENSG00000108784.10	272.623782041546	0.178160982670345	0.133613987107446	0.124970416156899	0.433805352636592	1.53424083067412	NAGLU	NAGLU	FALSE	Not significant
ENSG00000167131.17	6.11180089393899	-0.150034223666873	0.316152523826222	0.12518790546761	0.434006029414494	-1.53335704851553	CCDC103	CCDC103	FALSE	Not significant
ENSG00000169683.8	40.0603101433906	0.251940399235543	0.262966413558336	0.125360493435317	0.434050727588778	1.5326565772581	LRRC45	LRRC45	FALSE	Not significant
ENSG00000213312.3	1351.32136326721	-0.146112469491548	0.102411806359882	0.125795976106	0.435004405923802	-1.5308924475576	RPL7AP34	RPL7AP34	FALSE	Not significant
ENSG00000197063.11	168.09939517799	0.204030226766036	0.160636948706423	0.126201579628002	0.435852469414118	1.52925363191349	MAFG	MAFG	FALSE	Not significant
ENSG00000049656.14	285.999413456903	0.175620741245384	0.129426855123784	0.127204827575793	0.436286775651967	1.52521761836165	CLPTM1L	CLPTM1L	FALSE	Not significant
ENSG00000213585.11	537.55890951689	0.172543909899374	0.127314252697567	0.127249887945138	0.436286775651967	1.52503692506867	VDAC1	VDAC1	FALSE	Not significant
ENSG00000181163.14	1933.7291596974	-0.136083110225307	0.0953647401412099	0.127290438959533	0.436286775651967	-1.52487435696705	NPM1	NPM1	FALSE	Not significant
ENSG00000155906.20	104.462031155995	0.217168129138228	0.18042960671539	0.126807805902192	0.436286775651967	1.52681184265977	RMND1	RMND1	FALSE	Not significant
ENSG00000130024.15	238.136498277932	0.182825806554523	0.136731774313155	0.126571071586556	0.436286775651967	1.52776428941159	PHF10	PHF10	FALSE	Not significant
ENSG00000169689.15	39.4342097673183	0.251001839292991	0.257620796968086	0.126898030806889	0.436286775651967	1.52644920751439	CENPX	CENPX	FALSE	Not significant
ENSG00000248930.1	76.5279777228788	0.231949091056374	0.204819317694344	0.128413134737357	0.439403186310516	1.52038940892377	CHP1P1	CHP1P1	FALSE	Not significant
ENSG00000132383.12	270.016995175099	-0.182565933097508	0.138051411307523	0.128523007033429	0.439403186310516	-1.51995213069419	RPA1	RPA1	FALSE	Not significant
ENSG00000174132.9	31.1783740880915	0.250040461262487	0.284140200113438	0.128690417660667	0.439422808042329	1.51928641523819	FAM174A	FAM174A	FALSE	Not significant
ENSG00000161904.13	177.387110693725	0.191588395313722	0.148104733681476	0.128992561936891	0.43946479870379	1.51808662707659	LEMD2	LEMD2	FALSE	Not significant
ENSG00000124659.7	95.7162500654093	0.220858051340188	0.186330398529683	0.129026088802658	0.43946479870379	1.51795362948932	TBCC	TBCC	FALSE	Not significant
ENSG00000120306.11	98.8731461128675	0.219133894358528	0.183710320569527	0.12961991839448	0.440383672745246	1.51560240571611	CYSTM1	CYSTM1	FALSE	Not significant
ENSG00000171408.14	179.946183968311	-0.209828971432028	0.172521968267961	0.129542833394756	0.440383672745246	-1.51590714491421	PDE7B	PDE7B	FALSE	Not significant
ENSG00000198242.14	1230.57646787714	-0.142663337515863	0.101586243878402	0.129887724409065	0.440585884982	-1.51454478380856	RPL23A	RPL23A	FALSE	Not significant
ENSG00000108819.11	344.679944310841	-0.1771733955333	0.133665936733624	0.130003634935822	0.440585884982	-1.51408755376432	PPP1R9B	PPP1R9B	FALSE	Not significant
ENSG00000112208.11	277.36982519967	-0.186404944677255	0.143327211969262	0.130667361210935	0.442283795481096	-1.51147544078403	BAG2	BAG2	FALSE	Not significant
ENSG00000145990.11	31.6182547792271	0.224281094846501	0.309858467268276	0.131070642848673	0.442546592872912	1.50989333810311	GFOD1	GFOD1	FALSE	Not significant
ENSG00000277258.5	77.5362064921832	-0.226254510220984	0.198110478777695	0.130997842058143	0.442546592872912	-1.51017866128877	PCGF2	PCGF2	FALSE	Not significant
ENSG00000184619.8	27.4282510242353	-0.246311443223593	0.288849624810373	0.132714201394898	0.446503101103459	-1.50348430436128	KRBA2	KRBA2	FALSE	Not significant
ENSG00000160606.11	9.00413389091792	-0.180398341063806	0.324933372462433	0.13273528539058	0.446503101103459	-1.50340248804991	TLCD1	TLCD1	FALSE	Not significant
ENSG00000266066.1	84.5511580869182	0.224132448972602	0.19570083206633	0.132512179494749	0.446503101103459	1.5042687597779	POLRMTP1	POLRMTP1	FALSE	Not significant
ENSG00000188612.12	386.368049150954	-0.166652345629468	0.123992533773009	0.133060839497523	0.447044946544211	-1.50214045278006	SUMO2	SUMO2	FALSE	Not significant
ENSG00000213671.3	92.9385380583513	-0.217465229283277	0.185298313497882	0.13325769108418	0.447153585638027	-1.50137850184516	OLA1P2	OLA1P2	FALSE	Not significant
ENSG00000049167.16	49.2780466519189	-0.240560611961824	0.233530116335852	0.133881181105909	0.447245852525569	-1.49897090136374	ERCC8	ERCC8	FALSE	Not significant
ENSG00000118407.15	13.9117259934852	-0.203551576866136	0.325161694878714	0.133962024078427	0.447245852525569	-1.49865936271303	FILIP1	FILIP1	FALSE	Not significant
ENSG00000237234.7	9.36474881731695	-0.184266039554219	0.325370906267513	0.134107935911825	0.447245852525569	-1.49809744084679	ENSG00000237234	ENSG00000237234	FALSE	Not significant
ENSG00000136451.9	340.41168895841	0.168690007003071	0.127354938435951	0.133993023602943	0.447245852525569	1.49853994068466	VEZF1	VEZF1	FALSE	Not significant
ENSG00000182481.10	239.749334041161	-0.190865309244297	0.150465718764418	0.134082204479665	0.447245852525569	-1.49819650095418	KPNA2	KPNA2	FALSE	Not significant
ENSG00000112983.18	276.126205294506	-0.174209820120642	0.132283830254283	0.134475818179778	0.44792312967235	-1.49668278326963	BRD8	BRD8	FALSE	Not significant
ENSG00000112029.10	17.9214637796301	-0.229827978477195	0.31717507461244	0.134911056997488	0.44882283099042	-1.49501297092394	FBXO5	FBXO5	FALSE	Not significant
ENSG00000219575.1	69.799276973308	-0.226294149993168	0.204988694181891	0.13673521001706	0.453780587089584	-1.48805947310268	NGRNP2	NGRNP2	FALSE	Not significant
ENSG00000173065.14	71.847243020667	0.2269833319241	0.20576350233062	0.136729611097109	0.453780587089584	1.48808070577965	FAM222B	FAM222B	FALSE	Not significant
ENSG00000150756.14	39.2087945534171	-0.241983591807513	0.25632723105971	0.137383293558976	0.454267386731506	-1.48560627779854	ATPSCKMT	ATPSCKMT	FALSE	Not significant
ENSG00000123219.13	7.73649129670433	-0.163163767729143	0.318539965855446	0.137231341828862	0.454267386731506	-1.48618065937419	CENPK	CENPK	FALSE	Not significant
ENSG00000170085.18	42.6564273158421	0.241352688239668	0.259668974909772	0.137343582270778	0.454267386731506	1.48575634021424	SIMC1	SIMC1	FALSE	Not significant
ENSG00000270232.1	28.0189446931673	0.242843870894297	0.28430173793693	0.137725117018944	0.454844311126961	1.48431596436514	MTCYBP22	MTCYBP22	FALSE	Not significant
ENSG00000112659.14	132.075648073567	-0.200246694824209	0.164482125866232	0.138066902974201	0.455419711509561	-1.48302825862728	CUL9	CUL9	FALSE	Not significant
ENSG00000240764.4	6.32240722162627	-0.152498078731177	0.316104718496	0.138817787241948	0.457341509968018	-1.48020784587699	PCDHGC5	PCDHGC5	FALSE	Not significant
ENSG00000230148.8	7.04496411499729	0.164163937862658	0.319482900210906	0.139407398093847	0.458727975810019	1.47800142026342	HOXB-AS1	HOXB-AS1	FALSE	Not significant
ENSG00000251107.1	80.810207409043	0.219131805666559	0.195559769891048	0.140625940311831	0.461619934501881	1.47346408830769	PDCD5P2	PDCD5P2	FALSE	Not significant
ENSG00000113621.15	241.691595537957	0.175945047326457	0.136725444787302	0.140598438945941	0.461619934501881	1.47356615744832	TXNDC15	TXNDC15	FALSE	Not significant
ENSG00000108733.11	45.7277399606351	-0.238267898168868	0.246771195927323	0.140856178165241	0.461817964117161	-1.47261018032749	PEX12	PEX12	FALSE	Not significant
ENSG00000118420.17	8.85049274420268	-0.168953231319764	0.318717086354785	0.141028442461723	0.461825670615619	-1.47197198668318	UBE3D	UBE3D	FALSE	Not significant
ENSG00000225791.7	48.2032309419279	0.234955068812263	0.238458432715756	0.142898966214046	0.467204887605549	1.4650804632136	TRAM2-AS1	TRAM2-AS1	FALSE	Not significant
ENSG00000056972.21	111.002018797075	0.204890188455973	0.173762676736359	0.14301488833253	0.467204887605549	1.46465565868294	TRAF3IP2	TRAF3IP2	FALSE	Not significant
ENSG00000150712.11	154.169627908554	0.195186700340844	0.159562630920632	0.143374765442764	0.467257329104836	1.46333854549716	MTMR12	MTMR12	FALSE	Not significant
ENSG00000178307.10	72.3301064653361	0.223487525686683	0.207330688164092	0.143281829790255	0.467257329104836	1.46367843726753	TMEM11	TMEM11	FALSE	Not significant
ENSG00000198108.4	8.91430074201069	0.175775536630981	0.321009055697723	0.144040154454312	0.467751374992518	1.46090995437386	CHSY3	CHSY3	FALSE	Not significant
ENSG00000096063.16	90.9578523138623	0.212229095690393	0.186005833480977	0.143917823668246	0.467751374992518	1.46135580087418	SRPK1	SRPK1	FALSE	Not significant
ENSG00000267365.2	12.3546867797978	-0.203498054492823	0.322609845028203	0.144042641967895	0.467751374992518	-1.46090089139978	KCNJ2-AS1	KCNJ2-AS1	FALSE	Not significant
ENSG00000187531.14	41.1273257393489	0.236282617614105	0.249882148471819	0.144503546524727	0.46868811390717	1.4592237045688	SIRT7	SIRT7	FALSE	Not significant
ENSG00000249192.1	58.1259840532474	0.22867809279966	0.22472759768388	0.145370636293092	0.470377844576934	1.4560795273584	MTND3P25	MTND3P25	FALSE	Not significant
ENSG00000184347.16	2988.06678181174	-0.132662493214418	0.0978237296038578	0.145367087379465	0.470377844576934	-1.45609236685422	SLIT3	SLIT3	FALSE	Not significant
ENSG00000141258.13	303.928622996389	-0.167991470258697	0.131212492097944	0.146111911474358	0.472214239461717	-1.45340293711314	SGSM2	SGSM2	FALSE	Not significant
ENSG00000214357.9	24.5897420897711	-0.217402416271912	0.305174938781371	0.146695165868736	0.473536176759174	-1.45130422311339	NEURL1B	NEURL1B	FALSE	Not significant
ENSG00000121073.15	94.7789894230935	0.210007570451908	0.185754310629764	0.147034864542741	0.474069705607555	1.45008483122475	SLC35B1	SLC35B1	FALSE	Not significant
ENSG00000188554.15	1086.0058823702	0.142134556980838	0.105970165142544	0.14738534018052	0.474636676078974	1.44882900979957	NBR1	NBR1	FALSE	Not significant
ENSG00000164674.17	15.0368166415533	-0.208663758736311	0.31629569248962	0.148261372247386	0.476892792625318	-1.44569997190103	SYTL3	SYTL3	FALSE	Not significant
ENSG00000135315.12	61.0258382022321	-0.224548273374551	0.21765800766793	0.148651434306553	0.477582267665735	-1.44431127966339	CEP162	CEP162	FALSE	Not significant
ENSG00000167721.11	178.463506932659	0.18479516555827	0.152190289366082	0.150458284248098	0.482816548508063	1.43791460839444	TSR1	TSR1	FALSE	Not significant
ENSG00000239697.12	91.1865228046291	0.207075065956925	0.184481129874078	0.1507725545603	0.483254485017566	1.43680800727137	TNFSF12	TNFSF12	FALSE	Not significant
ENSG00000167703.15	46.3543377396731	-0.229321319558127	0.242136330863039	0.151521996494968	0.485084554149967	-1.43417616686428	SLC43A2	SLC43A2	FALSE	Not significant
ENSG00000213079.10	184.823217950214	-0.179057550216432	0.14578882271311	0.152135758342891	0.486476460207031	-1.43202817418232	SCAF8	SCAF8	FALSE	Not significant
ENSG00000171928.14	76.0876856529358	0.214697844918278	0.200238840066432	0.152945184128951	0.487344678150632	1.42920547645993	TVP23B	TVP23B	FALSE	Not significant
ENSG00000267023.6	11.1273488534978	-0.184096379414224	0.317316616267449	0.152882786865099	0.487344678150632	-1.42942266854256	LRRC37A16P	LRRC37A16P	FALSE	Not significant
ENSG00000092931.12	78.1826568422246	-0.213133858489013	0.197603109866141	0.152602481338914	0.487344678150632	-1.43039918745272	MFSD11	MFSD11	FALSE	Not significant
ENSG00000171962.19	14.338644615824	-0.207275313950637	0.314569788442908	0.153236432975413	0.487700965839782	-1.42819258959396	DRC3	DRC3	FALSE	Not significant
ENSG00000219565.2	62.468538694271	0.220097275046751	0.213472345656937	0.153621294324612	0.488354009326662	1.42685638631856	ZPR1P1	ZPR1P1	FALSE	Not significant
ENSG00000249485.1	171.31097141054	-0.183671823633136	0.153544686467613	0.155009638360712	0.492191819000485	-1.4220572274903	RBBP4P1	RBBP4P1	FALSE	Not significant
ENSG00000227954.7	27.4463412659869	0.225296285710995	0.283728173839013	0.156312878397683	0.495750762526141	1.41758186310482	TARID	TARID	FALSE	Not significant
ENSG00000249176.1	31.431636230608	0.227948009327564	0.270537651889825	0.15672273190721	0.496471311566197	1.41618026684967	ENSG00000249176	ENSG00000249176	FALSE	Not significant
ENSG00000108379.11	10.4727252546096	-0.182645478289285	0.316338438966198	0.157398956191641	0.498033018543517	-1.41387381253699	WNT3	WNT3	FALSE	Not significant
ENSG00000221926.13	27.2190316478065	-0.221828517107849	0.284930787892526	0.158125020488906	0.4997486112661	-1.41140570928207	TRIM16	TRIM16	FALSE	Not significant
ENSG00000124535.16	134.658327773784	0.192811419957999	0.167919915690447	0.158810724537837	0.501010547971147	1.40908267013006	WRNIP1	WRNIP1	FALSE	Not significant
ENSG00000263914.1	55.9573050112874	0.219622750765525	0.219979700577054	0.158892969959944	0.501010547971147	1.40880454805782	MTND2P13	MTND2P13	FALSE	Not significant
ENSG00000119048.9	267.455465363399	0.175770516950934	0.145603498428751	0.15922642519536	0.50148021284008	1.40767804699156	UBE2B	UBE2B	FALSE	Not significant
ENSG00000254132.1	99.7021469530671	0.20200380157723	0.185484498335834	0.160724134808193	0.505611340750773	1.40264027724264	MTND6P3	MTND6P3	FALSE	Not significant
ENSG00000270647.7	536.289156778968	0.154181881054671	0.122348734408094	0.161042583781853	0.506027448230145	1.40157370468629	TAF15	TAF15	FALSE	Not significant
ENSG00000171421.13	47.4831289480513	0.221401734284565	0.234921862286787	0.162211263872816	0.507697478440962	1.39767307286866	MRPL36	MRPL36	FALSE	Not significant
ENSG00000134982.18	244.810488760643	0.171216407942747	0.141936886251437	0.162321232069608	0.507697478440962	1.39730713196885	APC	APC	FALSE	Not significant
ENSG00000112759.19	125.241720609226	-0.19350122152012	0.172221529323448	0.162053305063694	0.507697478440962	-1.39819903975009	SLC29A1	SLC29A1	FALSE	Not significant
ENSG00000170950.6	160.975313048973	0.206856747157088	0.202055801871467	0.162282293874945	0.507697478440962	1.39743668510493	PGK2	PGK2	FALSE	Not significant
ENSG00000027847.14	86.0185476735168	-0.207673850335395	0.198129017792462	0.162687285219793	0.508257518652181	-1.3960903638593	B4GALT7	B4GALT7	FALSE	Not significant
ENSG00000219699.2	29.8271307485	-0.220074045677561	0.276710567220116	0.163165751144936	0.509167062700272	-1.39450304329299	ENSG00000219699	ENSG00000219699	FALSE	Not significant
ENSG00000181751.10	41.6974312799002	0.222520340309845	0.243037293271625	0.163813270688965	0.510601456115375	1.39236046289573	MACIR	MACIR	FALSE	Not significant
ENSG00000204536.15	59.6888812899638	-0.21786975150079	0.220862235391735	0.164153992517714	0.51107737876649	-1.39123560883496	CCHCR1	CCHCR1	FALSE	Not significant
ENSG00000176658.17	1816.72797200261	0.145344202754023	0.115670473417487	0.164486532003735	0.511526766574544	1.39013946266548	MYO1D	MYO1D	FALSE	Not significant
ENSG00000184922.15	74.8538874594156	-0.210432709167444	0.207797531174296	0.164822865216175	0.511986911608645	-1.38903250766442	FMNL1	FMNL1	FALSE	Not significant
ENSG00000218089.1	32.2904552016077	-0.218055142238908	0.269706970525869	0.165564433645477	0.513703345489049	-1.38659781933733	DNAJA1P4	DNAJA1P4	FALSE	Not significant
ENSG00000124613.9	26.3257293731679	-0.218540202231646	0.279229470587782	0.166120147108581	0.514839862988739	-1.38477869595361	ZNF391	ZNF391	FALSE	Not significant
ENSG00000186687.16	73.8860568644765	-0.206033502528352	0.199733723386738	0.167089667333058	0.517254801607349	-1.38161590637824	LYRM7	LYRM7	FALSE	Not significant
ENSG00000176055.10	19.5976937818597	-0.210260346304084	0.295870804996577	0.167564571510522	0.517892312271444	-1.38007169424212	MBLAC2	MBLAC2	FALSE	Not significant
ENSG00000121057.13	82.3621520588686	0.203154577482945	0.193041842868228	0.167676686828135	0.517892312271444	1.3797076166386	AKAP1	AKAP1	FALSE	Not significant
ENSG00000173821.20	1161.16970944291	0.143737429873909	0.114901719196792	0.16807925180488	0.518546431788495	1.37840185238184	RNF213	RNF213	FALSE	Not significant
ENSG00000180626.10	26.5491229460706	-0.214775091146738	0.281354837608946	0.169048163676804	0.519765734019857	-1.37526867683938	ZNF594	ZNF594	FALSE	Not significant
ENSG00000170004.19	1730.50189003805	-0.124773972980397	0.0973368187458572	0.168928898686252	0.519765734019857	-1.37565361621607	CHD3	CHD3	FALSE	Not significant
ENSG00000128487.19	26.7951759870154	-0.217722543308802	0.2771147692753	0.16887904452819	0.519765734019857	-1.37581458579791	SPECC1	SPECC1	FALSE	Not significant
ENSG00000213972.3	12.9292226841373	0.190330556803488	0.309906007589241	0.169493353189017	0.520059123226498	1.37383358124661	ENSG00000213972	ENSG00000213972	FALSE	Not significant
ENSG00000262814.8	15.6061999240202	0.200281899765372	0.30514330307306	0.169526263126813	0.520059123226498	1.37372760631361	MRPL12	MRPL12	FALSE	Not significant
ENSG00000112130.17	75.8438026634882	0.206004439385969	0.202031377885052	0.17011474046867	0.521276059294076	1.37183521973953	RNF8	RNF8	FALSE	Not significant
ENSG00000164904.18	213.489032784217	0.168899916831044	0.143050450489744	0.170509173434038	0.521896321389318	1.3705695730309	ALDH7A1	ALDH7A1	FALSE	Not significant
ENSG00000183111.12	37.6243510784248	-0.216514295645481	0.255164916782272	0.171584188037389	0.524595976474268	-1.36713119157794	ARHGEF37	ARHGEF37	FALSE	Not significant
ENSG00000204681.11	139.596399496965	0.182814402607346	0.162474010074158	0.172289945562376	0.525070106589587	1.36488262023872	GABBR1	GABBR1	FALSE	Not significant
ENSG00000204410.16	7.26589416213217	-0.138887594586873	0.304052818535864	0.172318813494449	0.525070106589587	-1.36479079269142	MSH5	MSH5	FALSE	Not significant
ENSG00000060762.20	60.6847867366268	0.210974159458228	0.218724950108891	0.172204104200226	0.525070106589587	1.36515574563084	MPC1	MPC1	FALSE	Not significant
ENSG00000172795.17	91.032545566561	0.201450985379548	0.196981928176085	0.173461933024564	0.527961404211382	1.36116379440084	DCP2	DCP2	FALSE	Not significant
ENSG00000219375.1	63.5593862544068	0.210020490253283	0.22299961885227	0.174275632424949	0.529844707976524	1.35859288060837	ENSG00000219375	ENSG00000219375	FALSE	Not significant
ENSG00000137203.15	9.96315473179821	-0.150522858243139	0.305986455943215	0.174685339193378	0.530496929528045	-1.35730178882795	TFAP2A	TFAP2A	FALSE	Not significant
ENSG00000126351.13	310.167616147866	0.154503620651281	0.13039694318728	0.175026210314632	0.530938883521395	1.35622933760347	THRA	THRA	FALSE	Not significant
ENSG00000197948.11	121.04628137243	0.184492510258609	0.166458348220866	0.175289037558312	0.530972011652959	1.35540349239862	FCHSD1	FCHSD1	FALSE	Not significant
ENSG00000142507.10	179.118738688915	-0.170855919616625	0.149181517146872	0.175427839022942	0.530972011652959	-1.35496772876758	PSMB6	PSMB6	FALSE	Not significant
ENSG00000197536.11	29.4098177241829	-0.212989551918412	0.269199751583578	0.176892611427697	0.533031172794323	-1.3503847142104	IRF1-AS1	IRF1-AS1	FALSE	Not significant
ENSG00000145916.19	89.9469487708142	-0.194634560190317	0.185615148680092	0.176620533241405	0.533031172794323	-1.35123385386292	RMND5B	RMND5B	FALSE	Not significant
ENSG00000164379.7	29.6593911801983	-0.207299606236453	0.279643913275692	0.176334111684075	0.533031172794323	-1.35212881226617	FOXQ1	FOXQ1	FALSE	Not significant
ENSG00000167699.14	122.153898640633	-0.186465223605906	0.171985245390955	0.176860542202863	0.533031172794323	-1.35048474971583	GLOD4	GLOD4	FALSE	Not significant
ENSG00000179029.15	32.7488216622885	0.213819126610783	0.260719603234734	0.177928523536455	0.535558944598102	1.34716057139273	TMEM107	TMEM107	FALSE	Not significant
ENSG00000137274.13	22.9594404016754	-0.206336335736419	0.283396677896454	0.180494000776195	0.540886448525752	-1.3392355558031	BPHL	BPHL	FALSE	Not significant
ENSG00000137177.20	901.738594578996	0.128224024378088	0.102084030378794	0.179960651038812	0.540886448525752	1.34087619880323	KIF13A	KIF13A	FALSE	Not significant
ENSG00000133028.12	151.516144136898	0.174978351483804	0.155664367985356	0.180494484478608	0.540886448525752	1.33923406951637	SCO1	SCO1	FALSE	Not significant
ENSG00000065559.15	126.286015618953	0.182297654518656	0.167140742700723	0.180444037089479	0.540886448525752	1.33938909664173	MAP2K4	MAP2K4	FALSE	Not significant
ENSG00000270987.1	103.57087684474	0.190548068401006	0.180748789536624	0.180856445352935	0.541374249415503	1.33812268999122	ENSG00000270987	ENSG00000270987	FALSE	Not significant
ENSG00000238076.1	22.6060439967141	-0.198692358251531	0.288934419145584	0.182014920461873	0.544242633460253	-1.33457672338857	MRPL48P1	MRPL48P1	FALSE	Not significant
ENSG00000082213.18	84.4521070660339	0.194548586558304	0.189283317454218	0.182676032743802	0.545220693267411	1.33256062865321	C5orf22	C5orf22	FALSE	Not significant
ENSG00000287562.1	8.1140857085854	-0.136425189509318	0.301044255890298	0.182743212496914	0.545220693267411	-1.33235606363088	ENSG00000287562	ENSG00000287562	FALSE	Not significant
ENSG00000176933.5	27.7220562808124	0.209728466082918	0.268311511509758	0.18399680022934	0.545368923689582	1.32854902167583	TOB2P1	TOB2P1	FALSE	Not significant
ENSG00000137404.15	25.7262587667612	-0.205256100229823	0.279161993416226	0.183463889021313	0.545368923689582	-1.33016507327737	NRM	NRM	FALSE	Not significant
ENSG00000142494.13	7.03262355951525	-0.140050690251785	0.303692334780743	0.183983942475889	0.545368923689582	-1.32858797193743	SLC47A1	SLC47A1	FALSE	Not significant
ENSG00000010244.19	445.975844526608	0.142935049908583	0.118855858514044	0.183241767379804	0.545368923689582	1.3308396833096	ZNF207	ZNF207	FALSE	Not significant
ENSG00000073584.20	67.458247306739	-0.199462969858621	0.203325137583714	0.183612907125772	0.545368923689582	-1.32971282651907	SMARCE1	SMARCE1	FALSE	Not significant
ENSG00000035862.13	10300.5136990601	0.116891054014379	0.0932410878307348	0.183025413733171	0.545368923689582	1.33149735803824	TIMP2	TIMP2	FALSE	Not significant
ENSG00000040275.17	42.6161461658838	-0.207607761353864	0.246466218917269	0.185037012840608	0.546484567954686	-1.32540453753303	SPDL1	SPDL1	FALSE	Not significant
ENSG00000108826.16	68.1865128781224	-0.200887299061029	0.20899327615646	0.184583137825923	0.546484567954686	-1.32677495427321	MRPL27	MRPL27	FALSE	Not significant
ENSG00000011260.14	85.3710717366688	0.196343683118082	0.198507376537216	0.18517744190076	0.546484567954686	1.3249810340417	UTP18	UTP18	FALSE	Not significant
ENSG00000233380.1	31.6730386475634	0.209137138407577	0.263708727381647	0.184841862492105	0.546484567954686	1.32599346353425	RPS2P48	RPS2P48	FALSE	Not significant
ENSG00000155085.16	26.5466545771988	-0.206093698915278	0.272042996290055	0.185790444101512	0.547698944759121	-1.32313512955365	AK9	AK9	FALSE	Not significant
ENSG00000173545.5	101.091324112712	0.186162729169013	0.177425218761832	0.187277631804002	0.550039277294241	1.31867546733399	ZNF622	ZNF622	FALSE	Not significant
ENSG00000225051.5	21.8768522461084	-0.200527091489096	0.283596471675277	0.187371638235793	0.550039277294241	-1.31839444847777	HMGB3P22	HMGB3P22	FALSE	Not significant
ENSG00000137364.5	72.2300903376337	-0.199456654084805	0.210504653441533	0.187429987406998	0.550039277294241	-1.31822007428484	TPMT	TPMT	FALSE	Not significant
ENSG00000178033.6	152.22680853647	0.183376958973478	0.174767796878397	0.187025245655476	0.550039277294241	1.31943045540008	CALHM5	CALHM5	FALSE	Not significant
ENSG00000132510.11	123.471067174902	-0.182338475282894	0.170868945201199	0.187596177355321	0.550039277294241	-1.31772364171886	KDM6B	KDM6B	FALSE	Not significant
ENSG00000180537.13	25.3107033825625	0.202976039488453	0.277001599322611	0.188309169059354	0.551534829206168	1.31559751207568	RNF182	RNF182	FALSE	Not significant
ENSG00000164209.17	325.452988453026	0.145526265332125	0.123665388145987	0.189415677554797	0.553805542266015	1.31230964979757	SLC25A46	SLC25A46	FALSE	Not significant
ENSG00000224531.6	54.0255311697417	0.203134237308525	0.225943294817382	0.189706187461218	0.553805542266015	1.31144878062468	SMIM13	SMIM13	FALSE	Not significant
ENSG00000096433.11	452.409601966484	0.1440402368192	0.122253242346446	0.189549073773352	0.553805542266015	1.3119142355239	ITPR3	ITPR3	FALSE	Not significant
ENSG00000159314.13	18.0255657635455	-0.19380633313717	0.29136847500054	0.18989947218246	0.553805542266015	-1.31087655723506	ARHGAP27	ARHGAP27	FALSE	Not significant
ENSG00000197081.16	2492.6447114662	-0.114827239650447	0.0925643495087903	0.190883665374505	0.556079102345021	-1.30796946791743	IGF2R	IGF2R	FALSE	Not significant
ENSG00000145734.20	194.103554409856	0.161335580793538	0.144028323754155	0.191167995653283	0.556116415977907	1.30713167404414	BDP1	BDP1	FALSE	Not significant
ENSG00000154240.18	53.986982209857	0.20151071052456	0.219350865551434	0.191305683936477	0.556116415977907	1.30672629791594	CEP112	CEP112	FALSE	Not significant
ENSG00000213891.3	263.671030708698	0.151283918727775	0.133492132542948	0.19281113470315	0.559893871926454	1.30230795105856	RPL3P6	RPL3P6	FALSE	Not significant
ENSG00000171467.16	157.955174835981	-0.174204096984221	0.162283769791327	0.193147442431711	0.560271876765625	-1.30132438913859	ZNF318	ZNF318	FALSE	Not significant
ENSG00000243160.1	614.137775203558	-0.133972248796778	0.113204233434916	0.194002315983473	0.561553029651842	-1.29882988556335	RPL7AP32	RPL7AP32	FALSE	Not significant
ENSG00000275023.5	421.515069767883	0.13684382158758	0.116204189008796	0.193964552567691	0.561553029651842	1.29893990787047	MLLT6	MLLT6	FALSE	Not significant
ENSG00000129625.13	637.731967995503	0.137360053433714	0.116520205373152	0.195266380883883	0.564610663023824	1.29515611318962	REEP5	REEP5	FALSE	Not significant
ENSG00000249101.1	13.367811473974	-0.172390416968259	0.299297350381369	0.196118582799573	0.5660742500413	-1.29268917619755	ENSG00000249101	ENSG00000249101	FALSE	Not significant
ENSG00000111913.20	15.9701306172624	-0.179150605276442	0.296774026944099	0.196189088866411	0.5660742500413	-1.29248542877962	RIPOR2	RIPOR2	FALSE	Not significant
ENSG00000145908.14	26.3770522195241	-0.198677956401886	0.27010315065165	0.196824021426929	0.567304019340819	-1.29065302196589	ZNF300	ZNF300	FALSE	Not significant
ENSG00000168685.15	14.4848306775534	0.168476522655306	0.298481439680266	0.197353631356208	0.567715280641768	1.28912788312032	IL7R	IL7R	FALSE	Not significant
ENSG00000204388.7	84.4177361668251	-0.184926832925689	0.187994205657693	0.198219941622162	0.567715280641768	-1.28663957931547	HSPA1B	HSPA1B	FALSE	Not significant
ENSG00000146085.8	197.401627001414	0.158448977606383	0.143418488740276	0.197894221046833	0.567715280641768	1.2875742117108	MMUT	MMUT	FALSE	Not significant
ENSG00000167716.19	179.419733269249	0.162494155457532	0.148182915811892	0.198115765844503	0.567715280641768	1.28693838214799	WDR81	WDR81	FALSE	Not significant
ENSG00000154258.17	374.217925555143	0.166201499383869	0.155236558307373	0.197906571507472	0.567715280641768	1.28753875241077	ABCA9	ABCA9	FALSE	Not significant
ENSG00000170190.16	38.2114962301982	0.201627276393124	0.245208934097091	0.198217014339363	0.567715280641768	1.28664797394431	SLC16A5	SLC16A5	FALSE	Not significant
ENSG00000204315.4	14.8629547416608	-0.179827552280794	0.294912599756274	0.200205291790258	0.572797876932547	-1.28096690214877	FKBPL	FKBPL	FALSE	Not significant
ENSG00000146067.17	194.41725156384	-0.160638691944916	0.14773221470972	0.201748596229272	0.575592734469532	-1.27658557781611	FAM193B	FAM193B	FALSE	Not significant
ENSG00000132382.15	163.059081189921	0.165003182947194	0.157927696097155	0.202041510063905	0.575592734469532	1.27575677998086	MYBBP1A	MYBBP1A	FALSE	Not significant
ENSG00000141480.18	28.9442645549443	-0.194412247069944	0.268429589352273	0.202241008616042	0.575592734469532	-1.27519280138847	ARRB2	ARRB2	FALSE	Not significant
ENSG00000132517.15	21.0825555330648	0.187582402189411	0.284488924647095	0.202113760450865	0.575592734469532	1.27555248265681	SLC52A1	SLC52A1	FALSE	Not significant
ENSG00000264970.2	8.39456955422105	0.134087856576425	0.297795280414923	0.20186388111261	0.575592734469532	1.27625927534821	WEE1P2	WEE1P2	FALSE	Not significant
ENSG00000112182.16	25.935502370834	0.192460775171772	0.276947094878614	0.203295475227006	0.577988600070085	1.27221855925837	BACH2	BACH2	FALSE	Not significant
ENSG00000250247.1	23.2658669204494	0.190265421069342	0.279043226324975	0.203551130506186	0.578110734290296	1.27149914756737	SEPHS2P1	SEPHS2P1	FALSE	Not significant
ENSG00000266529.1	18.8077974094933	0.181522334816058	0.289150011441459	0.2038259495827	0.578286984306657	1.27072654231602	MTCYBP13	MTCYBP13	FALSE	Not significant
ENSG00000279453.1	26.0319520203628	0.191799999094213	0.273215819793621	0.204875720141861	0.580659236022501	1.26778225696444	ENSG00000279453	ENSG00000279453	FALSE	Not significant
ENSG00000145703.17	16.3894801279659	-0.172899961911872	0.293409888144985	0.205183904076772	0.580926928417362	-1.26691997910793	IQGAP2	IQGAP2	FALSE	Not significant
ENSG00000234324.1	60.573459224786	0.192452668201567	0.211148143087766	0.205490345721179	0.581189135973117	1.26606350905996	RPL9P2	RPL9P2	FALSE	Not significant
ENSG00000131435.13	59.3336079556444	-0.193163559730356	0.221692833557263	0.205821403415691	0.581458480438988	-1.26513928231043	PDLIM4	PDLIM4	FALSE	Not significant
ENSG00000274553.1	21.2374258616938	-0.188180423770807	0.281253880219356	0.206013435122423	0.581458480438988	-1.26460367472743	CICP15	CICP15	FALSE	Not significant
ENSG00000264281.3	2156.13393372013	-0.123785461631679	0.106602179444548	0.206520499425944	0.582284976597216	-1.26319113095428	ENSG00000264281	ENSG00000264281	FALSE	Not significant
ENSG00000181350.12	8.71147501644861	-0.147729643013711	0.299583547070069	0.207282224134101	0.583827031291696	-1.26107389716676	LRRC75A	LRRC75A	FALSE	Not significant
ENSG00000246859.3	25.5137646062897	-0.190317261990517	0.271825196444928	0.208084911981929	0.585481149862199	-1.25884890537898	STARD4-AS1	STARD4-AS1	FALSE	Not significant
ENSG00000242692.1	269.255142099269	0.147596885210816	0.133745458476593	0.208647079994011	0.586455804988338	1.25729432001143	RPS27AP1	RPS27AP1	FALSE	Not significant
ENSG00000113658.18	385.034939045539	-0.137317025251323	0.122070315512188	0.209676225153943	0.588490784543995	-1.25445623075584	SMAD5	SMAD5	FALSE	Not significant
ENSG00000266173.7	25.2079373992803	-0.188403214446892	0.273169157389041	0.209804109721535	0.588490784543995	-1.25410426676829	STRADA	STRADA	FALSE	Not significant
ENSG00000145555.15	1533.80449235684	0.134362955938011	0.11986411274233	0.210428152338184	0.589025456287524	1.25238900066968	MYO10	MYO10	FALSE	Not significant
ENSG00000218300.1	107.722484303372	-0.177120642822813	0.180635116621179	0.210420260789031	0.589025456287524	-1.25241066866897	RPL22P14	RPL22P14	FALSE	Not significant
ENSG00000132424.17	694.63315797439	-0.129449128138818	0.114124795766911	0.210873407213317	0.589664527577979	-1.25116740583719	PNISR	PNISR	FALSE	Not significant
ENSG00000170425.4	16.9984467237712	-0.176776986023559	0.288918478281547	0.211589837765317	0.591059793469817	-1.24920572725771	ADORA2B	ADORA2B	FALSE	Not significant
ENSG00000197226.13	957.817816005667	0.12485895086585	0.109283235915955	0.212847782019956	0.593963317792854	1.24577289820877	TBC1D9B	TBC1D9B	FALSE	Not significant
ENSG00000261192.1	27.714736082246	0.191899275745377	0.262479678446151	0.213319559670864	0.594669295574779	1.24448923288878	RNF126P1	RNF126P1	FALSE	Not significant
ENSG00000112081.17	415.770978875406	0.150129027099274	0.139884330423875	0.214610884079687	0.596414843583731	1.24098609925165	SRSF3	SRSF3	FALSE	Not significant
ENSG00000186532.12	49.2994903262512	-0.190022754250791	0.226230535554114	0.214823448075229	0.596414843583731	-1.24041090901479	SMYD4	SMYD4	FALSE	Not significant
ENSG00000159199.14	64.0615508148328	0.185095824755208	0.203805217588078	0.214622304576966	0.596414843583731	1.24095518537493	ATP5MC1	ATP5MC1	FALSE	Not significant
ENSG00000108984.16	53.3819989352931	-0.1906150824141	0.226537379481394	0.21433188126531	0.596414843583731	-1.24174169414027	MAP2K6	MAP2K6	FALSE	Not significant
ENSG00000251495.1	577.928428681777	0.125785862410012	0.111128686726808	0.216114583237699	0.598776184750323	1.23692592795271	PPIAP11	PPIAP11	FALSE	Not significant
ENSG00000153933.10	27.5067288164793	0.188754736438218	0.264742392118423	0.215964821395255	0.598776184750323	1.23732938905652	DGKE	DGKE	FALSE	Not significant
ENSG00000248560.1	6.4955339374579	-0.123776943841839	0.295451396119938	0.217578531675558	0.602218379932959	-1.23299258224084	ENSG00000248560	ENSG00000248560	FALSE	Not significant
ENSG00000220418.1	34.7892314852933	-0.18998745400284	0.248182932196843	0.21889155619461	0.605236266263429	-1.22948089607703	TUBB3P1	TUBB3P1	FALSE	Not significant
ENSG00000070814.22	135.285248023705	-0.161857769975743	0.160337360339305	0.221680026743719	0.609227818695074	-1.22207298854576	TCOF1	TCOF1	FALSE	Not significant
ENSG00000205269.6	24.0133455615487	0.18555622950023	0.26876931733512	0.221397326468855	0.609227818695074	1.22282096154609	TMEM170B	TMEM170B	FALSE	Not significant
ENSG00000218857.1	54.2668975977583	-0.187296076986175	0.215252148761271	0.220610419622773	0.609227818695074	-1.22490658353308	ENSG00000218857	ENSG00000218857	FALSE	Not significant
ENSG00000167705.12	28.9491934322915	0.185406780366034	0.263898826213264	0.221035441193214	0.609227818695074	1.22377944305403	RILP	RILP	FALSE	Not significant
ENSG00000271002.1	83.1560504921558	-0.1776170406068	0.191094505083647	0.221512896464012	0.609227818695074	-1.22251510191533	ENSG00000271002	ENSG00000271002	FALSE	Not significant
ENSG00000214941.8	35.6455166486107	-0.187192571350674	0.250202887010485	0.221588228915882	0.609227818695074	-1.22231579376422	ZSWIM7	ZSWIM7	FALSE	Not significant
ENSG00000164307.13	252.709092306293	-0.144950950670272	0.136311894756802	0.223773851350054	0.612541236864243	-1.21655426856305	ERAP1	ERAP1	FALSE	Not significant
ENSG00000082516.9	98.565294019997	0.175258233725319	0.188038375793977	0.223851874004169	0.612541236864243	1.21634933864266	GEMIN5	GEMIN5	FALSE	Not significant
ENSG00000113758.14	672.9789183325	-0.128729810379447	0.117538814151298	0.224463234700804	0.612541236864243	-1.21474533815801	DBN1	DBN1	FALSE	Not significant
ENSG00000204525.18	1240.360664087	-0.111245199378526	0.0971367358207022	0.22339799054316	0.612541236864243	-1.21754220011491	HLA-C	HLA-C	FALSE	Not significant
ENSG00000219559.1	434.578871201971	0.136696997377882	0.126548336976006	0.224331226739223	0.612541236864243	1.21509141710454	ENSG00000219559	ENSG00000219559	FALSE	Not significant
ENSG00000267312.1	76.8212326415793	-0.177190548255575	0.192335895975794	0.223199059392946	0.612541236864243	-1.2180655620596	ENSG00000267312	ENSG00000267312	FALSE	Not significant
ENSG00000141540.11	10.0921945753372	-0.147675069077904	0.29494070709365	0.224263891933356	0.612541236864243	-1.21526800160057	TTYH2	TTYH2	FALSE	Not significant
ENSG00000108352.13	12.5709934086126	-0.15387752388353	0.292107235698748	0.225211681104881	0.613967250996054	-1.2127859170155	RAPGEFL1	RAPGEFL1	FALSE	Not significant
ENSG00000218803.1	90.0451538113244	-0.171986493083332	0.182845116332076	0.226070132701648	0.615690000684449	-1.21054422175263	GSTM2P1	GSTM2P1	FALSE	Not significant
ENSG00000230204.1	4676.85427891314	0.108687176328626	0.0950820788408921	0.226462638044459	0.616141591796636	1.20952128686544	FTH1P5	FTH1P5	FALSE	Not significant
ENSG00000129245.13	141.154701543171	0.157896872271338	0.155674317881981	0.226863401820263	0.616614726147475	1.2084781333327	FXR2	FXR2	FALSE	Not significant
ENSG00000141349.10	139.277951037586	0.162462932692598	0.164673049317986	0.227389339444232	0.617426797811611	1.20711115513397	G6PC3	G6PC3	FALSE	Not significant
ENSG00000217791.4	82.4997998931977	-0.175455211537541	0.192478591568385	0.227812191421432	0.617957621041369	-1.20601374310742	ASS1P9	ASS1P9	FALSE	Not significant
ENSG00000170271.11	430.703986802995	0.158234535226514	0.161494284575208	0.22987464202277	0.618613145562266	1.20068183769624	FAXDC2	FAXDC2	FALSE	Not significant
ENSG00000275550.1	11.0085260194065	0.147853156762347	0.292746604456739	0.229804740454974	0.618613145562266	1.20086199061251	ENSG00000275550	ENSG00000275550	FALSE	Not significant
ENSG00000220522.2	21.8914227588991	0.178986001264177	0.271454855677606	0.229667115454026	0.618613145562266	1.2012167968267	ENSG00000220522	ENSG00000220522	FALSE	Not significant
ENSG00000274180.1	259.858257402514	0.142473172201604	0.13655917532588	0.229564416704381	0.618613145562266	1.20148165944693	NATD1	NATD1	FALSE	Not significant
ENSG00000244582.2	1077.55658865962	-0.113920939400958	0.104171608829303	0.229467345876285	0.618613145562266	-1.20173208502624	RPL21P120	RPL21P120	FALSE	Not significant
ENSG00000132141.14	8.48805843274841	0.128346189035725	0.292937988660697	0.228676118053092	0.618613145562266	1.20377612997558	CCT6B	CCT6B	FALSE	Not significant
ENSG00000108312.16	456.625265722387	-0.132141252237801	0.122895429358186	0.228724152630579	0.618613145562266	-1.20365189482069	UBTF	UBTF	FALSE	Not significant
ENSG00000179604.10	258.400376580799	-0.149069091974393	0.144561235027961	0.229499120556434	0.618613145562266	-1.20165010367098	CDC42EP4	CDC42EP4	FALSE	Not significant
ENSG00000259207.10	32.2848385876732	0.183471328091372	0.254071238070373	0.230234759409916	0.61896941253823	1.19975434666468	ITGB3	ITGB3	FALSE	Not significant
ENSG00000164327.14	194.378193968603	0.144442476890629	0.144381778662827	0.23120435048564	0.619126526719182	1.1972622573349	RICTOR	RICTOR	FALSE	Not significant
ENSG00000049618.25	350.171830969619	-0.131376435385745	0.121723345603505	0.230829638726837	0.619126526719182	-1.19822447723415	ARID1B	ARID1B	FALSE	Not significant
ENSG00000232859.10	17.608598335508	-0.169530625089584	0.281562815292952	0.230531085999225	0.619126526719182	-1.1989919236881	LYRM9	LYRM9	FALSE	Not significant
ENSG00000141219.16	88.3961320363387	-0.17025302808117	0.183427036755599	0.231137670431472	0.619126526719182	-1.19743340353044	C17orf80	C17orf80	FALSE	Not significant
ENSG00000279170.3	46.0524271856204	0.183262942463357	0.225953795661907	0.232082355761129	0.620865987164123	1.19501196400023	TSTD3	TSTD3	FALSE	Not significant
ENSG00000218418.2	928.741922317796	0.121242708804834	0.111027193137838	0.232373588885421	0.621033839322098	1.19426687991517	ENSG00000218418	ENSG00000218418	FALSE	Not significant
ENSG00000108953.17	1306.72376111915	0.110445803177619	0.099019779172554	0.232903244356902	0.621837935326188	1.19291351832477	YWHAE	YWHAE	FALSE	Not significant
ENSG00000124767.7	316.673079609238	0.133389141132597	0.125424223624672	0.233670455923556	0.622663038431593	1.19095702558325	GLO1	GLO1	FALSE	Not significant
ENSG00000067191.17	25.515203033584	0.182046506447245	0.262501632402031	0.233502894425448	0.622663038431593	1.19138394076086	CACNB1	CACNB1	FALSE	Not significant
ENSG00000181523.13	256.015934883854	-0.137716150191145	0.131687361892973	0.234572456532866	0.624454394570352	-1.18866261752444	SGSH	SGSH	FALSE	Not significant
ENSG00000108381.11	64.2002417376549	0.176670322420748	0.203311765213897	0.235474664198738	0.62563063273917	1.18637392540285	ASPA	ASPA	FALSE	Not significant
ENSG00000108852.16	26.9782133550135	-0.17626605358686	0.265359666015663	0.235326431327709	0.62563063273917	-1.18674953120987	MPP2	MPP2	FALSE	Not significant
ENSG00000229119.3	1581.66485795974	0.108932088300737	0.0989773532493526	0.235837849540678	0.625983667042541	1.18545436033744	RPLP0P9	RPLP0P9	FALSE	Not significant
ENSG00000228716.7	77.308872813195	-0.173165769278371	0.195957141417543	0.236327022707078	0.626670095334476	-1.18421738318917	DHFR	DHFR	FALSE	Not significant
ENSG00000173812.11	1286.08531112255	0.121137902616543	0.111481664354796	0.236698737436275	0.627044023734694	1.18327863458584	EIF1	EIF1	FALSE	Not significant
ENSG00000248092.8	56.349619656875	-0.178068764482038	0.222266588135759	0.237719280984985	0.62913437752404	-1.18070664458298	NNT-AS1	NNT-AS1	FALSE	Not significant
ENSG00000164244.21	309.859026157797	-0.1372495556039	0.132767762827882	0.237968227366874	0.629180585586735	-1.18008042984946	PRRC1	PRRC1	FALSE	Not significant
ENSG00000218347.2	95.7529766137251	0.165403007418691	0.180249536636107	0.238593608074026	0.630221017245096	1.17850934739006	HNRNPA1P1	HNRNPA1P1	FALSE	Not significant
ENSG00000248702.1	7.61531773256635	-0.128317970967877	0.292621346290505	0.238907219162793	0.630436720082011	-1.17772258710695	ENSG00000248702	ENSG00000248702	FALSE	Not significant
ENSG00000165671.22	287.951579114921	-0.13680755475411	0.132249515260194	0.239808777693784	0.631133750020701	-1.17546488536198	NSD1	NSD1	FALSE	Not significant
ENSG00000083099.11	103.629123855769	-0.163564055922815	0.175839462659338	0.239994640841147	0.631133750020701	-1.1750001873572	LYRM2	LYRM2	FALSE	Not significant
ENSG00000203760.9	16.1390736213561	0.163873184052408	0.282270063519582	0.240054430360115	0.631133750020701	1.174850754577	CENPW	CENPW	FALSE	Not significant
ENSG00000132581.10	152.036765955054	0.153241083970317	0.156807016507492	0.240100183046875	0.631133750020701	1.17473642196414	SDF2	SDF2	FALSE	Not significant
ENSG00000133398.4	93.4333378573504	0.166379171014923	0.182774323221862	0.241920098722908	0.632747693684343	1.17020097958391	MED10	MED10	FALSE	Not significant
ENSG00000248878.1	17.7639966244466	-0.16562784778695	0.278559396968226	0.24118802186935	0.632747693684343	-1.17202250242466	ENSG00000248878	ENSG00000248878	FALSE	Not significant
ENSG00000261730.1	13.037983526959	-0.153136761893814	0.287449084814126	0.24211096447083	0.632747693684343	-1.16972671311212	FOXF2-DT	FOXF2-DT	FALSE	Not significant
ENSG00000112282.18	173.493409266627	-0.146647188898276	0.147505314787625	0.241809370416495	0.632747693684343	-1.17047623985573	MED23	MED23	FALSE	Not significant
ENSG00000261879.9	8.1662205978264	-0.131106484092956	0.291932436427211	0.241637545033466	0.632747693684343	-1.17090355744921	ZNF594-DT	ZNF594-DT	FALSE	Not significant
ENSG00000109107.14	80.2937917039533	-0.173627360998307	0.202546279175288	0.241534359740666	0.632747693684343	-1.17116027476916	ALDOC	ALDOC	FALSE	Not significant
ENSG00000280128.1	38.1347581819547	-0.178579006094503	0.237622784564825	0.242790372338579	0.633913767546838	-1.16804064005365	ENSG00000280128	ENSG00000280128	FALSE	Not significant
ENSG00000112655.16	1540.24344731013	-0.115211923746782	0.108540809531103	0.243303661737223	0.634644292324157	-1.16676901852159	PTK7	PTK7	FALSE	Not significant
ENSG00000132563.17	78.2706531758296	0.169707813392766	0.192777868544762	0.243933591530924	0.635677374670232	1.16521100633954	REEP2	REEP2	FALSE	Not significant
ENSG00000248648.1	171.559546664292	0.149305927256395	0.151498196456652	0.24475146513564	0.637197779922097	1.1631923611246	ENSG00000248648	ENSG00000248648	FALSE	Not significant
ENSG00000248699.1	27.5304911335449	0.166732693701261	0.268176837936222	0.245896772778752	0.637787435858621	1.16037349616212	ENSG00000248699	ENSG00000248699	FALSE	Not significant
ENSG00000253886.1	88.7272193892144	0.166070275224284	0.184071683289132	0.245660919773547	0.637787435858621	1.16095323041908	ENSG00000253886	ENSG00000253886	FALSE	Not significant
ENSG00000231074.11	92.3867251036307	-0.167371386079957	0.191187208274004	0.246481434559878	0.637787435858621	-1.15893805772639	HCG18	HCG18	FALSE	Not significant
ENSG00000204516.10	36.2134658068052	0.177500934142171	0.239296121329397	0.246295928046598	0.637787435858621	1.1593932472411	MICB	MICB	FALSE	Not significant
ENSG00000024862.18	42.1861796150424	0.177323325717278	0.229738578862683	0.246032392064911	0.637787435858621	1.1600403161312	CCDC28A	CCDC28A	FALSE	Not significant
ENSG00000132359.17	8.72243714574626	0.121746757180838	0.29142718835205	0.245878957372453	0.637787435858621	1.16041727338614	RAP1GAP2	RAP1GAP2	FALSE	Not significant
ENSG00000125445.11	78.4501377724996	-0.168380264959737	0.193198660728677	0.246620527993896	0.637787435858621	-1.1585969124941	MRPS7	MRPS7	FALSE	Not significant
ENSG00000145833.16	252.998542753921	0.139606120801543	0.143367018238313	0.247098906063157	0.638417135627054	1.15742465437956	DDX46	DDX46	FALSE	Not significant
ENSG00000136485.16	275.296982627441	0.136113523522185	0.134548916963464	0.247458677689046	0.638739492838392	1.15654408632484	DCAF7	DCAF7	FALSE	Not significant
ENSG00000248826.2	117.921601438803	0.15988367531234	0.17469108842271	0.248051187450713	0.639661411281819	1.15509582568462	PCBP2P3	PCBP2P3	FALSE	Not significant
ENSG00000227939.1	2838.83854568167	-0.100039132020535	0.0966587435334927	0.248423347335425	0.640013893893541	-1.15418739959742	RPL3P2	RPL3P2	FALSE	Not significant
ENSG00000177374.13	131.130758606402	-0.152398294018167	0.160731021430198	0.24866987776767	0.640042355845197	-1.15358615361611	HIC1	HIC1	FALSE	Not significant
ENSG00000137413.17	84.4504196499013	0.165869845427814	0.187604710236691	0.24903218002438	0.640368462919834	1.15270331575744	TAF8	TAF8	FALSE	Not significant
ENSG00000146476.11	119.951110830365	0.154981621049766	0.165331953817075	0.249998607836619	0.642245950945115	1.15035276182418	ARMT1	ARMT1	FALSE	Not significant
ENSG00000134352.21	8385.20881183679	0.109548929025007	0.104444663581509	0.251259414453705	0.643175839090506	1.14729573904079	IL6ST	IL6ST	FALSE	Not significant
ENSG00000270230.1	336.299547624137	0.136886793671668	0.137049053646295	0.251307115936026	0.643175839090506	1.14718028975418	MTND6P22	MTND6P22	FALSE	Not significant
ENSG00000172197.11	11.8967991286453	-0.139557677937731	0.287367991289181	0.251103581276481	0.643175839090506	-1.14767300017008	MBOAT1	MBOAT1	FALSE	Not significant
ENSG00000235174.1	1513.69064299989	0.104318720650243	0.0963738242562932	0.251099033116533	0.643175839090506	1.14768401339784	RPL39P3	RPL39P3	FALSE	Not significant
ENSG00000213864.3	1085.3543955438	-0.115647332078706	0.110364916510226	0.251593526054582	0.643303108011621	-1.14648742829745	EEF1B2P2	EEF1B2P2	FALSE	Not significant
ENSG00000168944.17	99.0424111929083	-0.158725901984671	0.174512539449623	0.252868552506453	0.644948540220446	-1.14340963854363	CEP120	CEP120	FALSE	Not significant
ENSG00000108932.13	8.55477483130658	0.0967189981996104	0.285931920550739	0.252669444658062	0.644948540220446	1.14388955170683	SLC16A6	SLC16A6	FALSE	Not significant
ENSG00000141526.18	346.971204475481	0.146758562363353	0.275824082013338	0.252948912389623	0.644948540220446	1.1432160202715	SLC16A3	SLC16A3	FALSE	Not significant
ENSG00000141503.17	344.255204754536	-0.125005864143224	0.121819273050326	0.253365523793078	0.64540533614769	-1.14221292735197	MINK1	MINK1	FALSE	Not significant
ENSG00000214975.4	910.620938587023	0.10999680614853	0.104131699392408	0.255220115089504	0.64830679702175	1.13776142861326	PPIAP29	PPIAP29	FALSE	Not significant
ENSG00000181513.15	48.0490052125345	0.172646891856306	0.224835091954909	0.254827033178019	0.64830679702175	1.13870304284408	ACBD4	ACBD4	FALSE	Not significant
ENSG00000275562.1	91.3279776612331	0.161964145633482	0.183447895126286	0.255140243454115	0.64830679702175	1.13795267670153	SEPTIN7P12	SEPTIN7P12	FALSE	Not significant
ENSG00000141232.5	167.920529973712	0.144110755451062	0.15207202716262	0.25624616082975	0.650305382946088	1.13530831185567	TOB1	TOB1	FALSE	Not significant
ENSG00000204392.11	39.8988175604615	-0.172488323364267	0.231186842682541	0.256571052201228	0.650342938347657	-1.13453296951585	LSM2	LSM2	FALSE	Not significant
ENSG00000226540.2	474.253560158659	-0.134807793352535	0.137690712611532	0.256739504358733	0.650342938347657	-1.13413123245942	GAPDHP73	GAPDHP73	FALSE	Not significant
ENSG00000130396.22	133.28816870122	0.148353022428431	0.15700519432319	0.257026873704627	0.650464658034615	1.13344631512813	AFDN	AFDN	FALSE	Not significant
ENSG00000272142.4	18.7779707159255	-0.155460679271808	0.276199820271963	0.257605396629442	0.651322295850068	-1.13206907137586	LYRM4-AS1	LYRM4-AS1	FALSE	Not significant
ENSG00000145945.7	26.8265341819723	0.169619591012979	0.255165850575408	0.258987317096617	0.654207739654836	1.12878790262726	FAM50B	FAM50B	FALSE	Not significant
ENSG00000112874.10	61.1324687181821	-0.16669037580486	0.202386528520546	0.259876255700001	0.654628047259132	-1.12668365456708	NUDT12	NUDT12	FALSE	Not significant
ENSG00000141741.12	81.6299768126561	0.161004051816829	0.185619624609465	0.259796657501321	0.654628047259132	1.12687187181675	MIEN1	MIEN1	FALSE	Not significant
ENSG00000121064.13	531.596898797383	-0.122147891884355	0.11997645430534	0.259578253709328	0.654628047259132	-1.12738851279018	SCPEP1	SCPEP1	FALSE	Not significant
ENSG00000055483.20	165.573002362321	0.141504187189372	0.148355215443497	0.260232592744714	0.654918691740864	1.12584155175775	USP36	USP36	FALSE	Not significant
ENSG00000271196.1	7.80892270083351	0.116917642177367	0.288332319871892	0.261132680719546	0.656575972428979	1.12371799308536	ENSG00000271196	ENSG00000271196	FALSE	Not significant
ENSG00000228223.3	686.769238194446	0.112733875030217	0.109271719992128	0.262156611666895	0.658541285129965	1.12130839896754	HCG11	HCG11	FALSE	Not significant
ENSG00000197603.16	163.98719589392	-0.145814362032245	0.15343166622909	0.262541356927059	0.6588988071355	-1.12040466730646	CPLANE1	CPLANE1	FALSE	Not significant
ENSG00000108654.16	2985.62835705943	0.0987437019523873	0.0940516538165735	0.26356731474465	0.660863433095902	1.11799924752188	DDX5	DDX5	FALSE	Not significant
ENSG00000276903.2	8.11128562778274	0.120110068040854	0.288100032623568	0.263877134458594	0.661030462173695	1.11727412706392	H2AC16	H2AC16	FALSE	Not significant
ENSG00000270382.1	57.4414460419985	0.16798570185328	0.215850952183818	0.264247492999658	0.66134869794942	1.11640808806493	ENSG00000270382	ENSG00000270382	FALSE	Not significant
ENSG00000169992.10	384.601696401081	-0.122448001463916	0.123036967706505	0.2648291607568	0.662194718433287	-1.11504961555928	NLGN2	NLGN2	FALSE	Not significant
ENSG00000253683.1	210.226920037344	0.136780755908309	0.142060539299882	0.265771572328966	0.663940380137986	1.11285299104463	ENSG00000253683	ENSG00000253683	FALSE	Not significant
ENSG00000272070.3	8.40077391972615	-0.121192136368749	0.287522591764614	0.267353944574375	0.665058566926683	-1.10917674042734	ENSG00000272070	ENSG00000272070	FALSE	Not significant
ENSG00000164620.9	6.03208300219578	-0.101838383756135	0.286733492762326	0.267143097361329	0.665058566926683	-1.10966572593339	RELL2	RELL2	FALSE	Not significant
ENSG00000164332.8	155.463314787278	0.147216152382948	0.161487174196543	0.267442609878905	0.665058566926683	1.1089711918194	UBLCP1	UBLCP1	FALSE	Not significant
ENSG00000253869.1	143.318829820163	0.144343328464389	0.155495922743026	0.267409470835416	0.665058566926683	1.10904801102251	PIGFP1	PIGFP1	FALSE	Not significant
ENSG00000167100.15	13.0263397527242	-0.144699094547079	0.28178599376966	0.266896842742294	0.665058566926683	-1.11023716250492	SAMD14	SAMD14	FALSE	Not significant
ENSG00000213089.4	25.9265055247856	0.163228241468001	0.258594418736168	0.267849579811803	0.665461753133895	1.10802833304103	PDCL3P5	PDCL3P5	FALSE	Not significant
ENSG00000113649.14	169.488695463152	-0.142144085301092	0.152201437588781	0.269218622842027	0.668252252862676	-1.10486377100184	TCERG1	TCERG1	FALSE	Not significant
ENSG00000112977.16	788.981147091876	-0.106535901680487	0.104890732678751	0.269885402522295	0.669296098590873	-1.10332650000705	DAP	DAP	FALSE	Not significant
ENSG00000247516.8	15.8561564602032	-0.149646833473586	0.275931845231057	0.271150420711783	0.669852845792916	-1.10041712430306	MIR4458HG	MIR4458HG	FALSE	Not significant
ENSG00000245662.4	474.381372557644	0.117090412160289	0.117446478883556	0.271140289230014	0.669852845792916	1.10044038838583	LINC02211	LINC02211	FALSE	Not significant
ENSG00000113360.17	244.598177857056	0.129041169265865	0.133292685219371	0.27123526605667	0.669852845792916	1.10022232433495	DROSHA	DROSHA	FALSE	Not significant
ENSG00000248569.1	39.7075967477733	-0.166528377485359	0.229680899627503	0.271421198670243	0.669852845792916	-1.09979557981773	ENSG00000248569	ENSG00000248569	FALSE	Not significant
ENSG00000270906.1	272.290676499231	0.135317527268607	0.139399942079428	0.271107766054238	0.669852845792916	1.1005150726866	MTND4P35	MTND4P35	FALSE	Not significant
ENSG00000112796.10	11.4870063432103	-0.127953854994999	0.284757028197225	0.271588607823323	0.669852845792916	-1.09941152082421	ENPP5	ENPP5	FALSE	Not significant
ENSG00000216471.3	346.783002745525	0.118974183674105	0.124785038700419	0.272112748699447	0.670537126894919	1.09821011887503	RPSAP43	RPSAP43	FALSE	Not significant
ENSG00000108883.13	196.037298095315	0.132289689716063	0.139781963804746	0.272610792516278	0.671155918531925	1.09707000177969	EFTUD2	EFTUD2	FALSE	Not significant
ENSG00000197935.7	8.88988549112602	-0.122180382297363	0.285942795854113	0.273472365922569	0.672667774278319	-1.09510105642872	ZNF311	ZNF311	FALSE	Not significant
ENSG00000270388.1	2524.00333446774	0.105527899551985	0.104239910053855	0.273780421328187	0.67281662311936	1.09439808987254	MTCO3P22	MTCO3P22	FALSE	Not significant
ENSG00000096696.16	37.1854326451072	0.157754908944196	0.262360981875532	0.274591031962797	0.673590636168666	1.09255089701338	DSP	DSP	FALSE	Not significant
ENSG00000214578.5	23.2173596113154	-0.159510748398976	0.260200704637345	0.274486698513626	0.673590636168666	-1.09278843958738	HMGN2P15	HMGN2P15	FALSE	Not significant
ENSG00000204310.13	246.07648268125	0.132845700221827	0.141448326867711	0.275278611792058	0.674158077966547	1.09098697981325	AGPAT1	AGPAT1	FALSE	Not significant
ENSG00000267340.1	298.700720009621	0.127362972609787	0.132615665129257	0.275318420361614	0.674158077966547	1.09089651594674	ENSG00000267340	ENSG00000267340	FALSE	Not significant
ENSG00000183826.19	101.564096448835	0.150712907586553	0.172895016358921	0.276335935336001	0.674219993037028	1.08858726464598	BTBD9	BTBD9	FALSE	Not significant
ENSG00000034693.15	62.2227988337894	-0.160064240369976	0.200101218316337	0.276187659413209	0.674219993037028	-1.08892341560044	PEX3	PEX3	FALSE	Not significant
ENSG00000087152.16	218.543863767007	0.129781239462902	0.136138129674856	0.275819605941007	0.674219993037028	1.08975834849714	ATXN7L3	ATXN7L3	FALSE	Not significant
ENSG00000291140.1	18.7535781773481	-0.154001102750524	0.268376413506929	0.276262723685956	0.674219993037028	-1.08875322474053	AMZ2P1	AMZ2P1	FALSE	Not significant
ENSG00000271681.1	12.0004436205108	0.139139470492788	0.281548261158772	0.276585769646934	0.67422432457432	1.08802115243157	ENSG00000271681	ENSG00000271681	FALSE	Not significant
ENSG00000186868.18	8.41459450195617	-0.112513726809126	0.285309431031527	0.277098545449831	0.674869038111686	-1.08686031872635	MAPT	MAPT	FALSE	Not significant
ENSG00000251493.5	38.1990311253576	-0.160949341607858	0.243255039233485	0.277831329989387	0.676047945309897	-1.0852039616256	FOXD1	FOXD1	FALSE	Not significant
ENSG00000188994.14	236.839934216919	-0.127812655642294	0.134982117459604	0.278279188323088	0.676532051755057	-1.08419310462853	ZNF292	ZNF292	FALSE	Not significant
ENSG00000219433.2	10.9482300234201	-0.126654750778166	0.283200246834901	0.278830785168591	0.676627594998414	-1.08294962085069	BTBD10P2	BTBD10P2	FALSE	Not significant
ENSG00000280279.1	21.36698782782	-0.153884078839861	0.265245808406354	0.279065317878301	0.676627594998414	-1.08242141272686	LINC02887	LINC02887	FALSE	Not significant
ENSG00000240873.1	17.4981927057841	-0.14772864348799	0.273926964126221	0.278861803407151	0.676627594998414	-1.08287974508915	RPS29P22	RPS29P22	FALSE	Not significant
ENSG00000204569.10	195.987221153235	-0.134838879769948	0.142306583273295	0.279643944002237	0.677409964990435	-1.08111953674994	PPP1R10	PPP1R10	FALSE	Not significant
ENSG00000219747.1	1587.64532321444	-0.108602054401301	0.109162837214725	0.279886457205393	0.677409964990435	-1.08057444037608	RPL32P16	RPL32P16	FALSE	Not significant
ENSG00000270442.1	115.194247062577	-0.146826484532872	0.166037107428856	0.280175605036205	0.677506489758367	-1.07992494278292	ENSG00000270442	ENSG00000270442	FALSE	Not significant
ENSG00000145743.18	105.393509140609	0.15081600512866	0.177844273706199	0.28090518491012	0.678035241571684	1.07828814726754	FBXL17	FBXL17	FALSE	Not significant
ENSG00000064999.16	147.326615536679	0.138911945960075	0.152584656614591	0.280877837020159	0.678035241571684	1.07834944951125	ANKS1A	ANKS1A	FALSE	Not significant
ENSG00000214561.3	14.1944513133958	-0.142237492334337	0.2770116043169	0.281142647995323	0.678035241571684	-1.07775602710055	RBBP4P4	RBBP4P4	FALSE	Not significant
ENSG00000268942.2	18.3106416562279	-0.150285341877495	0.269335971965266	0.281434927465573	0.678138415648429	-1.0771014900785	CKS1BP3	CKS1BP3	FALSE	Not significant
ENSG00000169220.18	14.1808606264672	-0.140443679976314	0.277910937277573	0.281850322500193	0.678537800314902	-1.07617203854229	RGS14	RGS14	FALSE	Not significant
ENSG00000145725.21	213.474371259143	-0.127915515961488	0.137053838238797	0.283258696099518	0.680168374048093	-1.07302768197008	PPIP5K2	PPIP5K2	FALSE	Not significant
ENSG00000214743.4	16.3119231895896	0.146664485623192	0.273128087692079	0.283211049429463	0.680168374048093	1.07313388528061	MRPS5P3	MRPS5P3	FALSE	Not significant
ENSG00000226314.9	6.98688410174149	-0.112056007180226	0.285754267321381	0.284029103953122	0.680168374048093	-1.07131213790772	ZKSCAN8P1	ZKSCAN8P1	FALSE	Not significant
ENSG00000219023.1	1241.83700391169	-0.102887273881791	0.103869157538309	0.283685687713104	0.680168374048093	-1.07207646736833	ENSG00000219023	ENSG00000219023	FALSE	Not significant
ENSG00000132388.13	193.279474686286	0.133763838251661	0.145187716356274	0.283484825875708	0.680168374048093	1.0725238089377	UBE2G1	UBE2G1	FALSE	Not significant
ENSG00000242439.1	158.969657863812	0.140959959978328	0.159637374429892	0.284016292241258	0.680168374048093	1.07134064124595	ENSG00000242439	ENSG00000242439	FALSE	Not significant
ENSG00000108510.10	353.846831337201	0.119240846719136	0.124506390878182	0.284351090285916	0.680340020596055	1.07059607229759	MED13	MED13	FALSE	Not significant
ENSG00000250145.1	9.89083749456638	-0.121198280365991	0.283102218130375	0.285711625688092	0.682994018135651	-1.06757641816693	ENSG00000250145	ENSG00000250145	FALSE	Not significant
ENSG00000146197.9	36.9283552148582	0.160435719064767	0.241209388338409	0.28650103750431	0.684279279382	1.06582880418591	SCUBE3	SCUBE3	FALSE	Not significant
ENSG00000029725.17	187.589273432002	-0.134798161746765	0.148781321299725	0.287202157147998	0.685351591859753	-1.06427937791152	RABEP1	RABEP1	FALSE	Not significant
ENSG00000240103.2	1193.96364463284	0.101556791441535	0.10279065276674	0.288388834726776	0.687561746766372	1.06166270799159	ENSG00000240103	ENSG00000240103	FALSE	Not significant
ENSG00000108679.13	726.760662448289	-0.104313661869543	0.105661292647001	0.288634272649165	0.687561746766372	-1.06112241450319	LGALS3BP	LGALS3BP	FALSE	Not significant
ENSG00000174282.12	794.425693337344	-0.106857643108053	0.109471690419612	0.289238882825	0.687796398528739	-1.05979277861772	ZBTB4	ZBTB4	FALSE	Not significant
ENSG00000006282.22	263.025211831853	-0.122507583908148	0.131216164036702	0.289193105139119	0.687796398528739	-1.05989338561357	SPATA20	SPATA20	FALSE	Not significant
ENSG00000242858.1	4786.42971572458	-0.100397313287745	0.0990564824314305	0.290005452552634	0.688414689989572	-1.05810965634725	RPL13AP14	RPL13AP14	FALSE	Not significant
ENSG00000096401.8	203.167529699994	0.127145826521552	0.138279106557166	0.289959414638613	0.688414689989572	1.05821065509165	CDC5L	CDC5L	FALSE	Not significant
ENSG00000111877.18	32.8543661949479	-0.157791662324271	0.239763870586344	0.29113394850646	0.688687617093611	-1.05563730951481	MCM9	MCM9	FALSE	Not significant
ENSG00000213859.8	135.383605556613	0.140591745088451	0.161005130833732	0.290619103620701	0.688687617093611	1.05676444774205	KCTD11	KCTD11	FALSE	Not significant
ENSG00000109046.15	863.858081484233	0.10943912265527	0.113543050588151	0.29104084597646	0.688687617093611	1.05584103742147	WSB1	WSB1	FALSE	Not significant
ENSG00000264364.3	356.124184659827	-0.116324313088568	0.122418991576048	0.290850907098268	0.688687617093611	-1.05625679956967	DYNLL2	DYNLL2	FALSE	Not significant
ENSG00000124786.13	138.008749896048	0.144029354118948	0.170854328145955	0.291738220082327	0.688818802153457	1.05431609986945	SLC35B3	SLC35B3	FALSE	Not significant
ENSG00000219867.1	149.530325251179	0.135955616092368	0.153327608192457	0.292130330304333	0.688818802153457	1.05345975411833	ENSG00000219867	ENSG00000219867	FALSE	Not significant
ENSG00000108509.21	186.860073294469	0.128846092963947	0.141842198357055	0.292203119530146	0.688818802153457	1.05330087171267	CAMTA2	CAMTA2	FALSE	Not significant
ENSG00000108839.12	8.52587292616862	-0.118621684101011	0.283382984235682	0.292196105867598	0.688818802153457	-1.05331617979303	ALOX12	ALOX12	FALSE	Not significant
ENSG00000113240.14	165.798416760874	0.136028917030623	0.157578799570812	0.293042847598683	0.6901997051761	1.05146985453652	CLK4	CLK4	FALSE	Not significant
ENSG00000111843.14	299.704167548626	0.122360090942954	0.132822437101607	0.294446915343141	0.691708483926239	1.04841615132128	TMEM14C	TMEM14C	FALSE	Not significant
ENSG00000026297.17	31.1878075991709	-0.156291653734513	0.241975668321245	0.294292969449024	0.691708483926239	-1.04875049052126	RNASET2	RNASET2	FALSE	Not significant
ENSG00000171298.14	569.397792361315	-0.108427580213063	0.111176074119631	0.293989145009696	0.691708483926239	-1.04941067969459	GAA	GAA	FALSE	Not significant
ENSG00000113597.18	55.208121216761	-0.155337386096561	0.208419357682399	0.295467650792491	0.691714965421181	-1.04620227930655	TRAPPC13	TRAPPC13	FALSE	Not significant
ENSG00000251627.1	11.6841855689864	-0.130925462413478	0.278958221793315	0.294906668516328	0.691714965421181	-1.04741835776229	ENSG00000251627	ENSG00000251627	FALSE	Not significant
ENSG00000226840.1	37.071956051616	-0.158564863368761	0.230769659275268	0.295291507649906	0.691714965421181	-1.04658394978015	PAICSP3	PAICSP3	FALSE	Not significant
ENSG00000167840.14	15.272223351848	-0.137355500621408	0.273705344748867	0.295337480680683	0.691714965421181	-1.04648431979875	ZNF232	ZNF232	FALSE	Not significant
ENSG00000254996.5	7.30951276716643	-0.106063883781731	0.28345478762148	0.297020509024642	0.694751930747829	-1.0428440867375	ANKHD1-EIF4EBP3	ANKHD1-EIF4EBP3	FALSE	Not significant
ENSG00000224389.9	12.0511575970577	-0.12420944897065	0.27972250329208	0.298963001700458	0.697494797100295	-1.03865976086895	C4B	C4B	FALSE	Not significant
ENSG00000216624.3	1118.79793845087	-0.116627794227878	0.126809949291365	0.298788572877013	0.697494797100295	-1.03903475483474	GAPDHP72	GAPDHP72	FALSE	Not significant
ENSG00000184185.10	7.18287022597254	0.106027039953368	0.283766036562682	0.298945113940637	0.697494797100295	1.03869820995939	KCNJ12	KCNJ12	FALSE	Not significant
ENSG00000243744.2	6.09052993931872	0.103133535160467	0.28486105953219	0.299673655230871	0.698164545061418	1.03713347724882	RPL29P13	RPL29P13	FALSE	Not significant
ENSG00000220773.1	272.980067038467	0.115855500698085	0.128593506995996	0.300020672785775	0.698164545061418	1.03638905852052	RPSAP44	RPSAP44	FALSE	Not significant
ENSG00000243521.2	58.8031404899619	0.153676966922467	0.209235806411123	0.29982775144562	0.698164545061418	1.0368028406075	RPL5P33	RPL5P33	FALSE	Not significant
ENSG00000282936.2	8.04264439184967	-0.109766656384899	0.282661718168089	0.301041229447834	0.699341933024968	-1.03420309097073	ENSG00000282936	ENSG00000282936	FALSE	Not significant
ENSG00000154803.13	221.415567772268	-0.128343531077764	0.145357899979745	0.301035059379437	0.699341933024968	-1.03421629201739	FLCN	FLCN	FALSE	Not significant
ENSG00000239317.1	132.146748928978	-0.136092074147278	0.160137187112185	0.301745363955384	0.700379077054427	-1.03269775613453	RPL35AP17	RPL35AP17	FALSE	Not significant
ENSG00000111880.16	63.6075169359734	0.15244952107574	0.212782111342711	0.302232531228839	0.700911279761079	1.03165763309981	RNGTT	RNGTT	FALSE	Not significant
ENSG00000112183.15	7.17504357893989	-0.0958684330260153	0.282677163646088	0.302729646770012	0.701330641695171	-1.03059741935413	RBM24	RBM24	FALSE	Not significant
ENSG00000240898.1	78.2186458935097	-0.149405371216781	0.197104085531171	0.302929423601961	0.701330641695171	-1.03017167527475	RPL21P125	RPL21P125	FALSE	Not significant
ENSG00000137216.19	176.468299265735	-0.133180669436906	0.154763667236643	0.303440009479447	0.70191484745969	-1.02908441407693	TMEM63B	TMEM63B	FALSE	Not significant
ENSG00000164338.10	37.26921925622	0.153943400087609	0.23174587797546	0.303829831402622	0.702218947068306	1.02825513053227	UTP15	UTP15	FALSE	Not significant
ENSG00000177731.16	739.598778526452	0.102126203358307	0.107525900367873	0.304131524077068	0.702319016517818	1.02761381290299	FLII	FLII	FALSE	Not significant
ENSG00000251273.4	42.671278778724	0.151289687554038	0.23434838006825	0.305985674065061	0.706000901620405	1.02368163161191	LINC02228	LINC02228	FALSE	Not significant
ENSG00000137267.7	39.9694845926032	0.14451679234089	0.250915306572274	0.306671358507314	0.706982826482509	1.02223147197006	TUBB2A	TUBB2A	FALSE	Not significant
ENSG00000235672.1	55.1712805514737	-0.151474794722827	0.20627782057967	0.307894144091796	0.709200240374153	-1.01965071379906	ENSG00000235672	ENSG00000235672	FALSE	Not significant
ENSG00000113569.16	93.9700742456551	-0.147081894423087	0.194766576436759	0.30829138693357	0.709302137784073	-1.0188137705051	NUP155	NUP155	FALSE	Not significant
ENSG00000204389.10	133.558985743908	0.139436933078464	0.175270980050487	0.308460311574972	0.709302137784073	1.01845808261451	HSPA1A	HSPA1A	FALSE	Not significant
ENSG00000276234.5	53.9751673687281	0.149646989858653	0.20540313547822	0.310422715812116	0.713211277749223	1.0143354460825	TADA2A	TADA2A	FALSE	Not significant
ENSG00000085365.18	219.240099918029	-0.120795379040787	0.137382295059287	0.311474042209038	0.71381656553471	-1.01213388609641	SCAMP1	SCAMP1	FALSE	Not significant
ENSG00000232654.1	8.16815365679951	0.111536079765951	0.281503186836981	0.311365199496067	0.71381656553471	1.01236158358209	FAM136BP	FAM136BP	FALSE	Not significant
ENSG00000112305.15	42.1885512358618	-0.15092384880505	0.220071484023255	0.311111363011509	0.71381656553471	-1.012892810128	SMAP1	SMAP1	FALSE	Not significant
ENSG00000062194.16	216.0138968077	-0.120719602938676	0.13793310795168	0.312155737886026	0.714776154653933	-1.01070897978375	GPBP1	GPBP1	FALSE	Not significant
ENSG00000250848.1	41.5404937235954	-0.150426719915438	0.22256892641225	0.312652329384653	0.71531063238004	-1.00967227585731	PPP4R2P1	PPP4R2P1	FALSE	Not significant
ENSG00000204498.11	49.6496241427674	-0.148511853039328	0.213465034827355	0.312936406598153	0.715358413064574	-1.00907971274794	NFKBIL1	NFKBIL1	FALSE	Not significant
ENSG00000039319.17	194.379598064759	-0.122982052921331	0.140751053864585	0.313679740217618	0.7153589144184	-1.00753085022858	ZFYVE16	ZFYVE16	FALSE	Not significant
ENSG00000113356.13	27.3996108858015	-0.146992672341461	0.245434496409127	0.31636168453765	0.7153589144184	-1.00196254173672	POLR3G	POLR3G	FALSE	Not significant
ENSG00000155329.12	34.4346974488934	0.150009544582702	0.23252495790918	0.315372901378452	0.7153589144184	1.00401185098775	ZCCHC10	ZCCHC10	FALSE	Not significant
ENSG00000247627.2	14756.5721096237	0.0953689974978411	0.104049058267456	0.31772427875668	0.7153589144184	0.999145363228916	MTND4P12	MTND4P12	FALSE	Not significant
ENSG00000113119.13	27.0015769222362	0.146805453927718	0.246011491986607	0.317937295297067	0.7153589144184	0.998705665609777	TMCO6	TMCO6	FALSE	Not significant
ENSG00000254012.1	63.8932351603054	0.142772348731637	0.195692466937545	0.317937007212739	0.7153589144184	0.998706260128015	RPL10P8	RPL10P8	FALSE	Not significant
ENSG00000250903.11	34.1366187771821	-0.149505376694856	0.234304306357981	0.314154921666785	0.7153589144184	-1.00654199369501	GMDS-DT	GMDS-DT	FALSE	Not significant
ENSG00000204308.8	79.3979485604694	-0.14415452191304	0.185801669399151	0.316195344070874	0.7153589144184	-1.00230699730008	RNF5	RNF5	FALSE	Not significant
ENSG00000065491.8	60.7654227310571	-0.146885753825696	0.200345338140599	0.314449727264267	0.7153589144184	-1.005928995228	TBC1D22B	TBC1D22B	FALSE	Not significant
ENSG00000186625.14	80.4821335970688	0.143938153891376	0.188674261307372	0.317345130327673	0.7153589144184	0.999928459886161	KATNA1	KATNA1	FALSE	Not significant
ENSG00000218596.2	100.063959326037	-0.137427005632127	0.171497436065348	0.3165144145987	0.7153589144184	-1.00164637507174	ENSG00000218596	ENSG00000218596	FALSE	Not significant
ENSG00000243775.2	163.057394302367	0.129028278536426	0.153408585392534	0.314142755960317	0.7153589144184	1.006567298354	OSTCP1	OSTCP1	FALSE	Not significant
ENSG00000263219.1	178.565887101133	0.126706013030097	0.147974413600286	0.317556596168839	0.7153589144184	0.999491620795812	RYKP1	RYKP1	FALSE	Not significant
ENSG00000108515.18	21.3969180880738	0.142540499360947	0.257795164562442	0.317748795385251	0.7153589144184	0.999094747448194	ENO3	ENO3	FALSE	Not significant
ENSG00000108465.15	56.6095905252857	0.147842465312228	0.208881205724607	0.317858867686125	0.7153589144184	0.998867529327413	CDK5RAP3	CDK5RAP3	FALSE	Not significant
ENSG00000173917.11	38.0415619638232	0.14996751030076	0.227173174070682	0.316091243768252	0.7153589144184	1.00252262729735	HOXB2	HOXB2	FALSE	Not significant
ENSG00000005882.12	137.057337630237	-0.134438066202764	0.166811045563637	0.317048789375318	0.7153589144184	-1.00054095241457	PDK2	PDK2	FALSE	Not significant
ENSG00000274561.1	6.24684522891237	-0.100108826795816	0.282688310592225	0.314503802840701	0.7153589144184	-1.00581659521823	ENSG00000274561	ENSG00000274561	FALSE	Not significant
ENSG00000161542.17	103.306115265635	-0.14141723389594	0.180900603528132	0.316358561981088	0.7153589144184	-1.00196900678924	PRPSAP1	PRPSAP1	FALSE	Not significant
ENSG00000169570.10	16.8834391653638	-0.129800880374835	0.269197394369098	0.318342774185537	0.715678792585848	-0.997869230389194	DTWD2	DTWD2	FALSE	Not significant
ENSG00000248885.1	201.530808644489	0.123192206481946	0.143451847195711	0.31973162555773	0.716373692547473	0.995009537800053	SEPTIN7P10	SEPTIN7P10	FALSE	Not significant
ENSG00000213676.13	288.708726719016	-0.114119382503397	0.128716411061324	0.319969706678673	0.716373692547473	-0.994520137211498	ATF6B	ATF6B	FALSE	Not significant
ENSG00000239223.3	698.529679473312	0.100780286377277	0.109672242900588	0.319635690397347	0.716373692547473	0.995206809909539	RPL34P31	RPL34P31	FALSE	Not significant
ENSG00000188825.16	22.2644233426493	-0.141389032342523	0.255721101138947	0.319152740838502	0.716373692547473	-0.996200491126555	LINC00910	LINC00910	FALSE	Not significant
ENSG00000136492.10	16.26808449526	0.126185508826272	0.271476244589	0.319303142275146	0.716373692547473	0.995890930844519	BRIP1	BRIP1	FALSE	Not significant
ENSG00000240065.8	28.6527616096064	-0.145620124227305	0.243335089052523	0.321248320982605	0.71864439212405	-0.991895876178215	PSMB9	PSMB9	FALSE	Not significant
ENSG00000218265.1	547.244600424934	-0.109044779822692	0.12339073389613	0.321714734977335	0.718888737655869	-0.990940294823307	RPS4XP7	RPS4XP7	FALSE	Not significant
ENSG00000160551.12	794.784077859825	0.0980120400015571	0.106943359356361	0.321886531908459	0.718888737655869	0.990588548033908	TAOK1	TAOK1	FALSE	Not significant
ENSG00000079215.15	13.7503653633089	-0.120220801320908	0.274036139580546	0.324095044093891	0.720859517059897	-0.986077580934236	SLC1A3	SLC1A3	FALSE	Not significant
ENSG00000263017.1	13.993772096713	0.120482384374117	0.273810258348701	0.324010900335556	0.720859517059897	0.986249079886029	ENSG00000263017	ENSG00000263017	FALSE	Not significant
ENSG00000264176.1	26.1797938769946	0.144629502227369	0.246710008102705	0.323297246821016	0.720859517059897	0.987704792257101	MAGOH2P	MAGOH2P	FALSE	Not significant
ENSG00000136504.15	139.544687234571	-0.127770783948638	0.155505165924236	0.323616629013595	0.720859517059897	-0.987053057017648	KAT7	KAT7	FALSE	Not significant
ENSG00000167881.15	263.968860193773	-0.115515706526588	0.135621092489866	0.323704936303411	0.720859517059897	-0.986872930047929	SRP68	SRP68	FALSE	Not significant
ENSG00000217631.1	9.46207732386053	0.109095227565596	0.278832317282757	0.326088130824833	0.7246995417677	0.982023784612282	ENSG00000217631	ENSG00000217631	FALSE	Not significant
ENSG00000253506.3	1445.27074795049	-0.0813559032057194	0.094683335312977	0.326852877037049	0.725805653420506	-0.980472622924605	NACA2	NACA2	FALSE	Not significant
ENSG00000212719.15	99.9863035048157	-0.135824547091572	0.178281870701915	0.329167060083633	0.730347811679441	-0.975792988397031	LINC02693	LINC02693	FALSE	Not significant
ENSG00000053328.9	6.0415928167801	-0.0804780086200383	0.280954249412786	0.330762344552867	0.733288786700402	-0.972579481424246	METTL24	METTL24	FALSE	Not significant
ENSG00000219547.1	610.722398510661	-0.099345986853633	0.11176669624148	0.331345331852874	0.733982568847688	-0.97140762730247	RPL17P25	RPL17P25	FALSE	Not significant
ENSG00000235272.3	65.1790007875694	0.139844412950275	0.196303991478729	0.333634987948104	0.738452685051259	0.966818073108886	RAMACL	RAMACL	FALSE	Not significant
ENSG00000251583.1	166.323624471412	0.121713158799996	0.148121255586	0.334390911928686	0.739439624583676	0.965307309146951	MFFP2	MFFP2	FALSE	Not significant
ENSG00000126581.13	224.008280115656	0.116123358182467	0.138195112250408	0.334624995672524	0.739439624583676	0.964839923914309	BECN1	BECN1	FALSE	Not significant
ENSG00000181315.11	123.836405944241	-0.126495863255295	0.159715507034463	0.335390865822976	0.740321825761828	-0.963312213653744	ZNF322	ZNF322	FALSE	Not significant
ENSG00000290928.1	13.193758355914	0.1207778138586	0.271521706563924	0.335568980624935	0.740321825761828	0.962957243432227	ENSG00000290928	ENSG00000290928	FALSE	Not significant
ENSG00000091640.8	157.737206801066	0.124117357476938	0.154635301841612	0.336608248695311	0.7420123438393	0.96088847008852	SPAG7	SPAG7	FALSE	Not significant
ENSG00000204956.6	14.1991183067034	-0.121858540719515	0.269893338374258	0.336961140984662	0.742188315394093	-0.960186935240739	PCDHGA1	PCDHGA1	FALSE	Not significant
ENSG00000145545.12	87.7571958214198	0.132342516232022	0.176759668901967	0.338985111758599	0.744835516378232	0.956172459012321	SRD5A1	SRD5A1	FALSE	Not significant
ENSG00000280254.1	6.28688978955369	-0.0927734041243133	0.280340401105926	0.338883151269105	0.744835516378232	-0.956374325420601	ENSG00000280254	ENSG00000280254	FALSE	Not significant
ENSG00000280852.2	35.5685870571509	0.141428011477017	0.229251020133512	0.338622187510737	0.744835516378232	0.956891171960489	ENSG00000280852	ENSG00000280852	FALSE	Not significant
ENSG00000215196.5	12.3879264882603	-0.115304024735244	0.272526473191461	0.340410154419051	0.746759321800631	-0.953355155865897	BASP1-AS1	BASP1-AS1	FALSE	Not significant
ENSG00000081189.17	27.076506177595	-0.138752210273248	0.243146859826914	0.340236415914021	0.746759321800631	-0.953698230925111	MEF2C	MEF2C	FALSE	Not significant
ENSG00000215477.2	571.740345781115	-0.100441793007167	0.116634814212838	0.341008706384025	0.74746908383208	-0.952174075443186	RCN1P1	RCN1P1	FALSE	Not significant
ENSG00000248781.1	86.922737902913	0.133531498353844	0.177139155531256	0.341745991890886	0.747556070830896	0.950721065061991	PSMC1P4	PSMC1P4	FALSE	Not significant
ENSG00000152942.19	95.1549598532927	-0.131367307221844	0.175616462541394	0.341873508477853	0.747556070830896	-0.950469964446026	RAD17	RAD17	FALSE	Not significant
ENSG00000167280.17	68.0135131319714	-0.136729600555227	0.192282669214841	0.341484322691205	0.747556070830896	-0.951236521500092	ENGASE	ENGASE	FALSE	Not significant
ENSG00000186468.13	1514.27366620981	-0.0900887013443286	0.102357658944357	0.34258607940585	0.748026192079421	-0.949067899587391	RPS23	RPS23	FALSE	Not significant
ENSG00000112511.18	254.792448512186	-0.110182732156001	0.131794047482888	0.342638929043002	0.748026192079421	-0.948963986190578	PHF1	PHF1	FALSE	Not significant
ENSG00000145782.13	292.557905207286	0.111675408322008	0.136176988797624	0.345539817846924	0.750221511735686	0.943275864283396	ATG12	ATG12	FALSE	Not significant
ENSG00000198055.11	58.2066478912242	0.137546482915698	0.203591365168665	0.345301529301071	0.750221511735686	0.943741954028356	GRK6	GRK6	FALSE	Not significant
ENSG00000218483.1	8.07018293364832	0.0989993487054239	0.278104998723528	0.344195106243754	0.750221511735686	0.945908796898904	ENSG00000218483	ENSG00000218483	FALSE	Not significant
ENSG00000112769.20	3734.38736426585	-0.0910592129888623	0.0994298789693287	0.345852668949527	0.750221511735686	-0.942664241954893	LAMA4	LAMA4	FALSE	Not significant
ENSG00000270983.1	66.6670867361599	0.135946058910156	0.191298880192371	0.344770921173499	0.750221511735686	0.94478055490466	ENSG00000270983	ENSG00000270983	FALSE	Not significant
ENSG00000166750.10	987.245646279804	-0.0878781678702581	0.101190531454448	0.345760330632655	0.750221511735686	-0.942844726211116	SLFN5	SLFN5	FALSE	Not significant
ENSG00000109089.7	116.915226179245	0.130880155819722	0.176032685118976	0.344762939593684	0.750221511735686	0.944796185656548	CDR2L	CDR2L	FALSE	Not significant
ENSG00000169727.14	287.887216160639	0.105239820041522	0.127791872012582	0.34547592114352	0.750221511735686	0.943400825414686	GPS1	GPS1	FALSE	Not significant
ENSG00000218426.5	2311.145951251	-0.0871357653392785	0.0997826391487112	0.346652331248295	0.75135648830372	-0.941102506393174	ENSG00000218426	ENSG00000218426	FALSE	Not significant
ENSG00000154124.6	76.4867105401678	0.132579601446184	0.186036885503858	0.351733974059219	0.751860924153387	0.931231215371991	OTULIN	OTULIN	FALSE	Not significant
ENSG00000153071.15	2396.01589605313	0.0858553868305779	0.0994957447450921	0.351315409548272	0.751860924153387	0.932040859850272	DAB2	DAB2	FALSE	Not significant
ENSG00000172262.12	93.479295717007	0.129376000724379	0.177506312332394	0.352987686096412	0.751860924153387	0.928809758870358	ZNF131	ZNF131	FALSE	Not significant
ENSG00000248909.1	13.9262116744369	-0.117447806034939	0.268417380375475	0.351121079906864	0.751860924153387	-0.932416966454947	HMGB1P21	HMGB1P21	FALSE	Not significant
ENSG00000272674.4	9.18598268033223	-0.105571639423496	0.275146581044334	0.352790565264448	0.751860924153387	-0.929190122874353	PCDHB16	PCDHB16	FALSE	Not significant
ENSG00000245060.8	16.9123178207894	0.126740857974439	0.261427929406097	0.351065273317748	0.751860924153387	0.932524999198968	LINC00847	LINC00847	FALSE	Not significant
ENSG00000233503.1	369.550124882776	-0.101904422555352	0.121525068389742	0.349459852918456	0.751860924153387	-0.935637513804401	HNRNPLP1	HNRNPLP1	FALSE	Not significant
ENSG00000135341.19	293.728506117493	-0.104010413585044	0.1245795559823	0.352508945580064	0.751860924153387	-0.929733769055307	MAP3K7	MAP3K7	FALSE	Not significant
ENSG00000132423.12	9.48386935544953	0.105626631779788	0.27537767721913	0.350787104223948	0.751860924153387	0.933063653051491	COQ3	COQ3	FALSE	Not significant
ENSG00000118690.13	11.7204450645815	0.113194504027474	0.27239582463559	0.34924540082186	0.751860924153387	0.936053970034968	ARMC2	ARMC2	FALSE	Not significant
ENSG00000213133.4	60.1877207666687	-0.1367906920878	0.202607735152884	0.351423339920706	0.751860924153387	-0.931832027779456	PPP1R14BP5	PPP1R14BP5	FALSE	Not significant
ENSG00000118496.5	183.435947949718	0.120683643948607	0.154603214857254	0.350038291363055	0.751860924153387	0.934515020889278	FBXO30	FBXO30	FALSE	Not significant
ENSG00000007168.14	731.88104444587	0.0907031948483651	0.104234939256732	0.347173370620519	0.751860924153387	0.940086153591301	PAFAH1B1	PAFAH1B1	FALSE	Not significant
ENSG00000263781.3	220.62468569997	0.113414368588786	0.141143883373609	0.353167962575727	0.751860924153387	0.928462015304863	ENSG00000263781	ENSG00000263781	FALSE	Not significant
ENSG00000196712.20	511.782007860328	-0.0937972850188353	0.1103552622292	0.352733927605383	0.751860924153387	-0.929299435663845	NF1	NF1	FALSE	Not significant
ENSG00000267369.1	12.0631154240315	0.114903478505579	0.270867778944851	0.352751295359968	0.751860924153387	0.9292659140708	TAF5LP1	TAF5LP1	FALSE	Not significant
ENSG00000180329.14	46.8052655474974	-0.138713180252588	0.212992956779726	0.34774210644975	0.751860924153387	-0.93897787018812	CCDC43	CCDC43	FALSE	Not significant
ENSG00000108389.10	186.533537863038	0.117544541632727	0.150149351121754	0.353082284863	0.751860924153387	0.92862726897024	MTMR4	MTMR4	FALSE	Not significant
ENSG00000182628.13	80.6687570776995	-0.132337760158715	0.183640609773944	0.348382354746115	0.751860924153387	-0.937731610327041	SKA2	SKA2	FALSE	Not significant
ENSG00000180616.9	32.3667220556747	0.133538974265523	0.241948658281374	0.351718936493082	0.751860924153387	0.931260292507942	SSTR2	SSTR2	FALSE	Not significant
ENSG00000166685.13	114.759669794516	-0.124827622400713	0.16348987728765	0.348134355225337	0.751860924153387	-0.938214174899745	COG1	COG1	FALSE	Not significant
ENSG00000125450.11	92.1123394593829	0.129518256252184	0.177325353219493	0.35324738783807	0.751860924153387	0.928308843899793	NUP85	NUP85	FALSE	Not significant
ENSG00000132471.12	302.635807460466	0.113066264707036	0.14045684196636	0.351197157084697	0.751860924153387	0.932269710579041	WBP2	WBP2	FALSE	Not significant
ENSG00000240785.2	285.137009275404	-0.107776458844215	0.131804688326286	0.354900867936293	0.752923541366512	-0.925125042867816	RPL36AP21	RPL36AP21	FALSE	Not significant
ENSG00000145715.15	256.71013260988	-0.108364292396217	0.132136178790789	0.354247322650231	0.752923541366512	-0.926382331918931	RASA1	RASA1	FALSE	Not significant
ENSG00000124782.21	125.406221725893	0.123155322145751	0.162109372381039	0.35483884699631	0.752923541366512	0.925244295804841	RREB1	RREB1	FALSE	Not significant
ENSG00000206341.7	74.0710211116516	-0.131053334819019	0.186517888103204	0.355046774231496	0.752923541366512	-0.924844548290905	HLA-H	HLA-H	FALSE	Not significant
ENSG00000135597.19	82.5061109107238	-0.129370435329709	0.180102424920856	0.355131707149326	0.752923541366512	-0.924681304239227	REPS1	REPS1	FALSE	Not significant
ENSG00000214810.4	67.2371598622202	0.133166014400783	0.193048750727452	0.356382055376005	0.754397528436124	0.922280935969181	CYCSP55	CYCSP55	FALSE	Not significant
ENSG00000155111.15	161.395760022902	-0.116827349514687	0.149900572856748	0.356333041825424	0.754397528436124	-0.92237493012076	CDK19	CDK19	FALSE	Not significant
ENSG00000113212.7	10.55252461927	-0.107542993683927	0.272417247154403	0.35885948453208	0.758460403544474	-0.917540492219222	PCDHB7	PCDHB7	FALSE	Not significant
ENSG00000173801.17	45.3930878081731	0.134729117007555	0.223263389131004	0.358833631522224	0.758460403544474	0.917589854239383	JUP	JUP	FALSE	Not significant
ENSG00000198868.3	1432.18072552861	0.0850579354554169	0.100246251153372	0.360226794824801	0.758712707573332	0.914933018538538	MTND4LP30	MTND4LP30	FALSE	Not significant
ENSG00000185129.8	259.404656939181	0.106168759581841	0.131678076335153	0.359945339064346	0.758712707573332	0.915469248547797	PURA	PURA	FALSE	Not significant
ENSG00000113761.12	60.6338543231515	0.133172099047192	0.198392639570152	0.359662048730453	0.758712707573332	0.916009239736821	ZNF346	ZNF346	FALSE	Not significant
ENSG00000137275.16	206.42823818534	0.110971374742767	0.139638280189474	0.360457675809327	0.758712707573332	0.914493340022987	RIPK1	RIPK1	FALSE	Not significant
ENSG00000026652.15	73.9930718282077	-0.129227381709935	0.185237688254977	0.360639140050759	0.758712707573332	-0.91414789238913	AGPAT4	AGPAT4	FALSE	Not significant
ENSG00000141736.14	376.805187174034	0.0979160437295849	0.118269253239382	0.360653722658111	0.758712707573332	0.914120136684476	ERBB2	ERBB2	FALSE	Not significant
ENSG00000198478.8	35.7640542989515	-0.133248445832455	0.230076499066952	0.361015965503727	0.758887389202731	-0.913430890143385	SH3BGRL2	SH3BGRL2	FALSE	Not significant
ENSG00000248288.1	225.377221376516	0.108589746609587	0.135862113560576	0.362422083304594	0.760521479368871	0.910759543198261	ENSG00000248288	ENSG00000248288	FALSE	Not significant
ENSG00000141034.10	100.958372413131	0.128528851876001	0.185815227992741	0.362632758374561	0.760521479368871	0.910359861756811	GID4	GID4	FALSE	Not significant
ENSG00000229944.3	75.7156509169139	-0.130631696427999	0.193795126903802	0.36255336312725	0.760521479368871	-0.910510469082411	EIF4EP2	EIF4EP2	FALSE	Not significant
ENSG00000086200.17	98.3257433376785	-0.124243086222357	0.17457464529323	0.363970843157166	0.761882959748043	-0.907824705907286	IPO11	IPO11	FALSE	Not significant
ENSG00000161021.13	168.518856251105	0.113618196130188	0.146457082509131	0.364285654569484	0.761882959748043	0.90722910688059	MAML1	MAML1	FALSE	Not significant
ENSG00000014123.10	181.687614876053	-0.114569258265566	0.149869987822516	0.364403181630779	0.761882959748043	-0.907006837187886	UFL1	UFL1	FALSE	Not significant
ENSG00000141543.12	206.69725739314	0.110523433847687	0.139473193576785	0.364289054077046	0.761882959748043	0.907222677029698	EIF4A3	EIF4A3	FALSE	Not significant
ENSG00000219863.5	486.124466810027	0.102800314271862	0.129094336539581	0.365499302677864	0.763587321044146	0.904935983132086	RPL31P28	RPL31P28	FALSE	Not significant
ENSG00000250853.1	7.78699416039188	-0.0854396299994978	0.276364786159777	0.366687791939045	0.76438155823397	-0.902694997947773	RNF138P1	RNF138P1	FALSE	Not significant
ENSG00000247828.10	50.096903325315	-0.132068018982786	0.210287821253318	0.367345825267571	0.76438155823397	-0.901456174807362	TMEM161B-DT	TMEM161B-DT	FALSE	Not significant
ENSG00000069011.16	16.7756988231179	-0.107730214462668	0.269716442118623	0.369254225887124	0.76438155823397	-0.897871189611549	PITX1	PITX1	FALSE	Not significant
ENSG00000137210.14	104.596751525063	0.121831468365153	0.167139052238712	0.368202843632917	0.76438155823397	0.899844810691308	TMEM14B	TMEM14B	FALSE	Not significant
ENSG00000137171.15	74.8214237564732	-0.127329068166026	0.183499558671075	0.366507039296633	0.76438155823397	-0.903035528100254	KLC4	KLC4	FALSE	Not significant
ENSG00000031691.7	15.5279775884202	0.116080162649038	0.264280293757314	0.367921783683956	0.76438155823397	0.900373001376279	CENPQ	CENPQ	FALSE	Not significant
ENSG00000146425.11	152.727733655817	-0.114011485787108	0.149432275033904	0.367084475077138	0.76438155823397	-0.901948030777214	DYNLT1	DYNLT1	FALSE	Not significant
ENSG00000213066.14	49.3976630596482	-0.131683777771602	0.207154656892548	0.369032324355293	0.76438155823397	-0.898287444721411	CEP43	CEP43	FALSE	Not significant
ENSG00000173805.16	10.7288149299039	0.105224970313779	0.271946200552846	0.368160168121732	0.76438155823397	0.899924993811276	HAP1	HAP1	FALSE	Not significant
ENSG00000141756.20	1250.01518927698	-0.0820675027745214	0.0972730536972236	0.369226685035067	0.76438155823397	-0.897922843801313	FKBP10	FKBP10	FALSE	Not significant
ENSG00000271063.1	12.7126561547733	0.112914031251898	0.267407618532681	0.369184883576571	0.76438155823397	0.898001249020961	SNRPGP17	SNRPGP17	FALSE	Not significant
ENSG00000141564.16	127.935815529902	0.118419381487275	0.157519714670078	0.367470901472753	0.76438155823397	0.901220860968431	RPTOR	RPTOR	FALSE	Not significant
ENSG00000124733.5	152.476334390503	-0.113331066805824	0.150153634837949	0.369872795616252	0.765079344356904	-0.896711662846238	MEA1	MEA1	FALSE	Not significant
ENSG00000253953.3	43.7095373582597	-0.131233352331056	0.221768381435629	0.370593263504288	0.765986684566277	-0.895362643087857	PCDHGB4	PCDHGB4	FALSE	Not significant
ENSG00000232159.3	23.96957982398	-0.126705919620491	0.246371531749495	0.371744863509472	0.766618011395102	-0.893209739210629	RAB9BP1	RAB9BP1	FALSE	Not significant
ENSG00000137207.12	441.927838659845	0.0931377253228008	0.114373004375298	0.371280606568566	0.766618011395102	0.894077164008019	YIPF3	YIPF3	FALSE	Not significant
ENSG00000108423.15	9.59548571383919	-0.0882143337694237	0.274557934030592	0.371491215059663	0.766618011395102	-0.893683576538301	TUBD1	TUBD1	FALSE	Not significant
ENSG00000185127.7	323.751883415937	0.098297512853853	0.12213790615033	0.372888378714387	0.768231656936805	0.891076038511383	C6orf120	C6orf120	FALSE	Not significant
ENSG00000004142.12	286.138366072032	0.101128861101958	0.12722495963967	0.373092636922952	0.768231656936805	0.890695337267752	POLDIP2	POLDIP2	FALSE	Not significant
ENSG00000197744.5	898.490427960471	-0.0939012933979791	0.116933194419628	0.37417942243035	0.769670717058404	-0.888671927414554	PTMAP2	PTMAP2	FALSE	Not significant
ENSG00000137185.13	25.7307874277271	-0.128523857570048	0.242183823487472	0.374641044395978	0.769670717058404	-0.8878135659934	ZSCAN9	ZSCAN9	FALSE	Not significant
ENSG00000278259.5	64.1452659390902	0.127948457717192	0.191993297755282	0.374492190763544	0.769670717058404	0.88809027990228	MYO19	MYO19	FALSE	Not significant
ENSG00000108506.14	49.994616926492	0.129740028191346	0.207062494149623	0.375112423201769	0.77005707421632	0.886937736734412	INTS2	INTS2	FALSE	Not significant
ENSG00000039139.11	42.8749605869943	-0.126852296711368	0.229282707642419	0.378612487044785	0.770366782235919	-0.880455712160721	DNAH5	DNAH5	FALSE	Not significant
ENSG00000220157.4	1223.18712435707	0.0807039938427662	0.0977258606325721	0.378350489283445	0.770366782235919	0.880939642763428	HNRNPA1P12	HNRNPA1P12	FALSE	Not significant
ENSG00000214857.4	139.994410069421	0.112827974795176	0.152830129800319	0.379798192860976	0.770366782235919	0.878268192466704	SEM1P1	SEM1P1	FALSE	Not significant
ENSG00000094880.11	123.062909821002	-0.116507819515368	0.162587255050918	0.378974707791472	0.770366782235919	-0.87978700115887	CDC23	CDC23	FALSE	Not significant
ENSG00000218027.2	77.1328446857542	-0.12579171120771	0.191679167998848	0.376898377729548	0.770366782235919	-0.88362555776823	ENSG00000218027	ENSG00000218027	FALSE	Not significant
ENSG00000112308.14	429.358534477159	-0.0921374511470951	0.114772615668182	0.376877284766409	0.770366782235919	-0.88366461957413	C6orf62	C6orf62	FALSE	Not significant
ENSG00000284656.1	7.23321655037487	0.0923493406294206	0.275543540580656	0.379670759755136	0.770366782235919	0.87850309333517	ENSG00000284656	ENSG00000284656	FALSE	Not significant
ENSG00000130348.11	58.8648092339918	-0.127293958298972	0.201982656889798	0.37926760515122	0.770366782235919	-0.879246558534787	QRSL1	QRSL1	FALSE	Not significant
ENSG00000224987.1	18.4784835502532	0.120282504092411	0.255533051498343	0.378749353832281	0.770366782235919	0.880202990346481	ENSG00000224987	ENSG00000224987	FALSE	Not significant
ENSG00000233908.1	6.24516602765376	0.0810070772158826	0.277440677010592	0.37609075928672	0.770366782235919	0.885122140558385	ENSG00000233908	ENSG00000233908	FALSE	Not significant
ENSG00000270890.1	6.38414820041175	0.0848212549129091	0.276687401427184	0.379042258734669	0.770366782235919	0.87966233603587	ENSG00000270890	ENSG00000270890	FALSE	Not significant
ENSG00000235008.1	37.002917331128	0.128827038367684	0.22775625982983	0.37904538319955	0.770366782235919	0.879656570173326	ENSG00000235008	ENSG00000235008	FALSE	Not significant
ENSG00000170222.12	33.3006559056388	0.129671577118472	0.229941344473229	0.375727444453769	0.770366782235919	0.885796039407076	ADPRM	ADPRM	FALSE	Not significant
ENSG00000265646.2	258.970523446933	0.103071185621145	0.133885937041398	0.377425815126701	0.770366782235919	0.882649240723785	TUFMP1	TUFMP1	FALSE	Not significant
ENSG00000167524.17	7.2337925440176	0.0908974736817529	0.275687926127681	0.377869847319305	0.770366782235919	0.881827963350898	RSKR	RSKR	FALSE	Not significant
ENSG00000224877.4	50.7834321801737	-0.129722025438224	0.208872115316524	0.377843588883895	0.770366782235919	-0.881876514134004	NDUFAF8	NDUFAF8	FALSE	Not significant
ENSG00000170464.10	88.2154932149043	-0.121992168571287	0.178037737670158	0.380109064314926	0.770422398812803	-0.877695357963445	DNAJC18	DNAJC18	FALSE	Not significant
ENSG00000113558.19	80.0433828657116	0.123175271256937	0.182879816307317	0.381480711389135	0.771476617228919	0.87517129128494	SKP1	SKP1	FALSE	Not significant
ENSG00000266179.2	50.8444330225062	0.12815743220358	0.214727173179416	0.380920897921739	0.771476617228919	0.876200770162885	ENSG00000266179	ENSG00000266179	FALSE	Not significant
ENSG00000131470.15	9.7804454603163	0.101643080710969	0.271523633049547	0.381318424406989	0.771476617228919	0.875469636296397	PSMC3IP	PSMC3IP	FALSE	Not significant
ENSG00000172869.15	254.17713288133	0.100021907536639	0.129789133191602	0.382735778635188	0.773439290952	0.872866626747591	DMXL1	DMXL1	FALSE	Not significant
ENSG00000244361.1	390.650875115704	-0.0938272010310789	0.119029385132032	0.383871916811848	0.775158892938042	-0.870784341056202	RPL30P7	RPL30P7	FALSE	Not significant
ENSG00000113318.11	85.1903274494265	-0.121543061983852	0.182086121592212	0.385801187133875	0.776226370169661	-0.867257044174929	MSH3	MSH3	FALSE	Not significant
ENSG00000248616.1	13.9258898620521	0.111868273330645	0.26324784048172	0.385393209103809	0.776226370169661	0.868002052356244	ANKRD49P3	ANKRD49P3	FALSE	Not significant
ENSG00000048162.22	30.5649672321723	0.125294926670453	0.234069084496585	0.386651504125195	0.776226370169661	0.865705826299674	NOP16	NOP16	FALSE	Not significant
ENSG00000111846.20	7.77017505739532	0.0820362991619586	0.275618528169096	0.386685248421531	0.776226370169661	0.86564431016947	GCNT2	GCNT2	FALSE	Not significant
ENSG00000146109.5	51.0844600389462	0.126954298531029	0.204677856299319	0.38499572080584	0.776226370169661	0.86872836889395	ABT1	ABT1	FALSE	Not significant
ENSG00000112200.17	152.444313949499	-0.109232852141132	0.149412291378236	0.386385835478681	0.776226370169661	-0.866190256910486	ZNF451	ZNF451	FALSE	Not significant
ENSG00000236548.3	16.7326719291168	0.111991949115439	0.261115300038822	0.386563515977466	0.776226370169661	0.865866244828175	RNF217-AS1	RNF217-AS1	FALSE	Not significant
ENSG00000146872.19	143.204693490042	0.11030174367212	0.1510904417921	0.38514280367138	0.776226370169661	0.868459556093474	TLK2	TLK2	FALSE	Not significant
ENSG00000176087.16	202.055353703828	0.103878747353742	0.138772307703152	0.389791049722381	0.778990072627775	0.859996358703311	SLC35A4	SLC35A4	FALSE	Not significant
ENSG00000145996.11	39.4561885913618	-0.126143824467706	0.218234256198803	0.388929305332793	0.778990072627775	-0.8615606996784	CDKAL1	CDKAL1	FALSE	Not significant
ENSG00000137269.15	19.6880651956129	0.117606945282919	0.252770638101321	0.390641452903479	0.778990072627775	0.858454666096967	LRRC1	LRRC1	FALSE	Not significant
ENSG00000156535.15	790.972434304302	0.0829524485865405	0.104472613070593	0.390576551309414	0.778990072627775	0.858572254006327	CD109	CD109	FALSE	Not significant
ENSG00000108559.13	79.5231754625089	0.121656646732929	0.186727681856278	0.390524632279002	0.778990072627775	0.858666328814191	NUP88	NUP88	FALSE	Not significant
ENSG00000170175.11	22.787618360132	0.119927915736226	0.247862099476876	0.39018220914873	0.778990072627775	0.859286973650356	CHRNB1	CHRNB1	FALSE	Not significant
ENSG00000109118.14	163.157977252458	-0.109882592675176	0.149464258660748	0.388887348949513	0.778990072627775	-0.861636917719281	PHF12	PHF12	FALSE	Not significant
ENSG00000251550.1	10.3762888097697	0.101323686615789	0.269594493361764	0.390340947741875	0.778990072627775	0.858999217458987	ENSG00000251550	ENSG00000251550	FALSE	Not significant
ENSG00000178927.19	174.775794833783	-0.108455043080709	0.148532316391389	0.390221148375594	0.778990072627775	-0.859216379292824	CYBC1	CYBC1	FALSE	Not significant
ENSG00000203875.13	113.453817236585	-0.119168796996468	0.171815598753091	0.39135757465153	0.779845958873063	-0.857157992604335	SNHG5	SNHG5	FALSE	Not significant
ENSG00000250346.1	918.64753266714	-0.0818955029797065	0.103680589149594	0.392269516073969	0.780924310538884	-0.855508833837839	EEF1GP2	EEF1GP2	FALSE	Not significant
ENSG00000050748.18	183.490288893171	-0.105365064002231	0.143329288329581	0.392473365782235	0.780924310538884	-0.855140509280343	MAPK9	MAPK9	FALSE	Not significant
ENSG00000219222.1	15.1761446610301	-0.109621657448898	0.261034191942151	0.39299668302325	0.780967036996873	-0.854195487555971	RPL12P47	RPL12P47	FALSE	Not significant
ENSG00000198738.4	10.4789352382142	0.100580552343979	0.269250088536364	0.393069502064651	0.780967036996873	0.85406404923991	SMIM11P1	SMIM11P1	FALSE	Not significant
ENSG00000249669.12	76.4656641536008	0.120916911400735	0.186788826464643	0.393984424473352	0.78221305019618	0.852413870303727	CARMN	CARMN	FALSE	Not significant
ENSG00000176994.11	208.578663448778	-0.102682537973033	0.139743724332191	0.394659540267021	0.7829814820772	-0.85119769995797	SMCR8	SMCR8	FALSE	Not significant
ENSG00000164221.13	31.8164518493306	0.123380130312759	0.23039222338602	0.395928348279724	0.783782411234006	0.848915437208503	CCDC112	CCDC112	FALSE	Not significant
ENSG00000055208.20	337.371532132457	0.0970932504614577	0.129553205424999	0.395427411386144	0.783782411234006	0.849815966364789	TAB2	TAB2	FALSE	Not significant
ENSG00000217557.1	27.7778494582199	0.119427437950597	0.244272207810405	0.395878773773701	0.783782411234006	0.849004526094294	ENSG00000217557	ENSG00000217557	FALSE	Not significant
ENSG00000170296.10	38.6776748656853	0.123604732184151	0.223029747652561	0.397342628364334	0.786009653489272	0.846376707128329	GABARAP	GABARAP	FALSE	Not significant
ENSG00000249360.1	32.8494298896249	0.119822221879247	0.237017500494567	0.399066748128423	0.787700378658716	0.84328915234776	TOMM40P3	TOMM40P3	FALSE	Not significant
ENSG00000120725.13	194.655770960142	-0.102090477498856	0.139893878454767	0.3989406100551	0.787700378658716	-0.843514767777918	SIL1	SIL1	FALSE	Not significant
ENSG00000167693.17	323.44777987351	-0.0984646851651397	0.133131511230677	0.398785982241859	0.787700378658716	-0.843791399650068	NXN	NXN	FALSE	Not significant
ENSG00000204435.15	68.0581840024509	-0.120215557537559	0.19254344872596	0.399415071714912	0.787815794572664	-0.842666350133157	CSNK2B	CSNK2B	FALSE	Not significant
ENSG00000249215.1	375.540016838267	-0.0895673662054543	0.117434074838909	0.399795691694376	0.787994699075645	-0.841986175503925	NCOA4P4	NCOA4P4	FALSE	Not significant
ENSG00000204356.14	171.336823761024	-0.105185368655866	0.14687203675949	0.400608094947545	0.789023769614079	-0.840535697855104	NELFE	NELFE	FALSE	Not significant
ENSG00000164241.14	11.3147997117636	0.0980657898191227	0.268118557604946	0.403394020509007	0.793935516106792	0.835575030838144	C5orf63	C5orf63	FALSE	Not significant
ENSG00000130347.13	10.9545773103367	-0.0949477961682978	0.268627959710075	0.40429991357522	0.795142666495983	-0.833966407966164	RTN4IP1	RTN4IP1	FALSE	Not significant
ENSG00000044115.21	1576.00277354448	0.0768983751919488	0.0994702371100071	0.404824155520523	0.795598014970918	0.83303648012063	CTNNA1	CTNNA1	FALSE	Not significant
ENSG00000240376.1	3270.15842737475	-0.0801222170522625	0.0977249262297959	0.406933123737906	0.798432357732966	-0.829302734857739	ENSG00000240376	ENSG00000240376	FALSE	Not significant
ENSG00000010704.19	84.8100244140609	-0.118315409492673	0.199276990136524	0.408011349085692	0.798432357732966	-0.827398290711591	HFE	HFE	FALSE	Not significant
ENSG00000122194.20	17.5348331820035	0.110280006339091	0.255188937559336	0.408028898046758	0.798432357732966	0.827367319216903	PLG	PLG	FALSE	Not significant
ENSG00000070444.15	164.2328973822	0.104507183074537	0.149059286540217	0.40730564522401	0.798432357732966	0.828644419113343	MNT	MNT	FALSE	Not significant
ENSG00000180787.6	21.7241554463723	0.115169496760266	0.246794921076584	0.407613301668706	0.798432357732966	0.82810100278135	ZFP3	ZFP3	FALSE	Not significant
ENSG00000264920.4	10.0347149259706	0.0941979232791994	0.26911576491747	0.407905505229778	0.798432357732966	0.827585107343878	SP2-DT	SP2-DT	FALSE	Not significant
ENSG00000185250.16	9.85825974645604	0.0920645348394925	0.270000844354272	0.408830328268607	0.799425059161204	0.825953750052033	PPIL6	PPIL6	FALSE	Not significant
ENSG00000132842.15	379.105748128878	0.0887919641476298	0.11941796193441	0.410934608832702	0.800780903465963	0.822250032224307	AP3B1	AP3B1	FALSE	Not significant
ENSG00000230929.5	124.317991789212	0.108266667058223	0.159415736386998	0.410949332060374	0.800780903465963	0.822224157809546	ENSG00000230929	ENSG00000230929	FALSE	Not significant
ENSG00000175414.7	113.524041714561	-0.113490831746609	0.176954708299573	0.409877847681131	0.800780903465963	-0.82410861121085	ARL10	ARL10	FALSE	Not significant
ENSG00000266736.1	25.8801844356849	-0.11591812874676	0.239799175442921	0.410843013217586	0.800780903465963	-0.822411013570813	GTF2IP6	GTF2IP6	FALSE	Not significant
ENSG00000136444.10	84.6634662224048	-0.113914545769137	0.17858681779536	0.410996821315312	0.800780903465963	-0.822140704542305	RSAD1	RSAD1	FALSE	Not significant
ENSG00000219163.2	69.8055346946477	-0.116551231409858	0.189016239130253	0.411388404885284	0.800926078167573	-0.82145278955908	HMGB1P20	HMGB1P20	FALSE	Not significant
ENSG00000161692.18	18.404141379201	-0.111186959638843	0.252061095857345	0.411660681089072	0.800926078167573	-0.820974696992348	DBF4B	DBF4B	FALSE	Not significant
ENSG00000164615.6	205.721011345816	0.101363216110452	0.143876720322101	0.411964661726658	0.800944170653117	0.820441155888185	CAMLG	CAMLG	FALSE	Not significant
ENSG00000085231.14	46.5878883884216	0.119887536623214	0.209092275193478	0.413097020445444	0.801080696102744	0.818455712827008	AK6	AK6	FALSE	Not significant
ENSG00000113648.17	320.135351282324	0.0906428175256866	0.124234174756206	0.413492764183087	0.801080696102744	0.817762588404427	MACROH2A1	MACROH2A1	FALSE	Not significant
ENSG00000216854.2	626.237859216093	-0.0825406349648922	0.110740655807268	0.41254191339846	0.801080696102744	-0.819428616884922	RPL17P26	RPL17P26	FALSE	Not significant
ENSG00000167302.11	39.7889820194598	0.119666508822809	0.216101755962191	0.413012560381825	0.801080696102744	0.818603691119729	TEPSIN	TEPSIN	FALSE	Not significant
ENSG00000169718.18	112.063153347427	0.109866741630078	0.167981853907137	0.413508541807266	0.801080696102744	0.81773496286662	DUS1L	DUS1L	FALSE	Not significant
ENSG00000131759.18	136.023416705741	-0.104259363553893	0.153193737924265	0.4144057966936	0.801105942683646	-0.816164956456815	RARA	RARA	FALSE	Not significant
ENSG00000263503.1	10.1998993823784	-0.0950557635973078	0.267992009991009	0.41398614510691	0.801105942683646	-0.8168990073848	MAPK8IP1P2	MAPK8IP1P2	FALSE	Not significant
ENSG00000236319.2	82.7984709384231	-0.112590917373174	0.176929971581212	0.41433741648883	0.801105942683646	-0.816284536522175	ENSG00000236319	ENSG00000236319	FALSE	Not significant
ENSG00000113555.6	6.93743619226483	-0.0833332476831447	0.273191674913141	0.41477440550353	0.801248638350102	-0.815520551718632	PCDH12	PCDH12	FALSE	Not significant
ENSG00000262135.1	27.3556171101439	-0.11657465416278	0.234928724445653	0.415193854492259	0.801489273089461	-0.814787679474748	GARS1P1	GARS1P1	FALSE	Not significant
ENSG00000262879.7	175.921737135633	-0.107100324202996	0.161659417601218	0.415706270930072	0.801908903043248	-0.813892965492905	ENSG00000262879	ENSG00000262879	FALSE	Not significant
ENSG00000188725.8	163.435960647158	0.103370558882621	0.150899303628968	0.417668398137053	0.802844912402058	0.810472962943188	SMIM15	SMIM15	FALSE	Not significant
ENSG00000248489.4	10.0550225316334	-0.0858152108006707	0.270137833557922	0.416934518910236	0.802844912402058	-0.811751008366135	CHD1-DT	CHD1-DT	FALSE	Not significant
ENSG00000283498.1	281.873459893429	0.0961374559294307	0.139679586642862	0.416602398136554	0.802844912402058	0.812329830281578	MIR1244-2	MIR1244-2	FALSE	Not significant
ENSG00000213386.3	21.2456045130586	0.112391524720623	0.246836997304338	0.417090495380799	0.802844912402058	0.811479265551352	ENSG00000213386	ENSG00000213386	FALSE	Not significant
ENSG00000141456.16	170.498345417012	-0.0999170873435669	0.143939478032247	0.417651564528418	0.802844912402058	-0.810502263714501	PELP1	PELP1	FALSE	Not significant
ENSG00000242123.1	9.31584420275607	-0.0861091649012013	0.270507891424917	0.418104347203885	0.803114922756296	-0.809714387195122	RPL36AP47	RPL36AP47	FALSE	Not significant
ENSG00000198939.8	8.07760361017914	-0.0866963394105877	0.270851532333303	0.419397314177508	0.8050295903492	-0.807467287066024	ZFP2	ZFP2	FALSE	Not significant
ENSG00000213430.6	412.309020341215	-0.086278749982454	0.118520157287275	0.42023110537171	0.806060793507627	-0.806020367426962	HSPD1P1	HSPD1P1	FALSE	Not significant
ENSG00000137409.21	864.183480556237	-0.0773058052584176	0.103684900501691	0.420543252348037	0.806090662822259	-0.805479117125996	MTCH1	MTCH1	FALSE	Not significant
ENSG00000184084.7	7.19742905132711	-0.0826395774154185	0.272942561540384	0.421443082764514	0.806151290596069	-0.803920166085137	ENSG00000184084	ENSG00000184084	FALSE	Not significant
ENSG00000164430.17	11.8591620404911	0.0929937353086973	0.26615554008119	0.421024864390931	0.806151290596069	0.804644483786674	CGAS	CGAS	FALSE	Not significant
ENSG00000013392.8	49.3603490156099	-0.11737821179991	0.206566184986393	0.421464674001845	0.806151290596069	-0.803882783397625	RWDD2A	RWDD2A	FALSE	Not significant
ENSG00000157111.13	8.58929467494328	0.0867499898916849	0.270511048249449	0.422954214074739	0.807296035010633	0.801306525452762	TMEM171	TMEM171	FALSE	Not significant
ENSG00000235559.1	30.5113236985553	0.114690403120003	0.232114930135889	0.422680941993513	0.807296035010633	0.801778768884095	NOP56P1	NOP56P1	FALSE	Not significant
ENSG00000175931.13	103.31679176505	0.10908616484548	0.167235434971027	0.422590567307134	0.807296035010633	0.801934985372117	UBE2O	UBE2O	FALSE	Not significant
ENSG00000243538.1	6.94473003612582	0.0657704871620526	0.274635715583283	0.423702274969236	0.807540805477168	0.80001470917536	RPS26P28	RPS26P28	FALSE	Not significant
ENSG00000236603.2	440.481820614225	0.0868127651641719	0.120439355404637	0.423973778298719	0.807540805477168	0.799546183857795	RANP1	RANP1	FALSE	Not significant
ENSG00000109083.14	68.1154038945088	-0.113268741216448	0.188601309049756	0.423448063584387	0.807540805477168	-0.800453553542193	IFT20	IFT20	FALSE	Not significant
ENSG00000216754.2	35.996980551882	-0.113868649382066	0.229262875935065	0.424757468222071	0.808466945817639	-0.798194776469285	RPL6P17	RPL6P17	FALSE	Not significant
ENSG00000057663.16	116.76213180423	0.104844613971576	0.159527679463854	0.425414538727196	0.808680358391861	0.797062836128544	ATG5	ATG5	FALSE	Not significant
ENSG00000112357.14	19.2884158157739	-0.105963168055268	0.251530817608256	0.425464647719044	0.808680358391861	-0.796976554903468	PEX7	PEX7	FALSE	Not significant
ENSG00000145736.15	8.86764261733352	0.0870974795784397	0.269704638911994	0.425958600972133	0.809053443355876	0.796126348324085	GTF2H2	GTF2H2	FALSE	Not significant
ENSG00000213896.4	59.1222399363895	0.114167193906485	0.198587257540336	0.427826289750729	0.809207971845847	0.792916815136921	RPL31P8	RPL31P8	FALSE	Not significant
ENSG00000120733.15	391.971505548749	0.0861217442134772	0.12039071237584	0.427805620589451	0.809207971845847	0.792952289375203	KDM3B	KDM3B	FALSE	Not significant
ENSG00000249129.1	36.3458837285272	-0.113758004706577	0.226131998289323	0.427781594412161	0.809207971845847	-0.79299352647474	SUDS3P1	SUDS3P1	FALSE	Not significant
ENSG00000111907.21	42.7431719015656	-0.113851704232873	0.225651631699228	0.426479504598168	0.809207971845847	-0.795230376972189	TPD52L1	TPD52L1	FALSE	Not significant
ENSG00000261868.1	127.693246723425	-0.10388457099	0.159060668919282	0.427352329536701	0.809207971845847	-0.793730518568206	MFSD1P1	MFSD1P1	FALSE	Not significant
ENSG00000181045.15	64.3853589335904	-0.113953736979904	0.193360339412478	0.427816817243964	0.809207971845847	-0.792933072564953	SLC26A11	SLC26A11	FALSE	Not significant
ENSG00000146007.11	250.428103289712	-0.0904188443277052	0.129901929225252	0.429550868604874	0.811904910200312	-0.789960445860103	ZMAT2	ZMAT2	FALSE	Not significant
ENSG00000265262.1	57.7993099337672	0.114153457016299	0.196869562767826	0.429997856205955	0.812184970929664	0.789195321154006	TRMT112P3	TRMT112P3	FALSE	Not significant
ENSG00000164211.13	61.0665139975978	-0.112512849592625	0.202459396101966	0.430855202345289	0.812306594049784	-0.787729062306549	STARD4	STARD4	FALSE	Not significant
ENSG00000213661.3	538.38456317735	-0.0851897983943326	0.119851645538369	0.432717292270288	0.812306594049784	-0.784550278170371	ENSG00000213661	ENSG00000213661	FALSE	Not significant
ENSG00000253213.1	51.0513856265405	0.113047174403975	0.215043088927601	0.433050866364289	0.812306594049784	0.783981669226813	USP12P1	USP12P1	FALSE	Not significant
ENSG00000204590.13	402.375936132942	-0.0856306411033208	0.12143606487624	0.432921224720836	0.812306594049784	-0.78420262568416	GNL1	GNL1	FALSE	Not significant
ENSG00000228285.2	53.5501590699394	0.113657832571857	0.199558118243511	0.433037845296462	0.812306594049784	0.784003860127547	LYPLA2P1	LYPLA2P1	FALSE	Not significant
ENSG00000177370.5	68.2675595999466	-0.113110086100496	0.194510957638958	0.430861327450885	0.812306594049784	-0.787718593063099	TIMM22	TIMM22	FALSE	Not significant
ENSG00000230865.1	13.2955615784141	-0.0980026385110375	0.260313771709422	0.431899902512446	0.812306594049784	-0.785944670819789	TSEN15P1	TSEN15P1	FALSE	Not significant
ENSG00000291063.1	741.923272180442	0.0836474037746068	0.117656288925923	0.433049548849468	0.812306594049784	0.78398391455818	ENSG00000291063	ENSG00000291063	FALSE	Not significant
ENSG00000262902.1	20474.7418419847	0.0766290301019703	0.101470038593466	0.431751513619428	0.812306594049784	0.786197972679305	MTCO1P40	MTCO1P40	FALSE	Not significant
ENSG00000266714.11	26.2951677846245	0.11185243507309	0.238438647585036	0.431262138779209	0.812306594049784	0.7870336999603	MYO15B	MYO15B	FALSE	Not significant
ENSG00000169710.9	312.11336893039	0.0985495963809745	0.149306303328455	0.43336633819177	0.812337729107056	0.783444150444637	FASN	FASN	FALSE	Not significant
ENSG00000146223.16	436.776640595552	0.081393641642565	0.114795428178987	0.434333560137769	0.812469797972785	0.781797551681072	RPL7L1	RPL7L1	FALSE	Not significant
ENSG00000060303.5	218.568386515371	0.0925559759884573	0.137140806346472	0.434228794202032	0.812469797972785	0.781975802814794	RPS17P5	RPS17P5	FALSE	Not significant
ENSG00000255389.1	8.04861106063473	0.0837477116476673	0.270402450911432	0.433854433345687	0.812469797972785	0.782612951978713	ENSG00000255389	ENSG00000255389	FALSE	Not significant
ENSG00000266962.3	9.85690299886286	0.0891450848501149	0.266908735030564	0.43480405589909	0.812790525401463	0.780997345597061	HSD17B1-AS1	HSD17B1-AS1	FALSE	Not significant
ENSG00000240412.1	6.4607806556862	0.0771114265772993	0.272548341233755	0.436311741638766	0.813705753902385	0.778436476881267	RPL5P15	RPL5P15	FALSE	Not significant
ENSG00000164309.15	110.846280132353	-0.105903144113315	0.17172380526619	0.436331968937478	0.813705753902385	-0.778402154667313	CMYA5	CMYA5	FALSE	Not significant
ENSG00000253846.3	109.182945502301	-0.103246492782669	0.163404723204442	0.436427516115428	0.813705753902385	-0.778240040089799	PCDHGA10	PCDHGA10	FALSE	Not significant
ENSG00000087111.22	225.875803908163	0.0919304111788833	0.134621290136238	0.436491166000617	0.813705753902385	0.778132056892216	PIGS	PIGS	FALSE	Not significant
ENSG00000270612.1	31.2400272684963	0.111262946593971	0.229730164519823	0.438175855006904	0.814858699599866	0.775277240517948	ENSG00000270612	ENSG00000270612	FALSE	Not significant
ENSG00000224936.1	100.28540644913	-0.106025394503142	0.173739587312748	0.43824271997862	0.814858699599866	-0.775164063839817	SUCLA2P1	SUCLA2P1	FALSE	Not significant
ENSG00000218363.1	16.9386574801453	-0.10033472090933	0.25466021541654	0.438308836944446	0.814858699599866	-0.775052163010155	SLC25A20P1	SLC25A20P1	FALSE	Not significant
ENSG00000264168.2	36.0703952164219	-0.112296485205376	0.220058380359923	0.437553401423613	0.814858699599866	-0.776331291988456	MTND1P15	MTND1P15	FALSE	Not significant
ENSG00000285967.1	38.2787689441853	-0.111604213968247	0.218401386170029	0.439860288063423	0.815612375738034	-0.772429160986303	NIPBL-DT	NIPBL-DT	FALSE	Not significant
ENSG00000250859.1	1041.20567985726	0.0719916130986992	0.0999277930452254	0.439837011601486	0.815612375738034	0.772468474667227	HNRNPKP1	HNRNPKP1	FALSE	Not significant
ENSG00000168246.6	145.068776579461	-0.0975955496864272	0.150151137735515	0.440214626640065	0.815612375738034	-0.771830834473722	UBTD2	UBTD2	FALSE	Not significant
ENSG00000137414.7	355.462926496887	0.0864106901307417	0.127445553980021	0.440001489359839	0.815612375738034	0.772190699175739	FAM8A1	FAM8A1	FALSE	Not significant
ENSG00000135525.19	8.43341055328963	-0.0809351590521489	0.270017807874254	0.439031954801518	0.815612375738034	-0.773828942181605	MAP7	MAP7	FALSE	Not significant
ENSG00000006695.12	37.0450467956046	0.11206900699945	0.218675893870294	0.440622313882978	0.815811613851454	0.771142766507441	COX10	COX10	FALSE	Not significant
ENSG00000124541.7	95.7018381661109	-0.104839949903955	0.17478769068195	0.441725032235614	0.816185341683481	-0.769283496565695	RRP36	RRP36	FALSE	Not significant
ENSG00000112159.13	284.087716208231	0.0901105431724889	0.133590977674665	0.44131497330582	0.816185341683481	0.769974577310178	MDN1	MDN1	FALSE	Not significant
ENSG00000132522.16	10.1969988037594	0.0879240457722822	0.266424447267767	0.441491339189779	0.816185341683481	0.769677299209969	GPS2	GPS2	FALSE	Not significant
ENSG00000164300.17	130.471423730661	-0.100831081967626	0.160192524171074	0.442704590794359	0.816884642076759	-0.767634111375128	SERINC5	SERINC5	FALSE	Not significant
ENSG00000219758.6	205.732202544582	-0.0942118046414669	0.143920561537157	0.442624987846652	0.816884642076759	-0.767768069193031	ENSG00000219758	ENSG00000219758	FALSE	Not significant
ENSG00000108298.12	3284.73386365427	-0.0752673015542965	0.103767284857732	0.443206052727845	0.817255123008333	-0.76679055524318	RPL19	RPL19	FALSE	Not significant
ENSG00000152413.15	25.3913351182413	-0.105175605988005	0.24141787547632	0.444312893388097	0.817631986613979	-0.76493056300392	HOMER1	HOMER1	FALSE	Not significant
ENSG00000254122.3	194.058880700404	-0.100078264009195	0.152975701276287	0.444227853838641	0.817631986613979	-0.765073373963523	PCDHGB7	PCDHGB7	FALSE	Not significant
ENSG00000214641.3	118.930058359122	-0.102798661408564	0.166491310585061	0.443878839646523	0.817631986613979	-0.765659653614161	ENSG00000214641	ENSG00000214641	FALSE	Not significant
ENSG00000127184.13	437.50322503474	-0.0826756980332502	0.119730047752257	0.444720981682788	0.817829247776601	-0.764245457851844	COX7C	COX7C	FALSE	Not significant
ENSG00000280009.1	13.2700489621875	0.0945109052576295	0.259442411920002	0.448337624828245	0.818389297705285	0.758189368573589	ENSG00000280009	ENSG00000280009	FALSE	Not significant
ENSG00000271585.1	14.9370405091456	-0.0959041572057031	0.256734059470717	0.446882916395495	0.818389297705285	-0.760621931535489	SELENOTP2	SELENOTP2	FALSE	Not significant
ENSG00000253159.3	170.115627300253	-0.0980404637691441	0.153969136069277	0.445954038551235	0.818389297705285	-0.762177557695941	PCDHGA12	PCDHGA12	FALSE	Not significant
ENSG00000048140.18	178.343732434411	0.0938357878304053	0.144028587517917	0.448165427556774	0.818389297705285	0.758477082518973	TSPAN17	TSPAN17	FALSE	Not significant
ENSG00000204394.13	202.0573463233	0.0929153288668243	0.141313500044193	0.447680182393544	0.818389297705285	0.759288187137658	VARS1	VARS1	FALSE	Not significant
ENSG00000198719.9	43.5006992643306	-0.108739221579013	0.222331869906321	0.447461751996822	0.818389297705285	-0.759653464417478	DLL1	DLL1	FALSE	Not significant
ENSG00000262519.1	330.429014928641	0.0882052793266541	0.132345490559169	0.44746627038544	0.818389297705285	0.759645907369724	TXNP4	TXNP4	FALSE	Not significant
ENSG00000180340.7	429.145467746106	0.079798244241922	0.115803397373725	0.447403129829598	0.818389297705285	0.7597515144804	FZD2	FZD2	FALSE	Not significant
ENSG00000015532.10	124.792535282215	0.0989587418147602	0.157386677058256	0.448156995687096	0.818389297705285	0.758491172429482	XYLT2	XYLT2	FALSE	Not significant
ENSG00000153944.12	131.551830392733	-0.0985872062473554	0.156753690485404	0.448168883553574	0.818389297705285	-0.758471307486786	MSI2	MSI2	FALSE	Not significant
ENSG00000108395.14	166.834290861586	-0.0957297313949218	0.147821083602591	0.445518065222735	0.818389297705285	-0.762908334660135	TRIM37	TRIM37	FALSE	Not significant
ENSG00000267203.1	52.2517833688515	0.109296144201255	0.207813428933098	0.449061330871297	0.819160199535694	0.756980857609699	SNRPGP4	SNRPGP4	FALSE	Not significant
ENSG00000248493.1	15.9359593795968	0.0936679546758321	0.257719695982057	0.450465664543807	0.820548559641332	0.754638919870332	ENSG00000248493	ENSG00000248493	FALSE	Not significant
ENSG00000124635.9	8.13493512756759	-0.0788328916469282	0.269162234987465	0.450769982379195	0.820548559641332	-0.754131969695995	H2BC11	H2BC11	FALSE	Not significant
ENSG00000279207.1	26.5931497425824	-0.104745524760856	0.238507423328295	0.451030002981659	0.820548559641332	-0.753698965901846	ENSG00000279207	ENSG00000279207	FALSE	Not significant
ENSG00000132478.10	69.4340123768939	-0.106408992695047	0.186944910105239	0.450664823230555	0.820548559641332	-0.754307127940751	UNK	UNK	FALSE	Not significant
ENSG00000120727.13	155.918330111479	0.0934466402726797	0.14838593245511	0.452214531166383	0.821966877350625	0.751728194917494	PAIP2	PAIP2	FALSE	Not significant
ENSG00000161654.10	171.032179084269	0.0922526690419006	0.143901184464491	0.452414440219476	0.821966877350625	0.751395882138068	LSM12	LSM12	FALSE	Not significant
ENSG00000251552.1	11.6739891184347	0.0904072451322721	0.261410277641741	0.452950347459172	0.822036884245699	0.750505441978931	COQ10BP2	COQ10BP2	FALSE	Not significant
ENSG00000244234.3	41.38781554787	0.10906551823209	0.211835871040393	0.45316141045456	0.822036884245699	0.750154912191829	GMCL2	GMCL2	FALSE	Not significant
ENSG00000213536.2	53.9167897028147	0.10783741544715	0.200140405540627	0.453360297823511	0.822036884245699	0.749824687804826	GNG5P1	GNG5P1	FALSE	Not significant
ENSG00000089685.15	11.7326296337791	0.0888547771124094	0.262464578036407	0.454886756153515	0.824254802150169	0.747292935047746	BIRC5	BIRC5	FALSE	Not significant
ENSG00000124784.9	62.7344364041667	0.106326317804629	0.189454908826134	0.455252134635037	0.82436728976551	0.746687636166398	RIOK1	RIOK1	FALSE	Not significant
ENSG00000112996.11	102.776935140426	-0.101717404154427	0.173253118608096	0.457014535234121	0.82449468984103	-0.743771813384455	MRPS30	MRPS30	FALSE	Not significant
ENSG00000152359.15	16.4797744022213	-0.0928061947121246	0.256010773575621	0.45589917446885	0.82449468984103	-0.745616397757598	POC5	POC5	FALSE	Not significant
ENSG00000113712.19	595.427936591423	-0.075299575702458	0.110457232644139	0.456012777701162	0.82449468984103	-0.74542840468054	CSNK1A1	CSNK1A1	FALSE	Not significant
ENSG00000253480.1	24.9414881918245	-0.101967666843311	0.240855031681937	0.456838306064881	0.82449468984103	-0.744063092855747	ENSG00000253480	ENSG00000253480	FALSE	Not significant
ENSG00000120256.11	18.5061422027575	-0.0974424598808412	0.251230288259628	0.456360350388207	0.82449468984103	-0.744853397427634	LRP11	LRP11	FALSE	Not significant
ENSG00000186834.4	191.405104892426	0.0989921526586727	0.15957573791224	0.457142567178231	0.82449468984103	0.743560236018564	HEXIM1	HEXIM1	FALSE	Not significant
ENSG00000248626.1	992.031974599474	-0.0782358368216191	0.117934240870948	0.457593129413081	0.824671995761604	-0.742815930316631	GAPDHP40	GAPDHP40	FALSE	Not significant
ENSG00000066651.20	48.5233427516575	-0.106524755704698	0.208236086128699	0.457847697426145	0.824671995761604	-0.742395578906798	TRMT11	TRMT11	FALSE	Not significant
ENSG00000291079.1	17.4193631232995	-0.0970467436761532	0.250388958572301	0.460762398390936	0.826220203133541	-0.737592032722763	ENSG00000291079	ENSG00000291079	FALSE	Not significant
ENSG00000248587.8	17.4634193391889	0.0970777957816677	0.251079506329491	0.460434632833588	0.826220203133541	0.738131353153673	GDNF-AS1	GDNF-AS1	FALSE	Not significant
ENSG00000047188.16	146.749512649491	0.0932554397054431	0.151038525054965	0.459692585310865	0.826220203133541	0.739353146145821	YTHDC2	YTHDC2	FALSE	Not significant
ENSG00000131503.21	7.49291151490968	0.0779705350184153	0.269031343680308	0.460128272066301	0.826220203133541	0.738635647359637	ANKHD1	ANKHD1	FALSE	Not significant
ENSG00000204463.14	626.807422679391	-0.0751442057831114	0.111386682545489	0.460204225653166	0.826220203133541	-0.738510604202029	BAG6	BAG6	FALSE	Not significant
ENSG00000271268.1	39.5801141775905	0.107341028538967	0.213741946784532	0.459397633509589	0.826220203133541	0.739839095556669	ENSG00000271268	ENSG00000271268	FALSE	Not significant
ENSG00000189159.16	96.0399981067189	0.100580365724848	0.170023388894502	0.46083510962121	0.826220203133541	0.737472419416469	JPT1	JPT1	FALSE	Not significant
ENSG00000180822.12	25.7763129564778	0.103571993989557	0.234750295319088	0.462013530271963	0.826697021250292	0.73553533199839	PSMG4	PSMG4	FALSE	Not significant
ENSG00000183137.16	61.2137081988557	-0.104865247382952	0.197466721296826	0.461952145097976	0.826697021250292	-0.735636168750243	CEP57L1	CEP57L1	FALSE	Not significant
ENSG00000271607.1	13.7789279885414	0.0914756370351072	0.257885041314381	0.462001228418798	0.826697021250292	0.735555539518372	RBISP4	RBISP4	FALSE	Not significant
ENSG00000219682.4	84.3224166520392	0.102135826567749	0.176253857894207	0.462918297824899	0.827771008873734	0.734049946563852	ENSG00000219682	ENSG00000219682	FALSE	Not significant
ENSG00000226068.1	249.843678225436	0.0884796551454393	0.139680545379895	0.463271386754877	0.827857744378538	0.733470708579438	HNRNPA3P4	HNRNPA3P4	FALSE	Not significant
ENSG00000113595.15	89.6598593395373	0.100824678696536	0.174886051481084	0.465348474183098	0.82884479215574	0.730068239065381	TRIM23	TRIM23	FALSE	Not significant
ENSG00000124562.10	138.068933749328	-0.0938717280545456	0.155611259073006	0.464705273793324	0.82884479215574	-0.73112095839378	SNRPC	SNRPC	FALSE	Not significant
ENSG00000219790.3	22.4150957148208	0.100160883113056	0.241918576856989	0.465134752784549	0.82884479215574	0.730417944831466	OSTCP6	OSTCP6	FALSE	Not significant
ENSG00000178082.6	252.681724474399	-0.088027536309117	0.141566519623245	0.46491147624124	0.82884479215574	-0.730783380819016	TWF1P1	TWF1P1	FALSE	Not significant
ENSG00000068097.16	95.52743736016	-0.0996496553212731	0.172527977814056	0.46437627480548	0.82884479215574	-0.731659740888349	HEATR6	HEATR6	FALSE	Not significant
ENSG00000124787.14	10.9535555134928	0.0855258928207004	0.262905843501347	0.466023168139876	0.829502927966066	0.728964843304459	RPP40	RPP40	FALSE	Not significant
ENSG00000081059.20	10.3334958587296	-0.0830826041656427	0.263983142163097	0.466828601021104	0.8303927601933	-0.727648797821884	TCF7	TCF7	FALSE	Not significant
ENSG00000251435.1	40.3311841872805	0.10495599497159	0.214100860659618	0.467905698203937	0.830677784270608	0.72589083047753	C1GALT1P2	C1GALT1P2	FALSE	Not significant
ENSG00000065060.18	74.5064447540798	-0.102148592255959	0.18682119864717	0.467409592093164	0.830677784270608	-0.726700263324198	BLTP3A	BLTP3A	FALSE	Not significant
ENSG00000231096.1	56.4816619692195	-0.104009234428491	0.196516606162427	0.467707471728849	0.830677784270608	-0.726214194169349	NDUFB4P3	NDUFB4P3	FALSE	Not significant
ENSG00000108785.7	9.29937639216769	-0.0810227194327987	0.265229909898696	0.469198894718718	0.832429892849527	-0.723783118828918	HSD17B1P1	HSD17B1P1	FALSE	Not significant
ENSG00000146021.15	15.3583997831989	-0.0929167690097778	0.252947330058739	0.470675468925213	0.834504843143332	-0.721380454242035	KLHL3	KLHL3	FALSE	Not significant
ENSG00000049883.15	70.3686655157433	-0.101825015851807	0.18902866441744	0.471588460918113	0.835034160765753	-0.719896925865001	PTCD2	PTCD2	FALSE	Not significant
ENSG00000185379.21	60.4968478461748	-0.103300367400643	0.193838678346635	0.471346453763926	0.835034160765753	-0.720290010893441	RAD51D	RAD51D	FALSE	Not significant
ENSG00000037241.7	59.8025353305457	0.103258361989816	0.192747288052196	0.472067105235528	0.835337494811305	0.719119805476805	RPL26L1	RPL26L1	FALSE	Not significant
ENSG00000220748.2	16.6572745475516	-0.0904024021073767	0.253814832711915	0.472886749714388	0.8356997306396	-0.71779004938664	ENSG00000220748	ENSG00000220748	FALSE	Not significant
ENSG00000167258.16	246.128574202192	-0.0836169841045757	0.13203235459675	0.472616047853512	0.8356997306396	-0.718229084017777	CDK12	CDK12	FALSE	Not significant
ENSG00000058729.11	72.3029281960531	-0.0994871702195632	0.182302243462549	0.475544935882593	0.83684092114288	-0.71348622207895	RIOK2	RIOK2	FALSE	Not significant
ENSG00000054598.9	99.6575728339477	-0.0957312581221143	0.166710016852947	0.475995608567657	0.83684092114288	-0.712757855687204	FOXC1	FOXC1	FALSE	Not significant
ENSG00000221821.4	9.03703675930694	-0.075400336595746	0.267052668387132	0.475254019736414	0.83684092114288	-0.713956594868615	C6orf226	C6orf226	FALSE	Not significant
ENSG00000217824.1	37.7564851494325	0.101890756646852	0.220804653847878	0.475935379859781	0.83684092114288	0.712855173985326	SNRPEP6	SNRPEP6	FALSE	Not significant
ENSG00000213977.8	30.8338037686767	-0.102331167712501	0.226220908965064	0.475013221740434	0.83684092114288	-0.714346052780798	TAX1BP3	TAX1BP3	FALSE	Not significant
ENSG00000166582.11	15.6756066227267	-0.0910815825933736	0.252952693091251	0.475685138329226	0.83684092114288	-0.713259589699578	CENPV	CENPV	FALSE	Not significant
ENSG00000189343.7	3949.52427087372	-0.0753321324364249	0.100174068649673	0.47563866862048	0.83684092114288	-0.713334702308329	RPS2P46	RPS2P46	FALSE	Not significant
ENSG00000214832.5	39.0254131764936	-0.102802574345445	0.216259849246026	0.474468888859752	0.83684092114288	-0.715226836562355	UPF3AP2	UPF3AP2	FALSE	Not significant
ENSG00000172239.14	199.55576060946	-0.0850944834457903	0.137721626829971	0.476799506589958	0.83747865576051	-0.711459552807016	PAIP1	PAIP1	FALSE	Not significant
ENSG00000112242.16	69.2348507392352	-0.101431437515299	0.192675652993168	0.476974598645058	0.83747865576051	-0.711176936536869	E2F3	E2F3	FALSE	Not significant
ENSG00000113048.19	222.334670141932	-0.0843183216586688	0.136901104452727	0.479631164195915	0.838463748319501	-0.70689591267805	MRPS27	MRPS27	FALSE	Not significant
ENSG00000249977.1	6.72652421960303	0.0658487161817289	0.271181358279521	0.480310286515393	0.838463748319501	0.705803594350531	ENSG00000249977	ENSG00000249977	FALSE	Not significant
ENSG00000112984.12	6.68426877993831	-0.0593147434614093	0.271823346504038	0.479671795149275	0.838463748319501	-0.706830537062616	KIF20A	KIF20A	FALSE	Not significant
ENSG00000216368.2	906.246252447529	-0.0663504853140719	0.100594905650833	0.478856126848456	0.838463748319501	-0.708143534758879	RPL7AP36	RPL7AP36	FALSE	Not significant
ENSG00000237425.1	245.290405181737	-0.0851591918461514	0.141583085950748	0.480595593894315	0.838463748319501	-0.705344949572995	RPSAP2	RPSAP2	FALSE	Not significant
ENSG00000112118.20	106.47101038722	-0.0934609336064117	0.162865020386556	0.480595566948167	0.838463748319501	-0.705344992883166	MCM3	MCM3	FALSE	Not significant
ENSG00000219146.1	420.645357611615	-0.0766635926721219	0.120591258883823	0.478187277073952	0.838463748319501	-0.709221107334649	RPS4XP8	RPS4XP8	FALSE	Not significant
ENSG00000120438.12	548.630544021214	0.0708569141555878	0.10912848926176	0.480620500324423	0.838463748319501	0.705304918379351	TCP1	TCP1	FALSE	Not significant
ENSG00000230711.2	24.7772810145335	0.0976373997684055	0.23819927337566	0.48049093654777	0.838463748319501	0.705513173851689	CTAGE13P	CTAGE13P	FALSE	Not significant
ENSG00000267132.1	22.0013809714489	-0.0964078291375038	0.240864119246179	0.480107202642574	0.838463748319501	-0.706130151518929	HMGB3P27	HMGB3P27	FALSE	Not significant
ENSG00000120093.12	196.100632754573	-0.0871225418883899	0.14481907011815	0.482090852736235	0.840489376354771	-0.70294367322015	HOXB3	HOXB3	FALSE	Not significant
ENSG00000273604.2	6.84420026530572	0.0691299241438613	0.269821784936472	0.483083537553856	0.841140970577438	0.701351730615677	EPOP	EPOP	FALSE	Not significant
ENSG00000234912.12	12.8923463797155	0.0815276923536552	0.260873108460871	0.482896155927367	0.841140970577438	0.701652093434946	SNHG20	SNHG20	FALSE	Not significant
ENSG00000226981.2	123.562947091324	0.0951892156298194	0.17455526739802	0.483471934883642	0.841278309227746	0.700729351671338	ABHD17AP6	ABHD17AP6	FALSE	Not significant
ENSG00000220831.4	24.2872502500779	0.0946101098490604	0.242104159607264	0.484866820894157	0.843165719251643	0.698496380106278	NDUFA5P9	NDUFA5P9	FALSE	Not significant
ENSG00000164331.10	85.7368028624855	-0.0949336159485913	0.174732951153125	0.487597382819541	0.847371922316824	-0.694135268214669	ANKRA2	ANKRA2	FALSE	Not significant
ENSG00000249855.1	6.30415695865042	-0.0671684250712144	0.270090326577949	0.488868575932445	0.847413768740041	-0.692109484441392	EEF1A1P19	EEF1A1P19	FALSE	Not significant
ENSG00000248696.1	9.56300842201346	-0.0757973866792565	0.26440999550172	0.488072076757216	0.847413768740041	-0.69337845921257	ENSG00000248696	ENSG00000248696	FALSE	Not significant
ENSG00000203778.8	54.5867871261116	-0.0989190765583072	0.199065450960568	0.488740783164025	0.847413768740041	-0.692313007541665	FAM229B	FAM229B	FALSE	Not significant
ENSG00000159202.18	597.790570095278	0.0716843985253452	0.11057645793707	0.488607846728854	0.847413768740041	0.692524752895043	UBE2Z	UBE2Z	FALSE	Not significant
ENSG00000250118.1	7.97727015270296	0.067271259657579	0.268403149746853	0.492454911642197	0.849377163185908	0.686409506090557	ENSG00000250118	ENSG00000250118	FALSE	Not significant
ENSG00000198865.10	36.3161012084435	-0.098792685633538	0.216867140531565	0.491387802302421	0.849377163185908	-0.688103189180009	CCDC152	CCDC152	FALSE	Not significant
ENSG00000214244.4	121.662225590558	0.09081737447401	0.160867721499767	0.491610548714857	0.849377163185908	0.687749490048704	SETP21	SETP21	FALSE	Not significant
ENSG00000083312.19	953.449894239579	0.0659423171831467	0.103828417928155	0.492501254297642	0.849377163185908	0.686335997082985	TNPO1	TNPO1	FALSE	Not significant
ENSG00000253537.3	51.0869822682028	0.0988984846593305	0.20155021602378	0.492497975714138	0.849377163185908	0.686341197470569	PCDHGA7	PCDHGA7	FALSE	Not significant
ENSG00000135338.14	47.4241735685218	-0.0985276894142517	0.204886128919629	0.49185807528824	0.849377163185908	-0.687356543389717	LCA5	LCA5	FALSE	Not significant
ENSG00000197170.10	143.444015854174	0.0878837322206021	0.151062299000157	0.491677649310644	0.849377163185908	0.687642957844733	PSMD12	PSMD12	FALSE	Not significant
ENSG00000141568.21	137.672465589814	0.088665328059965	0.153836713181434	0.491786549879928	0.849377163185908	0.687470078556742	FOXK2	FOXK2	FALSE	Not significant
ENSG00000272086.2	11.8055774653951	0.0805177600226508	0.260276306326371	0.49322328753699	0.849464302693913	0.685191181995098	GOLPH3-DT	GOLPH3-DT	FALSE	Not significant
ENSG00000248867.1	23.9007073020258	0.0952478937322572	0.235636576636602	0.493608519533678	0.849464302693913	0.68458074719229	ENSG00000248867	ENSG00000248867	FALSE	Not significant
ENSG00000253305.3	21.4267993952472	-0.0938110213668307	0.239733445658593	0.492871421904319	0.849464302693913	-0.68574896797973	PCDHGB6	PCDHGB6	FALSE	Not significant
ENSG00000181524.6	1059.88906356671	-0.062758729575521	0.0993097298622586	0.494114445385974	0.849464302693913	-0.683779449369325	RPL24P4	RPL24P4	FALSE	Not significant
ENSG00000217060.1	129.186062180571	0.0887733720384178	0.15449135543011	0.493862375551884	0.849464302693913	0.684178628868234	ENSG00000217060	ENSG00000217060	FALSE	Not significant
ENSG00000253218.1	34.7682916405108	-0.0975346758300663	0.219718323978018	0.494491111337834	0.849574488379415	-0.68318316157117	KLF3P1	KLF3P1	FALSE	Not significant
ENSG00000145495.17	502.429372262149	-0.0691272526146953	0.111729729158177	0.496813041880382	0.850729679461605	-0.679512734085283	MARCHF6	MARCHF6	FALSE	Not significant
ENSG00000271687.1	391.76178841452	0.0725350714879694	0.117141629186006	0.496000371263175	0.850729679461605	0.680796332105092	MTND5P10	MTND5P10	FALSE	Not significant
ENSG00000170606.16	631.188758019984	0.0678323509229888	0.108852943803513	0.496939617292467	0.850729679461605	0.679312911376186	HSPA4	HSPA4	FALSE	Not significant
ENSG00000170310.15	100.994668988348	0.0913102161473263	0.165082311103187	0.496988041153824	0.850729679461605	0.67923647252412	STX8	STX8	FALSE	Not significant
ENSG00000264316.1	286.836900930238	0.0778839082235051	0.128323356757094	0.496675450961657	0.850729679461605	0.679729977591537	MTCO3P13	MTCO3P13	FALSE	Not significant
ENSG00000125449.7	34.8940274210216	0.097589419492596	0.218473992865339	0.497041475711931	0.850729679461605	0.679152128708012	ARMC7	ARMC7	FALSE	Not significant
ENSG00000087995.16	137.95670439395	0.0857096022954222	0.151086036231548	0.498268977653507	0.852293946672267	0.677215905298091	METTL2A	METTL2A	FALSE	Not significant
ENSG00000151882.11	19.7457395775722	-0.0887687095695385	0.245569649899251	0.500077754291228	0.852330088333765	-0.674367414111197	CCL28	CCL28	FALSE	Not significant
ENSG00000204351.13	203.192355106998	-0.0830766907479433	0.143750629118106	0.500033829339311	0.852330088333765	-0.674436522968242	SKIC2	SKIC2	FALSE	Not significant
ENSG00000218730.1	23.4458591796022	-0.0924548456018266	0.23763081298938	0.49878509206485	0.852330088333765	-0.676402560435576	ENSG00000218730	ENSG00000218730	FALSE	Not significant
ENSG00000170043.12	253.230858197095	0.0782863450292627	0.130398409478711	0.499618429407061	0.852330088333765	0.675090247412546	TRAPPC1	TRAPPC1	FALSE	Not significant
ENSG00000167525.16	6.87038958943926	0.0679531377243615	0.268315000932683	0.500171630203221	0.852330088333765	0.674219726237164	PROCA1	PROCA1	FALSE	Not significant
ENSG00000198783.6	39.2956176660186	0.0971297684363839	0.215335919733075	0.499074709719892	0.852330088333765	0.675946347837024	ZNF830	ZNF830	FALSE	Not significant
ENSG00000112312.10	24.3110319014174	-0.0877854857949021	0.244477518378621	0.50052877918391	0.852404274324479	-0.673657985086385	GMNN	GMNN	FALSE	Not significant
ENSG00000182963.11	85.5752528075853	-0.0922612165101135	0.173818884370242	0.501030856365996	0.852725026676755	-0.672868653122562	GJC1	GJC1	FALSE	Not significant
ENSG00000161960.16	10.9192136245711	0.0764508397197324	0.261743189036945	0.501581922951094	0.853128702491285	0.672002785605678	EIF4A1	EIF4A1	FALSE	Not significant
ENSG00000164329.15	197.928318443154	0.0825254694323321	0.144157113902964	0.502009473810912	0.853185972511007	0.67133134004851	TENT2	TENT2	FALSE	Not significant
ENSG00000141252.21	197.289170954976	0.0800416236216087	0.136985806868555	0.502243398093308	0.853185972511007	0.670964102661087	VPS53	VPS53	FALSE	Not significant
ENSG00000214892.4	178.191416745982	0.08239565111101	0.143981705760728	0.503595118098995	0.854947864455384	0.668843808211312	USP8P1	USP8P1	FALSE	Not significant
ENSG00000248426.1	7.94219061672645	0.0696269762221621	0.266361097325748	0.508645934985244	0.855052286319521	0.660947574250107	ENSG00000248426	ENSG00000248426	FALSE	Not significant
ENSG00000214108.4	224.69668839584	0.0807617658172293	0.14176796971029	0.506407015498924	0.855052286319521	0.664442693291458	TPT1P5	TPT1P5	FALSE	Not significant
ENSG00000215006.4	285.836219279495	0.0753478317648949	0.130141114871459	0.504084402915246	0.855052286319521	0.668077062040372	CHCHD2P2	CHCHD2P2	FALSE	Not significant
ENSG00000251000.1	9.75092460042005	-0.0744186500166353	0.262002294036802	0.509864944872072	0.855052286319521	-0.659048001602413	GGCTP1	GGCTP1	FALSE	Not significant
ENSG00000239528.1	6.37243096241774	-0.0552687773085362	0.276269453121469	0.506842625372933	0.855052286319521	-0.663762039088924	RPS14P8	RPS14P8	FALSE	Not significant
ENSG00000249768.2	30.1521613850567	-0.0918637468255953	0.231107681779128	0.508787493820876	0.855052286319521	-0.660726862026268	HSPE1P10	HSPE1P10	FALSE	Not significant
ENSG00000134516.20	30.7767321405398	-0.0939048031281339	0.224268192582901	0.508651292554079	0.855052286319521	-0.660939220381511	DOCK2	DOCK2	FALSE	Not significant
ENSG00000113194.13	335.919406429134	0.0728768314979121	0.120863658715216	0.50540739968834	0.855052286319521	0.666005789794823	FAF2	FAF2	FALSE	Not significant
ENSG00000124783.14	576.281575478482	-0.070603987806054	0.116520275925246	0.507364184782724	0.855052286319521	-0.662947490298151	SSR1	SSR1	FALSE	Not significant
ENSG00000204623.11	31.4832835958401	-0.093054350491932	0.224202097656302	0.510349649736496	0.855052286319521	-0.65829335084091	POLR1HASP	POLR1HASP	FALSE	Not significant
ENSG00000204227.5	156.450971542065	-0.0829239004701062	0.147964781505647	0.508389082355842	0.855052286319521	-0.661348129653078	RING1	RING1	FALSE	Not significant
ENSG00000146072.6	354.483145249275	-0.0733024025673335	0.128874526632746	0.510448644194438	0.855052286319521	-0.658139269665449	TNFRSF21	TNFRSF21	FALSE	Not significant
ENSG00000112210.12	302.962668998762	-0.0772564020219371	0.134397891457223	0.510577579358566	0.855052286319521	-0.657938610324068	RAB23	RAB23	FALSE	Not significant
ENSG00000135297.17	74.0078727638982	-0.0921737267869762	0.182186175467525	0.507349791430718	0.855052286319521	-0.662969963305668	MTO1	MTO1	FALSE	Not significant
ENSG00000262333.1	75.9679614697312	0.0937862672059803	0.185978033817343	0.506676044189777	0.855052286319521	0.664022291125984	HNRNPA1P16	HNRNPA1P16	FALSE	Not significant
ENSG00000196388.9	15.9069109224712	-0.0855069856280967	0.250176987584444	0.504771106867967	0.855052286319521	-0.667001607120106	INCA1	INCA1	FALSE	Not significant
ENSG00000141026.6	47.7396070319246	-0.0938960757089862	0.206430556206536	0.510021845013491	0.855052286319521	-0.658803678254006	MED9	MED9	FALSE	Not significant
ENSG00000004139.14	22.1181844274337	-0.0893552973846725	0.240104954061194	0.508027008753238	0.855052286319521	-0.661912954885767	SARM1	SARM1	FALSE	Not significant
ENSG00000136448.13	600.690922331542	0.066818684662382	0.110222931650589	0.510400760618437	0.855052286319521	0.658213796711357	NMT1	NMT1	FALSE	Not significant
ENSG00000108433.17	152.576680430206	-0.0852133060579408	0.152811583848301	0.50599040026438	0.855052286319521	-0.665093955879616	GOSR2	GOSR2	FALSE	Not significant
ENSG00000189050.16	27.4221537448848	-0.0941732841760339	0.229621940645254	0.505381944985698	0.855052286319521	-0.66604561448102	RNFT1	RNFT1	FALSE	Not significant
ENSG00000213128.3	54.1217387006383	-0.0949464434085558	0.198374649562264	0.504736365831012	0.855052286319521	-0.667055996922129	RPL32P31	RPL32P31	FALSE	Not significant
ENSG00000250320.7	7.59797205763343	0.0630436222385987	0.268430734023332	0.513001565375023	0.855080775977744	0.65417112038113	EDIL3-DT	EDIL3-DT	FALSE	Not significant
ENSG00000215325.4	28.5018848453139	-0.0918725012116686	0.2287999177747	0.512103682152092	0.855080775977744	-0.655565573647168	ASS1P10	ASS1P10	FALSE	Not significant
ENSG00000214113.11	72.6307514446021	-0.0912059229350131	0.181426266832582	0.511939597280382	0.855080775977744	-0.655820542617256	LYRM4	LYRM4	FALSE	Not significant
ENSG00000217139.2	92.6296015969729	-0.0884022911692046	0.169553481130459	0.513111385437712	0.855080775977744	-0.654000652182789	ENSG00000217139	ENSG00000217139	FALSE	Not significant
ENSG00000118495.21	253.819935222277	-0.0790861801597173	0.137282965158045	0.512903593279814	0.855080775977744	-0.654323213616945	PLAGL1	PLAGL1	FALSE	Not significant
ENSG00000111962.8	145.916276184287	0.0846472539853892	0.152207899035386	0.511479832767123	0.855080775977744	0.656535190887463	UST	UST	FALSE	Not significant
ENSG00000263266.2	739.807868092773	0.0656693550328388	0.111201248429586	0.51109676044868	0.855080775977744	0.657130886591981	RPS7P1	RPS7P1	FALSE	Not significant
ENSG00000169733.12	137.905480838685	0.0844964786373739	0.154633799349739	0.512591523640187	0.855080775977744	0.654807775776064	RFNG	RFNG	FALSE	Not significant
ENSG00000137198.10	38.3743324769914	0.0920228401241926	0.223623760206505	0.513616936524665	0.855398795020858	0.653216155427867	GMPR	GMPR	FALSE	Not significant
ENSG00000249915.9	27.1384352833195	-0.0906054922144277	0.230641826226876	0.514178269129443	0.855809268520407	-0.652345569551412	PDCD6	PDCD6	FALSE	Not significant
ENSG00000171953.16	25.065562078184	-0.0838734916696561	0.244212654306072	0.515084880673823	0.856793577522308	-0.65094052428069	ATPAF2	ATPAF2	FALSE	Not significant
ENSG00000249541.1	44.3512589847667	-0.0929947624260988	0.206980257051428	0.515906524573595	0.857635433511334	-0.649668269039655	ENSG00000249541	ENSG00000249541	FALSE	Not significant
ENSG00000205464.13	19.8145066725605	-0.0871743060656063	0.242025535135804	0.516799161013311	0.857686531722212	-0.648287277745436	ATP6AP1L	ATP6AP1L	FALSE	Not significant
ENSG00000178913.9	358.679980102538	0.0707926857773599	0.121291572263528	0.517515052253285	0.857686531722212	0.647180620486078	TAF7	TAF7	FALSE	Not significant
ENSG00000137337.16	89.6951005267478	-0.0886550381713174	0.175131079054984	0.517194860017018	0.857686531722212	-0.647675490166355	MDC1	MDC1	FALSE	Not significant
ENSG00000108349.17	381.097527373603	-0.0696572281244394	0.120140432941663	0.517446074974442	0.857686531722212	-0.647287214183143	CASC3	CASC3	FALSE	Not significant
ENSG00000265666.1	6.92534675328982	-0.0597938457515747	0.268992363306298	0.516747071824521	0.857686531722212	-0.648367830562345	RARA-AS1	RARA-AS1	FALSE	Not significant
ENSG00000113583.8	318.824366372881	0.0732224062473709	0.130675160805141	0.518552983422075	0.858359932363703	0.64557754518837	C5orf15	C5orf15	FALSE	Not significant
ENSG00000108963.19	62.5690466449126	0.0914469689791345	0.189027267797732	0.518258023858135	0.858359932363703	0.646032938669301	DPH1	DPH1	FALSE	Not significant
ENSG00000198937.9	16.345697504793	-0.081627815807944	0.250239917237435	0.518948684215559	0.8584921020681	-0.64496682566289	CCDC167	CCDC167	FALSE	Not significant
ENSG00000244363.3	128.241545598585	-0.0828503599038876	0.155103347703661	0.5199567898	0.859502082295259	-0.643412014147117	RPL7P23	RPL7P23	FALSE	Not significant
ENSG00000167363.14	19.8968353333841	-0.0851826611892489	0.242687660413314	0.520191657606954	0.859502082295259	-0.64304999856628	FN3K	FN3K	FALSE	Not significant
ENSG00000164180.14	63.144554788348	0.0905225666764811	0.187616470461459	0.521833023342012	0.861230802631046	0.640522411961331	TMEM161B	TMEM161B	FALSE	Not significant
ENSG00000158373.9	21.9570326771647	-0.0845832832446872	0.242099480105348	0.521871645302918	0.861230802631046	-0.640462986198406	H2BC5	H2BC5	FALSE	Not significant
ENSG00000145723.17	14.3058281475497	-0.080312422616752	0.251747198651697	0.522477259442896	0.861579266140469	-0.63953145224013	GIN1	GIN1	FALSE	Not significant
ENSG00000276855.1	19.6957371226279	0.0851163924711785	0.242983552748052	0.523033770835825	0.861579266140469	0.638675935398543	ENSG00000276855	ENSG00000276855	FALSE	Not significant
ENSG00000214226.9	6.36525275595175	-0.0493506943625264	0.271909201513515	0.522904996298514	0.861579266140469	-0.638873857027714	C17orf67	C17orf67	FALSE	Not significant
ENSG00000253731.3	28.5070838579446	-0.0893357454558467	0.225859155749719	0.52578332647981	0.864184655888336	-0.634455918222497	PCDHGA6	PCDHGA6	FALSE	Not significant
ENSG00000113734.18	26.5169652193932	-0.0867717164252379	0.235351417238757	0.525321508828463	0.864184655888336	-0.635163924742317	BNIP1	BNIP1	FALSE	Not significant
ENSG00000181222.19	1318.96074660991	0.0611772970766301	0.106449773673857	0.52620515286799	0.864184655888336	0.63380949958712	POLR2A	POLR2A	FALSE	Not significant
ENSG00000109103.12	84.2952980192686	-0.0880345154085481	0.18142975536302	0.526022819108929	0.864184655888336	-0.634088880461216	UNC119	UNC119	FALSE	Not significant
ENSG00000264943.1	30.1298078890827	0.0892134873289459	0.227892990072619	0.525085637970971	0.864184655888336	0.635525658078182	SH3GL1P2	SH3GL1P2	FALSE	Not significant
ENSG00000076382.17	10.5322654185223	-0.0732035409544938	0.259355526576205	0.526645570912938	0.864385665302757	-0.633134873058089	SPAG5	SPAG5	FALSE	Not significant
ENSG00000249206.2	10.6200389586797	0.0718761983106458	0.260251515866871	0.527504787091448	0.864756813241184	0.631819565678915	GCNT1P2	GCNT1P2	FALSE	Not significant
ENSG00000217239.3	198.577011894941	0.0756301139959625	0.138428739730745	0.527508019261914	0.864756813241184	0.631814619864459	ENSG00000217239	ENSG00000217239	FALSE	Not significant
ENSG00000161956.14	42.0527933675452	-0.089550489313441	0.212341787657859	0.528861344323134	0.866452763032114	-0.629745139258393	SENP3	SENP3	FALSE	Not significant
ENSG00000262877.5	9.07182311636395	0.0685455743233724	0.26316637356458	0.529240348462505	0.866551365735595	0.629166056348252	ENSG00000262877	ENSG00000262877	FALSE	Not significant
ENSG00000276620.1	15.9970709506673	0.0804646621232213	0.249052579472548	0.530028025097996	0.866719296090329	0.627963234289596	ENSG00000276620	ENSG00000276620	FALSE	Not significant
ENSG00000170291.16	72.9911314632028	0.0872909782443933	0.179907579823575	0.530299554598314	0.866719296090329	0.627548805584532	ELP5	ELP5	FALSE	Not significant
ENSG00000108479.13	36.8908368581274	0.0890264421367649	0.219462073626259	0.530172387173773	0.866719296090329	0.627742884630354	GALK1	GALK1	FALSE	Not significant
ENSG00000250347.1	26.1451713861016	-0.0864786688666058	0.231649351439878	0.531332134186004	0.866843181703217	-0.625973788054508	ENSG00000250347	ENSG00000250347	FALSE	Not significant
ENSG00000279821.1	9.56021082536832	-0.0654258700644026	0.264154398759234	0.530872381070932	0.866843181703217	-0.626674868112628	ENSG00000279821	ENSG00000279821	FALSE	Not significant
ENSG00000172469.17	103.477891902015	0.0838006050361252	0.166887373049582	0.531277877885515	0.866843181703217	0.626056507768999	MANEA	MANEA	FALSE	Not significant
ENSG00000251141.6	12.7387603761076	-0.074546117374113	0.255434375975866	0.53321707038624	0.869261708804665	-0.623102647004881	MRPS30-DT	MRPS30-DT	FALSE	Not significant
ENSG00000213701.4	126.701145839649	0.0818089103901145	0.159985962325029	0.534015720289795	0.869261708804665	0.621887689731624	SETP22	SETP22	FALSE	Not significant
ENSG00000237285.1	131.165592502955	0.0814773008139388	0.158075502488757	0.533867573804101	0.869261708804665	0.622112990243155	HNRNPA1P2	HNRNPA1P2	FALSE	Not significant
ENSG00000216913.2	9.92498658834755	-0.0641447736116053	0.263480477652585	0.534413655413022	0.869261708804665	-0.621282667977677	ENSG00000216913	ENSG00000216913	FALSE	Not significant
ENSG00000171634.19	382.079103387277	-0.0664724180637128	0.118252898899052	0.534411885500186	0.869261708804665	-0.621285358454851	BPTF	BPTF	FALSE	Not significant
ENSG00000250526.1	210.697634882968	0.071780000434778	0.134388823292167	0.534986008528077	0.869614297455531	0.62041285912348	CCT6P2	CCT6P2	FALSE	Not significant
ENSG00000129255.16	130.27757935528	-0.0804788017142892	0.156987610848233	0.535270316277816	0.869614297455531	-0.619980969203506	MPDU1	MPDU1	FALSE	Not significant
ENSG00000108578.15	80.1635474693427	-0.0857406954143095	0.177667549440612	0.535600791276466	0.869631392287595	-0.619479092226479	BLMH	BLMH	FALSE	Not significant
ENSG00000151881.15	40.1756291583081	-0.08725724082414	0.215075480789957	0.538256477617686	0.873421555919325	-0.615451669500395	TMEM267	TMEM267	FALSE	Not significant
ENSG00000087206.17	83.8319638688331	0.0833426218940458	0.173872349809685	0.538882510533657	0.873915670423913	0.614503727696614	UIMC1	UIMC1	FALSE	Not significant
ENSG00000249778.1	6.17849696173188	-0.0551561273787367	0.268917313171932	0.539997043942906	0.874361170318189	-0.612817461153019	TRMT112P2	TRMT112P2	FALSE	Not significant
ENSG00000178338.11	30.6896387224958	-0.0861789590649792	0.223306502500112	0.54012229763217	0.874361170318189	-0.612628063812291	ZNF354B	ZNF354B	FALSE	Not significant
ENSG00000239809.1	157.880528239109	-0.0762397211978967	0.145357538469123	0.539773861603193	0.874361170318189	-0.613154991869099	ENSG00000239809	ENSG00000239809	FALSE	Not significant
ENSG00000249958.1	33.6874623217912	0.0850066247573627	0.224649008860003	0.543675781172059	0.875017804810266	0.607263915782456	CCT7P2	CCT7P2	FALSE	Not significant
ENSG00000133302.13	26.9171515249519	0.082488195158331	0.235869900879423	0.54182460714909	0.875017804810266	0.610056158522481	SLF1	SLF1	FALSE	Not significant
ENSG00000113615.13	199.627200474373	0.0748800283133565	0.142763028778515	0.543128047477907	0.875017804810266	0.608089603058817	SEC24A	SEC24A	FALSE	Not significant
ENSG00000131495.9	94.215474266779	0.0816705348101862	0.167073531872153	0.544401895026805	0.875017804810266	0.606169965064605	NDUFA2	NDUFA2	FALSE	Not significant
ENSG00000081791.9	207.263468681588	-0.0712938841014459	0.135195246417258	0.544911830676772	0.875017804810266	-0.605402138193419	DELE1	DELE1	FALSE	Not significant
ENSG00000120137.7	209.299117750459	-0.0714196830839652	0.135668741840952	0.544989819281155	0.875017804810266	-0.605284739660499	PANK3	PANK3	FALSE	Not significant
ENSG00000064995.19	68.5439871931137	0.085522459413704	0.183751209055531	0.541650077139095	0.875017804810266	0.61031965834651	TAF11	TAF11	FALSE	Not significant
ENSG00000118482.12	389.12649794709	-0.0640406864756974	0.116770856958163	0.544809893380329	0.875017804810266	-0.605555599976706	PHF3	PHF3	FALSE	Not significant
ENSG00000111875.8	56.6917012943902	-0.0871822226450678	0.193533142840177	0.542920118377086	0.875017804810266	-0.608403156667078	ASF1A	ASF1A	FALSE	Not significant
ENSG00000217372.2	10.5192037908012	-0.0648118852642667	0.261762271505136	0.545035004982995	0.875017804810266	-0.605216724115442	TUBB4BP7	TUBB4BP7	FALSE	Not significant
ENSG00000215712.11	78.8101209377086	0.0839431485341102	0.177720188527154	0.544517051359826	0.875017804810266	0.605996539162588	TMEM242	TMEM242	FALSE	Not significant
ENSG00000161920.11	25.0990651776495	-0.0845088034939743	0.231146958800725	0.542829810032926	0.875017804810266	-0.608539358772225	MED11	MED11	FALSE	Not significant
ENSG00000263870.1	21.6591847288708	0.0784679355178189	0.245350150591864	0.540919051908415	0.875017804810266	0.611423797753155	ENSG00000263870	ENSG00000263870	FALSE	Not significant
ENSG00000131471.7	56.7679791228321	0.0883440519203238	0.200058859126794	0.543270509341423	0.875017804810266	0.607874807459677	AOC3	AOC3	FALSE	Not significant
ENSG00000250253.3	72.3931972897054	-0.0837784295961325	0.183100753829814	0.547098990509231	0.877295018409493	-0.602112896562107	ENSG00000250253	ENSG00000250253	FALSE	Not significant
ENSG00000169976.7	167.982248303535	-0.075829207956118	0.146200347613515	0.546952345411655	0.877295018409493	-0.602333230220926	SF3B5	SF3B5	FALSE	Not significant
ENSG00000217241.1	161.408782231542	0.0740121455295194	0.144282856665186	0.547722209581646	0.877776512761152	0.601176838274826	CBX3P9	CBX3P9	FALSE	Not significant
ENSG00000187626.9	29.9693554276625	-0.0836459558633459	0.226853324660304	0.549077861113988	0.87943054007532	-0.599142502322392	ZKSCAN4	ZKSCAN4	FALSE	Not significant
ENSG00000250480.3	10.7866356189896	0.0668645708050934	0.25926758658144	0.552868512223862	0.880247331101946	0.593467223106099	C12orf29P1	C12orf29P1	FALSE	Not significant
ENSG00000228367.3	80.8958899674871	0.0824380185587132	0.181271295603232	0.553511811666038	0.880247331101946	0.592505988749854	ENSG00000228367	ENSG00000228367	FALSE	Not significant
ENSG00000243859.3	892.10724376589	-0.0588017217381494	0.10754861985319	0.550737145366427	0.880247331101946	-0.596655894205018	RPL5P17	RPL5P17	FALSE	Not significant
ENSG00000124802.12	12.3502315193073	0.069816620907189	0.255980837218867	0.553797989766125	0.880247331101946	0.592078550100251	EEF1E1	EEF1E1	FALSE	Not significant
ENSG00000204194.1	185.325853263952	-0.0765172686051824	0.156460698400674	0.552898532801231	0.880247331101946	-0.593422353404488	RPL12P1	RPL12P1	FALSE	Not significant
ENSG00000174231.18	1541.76060386452	0.0544468504946104	0.0972135662060001	0.551146452008487	0.880247331101946	0.596043073547808	PRPF8	PRPF8	FALSE	Not significant
ENSG00000175106.17	9.67929048477843	-0.0663642138947749	0.260059666451771	0.552336762484826	0.880247331101946	-0.594262191198263	TVP23C	TVP23C	FALSE	Not significant
ENSG00000108306.13	103.110681142671	-0.0792698201143012	0.167013850080026	0.553474149634067	0.880247331101946	-0.592562249220652	FBXL20	FBXL20	FALSE	Not significant
ENSG00000073605.19	38.0609218098835	-0.0841056921268682	0.212321487924051	0.552862904602511	0.880247331101946	-0.593475604566237	GSDMB	GSDMB	FALSE	Not significant
ENSG00000182742.6	49.9323433363819	0.0851037015549078	0.198356015334031	0.55072689919444	0.880247331101946	0.596671237816991	HOXB4	HOXB4	FALSE	Not significant
ENSG00000125447.18	122.181180093632	0.078175124469543	0.161159184053548	0.553733109192249	0.880247331101946	0.592175446929749	GGA3	GGA3	FALSE	Not significant
ENSG00000129646.16	12.1629028408634	-0.0705463269562037	0.25542274113561	0.551204890927171	0.880247331101946	-0.595955596098312	QRICH2	QRICH2	FALSE	Not significant
ENSG00000141542.11	56.9381426501718	-0.0840028082037689	0.192570192352151	0.551795487869261	0.880247331101946	-0.59507178491781	RAB40B	RAB40B	FALSE	Not significant
ENSG00000271230.1	35.2354317506539	-0.0831523443537682	0.219064226336911	0.554559672287356	0.88094283417711	-0.590941419616239	ENSG00000271230	ENSG00000271230	FALSE	Not significant
ENSG00000066379.15	11.9796689295448	-0.0685994769953399	0.256331317756332	0.555371302945345	0.881202102396643	-0.589730560905561	POLR1H	POLR1H	FALSE	Not significant
ENSG00000266826.3	108.079990371034	0.0802193808214435	0.170440863734077	0.555189650971467	0.881202102396643	0.590001489404211	IGBP1C	IGBP1C	FALSE	Not significant
ENSG00000227087.4	29.1943892740598	-0.081313900641927	0.224298816085146	0.555924751625589	0.881565621305922	-0.588905375385231	RBMX2P5	RBMX2P5	FALSE	Not significant
ENSG00000164366.4	190.892410350885	0.0707655699780477	0.139157751732293	0.560030067655357	0.881723476771202	0.582796847171889	CCDC127	CCDC127	FALSE	Not significant
ENSG00000124279.12	22.1896927636752	-0.0795145046840271	0.234636785117465	0.559446570516357	0.881723476771202	-0.583663735103186	FASTKD3	FASTKD3	FALSE	Not significant
ENSG00000132837.15	26.86541742318	-0.0794849734337385	0.230159365636252	0.562482541341395	0.881723476771202	-0.579158038661784	DMGDH	DMGDH	FALSE	Not significant
ENSG00000239615.1	81.03974223001	0.0808977751504595	0.181224004235003	0.559710855323016	0.881723476771202	0.583271039098515	ENSG00000239615	ENSG00000239615	FALSE	Not significant
ENSG00000212802.4	2798.94149329188	-0.0522808109438521	0.0962070083331434	0.563485533168351	0.881723476771202	-0.577672079053573	RPL15P3	RPL15P3	FALSE	Not significant
ENSG00000165097.16	128.961547191052	-0.0756846352215941	0.159055395502338	0.561697144303469	0.881723476771202	-0.580322518943449	KDM1B	KDM1B	FALSE	Not significant
ENSG00000204619.8	196.87375501129	-0.0710924036802429	0.141773020537309	0.560374921869811	0.881723476771202	-0.582284711281613	PPP1R11	PPP1R11	FALSE	Not significant
ENSG00000204444.11	8.76013217771125	-0.0632814012493362	0.261268455735117	0.561721832364484	0.881723476771202	-0.580285902859049	APOM	APOM	FALSE	Not significant
ENSG00000124614.17	45.0587022991258	-0.0833401482027146	0.205394473299995	0.558266866647723	0.881723476771202	-0.585417734974687	RPS10	RPS10	FALSE	Not significant
ENSG00000112624.14	107.055296185219	-0.0763035016801824	0.163491369751823	0.562324100622327	0.881723476771202	-0.579392889808934	BICRAL	BICRAL	FALSE	Not significant
ENSG00000198087.7	119.407360928052	0.0761699307599808	0.156238778496185	0.560075209687506	0.881723476771202	0.582729798977012	CD2AP	CD2AP	FALSE	Not significant
ENSG00000005700.15	240.77653287253	0.0667812906566357	0.129839018702496	0.563136060956101	0.881723476771202	0.578189686673186	IBTK	IBTK	FALSE	Not significant
ENSG00000218766.1	29.8277446159237	0.0802687595130263	0.228505772581362	0.56248926542033	0.881723476771202	0.579148072500947	ENSG00000218766	ENSG00000218766	FALSE	Not significant
ENSG00000217648.1	57.9625610159082	0.0821688921335165	0.192236023679378	0.562817236392894	0.881723476771202	0.578662036840537	PARLP2	PARLP2	FALSE	Not significant
ENSG00000111981.5	7.87983744251859	-0.0595388700487192	0.264263713743769	0.559404275795178	0.881723476771202	-0.583726588416857	ULBP1	ULBP1	FALSE	Not significant
ENSG00000290976.1	13.4304339001656	0.0683841469531714	0.256328521371355	0.560678981823182	0.881723476771202	0.581833284770352	ENSG00000290976	ENSG00000290976	FALSE	Not significant
ENSG00000276293.5	443.969627055291	-0.062265213863715	0.117974306973685	0.558073035859707	0.881723476771202	-0.58570609745055	PIP4K2B	PIP4K2B	FALSE	Not significant
ENSG00000161714.12	443.176797820529	-0.0584013678889232	0.114321471743984	0.561435671091737	0.881723476771202	-0.580710370571895	PLCD3	PLCD3	FALSE	Not significant
ENSG00000280022.1	11.7903916841153	-0.0687375856615657	0.255825745544647	0.557547137517306	0.881723476771202	-0.586488723022758	ENSG00000280022	ENSG00000280022	FALSE	Not significant
ENSG00000073969.19	158.583049149303	-0.0730702089265169	0.149988548771607	0.563336766975828	0.881723476771202	-0.577892399576359	NSF	NSF	FALSE	Not significant
ENSG00000136450.13	159.098116275166	0.0755959072832851	0.153281037159106	0.556391254770043	0.881723476771202	0.58821013598815	SRSF1	SRSF1	FALSE	Not significant
ENSG00000109062.12	39.6626964491408	-0.0822527214130508	0.209767738742433	0.562892837067734	0.881723476771202	-0.578550020021425	NHERF1	NHERF1	FALSE	Not significant
ENSG00000265136.1	39.7514243738364	-0.083390821887947	0.210194468432954	0.557343623094708	0.881723476771202	-0.586791683268345	ENSG00000265136	ENSG00000265136	FALSE	Not significant
ENSG00000220871.1	7.24619911511631	0.0592843051339458	0.264533189741133	0.564012640004196	0.882040480743041	0.576891667196168	DNAJC19P6	DNAJC19P6	FALSE	Not significant
ENSG00000290589.1	7.52086114416145	-0.0564885695646935	0.265608992324959	0.565103307216554	0.882797598652536	-0.575277986172621	ENSG00000290589	ENSG00000290589	FALSE	Not significant
ENSG00000232362.1	217.340052882597	0.0681578018053058	0.136180772841463	0.565146365583301	0.882797598652536	0.575214310538478	ATP5MGP2	ATP5MGP2	FALSE	Not significant
ENSG00000272047.4	152.292577287868	0.0726363307770453	0.14846104501004	0.565814949314426	0.88333430915371	0.574225893592618	GTF2H5	GTF2H5	FALSE	Not significant
ENSG00000223361.5	7823.13023990687	0.0609510026712125	0.111077405008882	0.567166240072837	0.884808919115487	0.57222989030467	FTH1P10	FTH1P10	FALSE	Not significant
ENSG00000291102.1	12.3325333914933	-0.0673698067024449	0.254788708052241	0.567736112927671	0.884808919115487	-0.571388809604233	GUSBP1	GUSBP1	FALSE	Not significant
ENSG00000271913.9	8.47786411193026	0.0577685593181499	0.264011206967571	0.567709265855378	0.884808919115487	0.571428424374375	TAGAP-AS1	TAGAP-AS1	FALSE	Not significant
ENSG00000164346.10	320.261975430946	-0.0629281439971194	0.122815269418652	0.570662134775767	0.88542135050991	-0.567076608010851	NSA2	NSA2	FALSE	Not significant
ENSG00000164219.10	77.0990969387202	0.0786012327140341	0.17849100794768	0.570838205793855	0.88542135050991	0.566817461585657	PGGT1B	PGGT1B	FALSE	Not significant
ENSG00000224431.1	6.01735963766462	-0.0532560281519265	0.267318733547419	0.571154495081641	0.88542135050991	-0.566352033424177	ENSG00000224431	ENSG00000224431	FALSE	Not significant
ENSG00000164609.10	243.765127727841	0.0670364235755813	0.133427310684162	0.571386699335682	0.88542135050991	0.566010416728571	SLU7	SLU7	FALSE	Not significant
ENSG00000197903.8	107.355619393459	-0.0774580732442831	0.176248096110592	0.569750530535784	0.88542135050991	-0.56841894328818	H2BC12	H2BC12	FALSE	Not significant
ENSG00000185345.25	12.5031792715611	0.0680017491143473	0.254372459883439	0.568535923974952	0.88542135050991	0.57020904217105	PRKN	PRKN	FALSE	Not significant
ENSG00000074370.18	14.3813653604704	0.0698536230339235	0.252515053242372	0.569646737819165	0.88542135050991	0.568571842760239	ATP2A3	ATP2A3	FALSE	Not significant
ENSG00000091536.20	9.61606137822668	-0.0620950077001502	0.259847843663187	0.571176322336846	0.88542135050991	-0.56631991855943	MYO15A	MYO15A	FALSE	Not significant
ENSG00000267691.1	243.45769375369	-0.0665844985879146	0.133912514191273	0.569686058528961	0.88542135050991	-0.568513916941612	SHC1P2	SHC1P2	FALSE	Not significant
ENSG00000173894.11	6.65597280019995	-0.0555776877334226	0.265642994432828	0.570473197868483	0.88542135050991	-0.567354733190472	CBX2	CBX2	FALSE	Not significant
ENSG00000245146.7	7.71751177469537	-0.0546464199304849	0.265204691254963	0.572919882279305	0.887112527458994	-0.563756467076959	MALINC1	MALINC1	FALSE	Not significant
ENSG00000231889.9	22.3052504088837	0.0761211685312533	0.236140811696463	0.573371349331576	0.887112527458994	0.563093306231764	TRAF3IP2-AS1	TRAF3IP2-AS1	FALSE	Not significant
ENSG00000178502.6	18.9645756889826	-0.0722090192619457	0.244019308756019	0.573457215138135	0.887112527458994	-0.562967205811414	KLHL11	KLHL11	FALSE	Not significant
ENSG00000291104.1	16.2656941217643	-0.0707648848680522	0.246843204749014	0.574206760168346	0.887262066024767	-0.561866822093966	BTN2A3P	BTN2A3P	FALSE	Not significant
ENSG00000278535.5	9.16171457836742	-0.0590755395203766	0.261958417316218	0.574185523724062	0.887262066024767	-0.561897989287345	DHRS11	DHRS11	FALSE	Not significant
ENSG00000112992.18	329.872059583425	-0.0621074344410304	0.124327372360675	0.575215115459072	0.887670049285781	-0.560387559293798	NNT	NNT	FALSE	Not significant
ENSG00000248827.1	125.796588962992	-0.0721036157731541	0.154562289710902	0.575307876794782	0.887670049285781	-0.560251539520942	ENSG00000248827	ENSG00000248827	FALSE	Not significant
ENSG00000158406.6	9.5937457966141	-0.0572099930124253	0.262381454406111	0.575450561751857	0.887670049285781	-0.560042334914342	H4C8	H4C8	FALSE	Not significant
ENSG00000196586.17	307.446090756163	0.0689752795951833	0.144802362494661	0.57714989839907	0.888509424356523	0.557552648371872	MYO6	MYO6	FALSE	Not significant
ENSG00000231028.11	11.1718763837298	0.0622423927177271	0.258123234681789	0.577129578474908	0.888509424356523	0.557582398517136	AHI1-DT	AHI1-DT	FALSE	Not significant
ENSG00000037042.9	80.7925270494752	-0.076800797568853	0.179585522319597	0.57730229706167	0.888509424356523	-0.557329539133832	TUBG2	TUBG2	FALSE	Not significant
ENSG00000172992.13	105.459675220441	-0.0751189006160344	0.170449942960998	0.576971462408933	0.888509424356523	-0.557813911123749	DCAKD	DCAKD	FALSE	Not significant
ENSG00000250914.1	50.7701701215694	-0.0784023636995954	0.199361610134279	0.579298852819163	0.889116384369327	-0.554409168486615	ENSG00000250914	ENSG00000250914	FALSE	Not significant
ENSG00000183474.16	16.4531964067006	-0.0690082659678563	0.247785366141815	0.579332272523208	0.889116384369327	-0.554360325624759	GTF2H2C	GTF2H2C	FALSE	Not significant
ENSG00000219463.1	8.82694600975781	0.0577332046146465	0.262634673668256	0.578824638529724	0.889116384369327	0.555102374793867	RPSAP42	RPSAP42	FALSE	Not significant
ENSG00000175662.18	288.038605204701	0.0634470087207925	0.130935411591923	0.578056026371185	0.889116384369327	0.556226498821555	TOM1L2	TOM1L2	FALSE	Not significant
ENSG00000159217.10	27.4786924670898	0.0772150046045229	0.227226694516092	0.579076857415351	0.889116384369327	0.554733648115502	IGF2BP1	IGF2BP1	FALSE	Not significant
ENSG00000145592.14	2480.20185293744	-0.0509212625042163	0.100411342809483	0.583072242907355	0.889561295131185	-0.548902674148774	RPL37	RPL37	FALSE	Not significant
ENSG00000270307.1	2598.21726831777	0.0548117431157446	0.104560745830711	0.582962977846715	0.889561295131185	0.549061889676658	MTATP6P2	MTATP6P2	FALSE	Not significant
ENSG00000217539.2	28.4462397511482	-0.0754886600619779	0.230191984632733	0.582169553067003	0.889561295131185	-0.550218446123161	IQCB2P	IQCB2P	FALSE	Not significant
ENSG00000217227.1	182.935806728812	0.0671287451836038	0.139211193256491	0.583222306079386	0.889561295131185	0.548684032347825	TFGP1	TFGP1	FALSE	Not significant
ENSG00000112651.12	11.6677143519712	-0.0646978483124004	0.254780731332936	0.580535694047465	0.889561295131185	-0.552602406097612	MRPL2	MRPL2	FALSE	Not significant
ENSG00000178409.14	15.517225876877	-0.0699549379765076	0.246701947424076	0.581067629130913	0.889561295131185	-0.551825916637885	BEND3	BEND3	FALSE	Not significant
ENSG00000129219.14	143.735906227304	0.0706797601080456	0.151994106855014	0.582770848432788	0.889561295131185	0.549341884716234	PLD2	PLD2	FALSE	Not significant
ENSG00000141027.23	564.071960255641	0.0558821717245767	0.11072739112277	0.581973601309364	0.889561295131185	0.550504193648003	NCOR1	NCOR1	FALSE	Not significant
ENSG00000263535.2	56.3255496961104	-0.0777462885064439	0.197574695105824	0.58136299725791	0.889561295131185	-0.551394898209992	AK4P1	AK4P1	FALSE	Not significant
ENSG00000275029.1	277.257076397395	-0.0644775888052398	0.135738812710316	0.582262541068015	0.889561295131185	-0.550082861673945	HMGB1P24	HMGB1P24	FALSE	Not significant
ENSG00000267170.1	362.033766907579	-0.0605436751565276	0.121642087433595	0.58240505337772	0.889561295131185	-0.549875086173994	CALM2P1	CALM2P1	FALSE	Not significant
ENSG00000255987.1	18.3146982284008	0.0709400790755895	0.242996129099402	0.583610687493131	0.889654429953074	0.548118282984742	TOMM20P2	TOMM20P2	FALSE	Not significant
ENSG00000205571.15	9.66783469542128	-0.059810607293589	0.259509092459696	0.585712288169979	0.890647286194411	-0.545059947716628	SMN2	SMN2	FALSE	Not significant
ENSG00000112855.17	96.5231342479195	-0.0726863642136284	0.166804618769886	0.585285237015774	0.890647286194411	-0.545680996506201	HARS2	HARS2	FALSE	Not significant
ENSG00000197498.13	85.9830239672281	0.0746432666391723	0.175180316146078	0.585382438701504	0.890647286194411	0.545539620265303	RPF2	RPF2	FALSE	Not significant
ENSG00000198920.11	91.1297568227967	-0.0733039176123906	0.169167015315048	0.58622810706468	0.890647286194411	-0.544310086625384	KIAA0753	KIAA0753	FALSE	Not significant
ENSG00000175155.11	120.712575477813	0.0717200001180839	0.159477128049212	0.585923148662244	0.890647286194411	0.544753376607749	YPEL2	YPEL2	FALSE	Not significant
ENSG00000141551.15	554.134501333035	-0.0551049362244513	0.110101087996899	0.584908361152591	0.890647286194411	-0.546229251621799	CSNK1D	CSNK1D	FALSE	Not significant
ENSG00000284263.1	31.7559757341194	0.0752989227048816	0.226604722789504	0.586612662222154	0.890733640178668	0.543751246586683	ENSG00000284263	ENSG00000284263	FALSE	Not significant
ENSG00000168566.13	62.9749099184325	0.0759680961844815	0.186723041047279	0.587452119821671	0.891510252191682	0.542531926402645	SNRNP48	SNRNP48	FALSE	Not significant
ENSG00000271207.1	6229.28329021823	0.0508970374064875	0.101133451116186	0.590696850483881	0.893504678823097	0.53782647769373	MTCO1P22	MTCO1P22	FALSE	Not significant
ENSG00000175749.11	71.140022780429	0.0753274215084252	0.1861861721516	0.59106748069313	0.893504678823097	0.53728975554295	EIF3KP1	EIF3KP1	FALSE	Not significant
ENSG00000204628.12	3840.83735647042	-0.0487781917342987	0.0974043173818628	0.589418179160445	0.893504678823097	-0.539679356085033	RACK1	RACK1	FALSE	Not significant
ENSG00000135535.17	1396.60729921336	-0.0510095480057172	0.100686839615173	0.590779649482098	0.893504678823097	-0.537706560226868	CD164	CD164	FALSE	Not significant
ENSG00000120262.10	23.5198160100742	0.0712776598337767	0.238376936365813	0.590376562412035	0.893504678823097	0.538290422513495	CCDC170	CCDC170	FALSE	Not significant
ENSG00000167720.13	37.3745228430718	-0.0752516615253241	0.217825296038583	0.589746743499583	0.893504678823097	-0.539203068212279	SRR	SRR	FALSE	Not significant
ENSG00000108439.11	51.3367266557521	-0.0757906750137328	0.202632985886486	0.590887536189618	0.893504678823097	-0.537550319928654	PNPO	PNPO	FALSE	Not significant
ENSG00000280136.2	32.8572273699943	-0.07395537234147	0.223963618418477	0.591889566991219	0.894196924600918	-0.536099816433393	ENSG00000280136	ENSG00000280136	FALSE	Not significant
ENSG00000040531.16	107.503163984791	-0.0714447180965213	0.165726820659185	0.592183393775442	0.894196924600918	-0.535674697336156	CTNS	CTNS	FALSE	Not significant
ENSG00000118402.6	20.5460629428805	-0.0705155883043511	0.238123414427416	0.593267192167918	0.895336051256191	-0.53410745506714	ELOVL4	ELOVL4	FALSE	Not significant
ENSG00000235546.2	70.2720058694515	0.0743080929184373	0.181610410140229	0.593793973294593	0.895633751062544	0.533346169402648	ENSG00000235546	ENSG00000235546	FALSE	Not significant
ENSG00000184349.14	48.2001881220787	0.0750326452102758	0.210765027697759	0.595065095143089	0.895897371781162	0.531510459519324	EFNA5	EFNA5	FALSE	Not significant
ENSG00000145868.17	173.467796970637	-0.0663650922428654	0.14633500772294	0.594637487533676	0.895897371781162	-0.53212779532463	FBXO38	FBXO38	FALSE	Not significant
ENSG00000112234.9	122.08433865071	0.0687364115724598	0.164586362012112	0.595287216128322	0.895897371781162	0.531189864063889	FBXL4	FBXL4	FALSE	Not significant
ENSG00000164418.22	6.7724024646616	-0.0460604528556992	0.269994571627116	0.594882438385691	0.895897371781162	-0.531774135728503	GRIK2	GRIK2	FALSE	Not significant
ENSG00000290450.1	19.7979610308163	-0.0692716975750101	0.239492719773582	0.596538586097493	0.896966901697976	-0.529384733928268	ENSG00000290450	ENSG00000290450	FALSE	Not significant
ENSG00000267080.8	29.9868577479144	-0.0735828194718883	0.221634641173469	0.596987904772494	0.896966901697976	-0.528737002306781	ASB16-AS1	ASB16-AS1	FALSE	Not significant
ENSG00000182612.11	13.6681254577287	0.0638657386310538	0.252362230894043	0.596887943591608	0.896966901697976	0.528881085775464	TSPAN10	TSPAN10	FALSE	Not significant
ENSG00000214140.11	9.40803919745189	-0.0574550770047559	0.259004625448083	0.59865117301286	0.898968999032571	-0.526341184207226	PRCD	PRCD	FALSE	Not significant
ENSG00000213664.4	107.056427452806	0.0704178469389722	0.162666085133617	0.599089649702652	0.89913068354048	0.525710093563927	RPS16P8	RPS16P8	FALSE	Not significant
ENSG00000120327.7	18.1044917279293	-0.0664205937424132	0.243697336800412	0.600710478112004	0.89967583735964	-0.52337908178939	PCDHB14	PCDHB14	FALSE	Not significant
ENSG00000276547.2	101.341042231552	-0.0702350713355142	0.165743089475073	0.600758863880326	0.89967583735964	-0.52330953903643	PCDHGB5	PCDHGB5	FALSE	Not significant
ENSG00000272325.2	11.6746570523285	-0.060388309839118	0.254634074930011	0.601107917823807	0.89967583735964	-0.522807933986311	NUDT3	NUDT3	FALSE	Not significant
ENSG00000225190.12	281.658353927989	-0.0608092365288356	0.131129215598585	0.600855976812941	0.89967583735964	-0.523169970493358	PLEKHM1	PLEKHM1	FALSE	Not significant
ENSG00000133193.13	70.2791244920947	-0.0729343397994522	0.184664068512023	0.600248573554903	0.89967583735964	-0.524043084544461	FAM104A	FAM104A	FALSE	Not significant
ENSG00000171530.15	194.540536963839	-0.0623748746619373	0.137618779087373	0.602760980971448	0.900662092512587	-0.52043419626299	TBCA	TBCA	FALSE	Not significant
ENSG00000108561.8	123.800251111989	0.0688396726861347	0.163459891028412	0.602146903262631	0.900662092512587	0.521315646193368	C1QBP	C1QBP	FALSE	Not significant
ENSG00000154265.16	86.4632706909448	-0.0714078143565945	0.18116604045238	0.602674166132976	0.900662092512587	-0.520558786121291	ABCA5	ABCA5	FALSE	Not significant
ENSG00000141295.14	70.7002778547694	-0.0720195766104717	0.1817457385553	0.603374326144664	0.901083196956702	-0.519554201263142	SCRN2	SCRN2	FALSE	Not significant
ENSG00000262580.5	11.5902518692997	-0.0566415677209678	0.257134673800141	0.604585536821132	0.902396204876351	-0.51781760088754	ENSG00000262580	ENSG00000262580	FALSE	Not significant
ENSG00000130449.6	125.210591219346	-0.0663006098756517	0.155667332013419	0.605454206092922	0.902701334152804	-0.51657308812102	ZSWIM6	ZSWIM6	FALSE	Not significant
ENSG00000185158.13	25.9501262258829	-0.0703448015896802	0.230546302029913	0.605346896153914	0.902701334152804	-0.516726784056418	LRRC37B	LRRC37B	FALSE	Not significant
ENSG00000095015.6	64.7437835178168	-0.0721019130838512	0.190611745201468	0.606548690041312	0.903837357199718	-0.515006196374962	MAP3K1	MAP3K1	FALSE	Not significant
ENSG00000213461.3	12.6449213134375	-0.0610975066035945	0.251780287449738	0.607332069964233	0.904508803376869	-0.513885465363317	RPL32P15	RPL32P15	FALSE	Not significant
ENSG00000241907.1	6.04652299830513	0.0452614688887031	0.267335479631507	0.610377202765288	0.904665451094155	0.509535098603664	RPS20P4	RPS20P4	FALSE	Not significant
ENSG00000275765.6	6.10351657632172	-0.0480314216569575	0.265656831467508	0.610765674303817	0.904665451094155	-0.508980811327324	ENSG00000275765	ENSG00000275765	FALSE	Not significant
ENSG00000124532.15	62.2480040317937	-0.0711781847444164	0.186496507416604	0.609949570853371	0.904665451094155	-0.510145442596901	MRS2	MRS2	FALSE	Not significant
ENSG00000219797.2	9.71178058114413	0.0549768300561098	0.259466939258784	0.610362614664114	0.904665451094155	0.509555916559448	PPIAP9	PPIAP9	FALSE	Not significant
ENSG00000112237.13	110.874701819564	0.0683190421705598	0.165270083783028	0.609619022806588	0.904665451094155	0.510617352446035	CCNC	CCNC	FALSE	Not significant
ENSG00000277161.2	18.5462338327102	0.0668954676105148	0.239790643180603	0.610524208650462	0.904665451094155	0.509325326117162	PIGW	PIGW	FALSE	Not significant
ENSG00000273559.5	83.3091455796178	-0.0696069065325006	0.177000045281757	0.609865116157172	0.904665451094155	-0.510266004283525	CWC25	CWC25	FALSE	Not significant
ENSG00000172057.10	321.080695945199	0.0581762539300303	0.126040943022931	0.608118432546653	0.904665451094155	0.512761116028041	ORMDL3	ORMDL3	FALSE	Not significant
ENSG00000185829.19	11.4918425168592	-0.0520197810510114	0.260068780045396	0.610046672317433	0.904665451094155	-0.510006836421636	ARL17A	ARL17A	FALSE	Not significant
ENSG00000130935.10	102.02972495778	-0.0678566974746488	0.162981313360659	0.609292102247625	0.904665451094155	-0.511084195355316	NOL11	NOL11	FALSE	Not significant
ENSG00000074356.17	214.728262086021	0.060801596512142	0.136395373573736	0.611143935001178	0.904732688089979	0.508441243526736	NCBP3	NCBP3	FALSE	Not significant
ENSG00000113522.14	26.9722484535404	0.0698060743800222	0.227982318382027	0.611590458495344	0.904900852580482	0.507804493085206	RAD50	RAD50	FALSE	Not significant
ENSG00000244331.1	431.136518368784	0.0538498410107782	0.117680508690966	0.61312241656594	0.906639934402226	0.505621455660098	ENSG00000244331	ENSG00000244331	FALSE	Not significant
ENSG00000216613.2	26.8310070384416	0.0694842847415275	0.227733798353086	0.613432979899078	0.906639934402226	0.505179197424115	ENSG00000216613	ENSG00000216613	FALSE	Not significant
ENSG00000159210.10	137.42028583089	0.0650112298839285	0.154348181514807	0.614118379569217	0.907159649820181	0.504203502275699	SNF8	SNF8	FALSE	Not significant
ENSG00000250182.3	17.0471508887608	0.0641609490189919	0.244099893516076	0.614774380383396	0.907635397002755	0.503270106979597	EEF1A1P13	EEF1A1P13	FALSE	Not significant
ENSG00000213523.12	93.4501392006167	0.0682991703481441	0.172894585364313	0.616734602036329	0.908330305783398	0.500483598593851	SRA1	SRA1	FALSE	Not significant
ENSG00000233913.7	4254.57256694295	0.040174201884798	0.0901203125418878	0.616225214177966	0.908330305783398	0.501207332785475	RPL10P9	RPL10P9	FALSE	Not significant
ENSG00000234284.7	15.0004975951207	-0.0617307220879203	0.247065694083527	0.61691602077857	0.908330305783398	-0.500225903611777	ZNF879	ZNF879	FALSE	Not significant
ENSG00000261882.1	12.0685097978555	-0.058013291529258	0.253502523969671	0.616775259776056	0.908330305783398	-0.500425843703122	ENSG00000261882	ENSG00000261882	FALSE	Not significant
ENSG00000177728.17	232.349704742643	0.0592577774288508	0.134935259523867	0.616174303802622	0.908330305783398	0.501279680265333	TMEM94	TMEM94	FALSE	Not significant
ENSG00000176788.9	992.195524017966	-0.0491100159251097	0.107088698674918	0.617535753733627	0.908737114217759	-0.499345858642213	BASP1	BASP1	FALSE	Not significant
ENSG00000240083.2	44.2009679988198	0.0696470488495907	0.213806501660456	0.618014008439958	0.908737114217759	0.498666982621433	RPS3AP22	RPS3AP22	FALSE	Not significant
ENSG00000185261.16	19.917200868316	0.0663541527090505	0.236380304020741	0.619788274992936	0.908737114217759	0.496150438973042	KIAA0825	KIAA0825	FALSE	Not significant
ENSG00000213630.3	20.2128022282367	0.065477336514347	0.237147533266449	0.621985473127569	0.908737114217759	0.493038374124016	BOLA3P3	BOLA3P3	FALSE	Not significant
ENSG00000113312.12	143.860059533927	0.0623261130312712	0.148431306184291	0.619799593746478	0.908737114217759	0.496134395037068	TTC1	TTC1	FALSE	Not significant
ENSG00000111845.5	38.6289977216173	-0.0685742512947078	0.217270844527447	0.622105646070886	0.908737114217759	-0.492868301635401	PAK1IP1	PAK1IP1	FALSE	Not significant
ENSG00000204305.16	6.17111316065795	-0.0464111069680245	0.265447000357119	0.622207420735559	0.908737114217759	-0.492724278111803	AGER	AGER	FALSE	Not significant
ENSG00000213435.3	158.717494908919	0.0610946949321517	0.145665974093702	0.62135920055986	0.908737114217759	0.493924925550734	ATP6V0CP3	ATP6V0CP3	FALSE	Not significant
ENSG00000198225.5	802.903852995195	0.0483921587450223	0.10540286039979	0.621547226447995	0.908737114217759	0.493658715358783	FKBP1C	FKBP1C	FALSE	Not significant
ENSG00000228506.4	15.6386244060652	0.0620409082476996	0.246724065097418	0.61883257680421	0.908737114217759	0.497505568884123	PNISR-AS1	PNISR-AS1	FALSE	Not significant
ENSG00000175826.12	225.337958274123	-0.0573193269245739	0.131999563227879	0.621382127454294	0.908737114217759	-0.493892463397242	CTDNEP1	CTDNEP1	FALSE	Not significant
ENSG00000141504.12	142.990453456281	-0.0630819316277968	0.152870897860091	0.621596565989546	0.908737114217759	-0.493588865406997	SAT2	SAT2	FALSE	Not significant
ENSG00000126653.18	152.456184846891	-0.0619088567034277	0.148899922589235	0.621914584748642	0.908737114217759	-0.493138704251026	NSRP1	NSRP1	FALSE	Not significant
ENSG00000068137.15	75.1712801379101	-0.0679588282200632	0.184207225017816	0.621706557472587	0.908737114217759	-0.49343315921467	PLEKHH3	PLEKHH3	FALSE	Not significant
ENSG00000258890.8	71.9895617610097	-0.0694403989548605	0.187924802078034	0.618990771595653	0.908737114217759	-0.497281193925894	CEP95	CEP95	FALSE	Not significant
ENSG00000224282.3	430.362292156069	-0.0546578156649059	0.125036064577081	0.622834694445333	0.908872619223998	-0.491836834986813	ENSG00000224282	ENSG00000224282	FALSE	Not significant
ENSG00000225165.3	125.904730577531	0.0634726026772214	0.154945164908133	0.624306541608243	0.908872619223998	0.489756039541206	RTRAFP2	RTRAFP2	FALSE	Not significant
ENSG00000158987.22	47.4306834700335	-0.0695390992807194	0.199071178010725	0.623764423270162	0.908872619223998	-0.490522201715839	RAPGEF6	RAPGEF6	FALSE	Not significant
ENSG00000280047.1	8.41333155556954	0.0486921946039052	0.26277739607998	0.62373441443205	0.908872619223998	0.490564620857468	ENSG00000280047	ENSG00000280047	FALSE	Not significant
ENSG00000262095.1	7.03342354583033	-0.0424471044550543	0.26693890053773	0.624233015329743	0.908872619223998	-0.489859935516212	MTATP6P25	MTATP6P25	FALSE	Not significant
ENSG00000240445.6	28.116098578658	-0.0676199372876079	0.224237071277044	0.623889700539973	0.908872619223998	-0.490345124943244	FOXO3B	FOXO3B	FALSE	Not significant
ENSG00000175906.5	35.5786229590137	-0.0692625782279817	0.21310545510807	0.624845147002394	0.909169758861086	-0.488995126716925	ARL4D	ARL4D	FALSE	Not significant
ENSG00000251062.1	47.9568063491415	0.0701234288259803	0.201756858089235	0.625338636740027	0.909400970925304	0.488298199339482	ENSG00000251062	ENSG00000251062	FALSE	Not significant
ENSG00000236761.6	28.9946912613876	0.0665580670288022	0.22687070012087	0.626214465201597	0.910187655838471	0.487061900277466	CTAGE9	CTAGE9	FALSE	Not significant
ENSG00000204228.4	13.6295656494511	-0.0564794652211897	0.251824980230134	0.627069786452255	0.910943709020432	-0.485855266806125	HSD17B8	HSD17B8	FALSE	Not significant
ENSG00000291110.1	13.005699394834	-0.0583107387120264	0.249913165216617	0.628169269237662	0.912053458220067	-0.48430522372392	TRIM16L	TRIM16L	FALSE	Not significant
ENSG00000065029.15	83.6763121758135	0.0662588100168953	0.175905799758099	0.628775722038755	0.912446563001248	0.483450748734986	ZNF76	ZNF76	FALSE	Not significant
ENSG00000131469.15	1571.46078146227	-0.0453832942843941	0.100771388388406	0.629613573154381	0.913174862237784	-0.482270820280161	RPL27	RPL27	FALSE	Not significant
ENSG00000112039.6	26.7652630180487	0.0662114953899707	0.22543828760757	0.632404519108198	0.915269160242855	0.478345215856611	FANCE	FANCE	FALSE	Not significant
ENSG00000153976.3	28.1908448941178	0.0668242208113259	0.222317876202629	0.631743312200524	0.915269160242855	0.479274567931559	HS3ST3A1	HS3ST3A1	FALSE	Not significant
ENSG00000108443.14	146.917995065335	0.0616566268821011	0.153950389825765	0.631553434536731	0.915269160242855	0.479541524874345	RPS6KB1	RPS6KB1	FALSE	Not significant
ENSG00000177303.10	66.4030600416835	0.0668826184648937	0.186222137248741	0.632077428888886	0.915269160242855	0.478804902218924	CASKIN2	CASKIN2	FALSE	Not significant
ENSG00000250860.1	10.4913715569418	-0.0538747379574386	0.25539417890873	0.633642669589874	0.915598498641827	-0.476606056860669	ENSG00000250860	ENSG00000250860	FALSE	Not significant
ENSG00000251306.1	13.2966389152499	0.0567825699894575	0.250311125991576	0.633585011454391	0.915598498641827	0.476687013902643	NDUFB4P2	NDUFB4P2	FALSE	Not significant
ENSG00000120253.14	95.1563710454043	0.0655843665535075	0.16579464706129	0.633554778397246	0.915598498641827	0.476729464995571	NUP43	NUP43	FALSE	Not significant
ENSG00000152684.11	83.0123212703751	-0.0644606192334769	0.174045696954407	0.636097562917433	0.917183153191323	-0.473162060674271	PELO	PELO	FALSE	Not significant
ENSG00000213730.3	98.589631432523	-0.0624068529573767	0.164493546287346	0.637742252709029	0.917183153191323	-0.470857845771053	POLD2P1	POLD2P1	FALSE	Not significant
ENSG00000217385.1	122.479332631363	-0.0599687602963902	0.154988702493606	0.637351002381102	0.917183153191323	-0.471405761519044	PSMC1P11	PSMC1P11	FALSE	Not significant
ENSG00000213654.10	20.9392410557877	-0.0616329500404838	0.236413670568267	0.638190854575633	0.917183153191323	-0.470229787537868	GPSM3	GPSM3	FALSE	Not significant
ENSG00000183239.5	34.7252575020333	0.065678205655378	0.219841139342416	0.637691234171228	0.917183153191323	0.470929285259847	RPL29P16	RPL29P16	FALSE	Not significant
ENSG00000216817.1	33.0831545972383	0.0661514975807603	0.217840636319171	0.636523005098978	0.917183153191323	0.472565774588449	R3HDM2P2	R3HDM2P2	FALSE	Not significant
ENSG00000219773.1	1605.53069974554	-0.0427824613657975	0.0978442181799152	0.638451260426042	0.917183153191323	-0.469865295364251	RPSAP45	RPSAP45	FALSE	Not significant
ENSG00000135521.9	48.1631622963583	0.066513391840148	0.202264747449273	0.638201170704366	0.917183153191323	0.470215346780942	LTV1	LTV1	FALSE	Not significant
ENSG00000125686.12	290.388437055929	-0.0523408216618228	0.125087905427525	0.638420560485716	0.917183153191323	-0.469908263072223	MED1	MED1	FALSE	Not significant
ENSG00000167900.12	11.9073646305043	0.0558681176416596	0.25268536166276	0.635120429107691	0.917183153191323	0.474532217620327	TK1	TK1	FALSE	Not significant
ENSG00000176155.21	88.1310945976979	-0.0635450775094139	0.170848528060318	0.636090644548734	0.917183153191323	-0.473171758627147	CCDC57	CCDC57	FALSE	Not significant
ENSG00000263874.2	10.5627749318595	0.0522403026099468	0.2563439204049	0.639103290795554	0.917634835912475	0.468952916820395	LASP1NB	LASP1NB	FALSE	Not significant
ENSG00000220771.2	11.7012939958614	-0.0536257169412164	0.253368024820526	0.640092282946215	0.918569601398	-0.467569775992801	BOLA2P3	BOLA2P3	FALSE	Not significant
ENSG00000278311.5	294.852805908281	0.0541943449749147	0.130886037658345	0.641189213323069	0.919658196206914	0.466036725128353	GGNBP2	GGNBP2	FALSE	Not significant
ENSG00000218187.2	49.8729386336765	0.0657250760487708	0.198610281076326	0.641680244770668	0.919877059750356	0.46535082304122	ENSG00000218187	ENSG00000218187	FALSE	Not significant
ENSG00000214132.4	9.74620377525827	0.0496056071605746	0.257078811148029	0.651557616438321	0.920463072739781	0.451599380427706	ENSG00000214132	ENSG00000214132	FALSE	Not significant
ENSG00000224993.3	302.100551579769	-0.0509990818637485	0.128326468532439	0.651285377221193	0.920463072739781	-0.451977242352685	RPL29P12	RPL29P12	FALSE	Not significant
ENSG00000039123.16	254.643553071634	0.0513415875343741	0.127490605327268	0.647656914722034	0.920463072739781	0.457019659797491	MTREX	MTREX	FALSE	Not significant
ENSG00000068796.19	146.804640797581	-0.0580666832172669	0.152229660430403	0.648102241275313	0.920463072739781	-0.45640017312975	KIF2A	KIF2A	FALSE	Not significant
ENSG00000164347.18	75.133292371166	-0.0611887302375365	0.176316719857337	0.653683005041184	0.920463072739781	-0.448651599152669	GFM2	GFM2	FALSE	Not significant
ENSG00000213757.3	1106.96343014679	-0.0408458164192226	0.0991483988404003	0.653965807081832	0.920463072739781	-0.448259664652463	RPS3AP20	RPS3AP20	FALSE	Not significant
ENSG00000152348.16	20.2320449919775	0.0581278124577004	0.239860236115103	0.651348163127789	0.920463072739781	0.451890091199549	ATG10	ATG10	FALSE	Not significant
ENSG00000177879.17	455.305331189585	0.0482384398085011	0.116291474442214	0.649784507397417	0.920463072739781	0.454061576836341	AP3S1	AP3S1	FALSE	Not significant
ENSG00000173926.6	9.9684781319059	-0.0468847938424831	0.259128883521356	0.649272438046349	0.920463072739781	-0.45477316477782	MARCHF3	MARCHF3	FALSE	Not significant
ENSG00000072364.13	707.456069389819	-0.044507144161969	0.105254603720565	0.650407664110717	0.920463072739781	-0.453195928339465	AFF4	AFF4	FALSE	Not significant
ENSG00000253873.6	86.3259164749291	0.0620702924910344	0.170949435315057	0.645914429907812	0.920463072739781	0.459445292008506	PCDHGA11	PCDHGA11	FALSE	Not significant
ENSG00000177556.12	129.141804579063	-0.0584191989180266	0.152657664406047	0.64694195780437	0.920463072739781	-0.458014592034542	ATOX1	ATOX1	FALSE	Not significant
ENSG00000082515.18	46.3880117939894	-0.0638856403090071	0.201480882595489	0.65036241664598	0.920463072739781	-0.453258771713778	MRPL22	MRPL22	FALSE	Not significant
ENSG00000231989.5	102.025696241715	0.0598728793606063	0.164622186365438	0.6542800177423	0.920463072739781	0.447824281776754	PPP1R2B	PPP1R2B	FALSE	Not significant
ENSG00000247679.3	14.3160865692836	-0.056886547274149	0.245981823681812	0.64494141182106	0.920463072739781	-0.460800961538785	ENSG00000247679	ENSG00000247679	FALSE	Not significant
ENSG00000231228.4	40.6287456858729	0.0636177050745469	0.209235276607941	0.65248884112472	0.920463072739781	0.450307348412727	ARPP19P1	ARPP19P1	FALSE	Not significant
ENSG00000183718.6	34.8337724966174	0.0644750584836624	0.217004400184694	0.646330638535231	0.920463072739781	0.458865662058608	TRIM52	TRIM52	FALSE	Not significant
ENSG00000124588.22	56.1547339743653	-0.0626723054497049	0.191341588533084	0.653931206999075	0.920463072739781	-0.448307613105416	NQO2	NQO2	FALSE	Not significant
ENSG00000172201.12	11.2348401894939	0.0504362012456319	0.256383919020238	0.646441493417296	0.920463072739781	0.458711306808092	ID4	ID4	FALSE	Not significant
ENSG00000216676.2	200.743637290292	0.0544797099906221	0.138385283048568	0.648126913867051	0.920463072739781	0.456365856603189	RPL8P1	RPL8P1	FALSE	Not significant
ENSG00000234127.9	179.995080815595	0.0542704162707949	0.139123815893436	0.65565952946093	0.920463072739781	0.445913777839528	TRIM26	TRIM26	FALSE	Not significant
ENSG00000204427.12	9.43260072922568	0.0505676990733012	0.257660144124219	0.644003255400611	0.920463072739781	0.462108861989601	ABHD16A	ABHD16A	FALSE	Not significant
ENSG00000218749.1	50.3395386732805	-0.0634292486949288	0.196340462417586	0.651909525060555	0.920463072739781	-0.451111034673243	RPL36P9	RPL36P9	FALSE	Not significant
ENSG00000137168.8	56.8351251255796	-0.062923677331926	0.203948035609419	0.651009066631768	0.920463072739781	-0.452360821250735	PPIL1	PPIL1	FALSE	Not significant
ENSG00000124596.17	64.6981007182767	-0.0621399738268628	0.189227416351408	0.65588724179347	0.920463072739781	-0.445598572665534	OARD1	OARD1	FALSE	Not significant
ENSG00000218350.1	39.5012108145349	0.0635061020788529	0.206742847006572	0.654243224222442	0.920463072739781	0.447875259961963	LYPLA1P3	LYPLA1P3	FALSE	Not significant
ENSG00000219253.1	21.9106293645762	-0.0595290101876372	0.236912544903498	0.644783707653695	0.920463072739781	-0.461020764537672	RPS6P7	RPS6P7	FALSE	Not significant
ENSG00000135336.16	142.259784333504	0.0575432465656024	0.148313140137079	0.650125414460944	0.920463072739781	0.453587968956564	ORC3	ORC3	FALSE	Not significant
ENSG00000118412.13	82.6123094558487	0.0620575544784211	0.171834447507836	0.648298041281252	0.920463072739781	0.456127854302019	CASP8AP2	CASP8AP2	FALSE	Not significant
ENSG00000187472.4	328.777320036761	0.0540207773681808	0.1331881058455	0.644362187674234	0.920463072739781	0.461608374916522	ENSG00000187472	ENSG00000187472	FALSE	Not significant
ENSG00000218208.1	1138.21182927452	0.0428228085478725	0.099556436157723	0.649498965550767	0.920463072739781	0.454458346534038	RPS27AP11	RPS27AP11	FALSE	Not significant
ENSG00000120437.9	30.5721294035823	0.0641123830664987	0.219998187452875	0.646440888322815	0.920463072739781	0.458712149316961	ACAT2	ACAT2	FALSE	Not significant
ENSG00000167842.16	52.6971302038274	0.0646698945551474	0.194722196984735	0.648281009324652	0.920463072739781	0.456151541019425	MIS12	MIS12	FALSE	Not significant
ENSG00000266876.1	54.6402469058171	-0.0624125777866915	0.1936918216558	0.655837150850072	0.920463072739781	-0.445667906017936	ENSG00000266876	ENSG00000266876	FALSE	Not significant
ENSG00000172171.11	15.779366391685	0.0583310817723086	0.243493143183248	0.645929217166517	0.920463072739781	0.459424695995346	TEFM	TEFM	FALSE	Not significant
ENSG00000006042.12	637.925994117614	-0.0442212642904707	0.106509710726845	0.655182012461678	0.920463072739781	-0.446574912892371	TMEM98	TMEM98	FALSE	Not significant
ENSG00000278540.5	244.849552704816	-0.0532535169183622	0.14219192574312	0.65574484607557	0.920463072739781	-0.445795675233868	ACACA	ACACA	FALSE	Not significant
ENSG00000267121.7	12.8446879987201	-0.0554451174638146	0.249776891594988	0.643493899875558	0.920463072739781	-0.462819294625842	FMNL1-DT	FMNL1-DT	FALSE	Not significant
ENSG00000271919.1	28.5165905081748	-0.0617392103509638	0.226194698893886	0.648510130826043	0.920463072739781	-0.455832918126605	ENSG00000271919	ENSG00000271919	FALSE	Not significant
ENSG00000178607.17	76.5220301563457	0.0612290715394381	0.178046517354278	0.652119288126645	0.920463072739781	0.450819996353756	ERN1	ERN1	FALSE	Not significant
ENSG00000182173.14	18.6351605487088	-0.0571535340848463	0.239679540037578	0.655973867511757	0.920463072739781	-0.445478674778981	TSEN54	TSEN54	FALSE	Not significant
ENSG00000091009.8	59.19012637383	0.0632503057047688	0.190124310348317	0.656335436941629	0.920495210323708	0.444978298863246	RBM27	RBM27	FALSE	Not significant
ENSG00000249689.1	8.40563360138952	-0.0455930833790157	0.260043596082792	0.657281996535721	0.921347326758169	-0.443668882139783	ENSG00000249689	ENSG00000249689	FALSE	Not significant
ENSG00000112578.10	37.0225255707773	0.0625618764749702	0.210604854490108	0.658008520573195	0.921890288102033	0.442664365967546	BYSL	BYSL	FALSE	Not significant
ENSG00000124789.12	220.367424394338	-0.0520194986001634	0.134942515966856	0.65846167074925	0.922049882069275	-0.442038051714515	NUP153	NUP153	FALSE	Not significant
ENSG00000176783.15	204.424451996521	-0.0523726645935414	0.137843985729982	0.659374934580139	0.922378318162027	-0.440776325127232	RUFY1	RUFY1	FALSE	Not significant
ENSG00000154079.6	25.193868955071	-0.05975194198571	0.227854046399345	0.659217473653224	0.922378318162027	-0.440993816355832	SDHAF4	SDHAF4	FALSE	Not significant
ENSG00000006125.18	1376.71808427523	0.0431713032794186	0.105689425965601	0.659822299973256	0.92252932681446	0.440158520150744	AP2B1	AP2B1	FALSE	Not significant
ENSG00000154122.14	144.699591896078	-0.0545496955464842	0.153140380983938	0.666921970340257	0.923228084860717	-0.430376247953846	ANKH	ANKH	FALSE	Not significant
ENSG00000177034.18	118.644896090422	-0.0566309183668623	0.1589666890428	0.662606541071302	0.923228084860717	-0.436317287109729	MTX3	MTX3	FALSE	Not significant
ENSG00000245937.10	66.9080242011427	-0.0609736884519039	0.187237990111551	0.661251920713419	0.923228084860717	-0.438185359452584	SLC12A2-DT	SLC12A2-DT	FALSE	Not significant
ENSG00000164284.15	42.5159613253691	-0.0590233489463271	0.208139698458342	0.672982042642648	0.923228084860717	-0.422058877547443	GRPEL2	GRPEL2	FALSE	Not significant
ENSG00000156427.8	8.92813412312155	0.0433650532509142	0.260998689265898	0.67185438902391	0.923228084860717	0.423604340868505	FGF18	FGF18	FALSE	Not significant
ENSG00000169223.16	418.548909835029	0.0453982011040558	0.11959249537172	0.673848320744405	0.923228084860717	0.420872317104936	LMAN2	LMAN2	FALSE	Not significant
ENSG00000175309.15	124.535125746419	-0.0552539669853064	0.162727584039224	0.674953424402869	0.923228084860717	-0.419359491359218	PHYKPL	PHYKPL	FALSE	Not significant
ENSG00000218574.1	68.3352633357345	-0.057679412705824	0.180210288671403	0.675267635284439	0.923228084860717	-0.418929529383109	HNRNPA1P37	HNRNPA1P37	FALSE	Not significant
ENSG00000217414.2	73.2869377270822	0.05896411104351	0.178038147570081	0.665889759773548	0.923228084860717	0.431795899861814	DDX18P3	DDX18P3	FALSE	Not significant
ENSG00000187837.4	42.4392151128648	0.0594880931900589	0.21126997335217	0.670635660699532	0.923228084860717	0.425275761737925	H1-2	H1-2	FALSE	Not significant
ENSG00000204220.12	48.9591636085898	0.0611520909847028	0.20746757988824	0.663485154277212	0.923228084860717	0.435106460465148	PFDN6	PFDN6	FALSE	Not significant
ENSG00000204209.13	184.651414146075	-0.0565934232526774	0.140865363440564	0.66377113265928	0.923228084860717	-0.434712488125027	DAXX	DAXX	FALSE	Not significant
ENSG00000187762.5	6.31315698060143	-0.0366193661559366	0.26555272546899	0.675154428392885	0.923228084860717	-0.419084431253413	HSPE1P11	HSPE1P11	FALSE	Not significant
ENSG00000237719.1	35.5135125316112	0.0598732360828388	0.212774644949705	0.670541878211142	0.923228084860717	0.42540442859995	ENSG00000237719	ENSG00000237719	FALSE	Not significant
ENSG00000124688.14	52.3957014968582	0.0612586335842606	0.194258126464121	0.668749451755814	0.923228084860717	0.42786494291703	MAD2L1BP	MAD2L1BP	FALSE	Not significant
ENSG00000153291.16	97.4217566639136	0.0567201631575368	0.168007960159018	0.673393163720776	0.923228084860717	0.421495681849939	SLC25A27	SLC25A27	FALSE	Not significant
ENSG00000218965.1	40.0675055058241	0.0609233894953837	0.207610547182121	0.666631179676006	0.923228084860717	0.430776099330699	NACAP7	NACAP7	FALSE	Not significant
ENSG00000225093.1	2195.72559780605	-0.0392026347143948	0.094612116733224	0.66748184066259	0.923228084860717	-0.429606592560809	RPL3P7	RPL3P7	FALSE	Not significant
ENSG00000218180.2	151.827832809945	0.0532173390447355	0.145316301444467	0.666731102177923	0.923228084860717	0.430638693242533	SLC25A5P7	SLC25A5P7	FALSE	Not significant
ENSG00000131018.25	658.40381834687	0.0447974903733109	0.114841944382313	0.66329038361984	0.923228084860717	0.43537482098856	SYNE1	SYNE1	FALSE	Not significant
ENSG00000196689.13	15.6482894566692	0.0531704721163947	0.24462947908796	0.669420906662393	0.923228084860717	0.426942915184917	TRPV1	TRPV1	FALSE	Not significant
ENSG00000083457.12	47.5945458787647	0.059736302272613	0.199152771873426	0.673178973037682	0.923228084860717	0.421789085458929	ITGAE	ITGAE	FALSE	Not significant
ENSG00000108590.11	15.979319318136	-0.0492177615406837	0.248577746254376	0.672944368352598	0.923228084860717	-0.422110494336767	MED31	MED31	FALSE	Not significant
ENSG00000233223.5	15.5717618741764	0.0532116013771485	0.243631893043634	0.671954087552476	0.923228084860717	0.423467662069021	ENSG00000233223	ENSG00000233223	FALSE	Not significant
ENSG00000141499.18	19.622234310187	-0.0549409885912958	0.238635679454735	0.66998793287186	0.923228084860717	-0.426164569346119	WRAP53	WRAP53	FALSE	Not significant
ENSG00000283879.1	32.5476925047114	0.0604530716769734	0.220907904934983	0.662294437994561	0.923228084860717	0.436747553764281	MTND6P35	MTND6P35	FALSE	Not significant
ENSG00000178691.11	139.846196283522	-0.0544931767422435	0.153285032568778	0.667468460244447	0.923228084860717	-0.429624983691503	SUZ12	SUZ12	FALSE	Not significant
ENSG00000276810.1	59.6519587418977	0.0583769948011601	0.203295223920439	0.674167434949389	0.923228084860717	0.420435368650445	ENSG00000276810	ENSG00000276810	FALSE	Not significant
ENSG00000141698.17	130.260851098919	0.0560760320633972	0.155094307616908	0.665960866654763	0.923228084860717	0.431698075054549	NT5C3B	NT5C3B	FALSE	Not significant
ENSG00000168256.18	117.262230845175	0.0570640406025632	0.16053443706649	0.664880487819272	0.923228084860717	0.433184845065359	NKIRAS2	NKIRAS2	FALSE	Not significant
ENSG00000183978.8	78.5041183051652	0.060127942291484	0.17655605610664	0.661796407443706	0.923228084860717	0.437434308370204	COA3	COA3	FALSE	Not significant
ENSG00000240305.1	473.090150617019	-0.0438196429098477	0.111286205163996	0.66374744137277	0.923228084860717	-0.434745123383191	RPL6P26	RPL6P26	FALSE	Not significant
ENSG00000120071.15	201.072752969423	-0.0523792988460845	0.143897979927757	0.667186375541433	0.923228084860717	-0.430012737597451	KANSL1	KANSL1	FALSE	Not significant
ENSG00000167182.16	68.081079127814	-0.0578803843350767	0.180848353800808	0.675163440859626	0.923228084860717	-0.419072099056703	SP2	SP2	FALSE	Not significant
ENSG00000120075.6	17.9143896970326	-0.0537283635952777	0.242286881292819	0.669853913662835	0.923228084860717	-0.426348511589481	HOXB5	HOXB5	FALSE	Not significant
ENSG00000167107.13	83.1700908082141	0.0602247811530574	0.174509393117095	0.661408261918756	0.923228084860717	0.437969681109894	ACSF2	ACSF2	FALSE	Not significant
ENSG00000262623.1	13.2348028222754	-0.0505231766035253	0.248119011977832	0.673762688773558	0.923228084860717	-0.420989582709921	ENSG00000262623	ENSG00000262623	FALSE	Not significant
ENSG00000011143.19	31.1256155878256	-0.0607636096168218	0.218218701205873	0.661757451024889	0.923228084860717	-0.437488035659142	MKS1	MKS1	FALSE	Not significant
ENSG00000068489.13	27.7192524838941	-0.0578634778701208	0.224354354137277	0.671446350237244	0.923228084860717	-0.424163812293345	PRR11	PRR11	FALSE	Not significant
ENSG00000141376.24	139.337266831049	-0.0547712062547564	0.155994264943338	0.673812276543827	0.923228084860717	-0.420921675826188	BCAS3	BCAS3	FALSE	Not significant
ENSG00000264907.1	9.62648395237627	-0.0428624731285672	0.259302634344902	0.669700950236326	0.923228084860717	-0.426558472525609	PRELID3BP3	PRELID3BP3	FALSE	Not significant
ENSG00000136463.9	8.4703922050022	-0.0403457805516023	0.262367786326784	0.671282186977575	0.923228084860717	-0.42438893778649	TACO1	TACO1	FALSE	Not significant
ENSG00000198231.14	601.522928966323	-0.0439959451840553	0.111473396335768	0.664848328483666	0.923228084860717	-0.43322911599659	DDX42	DDX42	FALSE	Not significant
ENSG00000125458.7	43.3278161699672	0.0594014975354863	0.206965431153042	0.673957847254826	0.923228084860717	0.420722338421556	NT5C	NT5C	FALSE	Not significant
ENSG00000244086.1	201.151011080832	-0.0502329100749058	0.138266673479022	0.679013544042133	0.926245843094627	-0.413809611954611	ENSG00000244086	ENSG00000244086	FALSE	Not significant
ENSG00000198863.8	60.0761525975806	0.0579996154369007	0.187315867440549	0.679178795175714	0.926245843094627	0.413583996907429	RUNDC1	RUNDC1	FALSE	Not significant
ENSG00000204652.6	494.057379458068	-0.0435320902397612	0.115101242320375	0.678285823196791	0.926245843094627	-0.414803409838325	RPS26P8	RPS26P8	FALSE	Not significant
ENSG00000187775.17	9.53083681339311	-0.0459216970976411	0.255480499054507	0.678235505303852	0.926245843094627	-0.414872140628439	DNAH17	DNAH17	FALSE	Not significant
ENSG00000183684.8	81.6977715159956	0.0567138135476512	0.174256556142063	0.678756774350547	0.926245843094627	0.414160217802917	ALYREF	ALYREF	FALSE	Not significant
ENSG00000164494.12	67.2372067220946	-0.0569821318953398	0.181802360238676	0.679782701346951	0.92660450464444	-0.41275967122409	PDSS2	PDSS2	FALSE	Not significant
ENSG00000071539.14	9.19907516057897	0.0436507660267201	0.256129987009084	0.691398849946157	0.927544928764451	0.396957434003511	TRIP13	TRIP13	FALSE	Not significant
ENSG00000170561.13	10.7754575276192	-0.0430198730769927	0.256615204251076	0.690355654631575	0.927544928764451	-0.398372460913946	IRX2	IRX2	FALSE	Not significant
ENSG00000155545.20	88.5730307360644	-0.0552751978696387	0.170004611790943	0.68156978664652	0.927544928764451	-0.41032195787532	MIER3	MIER3	FALSE	Not significant
ENSG00000250802.7	7.2869207528117	-0.0348663720960906	0.26505708818485	0.685254074811997	0.927544928764451	-0.405303988855609	ZBED3-AS1	ZBED3-AS1	FALSE	Not significant
ENSG00000290550.1	7.69902119440376	0.0413510243217385	0.259773692759764	0.687442606295233	0.927544928764451	0.402328060282733	ENSG00000290550	ENSG00000290550	FALSE	Not significant
ENSG00000244245.1	1431.58105449248	-0.0345531845514152	0.0951651366592213	0.684904757422647	0.927544928764451	-0.405779316484133	ENSG00000244245	ENSG00000244245	FALSE	Not significant
ENSG00000224032.9	73.4583659621363	-0.0540865347571704	0.177940397593613	0.694284452989825	0.927544928764451	-0.393047426646332	EPB41L4A-AS1	EPB41L4A-AS1	FALSE	Not significant
ENSG00000155858.6	25.558701973428	0.0533570142619438	0.226333271318743	0.695070162550693	0.927544928764451	0.391983828559947	LSM11	LSM11	FALSE	Not significant
ENSG00000113282.14	328.108597181052	0.0446402795199754	0.122751482941418	0.688312338013388	0.927544928764451	0.401146403722723	CLINT1	CLINT1	FALSE	Not significant
ENSG00000251122.1	21.0368820507551	0.0519024786885567	0.233724991689936	0.695141638560154	0.927544928764451	0.39188709504614	NIFKP2	NIFKP2	FALSE	Not significant
ENSG00000146083.12	72.4598906496597	0.0549067194774656	0.182355553599581	0.692818357173975	0.927544928764451	0.395033239530049	RNF44	RNF44	FALSE	Not significant
ENSG00000183258.12	204.17045159773	-0.0502797407169795	0.1436697793235	0.687431790343897	0.927544928764451	-0.402342758853519	DDX41	DDX41	FALSE	Not significant
ENSG00000249876.1	6.15129958214637	0.037666702539219	0.263907723706321	0.688285631807761	0.927544928764451	0.401182679629883	ENSG00000249876	ENSG00000249876	FALSE	Not significant
ENSG00000145949.12	10.2334267019794	0.045854195971697	0.25406165021444	0.685185372913235	0.927544928764451	0.405397466545448	MYLK4	MYLK4	FALSE	Not significant
ENSG00000111802.14	147.360982652865	0.0523196620730069	0.159232136874247	0.688648391452702	0.927544928764451	0.400689976505676	TDP2	TDP2	FALSE	Not significant
ENSG00000204564.12	25.7892928972581	-0.0530251896178883	0.224260521377912	0.695146806436051	0.927544928764451	-0.391880101138154	C6orf136	C6orf136	FALSE	Not significant
ENSG00000146112.12	406.043161886263	-0.0426806650655063	0.1182595170564	0.689428408228071	0.927544928764451	-0.399630880495666	PPP1R18	PPP1R18	FALSE	Not significant
ENSG00000204439.4	57.0695221958118	0.0565389235519623	0.190130466343585	0.689784511271772	0.927544928764451	0.399147517766149	C6orf47	C6orf47	FALSE	Not significant
ENSG00000240053.9	9.73829295012925	0.0422149311865722	0.256606081651248	0.69458570717106	0.927544928764451	0.392639572865244	LY6G5B	LY6G5B	FALSE	Not significant
ENSG00000221988.13	29.5035835655548	-0.0550301780139762	0.221887730177647	0.685910402688838	0.927544928764451	-0.404411149490489	PPT2	PPT2	FALSE	Not significant
ENSG00000168394.13	111.628545902664	-0.0524197413341153	0.160509249339614	0.68896041639383	0.927544928764451	-0.400266259478137	TAP1	TAP1	FALSE	Not significant
ENSG00000227057.10	127.077501199359	0.0531480009058286	0.156899166785301	0.684605209453775	0.927544928764451	0.406186994256012	WDR46	WDR46	FALSE	Not significant
ENSG00000124641.16	49.4969650514687	-0.0561074646983874	0.195699922743322	0.68902167700401	0.927544928764451	-0.400183078532104	MED20	MED20	FALSE	Not significant
ENSG00000124571.18	114.144320423111	0.0528594783137619	0.159049491874694	0.688673603284839	0.927544928764451	0.400655737204709	XPO5	XPO5	FALSE	Not significant
ENSG00000172432.19	161.158777696482	-0.0492933312038804	0.145274469577749	0.691008714999398	0.927544928764451	-0.397486533612705	GTPBP2	GTPBP2	FALSE	Not significant
ENSG00000213309.3	1343.50690410072	-0.0377464027323056	0.100173830039186	0.683318868959939	0.927544928764451	-0.407938442209885	RPL9P18	RPL9P18	FALSE	Not significant
ENSG00000218748.1	75.3775444255465	0.055438080325727	0.176578377813826	0.685837693763364	0.927544928764451	0.404510043601145	DBIP1	DBIP1	FALSE	Not significant
ENSG00000135317.14	57.2546910106352	0.0557745436444653	0.189166307615565	0.692268443115139	0.927544928764451	0.395778494410545	SNX14	SNX14	FALSE	Not significant
ENSG00000025156.13	52.8158990205638	-0.0553663544836736	0.197651502390376	0.69149605475362	0.927544928764451	-0.396825622491132	HSF2	HSF2	FALSE	Not significant
ENSG00000118518.17	212.034369546004	0.0467542677204356	0.143047016804514	0.69442850350774	0.927544928764451	0.392852395313438	RNF146	RNF146	FALSE	Not significant
ENSG00000219487.2	74.3353775349254	0.0569721158537699	0.181817834629481	0.686618034960053	0.927544928764451	0.403448878908918	ENSG00000219487	ENSG00000219487	FALSE	Not significant
ENSG00000220745.2	13.8208738244444	-0.048227839914206	0.248101397397162	0.684656071206519	0.927544928764451	-0.406117767844944	C11orf98P2	C11orf98P2	FALSE	Not significant
ENSG00000146457.16	255.840575241793	0.0482838347387885	0.134632129556388	0.687458495617945	0.927544928764451	0.402306467301928	WTAP	WTAP	FALSE	Not significant
ENSG00000112592.15	45.8934942218226	0.0559409258580382	0.202945534561584	0.692134865813657	0.927544928764451	0.395959554297483	TBP	TBP	FALSE	Not significant
ENSG00000175061.20	1424.18617026979	-0.036022081355803	0.0997030388947233	0.690666225442214	0.927544928764451	-0.397951108449463	SNHG29	SNHG29	FALSE	Not significant
ENSG00000109111.15	767.326488193096	0.0385601785141868	0.10344444297303	0.689281658247881	0.927544928764451	0.399830101326159	SUPT6H	SUPT6H	FALSE	Not significant
ENSG00000198720.13	60.9683004764289	0.0559790873731414	0.196019671607129	0.69073584831062	0.927544928764451	0.397856660565866	ANKRD13B	ANKRD13B	FALSE	Not significant
ENSG00000186566.13	284.301204630324	-0.0442013969031807	0.125212609307267	0.690840700073281	0.927544928764451	-0.397714429125625	GPATCH8	GPATCH8	FALSE	Not significant
ENSG00000239672.8	21.1230437672633	-0.0510666274471923	0.235434022325581	0.693370827022343	0.927544928764451	-0.394284741860295	NME1	NME1	FALSE	Not significant
ENSG00000167447.13	82.4502411716721	0.0542258548456371	0.174678233474067	0.69491766429567	0.927544928764451	0.392190227443907	SMG8	SMG8	FALSE	Not significant
ENSG00000136490.9	11.8961010307045	-0.0467128913103096	0.25156661219265	0.683739016433881	0.927544928764451	-0.407366242909297	LIMD2	LIMD2	FALSE	Not significant
ENSG00000129667.13	12.5701256935597	-0.0480980599557944	0.250359055675122	0.682333191996667	0.927544928764451	-0.409281361527739	RHBDF2	RHBDF2	FALSE	Not significant
ENSG00000175866.16	47.8765784695273	-0.0562940104040977	0.204255502097965	0.690645383127469	0.927544928764451	-0.397979383075727	BAIAP2	BAIAP2	FALSE	Not significant
ENSG00000204713.11	180.28087801074	-0.0481382667834845	0.142458661546103	0.696161340699941	0.927722665251245	-0.390507459124518	TRIM27	TRIM27	FALSE	Not significant
ENSG00000161970.15	850.45997752523	-0.040962579041992	0.115913173518276	0.695787212491493	0.927722665251245	-0.391013560396587	RPL26	RPL26	FALSE	Not significant
ENSG00000167920.12	32.1305349539004	0.0540661839657394	0.217231531829985	0.69630398716429	0.927722665251245	0.390314520714994	KRT10-AS1	KRT10-AS1	FALSE	Not significant
ENSG00000251544.1	86.0719460838019	-0.0525198491196525	0.17146807457765	0.696686440553004	0.927777435288126	-0.389797299867253	MTND5P12	MTND5P12	FALSE	Not significant
ENSG00000240184.7	512.188547709967	0.039681434201797	0.110781093840329	0.697704781119975	0.927996194205444	0.388420628242314	PCDHGC3	PCDHGC3	FALSE	Not significant
ENSG00000092820.19	311.521721626544	0.0445178048682002	0.134583555052535	0.697555053213297	0.927996194205444	0.388622995801671	EZR	EZR	FALSE	Not significant
ENSG00000198265.12	229.203840545979	0.0467436186604868	0.136962446144658	0.697874989314175	0.927996194205444	0.388190599483619	HELZ	HELZ	FALSE	Not significant
ENSG00000152582.14	28.9833209464698	0.0542989044641634	0.220938697528004	0.699520403512803	0.928746141526878	0.385967952422205	SPEF2	SPEF2	FALSE	Not significant
ENSG00000183323.13	60.8477091052424	0.054048742659576	0.186948527265994	0.69969736431997	0.928746141526878	0.385729025160224	CCDC125	CCDC125	FALSE	Not significant
ENSG00000251453.1	45.8898437028282	-0.0531650283204526	0.211041901015831	0.700147477552823	0.928746141526878	-0.385121394736367	HAUS1P1	HAUS1P1	FALSE	Not significant
ENSG00000261934.3	19.7531278399581	-0.0500685862908362	0.235678152051551	0.700067478349893	0.928746141526878	-0.385229379275821	PCDHGA9	PCDHGA9	FALSE	Not significant
ENSG00000094804.12	6.3712439129705	0.0362663479948643	0.263624478539402	0.700054125036007	0.928746141526878	0.385247404285986	CDC6	CDC6	FALSE	Not significant
ENSG00000239552.2	7.37465969465342	-0.0387304563954765	0.26040995277956	0.700749111064964	0.929090772621743	-0.384309441434402	HOXB-AS2	HOXB-AS2	FALSE	Not significant
ENSG00000156639.12	411.473522756498	-0.0406723571852158	0.117717332237731	0.702400622914705	0.93052141621294	-0.382081891873971	ZFAND3	ZFAND3	FALSE	Not significant
ENSG00000232389.1	178.010859090887	0.0476559582162534	0.146240649610255	0.702681151405915	0.93052141621294	0.381703705281279	ENSG00000232389	ENSG00000232389	FALSE	Not significant
ENSG00000213078.3	54.2042383916315	-0.0530981218011044	0.192234750676247	0.702855212466948	0.93052141621294	-0.381469077205367	ENSG00000213078	ENSG00000213078	FALSE	Not significant
ENSG00000186328.4	33.3310621734992	-0.0529452057956692	0.21426982331373	0.703550118021261	0.930799205972642	-0.380532578497112	ENSG00000186328	ENSG00000186328	FALSE	Not significant
ENSG00000091947.10	75.6925310896656	-0.0519742699872668	0.17522287553529	0.704009667001261	0.930799205972642	-0.379913444535287	TMEM101	TMEM101	FALSE	Not significant
ENSG00000188878.20	11.9344877389149	-0.0446239406713576	0.249646738737821	0.704092408932948	0.930799205972642	-0.379801984755992	FBF1	FBF1	FALSE	Not significant
ENSG00000235821.1	242.318618747993	0.0438315311353162	0.131440730146182	0.706613359407766	0.932770816352748	0.376408322938541	IFITM4P	IFITM4P	FALSE	Not significant
ENSG00000168116.14	40.9664067109842	-0.0526650177762396	0.205299569116157	0.706475386876452	0.932770816352748	-0.376593946827301	KIAA1586	KIAA1586	FALSE	Not significant
ENSG00000260027.5	15.4566644884772	0.0448525019225763	0.248407449621402	0.706074362318731	0.932770816352748	0.377133546313111	HOXB7	HOXB7	FALSE	Not significant
ENSG00000250728.1	10.1471885796656	0.0406895768795698	0.255908212052809	0.708159296384123	0.933451487668305	0.374329352949833	ENSG00000250728	ENSG00000250728	FALSE	Not significant
ENSG00000197417.9	6.75559510626606	-0.0343970610903048	0.263743447221535	0.707606742092634	0.933451487668305	-0.375072239550498	SHPK	SHPK	FALSE	Not significant
ENSG00000198740.9	64.2321051508756	-0.0518227111941457	0.182590658440164	0.707886671918835	0.933451487668305	-0.374695859526888	ZNF652	ZNF652	FALSE	Not significant
ENSG00000076351.13	7.95127862242464	-0.0378460416848688	0.259438319699509	0.708591520432342	0.933568469478966	-0.373748389417823	SLC46A1	SLC46A1	FALSE	Not significant
ENSG00000237107.3	75.5590416422633	-0.0511310663612559	0.176449188975568	0.70920438646616	0.933923218224333	-0.372924836456189	RPL36AP5	RPL36AP5	FALSE	Not significant
ENSG00000081853.15	42.97911441383	0.0526873189560389	0.203423895598302	0.710297234258854	0.934909386302937	0.37145692384587	PCDHGA2	PCDHGA2	FALSE	Not significant
ENSG00000225921.7	121.85548865809	0.0480094308985354	0.15602675808264	0.711876797209044	0.936305930040335	0.369336668341168	NOL7	NOL7	FALSE	Not significant
ENSG00000001561.7	25.6956654892897	0.048955901646069	0.232530232820887	0.712391708360343	0.936305930040335	0.368645859592807	ENPP4	ENPP4	FALSE	Not significant
ENSG00000146243.14	24.9744410240611	-0.0492586662066857	0.227803683309035	0.712346061741751	0.936305930040335	-0.368707092335428	IRAK1BP1	IRAK1BP1	FALSE	Not significant
ENSG00000124587.14	129.009253495907	0.0481950239795189	0.158458241828505	0.713476153541771	0.93665926316304	0.36719153438939	PEX6	PEX6	FALSE	Not significant
ENSG00000129197.15	75.7337359653277	-0.0489518968901611	0.18426244955278	0.713694383374045	0.93665926316304	-0.366898965181358	RPAIN	RPAIN	FALSE	Not significant
ENSG00000177885.15	368.791666207282	0.0402301861604629	0.121533646856431	0.713160628441643	0.93665926316304	0.367614597811161	GRB2	GRB2	FALSE	Not significant
ENSG00000267280.6	25.645434462884	0.0497854493237387	0.226599851685643	0.714392881348066	0.93712348045562	0.365962736797313	TBX2-AS1	TBX2-AS1	FALSE	Not significant
ENSG00000175832.13	9.22575604512606	0.0364478763069363	0.259408772691962	0.71498084470576	0.937442323159795	0.365174911558768	ETV4	ETV4	FALSE	Not significant
ENSG00000151883.19	72.0271771065408	-0.0502336938066465	0.182134352161473	0.715690624872343	0.93763918812458	-0.364224163068264	PARP8	PARP8	FALSE	Not significant
ENSG00000250574.1	8.68175741508224	-0.0359458798190008	0.258326805469394	0.721299162640185	0.93763918812458	-0.35672303035526	ENSG00000250574	ENSG00000250574	FALSE	Not significant
ENSG00000113273.17	343.614215880938	0.0384206923906799	0.124811250805164	0.719349101126396	0.93763918812458	0.359328840967227	ARSB	ARSB	FALSE	Not significant
ENSG00000164611.13	17.4332938107515	-0.0450243817764057	0.241263088495872	0.716719264301854	0.93763918812458	-0.362846887327617	PTTG1	PTTG1	FALSE	Not significant
ENSG00000164466.13	148.834439508366	-0.0447695747692895	0.148670199492436	0.721198074982885	0.93763918812458	-0.356858051194707	SFXN1	SFXN1	FALSE	Not significant
ENSG00000213347.11	9.57926690285074	-0.0386287423679864	0.255704915795501	0.718750516702292	0.93763918812458	-0.360129200813723	MXD3	MXD3	FALSE	Not significant
ENSG00000169230.10	83.5740317002975	0.0498323476659274	0.174384646439254	0.715927844815415	0.93763918812458	0.363906481070222	PRELID1	PRELID1	FALSE	Not significant
ENSG00000213760.11	13.2120623576813	0.0414535261239199	0.249184568584049	0.722030471208515	0.93763918812458	0.355746429070226	ATP6V1G2	ATP6V1G2	FALSE	Not significant
ENSG00000204387.14	226.714866347571	-0.0435775425338777	0.143565703039705	0.721852170475836	0.93763918812458	-0.355984503440227	SNHG32	SNHG32	FALSE	Not significant
ENSG00000112167.11	60.2299550174207	-0.0492553178343026	0.188827022876838	0.721785985845418	0.93763918812458	-0.356072880977565	SAYSD1	SAYSD1	FALSE	Not significant
ENSG00000112144.16	133.803805474077	0.0470050056083659	0.157539133474266	0.72082534889615	0.93763918812458	0.357355950503121	CILK1	CILK1	FALSE	Not significant
ENSG00000214460.3	939.50787519645	0.0329002399086764	0.0995239967834578	0.721345437926305	0.93763918812458	0.356661223515691	TPT1P6	TPT1P6	FALSE	Not significant
ENSG00000225177.6	12.6814247721923	-0.0429316115028179	0.248605276787368	0.718762759550513	0.93763918812458	-0.360112828743086	NHSL1-AS1	NHSL1-AS1	FALSE	Not significant
ENSG00000171861.11	28.7198465195287	-0.0494113172336528	0.218864234967683	0.719370349441065	0.93763918812458	-0.35930043434089	MRM3	MRM3	FALSE	Not significant
ENSG00000187824.9	25.2405038984873	-0.0482410792724554	0.225678949883947	0.720798479383498	0.93763918812458	-0.357391847071036	TMEM220	TMEM220	FALSE	Not significant
ENSG00000108474.17	34.1028732910883	-0.0496989207429179	0.216151616591678	0.718531455992415	0.93763918812458	-0.360422161828408	PIGL	PIGL	FALSE	Not significant
ENSG00000177427.13	31.6156697938631	-0.0482092390681337	0.224567174122781	0.717734355173915	0.93763918812458	-0.361488426569976	MIEF2	MIEF2	FALSE	Not significant
ENSG00000005243.10	196.744315133209	-0.0428572276465411	0.139929519385409	0.720102539452537	0.93763918812458	-0.358321754906503	COPZ2	COPZ2	FALSE	Not significant
ENSG00000108848.16	621.987359621703	-0.0361081291580779	0.110713983907458	0.720553764964918	0.93763918812458	-0.357718796711012	LUC7L3	LUC7L3	FALSE	Not significant
ENSG00000141582.15	60.6685026901696	0.0506683812048861	0.189129693832266	0.718856024950683	0.93763918812458	0.359988110302958	CBX4	CBX4	FALSE	Not significant
ENSG00000221886.4	15.7353946205609	-0.044168972791588	0.241492830492327	0.723110304654713	0.938262552405104	-0.354305021848184	FAM200C	FAM200C	FALSE	Not significant
ENSG00000135334.9	148.533012309784	-0.0441944297341996	0.147681390797418	0.723891306988044	0.938262552405104	-0.353262965719867	AKIRIN2	AKIRIN2	FALSE	Not significant
ENSG00000123545.6	29.5594549908099	0.048743912770152	0.221864131893158	0.723458781808099	0.938262552405104	0.353840017058425	NDUFAF4	NDUFAF4	FALSE	Not significant
ENSG00000224011.1	29.6611933815466	-0.0486533388152902	0.217999384329955	0.723708299619952	0.938262552405104	-0.353507109731328	RPL36AP46	RPL36AP46	FALSE	Not significant
ENSG00000185296.8	9.2420548198925	-0.0358593229735356	0.258013680261943	0.725076360560416	0.939047013935052	-0.351682534164847	ENSG00000185296	ENSG00000185296	FALSE	Not significant
ENSG00000153037.15	52.4808081269689	0.0495805783847549	0.195018709284179	0.725533012974102	0.939047013935052	0.351073760111633	SRP19	SRP19	FALSE	Not significant
ENSG00000120314.19	93.6689458789642	-0.0469022898333179	0.167252584859641	0.725385746621476	0.939047013935052	-0.351270070119184	WDR55	WDR55	FALSE	Not significant
ENSG00000228007.1	585.944941250424	-0.0353344919311688	0.107489299897922	0.726241089951097	0.939516079241828	-0.350130063198712	RPL36AP7	RPL36AP7	FALSE	Not significant
ENSG00000177738.6	12.5270711532441	0.0403919373643142	0.249972577389521	0.728824216246304	0.940022777530855	0.34669000988187	ANXA2R-OT1	ANXA2R-OT1	FALSE	Not significant
ENSG00000155542.12	11.5006894508736	-0.0368159762798016	0.252427284233829	0.728433734618344	0.940022777530855	-0.347209765842838	SETD9	SETD9	FALSE	Not significant
ENSG00000217128.13	322.421072878202	-0.0402137208458154	0.132236293986367	0.728095139195005	0.940022777530855	-0.347660533892522	FNIP1	FNIP1	FALSE	Not significant
ENSG00000133706.20	388.685078385481	-0.0377256071640393	0.120115978604694	0.727298404756866	0.940022777530855	-0.348721495875561	LARS1	LARS1	FALSE	Not significant
ENSG00000111850.11	24.4793607104323	-0.0464176932443247	0.227624042656661	0.727986257738963	0.940022777530855	-0.347805501483998	SMIM8	SMIM8	FALSE	Not significant
ENSG00000025796.14	699.839799031255	-0.031079398490251	0.105253811817757	0.728978717194597	0.940022777530855	-0.346484385126656	SEC63	SEC63	FALSE	Not significant
ENSG00000112378.12	1354.99849839076	-0.0337825866676249	0.10520752417386	0.72905372149928	0.940022777530855	-0.346384567450457	PERP	PERP	FALSE	Not significant
ENSG00000251066.1	147.383529852558	0.0440926283071593	0.150608058903843	0.729781723562225	0.940069537745085	0.34541590252759	ENSG00000251066	ENSG00000251066	FALSE	Not significant
ENSG00000112763.17	115.619814253522	0.0451579316161089	0.156591435177882	0.729630110332229	0.940069537745085	0.345617609297157	BTN2A1	BTN2A1	FALSE	Not significant
ENSG00000227077.3	637.613557065051	-0.0369485122957534	0.117690077070986	0.730398944105212	0.940418915242996	-0.344594895110116	ENSG00000227077	ENSG00000227077	FALSE	Not significant
ENSG00000113504.21	112.591166946786	0.0447087080172244	0.158207441869897	0.732954546977416	0.94049057529195	0.341197975875894	SLC12A7	SLC12A7	FALSE	Not significant
ENSG00000244073.1	1202.45387635341	-0.0322500950590834	0.100741398463095	0.734199224384075	0.94049057529195	-0.339544971925526	RPS4XP6	RPS4XP6	FALSE	Not significant
ENSG00000153914.16	320.32877837101	-0.0389028202588285	0.129063541550135	0.733549439991368	0.94049057529195	-0.340407807337855	SREK1	SREK1	FALSE	Not significant
ENSG00000242602.1	111.352636219957	0.0450398852689893	0.159440793955928	0.733700325061965	0.94049057529195	0.340207427567754	RPL35AP13	RPL35AP13	FALSE	Not significant
ENSG00000250071.1	219.578034988344	0.0403004924132003	0.133553558699339	0.73426085385192	0.94049057529195	0.339463148548409	ARPC1AP3	ARPC1AP3	FALSE	Not significant
ENSG00000152409.9	187.901994280831	0.0434725906753682	0.1500381191352	0.733863099685163	0.94049057529195	0.339991273441062	JMY	JMY	FALSE	Not significant
ENSG00000213414.3	295.335303226188	0.0399621276881296	0.126339594415866	0.733618040961921	0.94049057529195	0.340316701556151	ENSG00000213414	ENSG00000213414	FALSE	Not significant
ENSG00000137338.6	33.9799383491613	-0.0472483058977691	0.21174505547192	0.733657080336358	0.94049057529195	-0.340264856426557	PGBD1	PGBD1	FALSE	Not significant
ENSG00000257178.5	7.30171477985037	0.0344340844146784	0.260344299658162	0.732294574900897	0.94049057529195	0.342074835243726	ENSG00000257178	ENSG00000257178	FALSE	Not significant
ENSG00000132481.7	14.2492823323731	-0.0413380819606759	0.244239180786842	0.734104485690069	0.94049057529195	-0.339670757745176	TRIM47	TRIM47	FALSE	Not significant
ENSG00000169660.17	34.2184276014934	-0.0476599741105504	0.211002269146355	0.731657712865746	0.94049057529195	-0.34292123932123	HEXD	HEXD	FALSE	Not significant
ENSG00000196911.12	43.0577222919692	-0.0473175038008786	0.202589543732138	0.735256999368647	0.940655391514613	-0.338140914331377	KPNA5	KPNA5	FALSE	Not significant
ENSG00000218226.1	21.6373554209914	0.0450961239740942	0.230953418502091	0.735412541120392	0.940655391514613	0.337934509323336	TATDN2P2	TATDN2P2	FALSE	Not significant
ENSG00000185624.16	3020.93685136819	-0.0310341520581555	0.0978730426558565	0.735427780341631	0.940655391514613	-0.337914287543135	P4HB	P4HB	FALSE	Not significant
ENSG00000177839.7	7.87187043755713	-0.0339163632066012	0.259089530611691	0.736173101791418	0.941134900100062	-0.336925447014352	PCDHB9	PCDHB9	FALSE	Not significant
ENSG00000239264.9	28.5377363819915	-0.0456448720648996	0.222274649423106	0.73649519224166	0.941134900100062	-0.336498221847714	TXNDC5	TXNDC5	FALSE	Not significant
ENSG00000179409.11	100.500202566078	0.0451509974671479	0.168294085812344	0.737473520488697	0.941942212729454	0.335200930062507	GEMIN4	GEMIN4	FALSE	Not significant
ENSG00000113161.17	81.5573002777208	0.0456540659646978	0.173248456813004	0.738173646868469	0.942393598961249	0.334272888383049	HMGCR	HMGCR	FALSE	Not significant
ENSG00000196390.6	30.0777816695335	-0.0457498481160595	0.222282721048697	0.738848774308947	0.942494838243818	-0.333378256247183	ENSG00000196390	ENSG00000196390	FALSE	Not significant
ENSG00000250329.1	33.4948804864	-0.0461692900452516	0.212975604283703	0.738946468100653	0.942494838243818	-0.333248821312059	POGLUT2P1	POGLUT2P1	FALSE	Not significant
ENSG00000250045.2	21.8578763895998	-0.0436340531201104	0.231147472982102	0.740342695869017	0.943395640510183	-0.331399561768168	CBX3P3	CBX3P3	FALSE	Not significant
ENSG00000286760.3	7.81191971897517	-0.0333072280520096	0.259511542569694	0.740346909936799	0.943395640510183	-0.331393982086852	ENSG00000286760	ENSG00000286760	FALSE	Not significant
ENSG00000251593.1	987.540023030855	0.0320442045508888	0.104129547464798	0.741225599063609	0.944072717082891	0.330230769433146	MSNP1	MSNP1	FALSE	Not significant
ENSG00000277172.1	22.2241171229374	0.0435360350358042	0.230835955662761	0.74245021316371	0.944747040907755	0.328610364334038	GAPDHP41	GAPDHP41	FALSE	Not significant
ENSG00000111832.13	176.317527654746	-0.0401428623108293	0.141833507012415	0.742374054264243	0.944747040907755	-0.328711112322359	RWDD1	RWDD1	FALSE	Not significant
ENSG00000232615.4	33.9806934272352	-0.043969372670013	0.211237159658821	0.751062285564715	0.9449218641672	-0.317238965431676	PPP4R2P5	PPP4R2P5	FALSE	Not significant
ENSG00000124275.15	107.12935362137	-0.041777532544564	0.161170066718638	0.749976435360052	0.9449218641672	-0.318670436026966	MTRR	MTRR	FALSE	Not significant
ENSG00000230571.2	11.4011811889614	0.035249295996628	0.25196260668448	0.752196806540808	0.9449218641672	0.315744026460147	ENSG00000230571	ENSG00000230571	FALSE	Not significant
ENSG00000164187.7	98.233739591121	0.0436786762288544	0.16603755870329	0.746024116171694	0.9449218641672	0.323886300320951	LMBRD2	LMBRD2	FALSE	Not significant
ENSG00000251215.1	64.308314359711	0.044733841782489	0.184347864146437	0.747396364832422	0.9449218641672	0.322074356190842	GOLGA5P1	GOLGA5P1	FALSE	Not significant
ENSG00000182383.8	61.0765219181388	-0.044740844324883	0.187613421300551	0.747385282400228	0.9449218641672	-0.322088985409743	RPL27AP5	RPL27AP5	FALSE	Not significant
ENSG00000254170.1	27.2140115882669	0.0441558569240661	0.221874510428109	0.74859408511046	0.9449218641672	0.320493726754256	ENSG00000254170	ENSG00000254170	FALSE	Not significant
ENSG00000248323.8	10.3918920378833	0.0351833419261633	0.253499932824396	0.750278496861774	0.9449218641672	0.318272164505326	LUCAT1	LUCAT1	FALSE	Not significant
ENSG00000151422.14	176.575362817275	-0.039256157151129	0.14279441422173	0.749633730967865	0.9449218641672	-0.319122356880338	FER	FER	FALSE	Not significant
ENSG00000092421.17	9.64551310390102	0.0329340653789255	0.257319554562951	0.749987039425112	0.9449218641672	0.318656453590945	SEMA6A	SEMA6A	FALSE	Not significant
ENSG00000250847.1	14.7688161662239	0.0381462335599485	0.244193773550189	0.751751090148397	0.9449218641672	0.316331255023282	ENSG00000250847	ENSG00000250847	FALSE	Not significant
ENSG00000250539.1	9.16317154275884	-0.0335618743797231	0.257276088800886	0.745476623588972	0.9449218641672	-0.324609516831966	KRT8P33	KRT8P33	FALSE	Not significant
ENSG00000113272.14	46.3087941701902	-0.0446097621181423	0.204329460271033	0.748348326256206	0.9449218641672	-0.32081798888495	THG1L	THG1L	FALSE	Not significant
ENSG00000051596.10	13.2538837141335	-0.0378580712131674	0.247979653976304	0.744405929080781	0.9449218641672	-0.326024354061662	THOC3	THOC3	FALSE	Not significant
ENSG00000187566.6	9.88324351880612	-0.0319221070406155	0.257342923379535	0.751042414604416	0.9449218641672	-0.317265155366556	NHLRC1	NHLRC1	FALSE	Not significant
ENSG00000158691.15	48.8544144517194	-0.04477227349708	0.195115362857967	0.748145504620556	0.9449218641672	-0.32108562367755	ZSCAN12	ZSCAN12	FALSE	Not significant
ENSG00000204257.15	55.7721188554981	-0.043862350721795	0.190463331115525	0.751691331906705	0.9449218641672	-0.31640999442258	HLA-DMA	HLA-DMA	FALSE	Not significant
ENSG00000196284.18	19.4199442989595	0.0416110971285699	0.233040412413419	0.751560477692172	0.9449218641672	0.316582419035697	SUPT3H	SUPT3H	FALSE	Not significant
ENSG00000112335.15	701.358080512043	0.0310540147981577	0.104998236341771	0.752057803184761	0.9449218641672	0.315927150821173	SNX3	SNX3	FALSE	Not significant
ENSG00000184786.6	8.89654263426486	0.0347462772351435	0.255671318738539	0.747276127838738	0.9449218641672	0.322233077136996	DYNLT2	DYNLT2	FALSE	Not significant
ENSG00000273611.5	55.4587244862808	-0.0453888020939362	0.188651997452237	0.743826596468023	0.9449218641672	-0.326790167814624	ZNHIT3	ZNHIT3	FALSE	Not significant
ENSG00000168259.17	216.27565611337	-0.0380149400638927	0.135296719484037	0.748259380715688	0.9449218641672	-0.320935354802008	DNAJC7	DNAJC7	FALSE	Not significant
ENSG00000204650.14	31.6062057897472	-0.0446849587433358	0.217420906092542	0.745394428351525	0.9449218641672	-0.324718108209789	LINC02210	LINC02210	FALSE	Not significant
ENSG00000178852.16	11.4708520791877	0.0360870227417497	0.250691502560407	0.752321896268514	0.9449218641672	0.315579241098491	EFCAB13	EFCAB13	FALSE	Not significant
ENSG00000141179.14	41.7275619084233	0.0451055111864737	0.202602050264293	0.749326855863751	0.9449218641672	0.319527085325058	PCTP	PCTP	FALSE	Not significant
ENSG00000181038.14	34.6970848034525	-0.0446900763823034	0.210573519418587	0.747524870220913	0.9449218641672	-0.32190472937489	METTL23	METTL23	FALSE	Not significant
ENSG00000181396.13	107.280422424853	-0.0424178801230303	0.162871254649854	0.748861679167091	0.9449218641672	-0.320140692873125	OGFOD3	OGFOD3	FALSE	Not significant
ENSG00000141560.15	89.7761660236655	-0.0424556087049226	0.167929182650302	0.749610565228334	0.9449218641672	-0.319152907660109	FN3KRP	FN3KRP	FALSE	Not significant
ENSG00000169696.16	50.5524358381867	-0.0438646381666189	0.195431228742475	0.75300808269763	0.945346867793145	-0.31467545441829	ASPSCR1	ASPSCR1	FALSE	Not significant
ENSG00000228672.4	8.30240304990173	0.0330809167073192	0.257307871423792	0.754572721886472	0.946434773348286	0.312615603690079	PROB1	PROB1	FALSE	Not significant
ENSG00000254245.3	15.2897259152569	0.0351099830490486	0.250427962057481	0.754294026730072	0.946434773348286	0.312982409112009	PCDHGA3	PCDHGA3	FALSE	Not significant
ENSG00000196670.14	77.6442019946268	-0.0425527902996889	0.177149615220517	0.754919274694291	0.946434773348286	-0.312159545883888	ZFP62	ZFP62	FALSE	Not significant
ENSG00000233101.10	16.7596468317502	0.0389321875361982	0.241743059386815	0.755854970807533	0.947170959269191	0.310928509098067	HOXB-AS3	HOXB-AS3	FALSE	Not significant
ENSG00000145494.12	84.7746761959865	0.0427567540852782	0.175090389883845	0.756348791025124	0.947218778248347	0.310279010787279	NDUFS6	NDUFS6	FALSE	Not significant
ENSG00000164151.12	248.234828069372	0.036356694419626	0.134102054497755	0.757733518590826	0.947218778248347	0.308458441224575	ICE1	ICE1	FALSE	Not significant
ENSG00000250669.1	10.9353813372017	0.0338784116372667	0.252708502605068	0.760772109240671	0.947218778248347	0.304467027584972	ENSG00000250669	ENSG00000250669	FALSE	Not significant
ENSG00000250080.1	6.37541446524311	-0.0289906759784894	0.261968363093819	0.759573879529272	0.947218778248347	-0.306040408242453	ENSG00000250080	ENSG00000250080	FALSE	Not significant
ENSG00000132570.15	22.8190175947253	0.0410443654328813	0.228701246119796	0.759967251305139	0.947218778248347	0.305523793267085	PCBD2	PCBD2	FALSE	Not significant
ENSG00000243056.2	9.77976168723584	0.033704173095563	0.253759384671431	0.75987872096668	0.947218778248347	0.305640053005205	EIF4EBP3	EIF4EBP3	FALSE	Not significant
ENSG00000169228.14	25.0750355816628	0.041385162477009	0.224943915894628	0.760396907302593	0.947218778248347	0.304959619389879	RAB24	RAB24	FALSE	Not significant
ENSG00000145982.13	29.7193143648582	0.0417308145916452	0.221179208446552	0.760514447512223	0.947218778248347	0.304805296283978	FARS2	FARS2	FALSE	Not significant
ENSG00000219940.2	9.7931706479358	-0.0330009237191786	0.253849396985517	0.760598508424553	0.947218778248347	-0.304694933899855	SPTLC1P3	SPTLC1P3	FALSE	Not significant
ENSG00000220130.1	21.7141709875405	-0.0394108512167242	0.232610203349111	0.759689387194935	0.947218778248347	-0.305888703612645	ENSG00000220130	ENSG00000220130	FALSE	Not significant
ENSG00000029363.17	663.265113866812	-0.0302151310159826	0.106681085571579	0.758246873109686	0.947218778248347	-0.307783768747564	BCLAF1	BCLAF1	FALSE	Not significant
ENSG00000005156.12	72.5326334777604	-0.0412388945866535	0.177404008362074	0.76001348025694	0.947218778248347	-0.305463086162355	LIG3	LIG3	FALSE	Not significant
ENSG00000062725.10	351.218378259619	-0.0357876659575923	0.132815313446041	0.757092572174007	0.947218778248347	-0.309300997604901	APPBP2	APPBP2	FALSE	Not significant
ENSG00000227036.10	6.74596114401596	0.03008856263922	0.261019582568532	0.758006030636385	0.947218778248347	0.308100276768266	LINC00511	LINC00511	FALSE	Not significant
ENSG00000145740.20	209.462526969622	0.0352335974466668	0.132929547905517	0.761661756625672	0.947303402409566	0.303299330149331	SLC30A5	SLC30A5	FALSE	Not significant
ENSG00000226040.3	39.6494671861697	0.0427827756540006	0.205530505799671	0.761801787191663	0.947303402409566	0.303115572188678	ENSG00000226040	ENSG00000226040	FALSE	Not significant
ENSG00000204574.14	305.431410817057	0.0347195148544018	0.130710152308348	0.761885665072595	0.947303402409566	0.30300550663388	ABCF1	ABCF1	FALSE	Not significant
ENSG00000037474.15	151.218258976718	0.0371886542410664	0.147176381440191	0.765678528118051	0.947747688011972	0.298032278031848	NSUN2	NSUN2	FALSE	Not significant
ENSG00000228212.1	86.953789377781	-0.0396262733208745	0.176075397944016	0.770279896695145	0.947747688011972	-0.292008798619386	OFD1P17	OFD1P17	FALSE	Not significant
ENSG00000287263.3	16.3392985452123	0.0365691682249197	0.242821270665724	0.764038022450402	0.947747688011972	0.300182408789329	ENSG00000287263	ENSG00000287263	FALSE	Not significant
ENSG00000178996.14	783.532346212579	-0.0303490756209045	0.114371729639944	0.767093477136125	0.947747688011972	-0.296178879780912	SNX18	SNX18	FALSE	Not significant
ENSG00000273860.1	7.90918094883881	0.0304550567331854	0.258027768840846	0.76819323113021	0.947747688011972	0.294739048494831	ENSG00000273860	ENSG00000273860	FALSE	Not significant
ENSG00000172062.17	11.5287171703791	0.0346708001844662	0.249792299219222	0.765533828017063	0.947747688011972	0.29822187385547	SMN1	SMN1	FALSE	Not significant
ENSG00000245275.9	16.5783733158557	0.036297467149736	0.242230647105225	0.768045014172449	0.947747688011972	0.294933062943722	SAP30L-AS1	SAP30L-AS1	FALSE	Not significant
ENSG00000253439.1	255.587553115377	-0.0337270887265826	0.129323565389787	0.766931460350311	0.947747688011972	-0.296391048900468	CDC42P5	CDC42P5	FALSE	Not significant
ENSG00000220472.1	2193.60516837161	-0.0263268325921512	0.0975372958637366	0.769696505648635	0.947747688011972	-0.292771903243347	ENSG00000220472	ENSG00000220472	FALSE	Not significant
ENSG00000237154.2	64.9730077483332	0.0410035731478897	0.182205334709946	0.767774858575516	0.947747688011972	0.295286722363753	MCFD2P1	MCFD2P1	FALSE	Not significant
ENSG00000186577.14	61.6953989886659	0.0418276080295521	0.187876769626778	0.7688439795872	0.947747688011972	0.293887356729482	SMIM29	SMIM29	FALSE	Not significant
ENSG00000232422.1	15.9694610991815	0.0368962056100963	0.239100660830789	0.771309008786785	0.947747688011972	0.290663082744591	KNOP1P4	KNOP1P4	FALSE	Not significant
ENSG00000132429.10	23.4799362083512	0.0394002277552137	0.231038219795851	0.765384802145346	0.947747688011972	0.298417148801686	POPDC3	POPDC3	FALSE	Not significant
ENSG00000155115.7	76.8472941521015	-0.0399581945743916	0.176149038565101	0.768748176981375	0.947747688011972	-0.294012728633516	GTF3C6	GTF3C6	FALSE	Not significant
ENSG00000266875.2	19.3572908363634	0.0333196928497643	0.248163909544299	0.771088116432565	0.947747688011972	0.290951887637888	RN7SL408P	RN7SL408P	FALSE	Not significant
ENSG00000219806.1	119.068129329011	-0.0376506448215472	0.156145265740017	0.770046401669038	0.947747688011972	-0.292314201340469	ATP5PBP6	ATP5PBP6	FALSE	Not significant
ENSG00000074755.15	376.098724075081	0.0334875093608085	0.120675452095709	0.766979975205426	0.947747688011972	0.296327514861637	ZZEF1	ZZEF1	FALSE	Not significant
ENSG00000183011.14	63.962908458067	0.0410575855650263	0.182687654970623	0.770208979588029	0.947747688011972	0.292101552649819	NAA38	NAA38	FALSE	Not significant
ENSG00000271029.1	280.082881918085	-0.0333313119425343	0.127484197973206	0.770397878487283	0.947747688011972	-0.291854493227158	ENSG00000271029	ENSG00000271029	FALSE	Not significant
ENSG00000233966.1	38.8463650413131	0.0422224735902165	0.206048832442257	0.764489112959624	0.947747688011972	0.299591048536871	UBE2SP1	UBE2SP1	FALSE	Not significant
ENSG00000278845.5	123.367188997367	-0.0367892663625289	0.153503424432985	0.770701827002492	0.947747688011972	-0.29145699867651	MRPL45	MRPL45	FALSE	Not significant
ENSG00000277791.5	169.243703284877	0.0361804795453357	0.142824785552715	0.766442541681482	0.947747688011972	0.297031393390253	PSMB3	PSMB3	FALSE	Not significant
ENSG00000186395.9	33.4442928715964	0.0401789356320336	0.216585902600312	0.76271064308115	0.947747688011972	0.301923156005697	KRT10	KRT10	FALSE	Not significant
ENSG00000289293.1	6.52510460535039	0.0282729172415503	0.262208173597575	0.764861606365779	0.947747688011972	0.299102804679393	ENSG00000289293	ENSG00000289293	FALSE	Not significant
ENSG00000008283.16	103.83111963264	-0.0385719724842016	0.16246073871417	0.769670603348591	0.947747688011972	-0.292805788695303	CYB561	CYB561	FALSE	Not significant
ENSG00000161547.17	279.01648176122	0.0331883281313657	0.129190117348515	0.770512814578424	0.947747688011972	0.291704177912046	SRSF2	SRSF2	FALSE	Not significant
ENSG00000243664.1	121.115328082581	0.0385520828211687	0.167326691216334	0.773514627508689	0.947886725684679	0.287780679554575	RPS29P12	RPS29P12	FALSE	Not significant
ENSG00000230438.9	17.1172740338486	-0.0314507121954158	0.251931135599955	0.772605875734489	0.947886725684679	-0.288967986874365	SERPINB9P1	SERPINB9P1	FALSE	Not significant
ENSG00000137221.14	120.352580438599	0.0375594525311654	0.154627984021118	0.772306520557227	0.947886725684679	0.289359191163179	TJAP1	TJAP1	FALSE	Not significant
ENSG00000085382.12	63.8213841060514	0.0405611552602455	0.185894112820933	0.7728483839046	0.947886725684679	0.288651103996789	HACE1	HACE1	FALSE	Not significant
ENSG00000141279.18	705.628170207825	0.0301990432803631	0.114517924397007	0.773355735591791	0.947886725684679	0.28798824657748	NPEPPS	NPEPPS	FALSE	Not significant
ENSG00000159640.17	21.3711840447138	0.0381603414243885	0.232869707207668	0.773199804801961	0.947886725684679	0.288191957422411	ACE	ACE	FALSE	Not significant
ENSG00000198677.13	605.078314024433	0.029259576863516	0.111482784798531	0.773884771731959	0.947912938065554	0.287297193049385	SKIC3	SKIC3	FALSE	Not significant
ENSG00000161526.15	136.487542715897	0.0363275547942353	0.149734354017681	0.776119063270279	0.950221447733612	0.284380157886904	SAP30BP	SAP30BP	FALSE	Not significant
ENSG00000108773.11	103.749799567079	0.0375799126257206	0.161476084532931	0.77660415933087	0.950387260270736	0.283747149050252	KAT2A	KAT2A	FALSE	Not significant
ENSG00000204469.13	871.972065873001	0.0272203534634091	0.104056881500044	0.778107247718603	0.951369995186308	0.281786467876327	PRRC2A	PRRC2A	FALSE	Not significant
ENSG00000123552.18	47.3026463313745	-0.0394677196404733	0.196121837721327	0.77796614453905	0.951369995186308	-0.28197048162647	USP45	USP45	FALSE	Not significant
ENSG00000108587.16	133.110617197232	-0.035491216167247	0.151543184803425	0.779316654452767	0.952420263850099	-0.280209661782849	GOSR1	GOSR1	FALSE	Not significant
ENSG00000249226.1	29.2968484178105	0.0384040847341235	0.21863006198702	0.780848715380492	0.953046212608581	0.278213183328796	SUCLG2P4	SUCLG2P4	FALSE	Not significant
ENSG00000243678.12	30.8689667805437	-0.0375299011294483	0.219431712112718	0.780750681741517	0.953046212608581	-0.278340900865884	NME2	NME2	FALSE	Not significant
ENSG00000141378.15	38.3812641045012	0.0387269707141747	0.207054924860562	0.780880763605338	0.953046212608581	0.278171432110669	PTRH2	PTRH2	FALSE	Not significant
ENSG00000219582.3	27.99616265968	0.0383901358160081	0.219076048124213	0.781432719579548	0.953143068504538	0.277452440711988	HNRNPA1P58	HNRNPA1P58	FALSE	Not significant
ENSG00000171302.17	283.382637260475	-0.0313831674098146	0.127000277344167	0.781661478917077	0.953143068504538	-0.277154495241192	CANT1	CANT1	FALSE	Not significant
ENSG00000243592.1	336.874525924382	-0.0297966561749085	0.120913376299847	0.783723285054708	0.95394531517183	-0.27447022144867	RPL17P22	RPL17P22	FALSE	Not significant
ENSG00000113716.13	215.405063718186	0.03336377066386	0.136061306657301	0.782735520030273	0.95394531517183	0.275755948789326	HMGXB3	HMGXB3	FALSE	Not significant
ENSG00000251211.1	62.8245643093343	0.038414611502995	0.183688358631952	0.783537394126999	0.95394531517183	0.27471215221759	ENSG00000251211	ENSG00000251211	FALSE	Not significant
ENSG00000228432.2	7.9672073330102	-0.027397979872404	0.258486085390602	0.783654629114144	0.95394531517183	-0.274559572966586	DHFRP2	DHFRP2	FALSE	Not significant
ENSG00000226432.3	54.0252660823253	-0.0375262941996801	0.190137068273529	0.786666036249186	0.95404287527024	-0.270642459360068	AKTIPP2	AKTIPP2	FALSE	Not significant
ENSG00000243914.1	42.5273571965573	-0.0379459440043517	0.202260926308243	0.78542991497635	0.95404287527024	-0.27224984885456	RPL5P14	RPL5P14	FALSE	Not significant
ENSG00000251108.1	46.4119463816288	-0.0375992874555808	0.197991402581138	0.78696251889473	0.95404287527024	-0.270257032450266	YBX1P5	YBX1P5	FALSE	Not significant
ENSG00000213655.4	9.8154162945563	-0.0295622715910087	0.252933831127261	0.786424807751269	0.95404287527024	-0.270956085640662	ENSG00000213655	ENSG00000213655	FALSE	Not significant
ENSG00000113108.20	62.3784875139517	0.037950326580888	0.185562641362916	0.786823604457623	0.95404287527024	0.270437615968378	APBB3	APBB3	FALSE	Not significant
ENSG00000253261.1	6.36701889397053	-0.0252449100822181	0.26197100748503	0.785562584293692	0.95404287527024	-0.272077298767235	ENSG00000253261	ENSG00000253261	FALSE	Not significant
ENSG00000278970.4	18.4647617358072	0.0354161920212417	0.235132554332211	0.785068086718976	0.95404287527024	0.272720484922768	HEIH	HEIH	FALSE	Not significant
ENSG00000204348.10	47.8476596241734	-0.0378493229293704	0.20204415926133	0.785560771116217	0.95404287527024	-0.272079656936349	DXO	DXO	FALSE	Not significant
ENSG00000024048.11	274.989039781018	0.0307431935656485	0.128585106910987	0.78569181198327	0.95404287527024	0.271909232658557	UBR2	UBR2	FALSE	Not significant
ENSG00000204580.14	133.489131874274	-0.0345765921847482	0.155854658601187	0.787441684222934	0.954198171073534	-0.269634203217434	DDR1	DDR1	FALSE	Not significant
ENSG00000063438.20	8.98514250385604	-0.0275621323745957	0.256599963277605	0.788297329442017	0.954276373472352	-0.268522277383291	AHRR	AHRR	FALSE	Not significant
ENSG00000254158.1	41.3304711543335	-0.0378729852202301	0.205292115240128	0.788910600144361	0.954276373472352	-0.267725525727511	ENSG00000254158	ENSG00000254158	FALSE	Not significant
ENSG00000218069.2	60.534989272435	0.0376204262404795	0.185357829994324	0.788845731442939	0.954276373472352	0.267809794078518	RSL24D1P1	RSL24D1P1	FALSE	Not significant
ENSG00000213131.3	517.278942529306	0.0273326377377934	0.110603404563392	0.788634987802607	0.954276373472352	0.268083575892163	YWHAZP4	YWHAZP4	FALSE	Not significant
ENSG00000250492.1	84.7281301221291	-0.0337454309297604	0.169121466938437	0.800721585384585	0.954507114334347	-0.252413346068624	INTS6P1	INTS6P1	FALSE	Not significant
ENSG00000249266.1	27.1429261169352	-0.0311428988215251	0.231475454668197	0.805237222709689	0.954507114334347	-0.246574911667547	MTHFD2P6	MTHFD2P6	FALSE	Not significant
ENSG00000289056.2	11.4739815150364	-0.0284607225763067	0.25081273938813	0.797811771432231	0.954507114334347	-0.25618010323384	ENSG00000289056	ENSG00000289056	FALSE	Not significant
ENSG00000177058.12	61.5809220301335	-0.036515537413762	0.184303796737208	0.791249781335555	0.954507114334347	-0.264688053434208	SLC38A9	SLC38A9	FALSE	Not significant
ENSG00000249777.1	12.0625251141346	0.0303144440364981	0.249618658252092	0.791689379468763	0.954507114334347	0.26411750004085	SAP18P1	SAP18P1	FALSE	Not significant
ENSG00000242706.2	10.9030802555124	-0.0294087222824522	0.250703724111025	0.792880502446899	0.954507114334347	-0.262571975730856	RPS27AP9	RPS27AP9	FALSE	Not significant
ENSG00000152422.16	23.0490359166462	0.033848688545881	0.230698015220232	0.797072555798487	0.954507114334347	0.257137595783981	XRCC4	XRCC4	FALSE	Not significant
ENSG00000248309.9	6.98721837244886	0.0254502279236496	0.26072425752114	0.791724002401288	0.954507114334347	0.264072566672087	MEF2C-AS1	MEF2C-AS1	FALSE	Not significant
ENSG00000153922.12	124.33073230648	0.0323204265195346	0.154168613472626	0.80237329035105	0.954507114334347	0.250276808047071	CHD1	CHD1	FALSE	Not significant
ENSG00000168916.16	107.602513188139	-0.0328618534385847	0.161552030049293	0.802411458301775	0.954507114334347	-0.250227450010849	ZNF608	ZNF608	FALSE	Not significant
ENSG00000112981.5	6.7775874381373	0.0228649741480599	0.262696489972892	0.801664629169379	0.954507114334347	0.251193345521555	NME5	NME5	FALSE	Not significant
ENSG00000120709.11	229.26138954459	-0.0291997603843343	0.130734882782339	0.799410474153436	0.954507114334347	-0.254110134430094	FAM53C	FAM53C	FALSE	Not significant
ENSG00000241458.1	47.6036746965999	-0.0360917538140666	0.195966248862374	0.795349869556307	0.954507114334347	-0.259369876674941	RPL7P19	RPL7P19	FALSE	Not significant
ENSG00000281398.4	28.4669358997483	-0.0336226465273113	0.226395295953901	0.797944431199514	0.954507114334347	-0.256008296331862	SNHG4	SNHG4	FALSE	Not significant
ENSG00000254221.3	16.252228011842	-0.0320371001452504	0.240461002451201	0.796881956093465	0.954507114334347	-0.25738451430896	PCDHGB1	PCDHGB1	FALSE	Not significant
ENSG00000239602.1	70.6031872282054	0.0356509996814012	0.180322340031709	0.804004416375015	0.954507114334347	0.248168010252284	RPL35AP16	RPL35AP16	FALSE	Not significant
ENSG00000086589.12	100.430056293684	-0.033880558826946	0.167194703505966	0.799611909041253	0.954507114334347	-0.253849397906868	RBM22	RBM22	FALSE	Not significant
ENSG00000253119.1	16.7430211702498	-0.0322193654925046	0.23869768074461	0.796112653934411	0.954507114334347	-0.258381291239295	HNRNPA3P7	HNRNPA3P7	FALSE	Not significant
ENSG00000253295.2	9.49874438446845	0.0289617643678665	0.253940630389301	0.791619401673901	0.954507114334347	0.264208318299307	ENSG00000253295	ENSG00000253295	FALSE	Not significant
ENSG00000113742.14	119.482630792799	0.0343472312032189	0.160467723222734	0.796883805006269	0.954507114334347	0.257382118999984	CPEB4	CPEB4	FALSE	Not significant
ENSG00000169131.13	33.5786578201205	0.0347166007897018	0.212585912595375	0.804509481187953	0.954507114334347	0.247515262430134	ZNF354A	ZNF354A	FALSE	Not significant
ENSG00000291008.1	6.0202777731117	0.0228193610479121	0.262714435597473	0.804011819895193	0.954507114334347	0.248158441149647	ENSG00000291008	ENSG00000291008	FALSE	Not significant
ENSG00000213588.6	23.775182348156	0.0350496656108756	0.227633239726859	0.793249755835296	0.954507114334347	0.262092983860896	ZBTB9	ZBTB9	FALSE	Not significant
ENSG00000096070.19	195.239930776289	0.0305823478117319	0.137227741344285	0.801243109533267	0.954507114334347	0.251738612365174	BRPF3	BRPF3	FALSE	Not significant
ENSG00000001084.13	121.971433294122	0.0376968025913981	0.176149515447855	0.793418640444418	0.954507114334347	0.261873928449997	GCLC	GCLC	FALSE	Not significant
ENSG00000220666.2	62.2782846931783	-0.0350552451009648	0.194555957479996	0.797115294832166	0.954507114334347	-0.257082230278959	RCC2P7	RCC2P7	FALSE	Not significant
ENSG00000218890.1	19.6068262682869	0.0327401839333906	0.232094203377339	0.803792698284534	0.954507114334347	0.248441667014889	NUFIP1P1	NUFIP1P1	FALSE	Not significant
ENSG00000112365.6	48.5530554105354	0.0351207395735713	0.19669399833638	0.802886526197391	0.954507114334347	0.24961315260953	ZBTB24	ZBTB24	FALSE	Not significant
ENSG00000146350.14	26.3665966330314	-0.0354500138358408	0.220541859274894	0.793566910483236	0.954507114334347	-0.261681621969163	TBC1D32	TBC1D32	FALSE	Not significant
ENSG00000220848.5	21.8331653815661	0.0340252983522617	0.231630253787381	0.795455589024466	0.954507114334347	0.259232846794078	RPS18P9	RPS18P9	FALSE	Not significant
ENSG00000275419.1	6.04882094695009	-0.0209052657697902	0.264503710834277	0.803364526027306	0.954507114334347	-0.248995159056576	ENSG00000275419	ENSG00000275419	FALSE	Not significant
ENSG00000108958.4	135.212362758254	0.0315047605635998	0.151352505280701	0.804464006866255	0.954507114334347	0.247574029304615	ENSG00000108958	ENSG00000108958	FALSE	Not significant
ENSG00000108528.14	104.259440197903	0.0331524544949682	0.16236589188998	0.805113219773429	0.954507114334347	0.246735126552915	SLC25A11	SLC25A11	FALSE	Not significant
ENSG00000215067.12	17.1515429221995	0.0321918294281787	0.23774134041112	0.800826644108322	0.954507114334347	0.252277414727121	ALOX12-AS1	ALOX12-AS1	FALSE	Not significant
ENSG00000205544.4	24.4768183402064	0.0354126565764139	0.226767193110577	0.792793288857922	0.954507114334347	0.262685117133302	TMEM256	TMEM256	FALSE	Not significant
ENSG00000154957.14	34.8520438560639	-0.0353910381563268	0.208996369545594	0.798418132882114	0.954507114334347	-0.255394869631606	ZNF18	ZNF18	FALSE	Not significant
ENSG00000006744.19	184.288535262281	0.0313524669281554	0.143719755059698	0.802530461544138	0.954507114334347	0.250073561292852	ELAC2	ELAC2	FALSE	Not significant
ENSG00000226478.3	61.8790795216975	0.0353457161009814	0.186700513364705	0.801313575742495	0.954507114334347	0.251647453902736	UPF3AP1	UPF3AP1	FALSE	Not significant
ENSG00000243655.2	51.7700991211534	0.035542308817359	0.202676032548929	0.800016816284978	0.954507114334347	0.253325339755947	ENSG00000243655	ENSG00000243655	FALSE	Not significant
ENSG00000239256.1	285.46235039492	0.0296355759134013	0.127160620442957	0.796981256986166	0.954507114334347	0.257255869812987	RPL35AP35	RPL35AP35	FALSE	Not significant
ENSG00000267315.1	36.3783608622478	0.0367163466167586	0.208913425634152	0.792482662646492	0.954507114334347	0.263088117044859	UFM1P2	UFM1P2	FALSE	Not significant
ENSG00000131748.16	158.891731220531	0.0316458664174073	0.147833922273223	0.798929466743074	0.954507114334347	0.254732818443011	STARD3	STARD3	FALSE	Not significant
ENSG00000008838.21	218.815279669208	0.0311249693534588	0.134809438933507	0.791828275845132	0.954507114334347	0.263937244639438	MED24	MED24	FALSE	Not significant
ENSG00000141569.12	67.2894124717208	0.0358577612877023	0.18455269620509	0.798770038999635	0.954507114334347	0.25493922604284	TRIM65	TRIM65	FALSE	Not significant
ENSG00000161533.12	167.117270202533	-0.0328080503597284	0.154774723194688	0.796875266574889	0.954507114334347	-0.257393180746159	ACOX1	ACOX1	FALSE	Not significant
ENSG00000225663.8	241.945483669099	-0.0280565678216772	0.129051898164573	0.805255633984054	0.954507114334347	-0.246551124381749	MCRIP1	MCRIP1	FALSE	Not significant
ENSG00000151388.11	185.763944376774	0.0314624758213653	0.15489781385568	0.80585717819186	0.95480375341128	0.245774008554171	ADAMTS12	ADAMTS12	FALSE	Not significant
ENSG00000262209.3	34.8362852695902	-0.0335288039364795	0.213615826339061	0.807158122562286	0.955928443191413	-0.244093866712129	PCDHGB3	PCDHGB3	FALSE	Not significant
ENSG00000176108.9	43.4493566255028	-0.0337702842714619	0.203858056268685	0.807915212356732	0.956408339366549	-0.243116418815163	CHMP6	CHMP6	FALSE	Not significant
ENSG00000180658.4	13.0013282944494	0.0285547241613942	0.246762332146068	0.808277913021226	0.956421143923244	0.242648233049785	OR2A4	OR2A4	FALSE	Not significant
ENSG00000186493.14	21.17234366161	0.0303042954243185	0.236968348596283	0.811919758051533	0.957378508625972	0.237950150301224	IRX2-DT	IRX2-DT	FALSE	Not significant
ENSG00000113638.14	54.9869693981636	-0.0328554843233209	0.190834470373736	0.812803847842532	0.957378508625972	-0.236810445299349	TTC33	TTC33	FALSE	Not significant
ENSG00000185305.12	135.986839896119	-0.0311162931860353	0.169963674722752	0.814827062028215	0.957378508625972	-0.234203417481464	ARL15	ARL15	FALSE	Not significant
ENSG00000250461.1	36.3410826411848	-0.0325356725920441	0.208133952710548	0.814598814533766	0.957378508625972	-0.234497447527891	ENSG00000250461	ENSG00000250461	FALSE	Not significant
ENSG00000164251.5	9.63239322103922	0.0237732288132582	0.255925717013749	0.819972380107838	0.957378508625972	0.227580501048682	F2RL1	F2RL1	FALSE	Not significant
ENSG00000271480.1	15.3619102023363	0.0288133292119167	0.240943335227171	0.819948573957382	0.957378508625972	0.227611120493204	MTND3P19	MTND3P19	FALSE	Not significant
ENSG00000240611.1	64.5718067959537	0.0321214996340522	0.190198774896712	0.818661146451025	0.957378508625972	0.229267326993895	RPL6P15	RPL6P15	FALSE	Not significant
ENSG00000171720.10	166.974887770411	-0.028358284549565	0.141713313262899	0.818097298165509	0.957378508625972	-0.229992885407656	HDAC3	HDAC3	FALSE	Not significant
ENSG00000164587.13	1874.94991723198	-0.0212037405988307	0.0967385452946768	0.814678165549522	0.957378508625972	-0.234395224687176	RPS14	RPS14	FALSE	Not significant
ENSG00000253646.1	226.828487597143	0.0277123214655945	0.134700852196896	0.817050029889982	0.957378508625972	0.231340828985599	RPL6P32	RPL6P32	FALSE	Not significant
ENSG00000251667.1	32.2147345307345	-0.031842379567138	0.21725323858012	0.814171153045544	0.957378508625972	-0.235048418704612	BRCC3P1	BRCC3P1	FALSE	Not significant
ENSG00000169258.7	13.8982312391685	-0.0270612873788093	0.245683919371664	0.817108546738481	0.957378508625972	-0.231265500628576	GPRIN1	GPRIN1	FALSE	Not significant
ENSG00000137285.11	26.1721633445926	0.0308109284602651	0.227002575082891	0.817900772340192	0.957378508625972	0.230245802733663	TUBB2B	TUBB2B	FALSE	Not significant
ENSG00000230056.1	74.5375555305127	-0.0313215684851621	0.181917810711803	0.819313695326368	0.957378508625972	-0.228427779521845	DDX6P1	DDX6P1	FALSE	Not significant
ENSG00000204568.12	120.105645575114	-0.0298059869011876	0.154758232108385	0.815651602484413	0.957378508625972	-0.233141407071954	MRPS18B	MRPS18B	FALSE	Not significant
ENSG00000244731.10	21.2054431664597	-0.0282938184795142	0.240537395070808	0.814717905377806	0.957378508625972	-0.234344031327483	C4A	C4A	FALSE	Not significant
ENSG00000124574.15	109.5463881706	0.0309707795558993	0.167960510953712	0.815174475986822	0.957378508625972	0.23375591520003	ABCC10	ABCC10	FALSE	Not significant
ENSG00000168216.13	198.070641477158	-0.0266935187390153	0.137947425719647	0.818543967825359	0.957378508625972	-0.229418102177874	LMBRD1	LMBRD1	FALSE	Not significant
ENSG00000216352.1	11.2236777196513	-0.0274173417936892	0.248647979130659	0.811239369986537	0.957378508625972	-0.238827468115109	ENSG00000216352	ENSG00000216352	FALSE	Not significant
ENSG00000220237.1	6.17827959992319	-0.0214313927704677	0.261144210997765	0.820006316439022	0.957378508625972	-0.227536852545722	RPS24P12	RPS24P12	FALSE	Not significant
ENSG00000173214.7	27.4532835179884	-0.0317632472951185	0.219004283034942	0.814521850601744	0.957378508625972	-0.234596597582203	MFSD4B	MFSD4B	FALSE	Not significant
ENSG00000220660.2	112.722794432125	0.0312767183355576	0.159894449132077	0.816582479719589	0.957378508625972	0.23194275045399	ENSG00000220660	ENSG00000220660	FALSE	Not significant
ENSG00000213076.3	49.2083004821509	-0.0330293747262623	0.194597902289453	0.810767766563043	0.957378508625972	-0.239435679047377	ENSG00000213076	ENSG00000213076	FALSE	Not significant
ENSG00000185722.18	429.099200442323	0.0240410917954443	0.114302220818225	0.818479192537388	0.957378508625972	0.229501451578629	ANKFY1	ANKFY1	FALSE	Not significant
ENSG00000170037.14	106.813998387897	-0.0310191142371738	0.159569031374784	0.81108363033382	0.957378508625972	-0.239028310479304	CNTROB	CNTROB	FALSE	Not significant
ENSG00000265519.1	22.6544182539959	-0.0303983096792623	0.231849552537863	0.812210266878198	0.957378508625972	-0.237575613182919	ENSG00000265519	ENSG00000265519	FALSE	Not significant
ENSG00000228331.2	263.929496485343	-0.0263202436128124	0.131306521930225	0.816837273908538	0.957378508625972	-0.231614719437957	RPL17P43	RPL17P43	FALSE	Not significant
ENSG00000108666.11	36.4125732456414	-0.0314124359223781	0.211302850592043	0.818821812974685	0.957378508625972	-0.229060603866081	C17orf75	C17orf75	FALSE	Not significant
ENSG00000198496.12	24.7248056521991	0.0314338185204446	0.228515966512285	0.813415128220652	0.957378508625972	0.236022606498225	NBR2	NBR2	FALSE	Not significant
ENSG00000267253.1	97.9344817321586	-0.0308511080685616	0.163858745648125	0.817233780066224	0.957378508625972	-0.23110429299217	WHSC1L2P	WHSC1L2P	FALSE	Not significant
ENSG00000168591.16	187.154332886971	-0.0287347926075854	0.138629300266774	0.811480037077385	0.957378508625972	-0.238517121991813	TMUB2	TMUB2	FALSE	Not significant
ENSG00000249947.2	16.6836366257869	-0.0267266246608984	0.24357992859877	0.821523697279393	0.957915662464775	-0.225585657124138	XBP1P1	XBP1P1	FALSE	Not significant
ENSG00000141338.15	835.168164207909	0.0244293007381193	0.119125706432642	0.821480846169192	0.957915662464775	0.225640747419063	ABCA8	ABCA8	FALSE	Not significant
ENSG00000172809.13	780.754607198963	-0.0223419930140352	0.108734895791407	0.821468482921558	0.957915662464775	-0.225656641999379	RPL38	RPL38	FALSE	Not significant
ENSG00000161955.17	7.68810595926991	0.0222597237612422	0.259061797530485	0.822066834250272	0.958137931171629	0.22488744800134	TNFSF13	TNFSF13	FALSE	Not significant
ENSG00000005379.17	29.8911599795514	-0.0305015977809223	0.215883901405448	0.822721545568127	0.958489996079798	-0.224045954380402	TSPOAP1	TSPOAP1	FALSE	Not significant
ENSG00000213326.4	216.141838127337	0.0267841409638277	0.13509269754238	0.823264625537117	0.958711761872273	0.223348059752106	RPS7P11	RPS7P11	FALSE	Not significant
ENSG00000127022.16	2927.34326149065	0.0181834017763253	0.094905659284373	0.825814136144234	0.959296486012637	0.220073213235995	CANX	CANX	FALSE	Not significant
ENSG00000226976.3	260.752103461654	-0.0260200814166391	0.132881475316021	0.826023689078041	0.959296486012637	-0.219804147898102	COX6A1P2	COX6A1P2	FALSE	Not significant
ENSG00000112640.16	158.933483459751	-0.0276839844958506	0.14754622112216	0.826237333979243	0.959296486012637	-0.219529844867357	PPP2R5D	PPP2R5D	FALSE	Not significant
ENSG00000008018.9	305.620471598174	0.0228243187180008	0.126246704026108	0.825521076884073	0.959296486012637	0.220449527173629	PSMB1	PSMB1	FALSE	Not significant
ENSG00000108651.10	114.190200617706	0.0288466453009386	0.155813972736107	0.825440095638584	0.959296486012637	0.220553519738471	UTP6	UTP6	FALSE	Not significant
ENSG00000278053.5	115.385749426358	-0.0282858478807683	0.157209907824868	0.825717720438861	0.959296486012637	-0.220197016062938	DDX52	DDX52	FALSE	Not significant
ENSG00000263883.1	56.1200546615864	-0.0305392837657794	0.188009865724471	0.824722644403904	0.959296486012637	-0.221474943472934	EEF1DP7	EEF1DP7	FALSE	Not significant
ENSG00000113575.12	58.4462622455214	0.0311524638901179	0.190721161809787	0.827200294425104	0.960004440754668	0.218293685051191	PPP2CA	PPP2CA	FALSE	Not significant
ENSG00000172716.17	202.267939762682	-0.0287592940250895	0.146270958145364	0.829196050454412	0.961909886954798	-0.215732776944252	SLFN11	SLFN11	FALSE	Not significant
ENSG00000164236.12	509.699864791419	0.022363457268806	0.112990421549282	0.829955702167168	0.962279370050207	0.214758381934432	ANKRD33B	ANKRD33B	FALSE	Not significant
ENSG00000197815.4	6.2888528660727	-0.0199856367792612	0.261587714040368	0.830222635308218	0.962279370050207	-0.214416038847723	ENSG00000197815	ENSG00000197815	FALSE	Not significant
ENSG00000251568.1	19.8405813541137	-0.026274867277746	0.231141338711899	0.83889622467554	0.963448946914388	-0.203305541258087	ALG3P1	ALG3P1	FALSE	Not significant
ENSG00000249774.1	413.083926784549	0.0220483884327003	0.117287630690242	0.837512332484107	0.963448946914388	0.205076530749835	ENSG00000249774	ENSG00000249774	FALSE	Not significant
ENSG00000250672.1	23.7794780458314	-0.0265079313381718	0.227277895401217	0.839774661318106	0.963448946914388	-0.202181722603322	ENSG00000250672	ENSG00000250672	FALSE	Not significant
ENSG00000164190.19	353.942916379583	-0.0224268412412631	0.122957874409156	0.837882228749584	0.963448946914388	-0.204603105686037	NIPBL	NIPBL	FALSE	Not significant
ENSG00000249514.1	8.57996199807841	-0.0216404199764272	0.254935971324235	0.837189253187941	0.963448946914388	-0.20549007303406	LYSETP1	LYSETP1	FALSE	Not significant
ENSG00000113391.19	209.879047560184	-0.023888118765939	0.136104284950371	0.840093452607468	0.963448946914388	-0.201773943544532	FAM172A	FAM172A	FALSE	Not significant
ENSG00000229738.1	50.0954059996822	-0.028466252934563	0.194325648151703	0.836382017681968	0.963448946914388	-0.206523490220779	ENSG00000229738	ENSG00000229738	FALSE	Not significant
ENSG00000177733.7	425.908052154289	0.0223322933593618	0.121460626241169	0.838999961687988	0.963448946914388	0.203172813061168	HNRNPA0	HNRNPA0	FALSE	Not significant
ENSG00000262576.3	71.010367668938	0.0293507721917661	0.189409126691442	0.83453243944534	0.963448946914388	0.208892140943115	PCDHGA4	PCDHGA4	FALSE	Not significant
ENSG00000253512.1	13.2253000225531	0.0251723602387786	0.245195262795814	0.833408451625894	0.963448946914388	0.210332140743065	ENSG00000253512	ENSG00000253512	FALSE	Not significant
ENSG00000146066.3	106.923976877956	0.0271844525453291	0.159727978725257	0.838299650129149	0.963448946914388	0.204068908955627	HIGD2A	HIGD2A	FALSE	Not significant
ENSG00000113300.13	122.289483838082	-0.027086989162467	0.157006250348982	0.833620821955806	0.963448946914388	-0.210060028635231	CNOT6	CNOT6	FALSE	Not significant
ENSG00000196821.10	395.61753799015	0.0216977958058208	0.114847132055729	0.836637215814791	0.963448946914388	0.206196763585737	ILRUN	ILRUN	FALSE	Not significant
ENSG00000219470.1	616.485483731822	-0.0206350742302356	0.110072709583236	0.834120368298073	0.963448946914388	-0.209420016473685	ENSG00000219470	ENSG00000219470	FALSE	Not significant
ENSG00000083123.15	70.9136784412566	0.0280054892488601	0.187718904222035	0.839619153445956	0.963448946914388	0.202380651319149	BCKDHB	BCKDHB	FALSE	Not significant
ENSG00000146282.19	217.391695194133	0.0240115347987245	0.132344220138459	0.839872659009042	0.963448946914388	0.202056366147727	RARS2	RARS2	FALSE	Not significant
ENSG00000135299.18	22.0758352254501	-0.0273033797540748	0.230714608557751	0.834007475945315	0.963448946914388	-0.209564645150173	ANKRD6	ANKRD6	FALSE	Not significant
ENSG00000174292.13	19.4644078136175	0.0265229572842178	0.236101187928551	0.835979308705879	0.963448946914388	0.207039117807874	TNK1	TNK1	FALSE	Not significant
ENSG00000244045.13	17.0682051745278	-0.023838850292334	0.242582024515408	0.839782060263979	0.963448946914388	-0.202172257926299	TMEM199	TMEM199	FALSE	Not significant
ENSG00000171475.14	201.899948452748	0.0242253071446559	0.134271628351179	0.837555528796845	0.963448946914388	0.205021242024053	WIPF2	WIPF2	FALSE	Not significant
ENSG00000141696.13	86.4907685559968	-0.0281471199810339	0.170054630217806	0.834557340616693	0.963448946914388	-0.20886024366026	P3H4	P3H4	FALSE	Not significant
ENSG00000108469.15	77.1019599232184	-0.0283371347160751	0.173600556982362	0.836829397526582	0.963448946914388	-0.205950730532487	RECQL5	RECQL5	FALSE	Not significant
ENSG00000287737.3	7.95977805877564	0.0205461500012846	0.258025827656445	0.838121681124399	0.963448946914388	0.204296658392553	ENSG00000287737	ENSG00000287737	FALSE	Not significant
ENSG00000141556.22	340.412014617433	-0.0222721032029077	0.122435573159919	0.838703810636828	0.963448946914388	-0.203551738364986	TBCD	TBCD	FALSE	Not significant
ENSG00000175711.9	10.262106004708	0.0234959086557352	0.251881109353346	0.836420935369549	0.963448946914388	0.206473663020529	B3GNTL1	B3GNTL1	FALSE	Not significant
ENSG00000157593.20	347.463741484072	0.0217625189480079	0.119043690284346	0.840466375860454	0.963470101049647	0.201296964635632	SLC35B2	SLC35B2	FALSE	Not significant
ENSG00000091542.9	305.208056645571	-0.0233907017446642	0.132750310614021	0.841086586910067	0.963774596636409	-0.200503799309128	ALKBH5	ALKBH5	FALSE	Not significant
ENSG00000170571.12	45.8941048069435	-0.0270703000752426	0.215225114164228	0.841836953422357	0.964227913780853	-0.199544351447325	EMB	EMB	FALSE	Not significant
ENSG00000204267.19	55.8708513957434	-0.027306601431867	0.199650562737047	0.842344161597083	0.964402456285119	-0.19889591939538	TAP2	TAP2	FALSE	Not significant
ENSG00000214278.4	25.0340305085334	0.0270967595886518	0.223062662045188	0.843663545260138	0.964420061035818	0.197209565708065	ENSG00000214278	ENSG00000214278	FALSE	Not significant
ENSG00000145819.18	98.0224801433933	0.0268496795941934	0.166651841541371	0.843778846631043	0.964420061035818	0.19706222141899	ARHGAP26	ARHGAP26	FALSE	Not significant
ENSG00000218261.1	6.66765631491979	0.0197387165305492	0.259673772108724	0.843182268895385	0.964420061035818	0.197824637833796	RPA3P2	RPA3P2	FALSE	Not significant
ENSG00000186743.2	734.315741080279	0.0271557686857608	0.215986443340211	0.843736151220621	0.964420061035818	0.19711678163206	TPI1P3	TPI1P3	FALSE	Not significant
ENSG00000250786.4	68.8174267573746	-0.026757399695208	0.182225491271767	0.844749324837225	0.965123440482378	-0.195822210911353	SNHG18	SNHG18	FALSE	Not significant
ENSG00000225580.2	218.428444283178	0.02315728551645	0.133437812833577	0.846521649821153	0.965841609921447	0.193558430976967	PA2G4P5	PA2G4P5	FALSE	Not significant
ENSG00000112110.10	119.234069099124	0.0252311834636918	0.156218231052386	0.846332122341136	0.965841609921447	0.193800465711416	MRPL18	MRPL18	FALSE	Not significant
ENSG00000130023.16	87.9117804487315	0.0263496895349124	0.170203586766986	0.847154671836913	0.965841609921447	0.192750116758488	ERMARD	ERMARD	FALSE	Not significant
ENSG00000121067.19	181.577197808479	0.0232268693224746	0.141063421901042	0.846973271561516	0.965841609921447	0.192981736282673	SPOP	SPOP	FALSE	Not significant
ENSG00000078687.18	81.4400487438079	-0.0258591447514743	0.1747172437146	0.84604807683372	0.965841609921447	-0.194163225290702	TNRC6C	TNRC6C	FALSE	Not significant
ENSG00000198755.11	2025.34043058254	-0.0174741921402606	0.0988312630332975	0.847620790722451	0.965967844521434	-0.192155003890526	RPL10A	RPL10A	FALSE	Not significant
ENSG00000250330.1	6.59808966234084	-0.0174735504881215	0.26150105014712	0.848163305773269	0.96618099961934	-0.191462438615806	ENSG00000250330	ENSG00000250330	FALSE	Not significant
ENSG00000221990.5	12.6173399035661	-0.0216940491048217	0.245838050505154	0.85223889644964	0.966572391417311	-0.186262521715541	EXOC3-AS1	EXOC3-AS1	FALSE	Not significant
ENSG00000162685.6	28.7022734398805	-0.0246145431070955	0.220693774361366	0.854228369388668	0.966572391417311	-0.183726053103016	LSP1P3	LSP1P3	FALSE	Not significant
ENSG00000198961.10	698.783647857334	-0.0184558494247053	0.110308676007906	0.856219438130596	0.966572391417311	-0.181188732831482	PJA2	PJA2	FALSE	Not significant
ENSG00000151292.19	160.533724485597	-0.0236301010752837	0.147733394295737	0.849652605206149	0.966572391417311	-0.189561695826134	CSNK1G3	CSNK1G3	FALSE	Not significant
ENSG00000031003.11	245.82937468397	-0.0215648005715391	0.131992141624295	0.850918589344078	0.966572391417311	-0.187946501449128	FAM13B	FAM13B	FALSE	Not significant
ENSG00000220685.3	15.9687689060545	0.02336701502062	0.238646471303288	0.853592428828752	0.966572391417311	0.184536713047271	ENSG00000220685	ENSG00000220685	FALSE	Not significant
ENSG00000112667.13	28.656099178804	-0.0252821849943679	0.219856121743629	0.85308190719823	0.966572391417311	-0.185187583994379	DNPH1	DNPH1	FALSE	Not significant
ENSG00000096080.12	29.2826261503828	-0.0253793985820317	0.217471928872152	0.851494187827666	0.966572391417311	-0.187212291714464	MRPS18A	MRPS18A	FALSE	Not significant
ENSG00000096093.16	138.682393920974	0.0244728858872233	0.149453029807926	0.849723530203731	0.966572391417311	0.189471193772639	EFHC1	EFHC1	FALSE	Not significant
ENSG00000214558.5	651.728951773266	-0.0175751122634272	0.10478105603807	0.855456815933839	0.966572391417311	-0.182160442409984	ZC3H11C	ZC3H11C	FALSE	Not significant
ENSG00000082269.17	43.9771530013566	0.0258395311955761	0.202801842445522	0.853755156854185	0.966572391417311	0.18432926532445	FAM135A	FAM135A	FALSE	Not significant
ENSG00000220515.2	465.362138056999	0.021210840099512	0.133925802817303	0.852766274579528	0.966572391417311	0.185590027529663	PGAM1P10	PGAM1P10	FALSE	Not significant
ENSG00000228834.1	159.325370062343	0.0223179634362009	0.14439141721253	0.855235823484876	0.966572391417311	0.182442056247488	ATP5MFP2	ATP5MFP2	FALSE	Not significant
ENSG00000219532.2	26.0411296123013	0.0258220653503842	0.220728484081964	0.852135412432401	0.966572391417311	0.186394490800123	SELENOKP2	SELENOKP2	FALSE	Not significant
ENSG00000179859.10	15.0535692359505	0.0222645618043611	0.243780718279708	0.853316867923438	0.966572391417311	0.184888019653024	RNF227	RNF227	FALSE	Not significant
ENSG00000109063.15	7.2321166059857	0.0174616016867892	0.259068987939238	0.856330507186492	0.966572391417311	0.181047226374591	MYH3	MYH3	FALSE	Not significant
ENSG00000188895.12	462.367409946136	0.0192432455550033	0.114388379708327	0.855912825141402	0.966572391417311	0.181579388988153	MSL1	MSL1	FALSE	Not significant
ENSG00000136449.16	8.41868427076962	-0.0187011470738951	0.257296409175757	0.853489587696989	0.966572391417311	-0.18466782030365	MYCBPAP	MYCBPAP	FALSE	Not significant
ENSG00000121060.19	320.065457147388	0.0200345432807942	0.121065429840417	0.854891805302385	0.966572391417311	0.182880472339494	TRIM25	TRIM25	FALSE	Not significant
ENSG00000239246.3	12.2566661285585	0.0227091415063047	0.245866746482915	0.84905274198849	0.966572391417311	0.190327198326436	ENSG00000239246	ENSG00000239246	FALSE	Not significant
ENSG00000129657.16	236.741505846447	0.0213856856872391	0.131070155174884	0.85523127383731	0.966572391417311	0.182447854080363	SEC14L1	SEC14L1	FALSE	Not significant
ENSG00000240270.1	9.28038629299489	0.0189869246912251	0.256268188064349	0.853276411262895	0.966572391417311	0.184939598889739	RPL12P37	RPL12P37	FALSE	Not significant
ENSG00000272316.1	20.8963289250454	0.0231169512741593	0.231583873151544	0.85758820272643	0.966947882537	0.179445123748557	ENSG00000272316	ENSG00000272316	FALSE	Not significant
ENSG00000217027.1	8191.52853788186	-0.0147111526204692	0.088092792328477	0.857730443265897	0.966947882537	-0.179263961153306	TPT1P4	TPT1P4	FALSE	Not significant
ENSG00000238083.10	16.9169389377967	-0.0225408598635753	0.237136220815817	0.857320316156749	0.966947882537	-0.17978632957965	LRRC37A2	LRRC37A2	FALSE	Not significant
ENSG00000270264.1	58.2950752496652	-0.0244021644188267	0.185638275443952	0.858555864541662	0.967477130938739	-0.178212791273597	NDUFB8P2	NDUFB8P2	FALSE	Not significant
ENSG00000030110.14	36.2906629731494	0.0236193773488182	0.211896848403789	0.859100881237394	0.967690093329149	0.177518823222659	BAK1	BAK1	FALSE	Not significant
ENSG00000132912.13	299.164674290698	-0.0193988642559357	0.12388027043327	0.859899385606111	0.96806514108417	-0.176502244375165	DCTN4	DCTN4	FALSE	Not significant
ENSG00000231500.7	4239.37347126236	-0.0157870955214779	0.094140442957417	0.860146179440129	0.96806514108417	-0.176188087182767	RPS18	RPS18	FALSE	Not significant
ENSG00000180104.16	182.880899884633	0.0198251794696301	0.138386237696224	0.864478760429525	0.96853083441106	0.170675713484833	EXOC3	EXOC3	FALSE	Not significant
ENSG00000164252.13	67.5879940155211	-0.0232311438843687	0.182714302498647	0.865548711105395	0.96853083441106	-0.16931521222353	AGGF1	AGGF1	FALSE	Not significant
ENSG00000197575.6	1659.39554629785	-0.0179971577900555	0.101648979014582	0.864985957298924	0.96853083441106	-0.170030745479355	RPS17P2	RPS17P2	FALSE	Not significant
ENSG00000250405.2	35.7729853605127	0.0238322428789167	0.208480430745921	0.865327166710417	0.96853083441106	0.169596892323817	ENSG00000250405	ENSG00000250405	FALSE	Not significant
ENSG00000113068.10	158.983155328635	-0.0218067122471564	0.143396252633005	0.861113732896835	0.96853083441106	-0.174956603566112	PFDN1	PFDN1	FALSE	Not significant
ENSG00000112852.7	7.91111267757289	0.0164411118718963	0.257746471975827	0.862639163734207	0.96853083441106	0.173015602267278	PCDHB2	PCDHB2	FALSE	Not significant
ENSG00000220635.2	8.82678505539072	-0.0180803787268584	0.253950313489187	0.864269176880251	0.96853083441106	-0.170942247446797	KRASP1	KRASP1	FALSE	Not significant
ENSG00000164414.19	34.9878688661175	-0.0231384527525295	0.209048408336936	0.865533007281954	0.96853083441106	-0.169335178228534	SLC35A1	SLC35A1	FALSE	Not significant
ENSG00000219642.2	97.335221250899	0.0232445702539826	0.163870962601115	0.861378281850241	0.96853083441106	0.174619936960389	BMPR1AP1	BMPR1AP1	FALSE	Not significant
ENSG00000112425.16	21.9343473728508	-0.0219874048235584	0.228990136919665	0.865077787581151	0.96853083441106	-0.169913978680908	EPM2A	EPM2A	FALSE	Not significant
ENSG00000243053.2	20.8282079506828	0.0225158849268589	0.230818480851634	0.864325325687037	0.96853083441106	0.170870840060989	RPL31P58	RPL31P58	FALSE	Not significant
ENSG00000235183.3	303.552437361676	0.0198100782254391	0.128078988605622	0.863508467732967	0.96853083441106	0.171909767271417	SRP14P3	SRP14P3	FALSE	Not significant
ENSG00000213246.7	7.09576772645612	0.0162520160309501	0.260376409642396	0.864361249937966	0.96853083441106	0.170825153761868	SUPT4H1	SUPT4H1	FALSE	Not significant
ENSG00000185298.13	75.8517606048712	0.0232199289570854	0.174340115674329	0.864731994728025	0.96853083441106	0.170353683671496	CCDC137	CCDC137	FALSE	Not significant
ENSG00000264112.1	29.6532629146497	-0.0215045793628093	0.227245233798222	0.867125939544621	0.969896421268428	-0.167310249923832	ENSG00000264112	ENSG00000264112	FALSE	Not significant
ENSG00000232578.4	13.5437652270496	0.019843613840273	0.246114826476161	0.867945344967167	0.970014575501957	0.166268893121019	ENSG00000232578	ENSG00000232578	FALSE	Not significant
ENSG00000153982.11	6.26426624564146	-0.0159352016667297	0.260739627386354	0.867703937828265	0.970014575501957	-0.166575671141457	GDPD1	GDPD1	FALSE	Not significant
ENSG00000253485.3	23.6983356457302	-0.0205101633046469	0.235167606953797	0.868345625640492	0.970063054044742	-0.165760254509766	PCDHGA5	PCDHGA5	FALSE	Not significant
ENSG00000134057.15	22.1665755405347	-0.0206904131071276	0.233179010702465	0.869356840102658	0.970395027268594	-0.164475490024361	CCNB1	CCNB1	FALSE	Not significant
ENSG00000168438.15	118.588280721455	-0.0209343451427189	0.155346341148918	0.869334966135002	0.970395027268594	-0.164503278377184	CDC40	CDC40	FALSE	Not significant
ENSG00000213117.4	57.6845152964736	-0.0223681980793008	0.186749356190804	0.869859426409463	0.970557438826322	-0.163837047030949	MEMO1P2	MEMO1P2	FALSE	Not significant
ENSG00000135314.14	11.0692324694166	-0.0179345561015474	0.250276966197967	0.870622316546614	0.971010035442633	-0.162868063658448	KHDC1	KHDC1	FALSE	Not significant
ENSG00000113296.14	7.40426521841958	0.0160249882975385	0.257678459017904	0.875259014348866	0.971529596401798	0.156982025094978	THBS4	THBS4	FALSE	Not significant
ENSG00000250273.1	23.1339855865078	0.0214477727231142	0.226876317989496	0.87382676952803	0.971529596401798	0.158799592940645	PSMC1P5	PSMC1P5	FALSE	Not significant
ENSG00000214485.6	1949.59590982739	0.0143858086209826	0.0925589037471617	0.873958124334035	0.971529596401798	0.158632877421747	RPL7P1	RPL7P1	FALSE	Not significant
ENSG00000155868.8	33.2432694062095	-0.0214283673503575	0.211721359272063	0.875377476669611	0.971529596401798	-0.156831715643606	MED7	MED7	FALSE	Not significant
ENSG00000291097.1	9.05686184290376	-0.0160328672723129	0.255570805251685	0.87373997238222	0.971529596401798	-0.158909758299118	HLA-L	HLA-L	FALSE	Not significant
ENSG00000180113.16	10.7715418730554	-0.0174966941054558	0.253646608523278	0.87390753604952	0.971529596401798	-0.15869708354982	TDRD6	TDRD6	FALSE	Not significant
ENSG00000213130.3	140.717677742335	-0.019833093388593	0.148877431308088	0.872829444831636	0.971529596401798	-0.160065541766341	EEF1DP5	EEF1DP5	FALSE	Not significant
ENSG00000220113.2	15.4589744692447	0.0197136945620662	0.239304391995307	0.874916229590168	0.971529596401798	0.157416983291673	MTCYBP4	MTCYBP4	FALSE	Not significant
ENSG00000009844.16	171.345006683027	0.0190819884901626	0.140964899207725	0.873615335690742	0.971529596401798	0.159067954037848	VTA1	VTA1	FALSE	Not significant
ENSG00000263345.1	6.04454538363632	-0.0141684644009455	0.262270951976539	0.874642009688349	0.971529596401798	-0.157764961257342	SGSM2-AS1	SGSM2-AS1	FALSE	Not significant
ENSG00000170160.19	24.4442900974589	0.0205697972143858	0.234174088684795	0.874049783009421	0.971529596401798	0.158516546843514	CCDC144A	CCDC144A	FALSE	Not significant
ENSG00000237888.1	46.1809299410809	-0.021366037603265	0.196858888786387	0.871934813483653	0.971529596401798	-0.161201355579694	RPL29P31	RPL29P31	FALSE	Not significant
ENSG00000108671.11	201.379190506336	0.0193708193496744	0.142379830724937	0.875826591964844	0.97163129671855	0.156261893402842	PSMD11	PSMD11	FALSE	Not significant
ENSG00000164253.14	115.493824018967	-0.020015155659138	0.159919670649215	0.877207206932057	0.972369163312126	-0.154510532852346	WDR41	WDR41	FALSE	Not significant
ENSG00000198315.11	281.067869177555	0.0174999681650344	0.126240554364223	0.876933402221092	0.972369163312126	0.154857826293326	ZKSCAN8	ZKSCAN8	FALSE	Not significant
ENSG00000146232.17	16.8092946414266	0.0194977020848415	0.237923413288354	0.877931851428084	0.972775691879956	0.15359148478225	NFKBIE	NFKBIE	FALSE	Not significant
ENSG00000245556.5	18.8457507831835	0.019428211412664	0.234431081439787	0.880956066588711	0.973157680458886	0.149757341092685	SCAMP1-AS1	SCAMP1-AS1	FALSE	Not significant
ENSG00000164176.13	533.423048915694	-0.0166735102273628	0.117101395835852	0.880547110949329	0.973157680458886	-0.150275691009932	EDIL3	EDIL3	FALSE	Not significant
ENSG00000249448.1	345.052740091335	0.0148963070859753	0.118870231408074	0.885060032676885	0.973157680458886	0.144557781265683	MTCO1P24	MTCO1P24	FALSE	Not significant
ENSG00000164405.11	170.990773603474	0.013948924769043	0.146853158787803	0.884368011704782	0.973157680458886	0.145434266246755	UQCRQ	UQCRQ	FALSE	Not significant
ENSG00000204390.10	13.8936221842006	0.0184501666803071	0.243796589622485	0.880047542498587	0.973157680458886	0.150908947171864	HSPA1L	HSPA1L	FALSE	Not significant
ENSG00000137218.10	13.8372874058017	-0.0168123068266137	0.244358096459945	0.884724243816498	0.973157680458886	-0.144983063559156	FRS3	FRS3	FALSE	Not significant
ENSG00000124749.18	20.2012661608413	-0.0172388841161078	0.238250527859406	0.88507939149903	0.973157680458886	-0.144533263786552	COL21A1	COL21A1	FALSE	Not significant
ENSG00000217680.1	37.4830002966708	0.0204595437243916	0.207052218091263	0.884236271995772	0.973157680458886	0.145601134922246	UBE2V1P15	UBE2V1P15	FALSE	Not significant
ENSG00000065615.14	59.8345298327947	-0.0202444365188981	0.187194325415664	0.882802993440245	0.973157680458886	-0.14741686647692	CYB5R4	CYB5R4	FALSE	Not significant
ENSG00000216809.1	11.2773147081898	-0.0173086977836841	0.247909503826644	0.878892539471787	0.973157680458886	-0.152373268557724	ENSG00000216809	ENSG00000216809	FALSE	Not significant
ENSG00000111906.18	122.269138449945	0.019362224305156	0.159869107667144	0.883361876283453	0.973157680458886	0.146708795046127	HDDC2	HDDC2	FALSE	Not significant
ENSG00000219553.2	41.4145158935141	0.0208741679595667	0.204112374192067	0.882160087279483	0.973157680458886	0.148231481915028	ENSG00000219553	ENSG00000219553	FALSE	Not significant
ENSG00000167695.15	89.3923731156308	-0.019485871432367	0.170165918591769	0.883806919485679	0.973157680458886	-0.146145004311254	TLCD3A	TLCD3A	FALSE	Not significant
ENSG00000256806.6	8.15689855908067	-0.0148816751930902	0.257288663558867	0.880214832322212	0.973157680458886	-0.150696882794986	C17orf100	C17orf100	FALSE	Not significant
ENSG00000006740.18	7.31066292123887	0.0141848688962488	0.259692744954038	0.884468522501864	0.973157680458886	0.145306956532064	ARHGAP44	ARHGAP44	FALSE	Not significant
ENSG00000108599.15	135.834533526763	0.0191971301864984	0.149571660868873	0.880585638064584	0.973157680458886	0.15022685629844	AKAP10	AKAP10	FALSE	Not significant
ENSG00000125691.14	2376.77671349851	-0.0119725430592319	0.0921854421419646	0.884923959253072	0.973157680458886	-0.144730117412396	RPL23	RPL23	FALSE	Not significant
ENSG00000214087.9	79.0043412562951	0.0198102842974721	0.174579639671975	0.883791406348186	0.973157680458886	0.146164655920196	ARL16	ARL16	FALSE	Not significant
ENSG00000260563.3	12.9547023866338	-0.017346428564213	0.247259163416857	0.879668814531367	0.973157680458886	-0.151389065483384	ENSG00000260563	ENSG00000260563	FALSE	Not significant
ENSG00000082068.9	127.140977207027	0.0173603301936355	0.157287974752098	0.894821344051677	0.973295419880575	0.132206014433002	WDR70	WDR70	FALSE	Not significant
ENSG00000049860.14	883.238509674087	0.0131637305081394	0.105463079293409	0.892881423458502	0.973295419880575	0.134659085564214	HEXB	HEXB	FALSE	Not significant
ENSG00000153140.9	50.7591408997934	-0.0187751241202693	0.201928635054112	0.890691012299282	0.973295419880575	-0.137429882517466	CETN3	CETN3	FALSE	Not significant
ENSG00000249761.1	16.419875493675	0.0179882736719175	0.238233547901452	0.887083376105416	0.973295419880575	0.141995733003792	ENSG00000249761	ENSG00000249761	FALSE	Not significant
ENSG00000146094.16	9.79443309155065	0.0142802475666192	0.255202992078685	0.892695789042362	0.973295419880575	0.134893866511235	DOK3	DOK3	FALSE	Not significant
ENSG00000177932.7	159.256406769264	-0.0170430728544549	0.148340395021069	0.892400272531473	0.973295419880575	-0.135267636076827	ZNF354C	ZNF354C	FALSE	Not significant
ENSG00000112739.17	350.339613715562	0.0149080593938763	0.118425294339103	0.891527126064367	0.973295419880575	0.136372103179118	PRPF4B	PRPF4B	FALSE	Not significant
ENSG00000189134.4	12.3173235439749	0.015988716032881	0.245125573047687	0.89415866547214	0.973295419880575	0.133043895483821	NKAPL	NKAPL	FALSE	Not significant
ENSG00000204344.16	34.718854612542	0.0181265644861491	0.213937532571852	0.895905860474172	0.973295419880575	0.130834967759378	STK19	STK19	FALSE	Not significant
ENSG00000231925.14	231.16225191508	0.0165934615712109	0.133099209112066	0.889016713787176	0.973295419880575	0.139548524787098	TAPBP	TAPBP	FALSE	Not significant
ENSG00000161896.12	7.30467878963136	0.011976693045231	0.262514509238832	0.89469863740879	0.973295419880575	0.132361155888459	IP6K3	IP6K3	FALSE	Not significant
ENSG00000220483.4	20.4161914072694	-0.0170450185241438	0.231709597937803	0.893379662705015	0.973295419880575	-0.134028974620858	SLC25A51P1	SLC25A51P1	FALSE	Not significant
ENSG00000217272.1	33.9516334580032	0.0192468233229591	0.214223890557225	0.889608747837056	0.973295419880575	0.138799299131192	RAB1AP2	RAB1AP2	FALSE	Not significant
ENSG00000230202.1	1683.51081637284	-0.00867052238718918	0.104676440692892	0.886860596307024	0.973295419880575	-0.142277780819885	RPL29P4	RPL29P4	FALSE	Not significant
ENSG00000146374.14	15.6177840213563	-0.015948925852742	0.243758487962449	0.888658074098872	0.973295419880575	-0.140002425365392	RSPO3	RSPO3	FALSE	Not significant
ENSG00000260212.1	11.9798763806673	0.0139520021198659	0.252514142306876	0.895814460656175	0.973295419880575	0.130950505969018	ENSG00000260212	ENSG00000260212	FALSE	Not significant
ENSG00000216642.1	163.447885619397	0.0160663474219206	0.142260477972423	0.895402067361819	0.973295419880575	0.13147183273817	ENSG00000216642	ENSG00000216642	FALSE	Not significant
ENSG00000218792.2	6.22630645531927	0.0115498019020392	0.264537056310599	0.888729244628155	0.973295419880575	0.139912348424293	HSPD1P16	HSPD1P16	FALSE	Not significant
ENSG00000112584.14	208.158241064645	0.0172350546395631	0.140709270279327	0.890622775379261	0.973295419880575	0.137516216780378	FAM120B	FAM120B	FALSE	Not significant
ENSG00000011295.16	404.742476564661	0.0151464402062441	0.122056995391954	0.886993343138762	0.973295419880575	0.142109716850284	TTC19	TTC19	FALSE	Not significant
ENSG00000128482.16	6.79220957654326	-0.0118367740911542	0.262946411537315	0.890262323565616	0.973295419880575	-0.137972282254466	RNF112	RNF112	FALSE	Not significant
ENSG00000087095.13	36.9465910993909	0.0183965193345733	0.205394418054032	0.895947439492715	0.973295419880575	0.130782408436708	NLK	NLK	FALSE	Not significant
ENSG00000160602.14	20.1583545566578	0.0184984352420116	0.22990430339428	0.889334957920057	0.973295419880575	0.13914577359781	NEK8	NEK8	FALSE	Not significant
ENSG00000154760.14	9.09182467217743	-0.012533898491979	0.258690302618778	0.892367663722515	0.973295419880575	-0.135308880886322	SLFN13	SLFN13	FALSE	Not significant
ENSG00000161395.14	81.1197478599221	0.0193704533508077	0.17189102095863	0.888607628308341	0.973295419880575	0.140066272740233	PGAP3	PGAP3	FALSE	Not significant
ENSG00000289926.1	12.1384510783478	0.0161949648303462	0.246759783147934	0.889873552386798	0.973295419880575	0.138464211278352	ENSG00000289926	ENSG00000289926	FALSE	Not significant
ENSG00000108370.17	15.6910781074427	-0.0164054553630852	0.238380251983416	0.894886276659844	0.973295419880575	-0.132123919600186	RGS9	RGS9	FALSE	Not significant
ENSG00000167862.10	43.5643459549806	-0.01955820280313	0.199520009595002	0.887536626626857	0.973295419880575	-0.141421935207492	MRPL58	MRPL58	FALSE	Not significant
ENSG00000108669.18	65.628487684553	-0.0184356354876315	0.188486606845056	0.892743275020419	0.973295419880575	-0.134833807959493	CYTH1	CYTH1	FALSE	Not significant
ENSG00000173818.17	78.5464677347298	-0.0180460695413247	0.177383890203257	0.893519061479276	0.973295419880575	-0.13385268995069	ENDOV	ENDOV	FALSE	Not significant
ENSG00000213940.4	145.74533443211	0.0162346834399197	0.147913439169228	0.897809458935844	0.974310213422715	0.128429029780614	RPL13AP13	RPL13AP13	FALSE	Not significant
ENSG00000131023.13	148.427327561127	-0.0158697718624002	0.145387457706575	0.897801417442046	0.974310213422715	-0.128439191766403	LATS1	LATS1	FALSE	Not significant
ENSG00000184557.4	226.013041064099	-0.0154167035652448	0.139013547486116	0.897956984777005	0.974310213422715	-0.128242604643335	SOCS3	SOCS3	FALSE	Not significant
ENSG00000152620.13	59.3245904888377	-0.0172059105355641	0.187519526730594	0.899930127340134	0.974506010402584	-0.125749613891763	NADK2	NADK2	FALSE	Not significant
ENSG00000145882.11	35.2191694810374	0.0178068915346676	0.208877097869817	0.899468892325534	0.974506010402584	0.126332296271037	PCYOX1L	PCYOX1L	FALSE	Not significant
ENSG00000223908.5	20.8677883266225	0.0169540080999664	0.229138045839454	0.899701276344449	0.974506010402584	0.126038718082436	ENSG00000223908	ENSG00000223908	FALSE	Not significant
ENSG00000183153.7	38.8088217457817	0.017681912716977	0.213763980557001	0.899175317428814	0.974506010402584	0.126703194429591	GJD3	GJD3	FALSE	Not significant
ENSG00000013306.16	193.686008107062	-0.014101798941478	0.140163561249811	0.899043939913276	0.974506010402584	-0.126869180471381	SLC25A39	SLC25A39	FALSE	Not significant
ENSG00000164663.15	23.9559092311216	0.0168200901706233	0.224727635629931	0.900361011241337	0.97458432041177	0.125205312923277	USP49	USP49	FALSE	Not significant
ENSG00000248120.1	13.3543109719188	-0.0146053996444847	0.243957517536276	0.900724379040332	0.974589515219595	-0.124746328450627	ENSG00000248120	ENSG00000248120	FALSE	Not significant
ENSG00000145781.9	44.8898087699402	-0.0170037435788202	0.198531115119955	0.901855844417833	0.975043548996788	-0.123317296912795	COMMD10	COMMD10	FALSE	Not significant
ENSG00000108384.16	39.0324670581938	-0.0169415056771678	0.20342762715841	0.90209323725846	0.975043548996788	-0.123017503748394	RAD51C	RAD51C	FALSE	Not significant
ENSG00000256525.8	29.164201423436	-0.0162179701507722	0.218281588900935	0.902220208140884	0.975043548996788	-0.122857162245212	POLG2	POLG2	FALSE	Not significant
ENSG00000220868.2	12.3682410458576	0.0143809677046348	0.24642597910812	0.902900363908156	0.975170249337871	0.121998300896275	MRPL35P1	MRPL35P1	FALSE	Not significant
ENSG00000213880.3	177.481753714159	0.0142061539109999	0.138900075215243	0.903055010148425	0.975170249337871	0.121803035150771	RPL7AP7	RPL7AP7	FALSE	Not significant
ENSG00000151304.6	29.9068199487879	0.0174919578516813	0.216683735970001	0.903880521508018	0.975674049824778	0.120760772690891	SRFBP1	SRFBP1	FALSE	Not significant
ENSG00000249109.1	6.27179824128905	-0.0105213544164304	0.262382785967596	0.904338152852603	0.97578050792115	-0.120183039565115	ENSG00000249109	ENSG00000249109	FALSE	Not significant
ENSG00000230795.3	7.50905409822732	-0.0113921906721924	0.262014932163399	0.90607442050544	0.977265982116582	-0.117991465100747	HLA-K	HLA-K	FALSE	Not significant
ENSG00000271045.1	8.13108548901309	-0.0122378604576057	0.255365144204189	0.907348758314711	0.978082734932623	-0.116383314892434	NDUFB9P1	NDUFB9P1	FALSE	Not significant
ENSG00000240828.1	33.1376549563898	-0.0160210606200209	0.212356430628951	0.907911236289554	0.978082734932623	-0.115673591964284	RPL21P4	RPL21P4	FALSE	Not significant
ENSG00000270870.1	49.3814622846895	0.0164028990108917	0.197473002310865	0.907605754766769	0.978082734932623	0.116059034899836	ENSG00000270870	ENSG00000270870	FALSE	Not significant
ENSG00000133030.22	958.991974048806	0.0109688670477122	0.101351051233968	0.908772740740196	0.978622943475378	0.114586676518605	MPRIP	MPRIP	FALSE	Not significant
ENSG00000122008.16	150.216398497176	-0.0139191705935467	0.14540583526627	0.910063111014066	0.979624370588606	-0.11295893611351	POLK	POLK	FALSE	Not significant
ENSG00000231389.8	9.57092442590946	0.0110816110986133	0.258068677560793	0.911285312126978	0.980163624203057	0.111417463856826	HLA-DPA1	HLA-DPA1	FALSE	Not significant
ENSG00000048544.6	153.873982823301	-0.013500033610911	0.147963408272688	0.911147806512068	0.980163624203057	-0.111590876278172	MRPS10	MRPS10	FALSE	Not significant
ENSG00000163597.17	109.465997145206	-0.0137544120311562	0.158642747340161	0.911766918248876	0.980293704034987	-0.110810122432737	SNHG16	SNHG16	FALSE	Not significant
ENSG00000291055.1	51.5070286983773	-0.0147725078696763	0.19901686640035	0.912275204125506	0.980452354611754	-0.110169180163264	ENSG00000291055	ENSG00000291055	FALSE	Not significant
ENSG00000204438.11	62.648344202143	-0.0149769378313472	0.183305543617545	0.912797311013005	0.980625727799742	-0.10951085688333	GPANK1	GPANK1	FALSE	Not significant
ENSG00000145741.17	1118.0010490229	-0.0139618918145605	0.101918373774579	0.913719564054685	0.980841143404674	-0.108348106080157	BTF3	BTF3	FALSE	Not significant
ENSG00000108771.13	56.7455188044624	0.01539127190054	0.18817741521935	0.913669376556564	0.980841143404674	0.10841137728914	DHX58	DHX58	FALSE	Not significant
ENSG00000204231.11	219.15008685518	-0.0124344412823287	0.137512876039383	0.914410358311388	0.981195165373215	-0.107477268059513	RXRB	RXRB	FALSE	Not significant
ENSG00000247872.2	48.0279135663098	-0.014133153959692	0.196225493494386	0.918841799474451	0.981449082242573	-0.101892756550504	SPCS2P3	SPCS2P3	FALSE	Not significant
ENSG00000251102.1	107.131395719913	0.0139710222426624	0.160416425751965	0.915286306637143	0.981449082242573	0.106373135819154	CTBP2P4	CTBP2P4	FALSE	Not significant
ENSG00000218459.1	1129.67192912782	-0.00867113687166934	0.100144044940827	0.917595496652596	0.981449082242573	-0.103463021330427	RPS27P15	RPS27P15	FALSE	Not significant
ENSG00000219329.1	80.5365990328533	0.0140440096990567	0.175365425349725	0.918804110873077	0.981449082242573	0.101940238163291	ENSG00000219329	ENSG00000219329	FALSE	Not significant
ENSG00000072778.20	666.912863499319	0.0104719535060372	0.111865943038566	0.918601028040791	0.981449082242573	0.102196094025391	ACADVL	ACADVL	FALSE	Not significant
ENSG00000132591.12	97.7267257931697	0.0144113657188314	0.165062180093724	0.916548544839104	0.981449082242573	0.104782313155821	ERAL1	ERAL1	FALSE	Not significant
ENSG00000067596.12	217.690410959334	0.0121580066564803	0.133582161469804	0.918157236717743	0.981449082242573	0.102755232105355	DHX8	DHX8	FALSE	Not significant
ENSG00000263189.1	38.5469744340217	-0.0139956427069898	0.206714277621553	0.918844449849492	0.981449082242573	-0.101889417510292	ENSG00000263189	ENSG00000263189	FALSE	Not significant
ENSG00000108406.10	286.559043469984	-0.0115957280913056	0.12675098636932	0.918622195489054	0.981449082242573	-0.102169425699813	DHX40	DHX40	FALSE	Not significant
ENSG00000271605.6	10.7845262512498	-0.0111108060580857	0.250167147000111	0.918980100922498	0.981449082242573	-0.101718520802311	MILR1	MILR1	FALSE	Not significant
ENSG00000141570.11	30.73322272959	0.0140130128277421	0.219861808232252	0.918701888587898	0.981449082242573	0.102069023058588	CBX8	CBX8	FALSE	Not significant
ENSG00000204237.5	47.3634006999167	0.0148945189292287	0.199979499566258	0.915567173411777	0.981449082242573	0.106019130969557	OXLD1	OXLD1	FALSE	Not significant
ENSG00000137166.18	73.7750146490415	0.0139083705639773	0.177648267901138	0.919393551754386	0.981504977874478	0.101197663122923	FOXP4	FOXP4	FALSE	Not significant
ENSG00000055147.19	106.734104988606	0.0133081957710305	0.161723997983326	0.920869557377742	0.981641904035082	0.0993384415844396	FAM114A2	FAM114A2	FALSE	Not significant
ENSG00000220695.1	42.5099212155376	0.0139214680951885	0.201009574952967	0.921066149789398	0.981641904035082	0.0990908338602852	ENSG00000220695	ENSG00000220695	FALSE	Not significant
ENSG00000228283.3	39.9699742823207	0.0139981749314319	0.20203959140883	0.92132762957818	0.981641904035082	0.0987615100337605	KATNBL1P6	KATNBL1P6	FALSE	Not significant
ENSG00000167723.15	7.89521607350968	0.010552259260156	0.255685677272434	0.920455441863385	0.981641904035082	0.0998600391395435	TRPV3	TRPV3	FALSE	Not significant
ENSG00000108591.10	85.6152740215519	0.0134760778991088	0.169989098137672	0.920007106837158	0.981641904035082	0.100424768379884	DRG2	DRG2	FALSE	Not significant
ENSG00000028310.18	106.935926307679	0.0123850801618535	0.159707876441322	0.925187520843446	0.982298349341534	0.093901350742156	BRD9	BRD9	FALSE	Not significant
ENSG00000170445.16	197.090847657155	0.0119452841680177	0.136773194227351	0.922976567230526	0.982298349341534	0.0966849811777631	HARS1	HARS1	FALSE	Not significant
ENSG00000240869.3	35.7801899902731	-0.0124015477218581	0.223400679449041	0.924594313250819	0.982298349341534	-0.0946481374771024	RN7SL128P	RN7SL128P	FALSE	Not significant
ENSG00000272462.4	16.1124033106866	0.0124643709075979	0.237449199376939	0.923392153823424	0.982298349341534	0.0961616936428078	LINC02980	LINC02980	FALSE	Not significant
ENSG00000112697.17	1262.10606642934	-0.00876110790795273	0.103501756700752	0.923026232011294	0.982298349341534	-0.0966224441785914	TMEM30A	TMEM30A	FALSE	Not significant
ENSG00000135537.17	12.03084774618	0.0110300497161525	0.246420938271372	0.925196384957442	0.982298349341534	0.0938901921415979	AFG1L	AFG1L	FALSE	Not significant
ENSG00000220557.1	14.9929949352038	-0.0111556575742862	0.242777276268516	0.924127059886989	0.982298349341534	-0.0952363980668442	HMGB1P13	HMGB1P13	FALSE	Not significant
ENSG00000216480.2	336.126568325069	-0.0106847115433444	0.122904721502291	0.923478328461194	0.982298349341534	-0.0960531898008307	RPL21P69	RPL21P69	FALSE	Not significant
ENSG00000188522.16	44.1622630731248	0.0134831202190288	0.200606103457498	0.923902752529355	0.982298349341534	0.0955188072555832	FAM83G	FAM83G	FALSE	Not significant
ENSG00000153015.17	102.10692105664	-0.0120462342362127	0.161929063823671	0.925816450012391	0.982506033483095	-0.0931096514332373	CWC27	CWC27	FALSE	Not significant
ENSG00000111860.14	80.7898377114551	-0.0125671107558094	0.172063651491946	0.926458975442391	0.982506033483095	-0.0923008973380806	CEP85L	CEP85L	FALSE	Not significant
ENSG00000007202.16	1015.24861119759	-0.00864714553109504	0.100177123371409	0.926476439962168	0.982506033483095	-0.0922789153927939	BLTP2	BLTP2	FALSE	Not significant
ENSG00000291113.1	10.4315373113392	0.0104219851176936	0.250245087143752	0.927490016775183	0.983197295473848	0.0910032397714946	ENSG00000291113	ENSG00000291113	FALSE	Not significant
ENSG00000253772.1	6.5764071984597	-0.00816941505395982	0.259822492992036	0.928418086883803	0.983797411364592	-0.089835311780728	ENSG00000253772	ENSG00000253772	FALSE	Not significant
ENSG00000270587.1	9.26408338852948	0.00977877053879952	0.252825346359019	0.929284956352392	0.984332233579814	0.0887445123204154	FAM136DP	FAM136DP	FALSE	Not significant
ENSG00000151876.13	26.0792048624177	-0.0108158103670538	0.226058404027138	0.932969690484928	0.984420770783499	-0.0841090987994104	FBXO4	FBXO4	FALSE	Not significant
ENSG00000113593.12	124.958221474122	-0.00986150323955081	0.152603662048649	0.935781850143229	0.984420770783499	-0.0805726090882297	PPWD1	PPWD1	FALSE	Not significant
ENSG00000112893.10	411.612775248727	-0.00746647706101843	0.117663193878459	0.943596524139126	0.984420770783499	-0.0707502539586606	MAN2A1	MAN2A1	FALSE	Not significant
ENSG00000061455.11	186.159584727787	-0.0082339098047194	0.142022775799479	0.937466285637028	0.984420770783499	-0.0784547975927912	PRDM6	PRDM6	FALSE	Not significant
ENSG00000164403.15	51.6646295039391	-0.0113354267016597	0.192470837927902	0.932790641813415	0.984420770783499	-0.0843343003268552	SHROOM1	SHROOM1	FALSE	Not significant
ENSG00000213433.5	842.86191206856	-0.007633292745525	0.106348323431283	0.936124177588459	0.984420770783499	-0.080142177784958	RPLP1P6	RPLP1P6	FALSE	Not significant
ENSG00000072803.18	335.414267421671	0.0105430385986616	0.126610446092094	0.931786645613839	0.984420770783499	0.0855971732747429	FBXW11	FBXW11	FALSE	Not significant
ENSG00000254200.1	264.4252663096	-0.00931477334328207	0.126755130484938	0.934579308127311	0.984420770783499	-0.0820847648474548	RPL7AP33	RPL7AP33	FALSE	Not significant
ENSG00000145912.10	74.4542528213579	-0.0103549319722994	0.176448369425844	0.938290355361314	0.984420770783499	-0.077418837797898	NHP2	NHP2	FALSE	Not significant
ENSG00000216657.1	108.890714293408	0.0101535081013828	0.159952790729217	0.943189567496722	0.984420770783499	0.0712615858810259	GLRX3P2	GLRX3P2	FALSE	Not significant
ENSG00000274750.3	8.24965603967593	0.0071025156010059	0.258096286158404	0.94346580098221	0.984420770783499	0.0709145026595042	H3C6	H3C6	FALSE	Not significant
ENSG00000290032.1	34.4098715389979	0.0102381386293308	0.218453727103463	0.938910494352501	0.984420770783499	0.0766392995544758	ENSG00000290032	ENSG00000290032	FALSE	Not significant
ENSG00000223501.9	145.881303477627	-0.0105730721561237	0.149905486947852	0.932490914754781	0.984420770783499	-0.0847112967373762	VPS52	VPS52	FALSE	Not significant
ENSG00000137200.13	254.506109697991	-0.00966007981272007	0.128069726173472	0.933429960228102	0.984420770783499	-0.0835302062102547	CMTR1	CMTR1	FALSE	Not significant
ENSG00000137161.18	114.714715079621	-0.0100017492697683	0.163390983855321	0.93845553891113	0.984420770783499	-0.0772111912305679	CNPY3	CNPY3	FALSE	Not significant
ENSG00000198945.8	52.2086940827107	-0.0108848154200453	0.192137188540579	0.935743796764022	0.984420770783499	-0.0806204570797895	L3MBTL3	L3MBTL3	FALSE	Not significant
ENSG00000112339.15	213.205586650599	-0.00808850094637857	0.136593752441653	0.94371764068426	0.984420770783499	-0.070598077305571	HBS1L	HBS1L	FALSE	Not significant
ENSG00000213109.4	8.67619737490713	-0.00687205336623594	0.254365282181152	0.94385597081008	0.984420770783499	-0.0704242746814339	RPL7AP37	RPL7AP37	FALSE	Not significant
ENSG00000226445.2	10.7319238163017	-0.00915229550222764	0.251702043119509	0.93096975732737	0.984420770783499	-0.0866247938588776	THBS2-AS1	THBS2-AS1	FALSE	Not significant
ENSG00000167740.10	108.361150063422	0.0101536775668131	0.159829509477588	0.939619301379938	0.984420770783499	0.0757483592301674	CYB5D2	CYB5D2	FALSE	Not significant
ENSG00000263272.1	9.78901234439529	0.00835626735987017	0.25323259590802	0.93786523202602	0.984420770783499	0.0779532611147641	ENSG00000263272	ENSG00000263272	FALSE	Not significant
ENSG00000215041.10	59.3503639097241	0.0109589765372239	0.184272615913903	0.938002215019032	0.984420770783499	0.077781057121634	NEURL4	NEURL4	FALSE	Not significant
ENSG00000072818.12	11.7789944841685	-0.00810692395556745	0.247110976018318	0.942593357887533	0.984420770783499	-0.0720107436077806	ACAP1	ACAP1	FALSE	Not significant
ENSG00000108947.5	19.1949723668941	-0.00956987342726669	0.234016151334393	0.94150268790473	0.984420770783499	-0.0733813125737947	EFNB3	EFNB3	FALSE	Not significant
ENSG00000178971.17	52.4701966934765	0.0117852343598662	0.196207170674167	0.934709820926361	0.984420770783499	0.0819206404150435	CTC1	CTC1	FALSE	Not significant
ENSG00000178921.14	50.8797684916166	-0.0118166537039729	0.202150164874865	0.933523590612695	0.984420770783499	-0.0834124484026896	PFAS	PFAS	FALSE	Not significant
ENSG00000215030.5	3511.83728705045	0.00715370289024719	0.097722883719394	0.940864412704568	0.984420770783499	0.0741834523184113	RPL13P12	RPL13P12	FALSE	Not significant
ENSG00000092871.17	51.6220716361833	-0.0114509226817605	0.192917378907523	0.93188898169607	0.984420770783499	-0.0854684439934286	RFFL	RFFL	FALSE	Not significant
ENSG00000274512.6	7.32787859592742	-0.00566013822410774	0.263019145509331	0.942311856498008	0.984420770783499	-0.0723644737339601	TBC1D3L	TBC1D3L	FALSE	Not significant
ENSG00000131475.7	101.689001061107	0.0106917365193362	0.161810123395812	0.936574156501703	0.984420770783499	0.0795764116285669	VPS25	VPS25	FALSE	Not significant
ENSG00000161653.11	9.47656186805462	-0.00808061784003559	0.252863126972734	0.939174391544634	0.984420770783499	-0.0763075849233644	NAGS	NAGS	FALSE	Not significant
ENSG00000004897.12	324.274326230431	0.00705606828832479	0.119413434279838	0.942745498333441	0.984420770783499	0.0718195701198557	CDC27	CDC27	FALSE	Not significant
ENSG00000261040.9	7.69958516520123	-0.00740737359242762	0.26123975752159	0.932632411798665	0.984420770783499	-0.0845333203925732	WFDC21P	WFDC21P	FALSE	Not significant
ENSG00000270553.1	61.8265959401791	0.0103378887418064	0.182916706972297	0.942037157469303	0.984420770783499	0.072709664851678	ENSG00000270553	ENSG00000270553	FALSE	Not significant
ENSG00000266943.1	38.7304481842869	0.01099717112741	0.207464778078761	0.938406451777823	0.984420770783499	0.0772728966319137	RPSAP66	RPSAP66	FALSE	Not significant
ENSG00000120063.10	251.168219061493	0.00886804346406368	0.133154229993414	0.942752027011745	0.984420770783499	0.0718113665073843	GNA13	GNA13	FALSE	Not significant
ENSG00000123700.5	172.359519140519	-0.0108444326240513	0.153979574592898	0.931767977417013	0.984420770783499	-0.0856206562844222	KCNJ2	KCNJ2	FALSE	Not significant
ENSG00000133195.12	49.3620131064605	-0.0107567869669291	0.194660589194602	0.935929529868562	0.984420770783499	-0.0803869196184547	SLC39A11	SLC39A11	FALSE	Not significant
ENSG00000125454.12	11.9105957192707	0.00903771936972607	0.247727543520167	0.941595161192799	0.984420770783499	0.0732651025243434	SLC25A19	SLC25A19	FALSE	Not significant
ENSG00000092929.13	9.53844248551816	0.00959191165172698	0.253491109119801	0.930134690971974	0.984420770783499	0.0876753764691424	UNC13D	UNC13D	FALSE	Not significant
ENSG00000066230.12	11.5155171126808	-0.00740021607046602	0.247683048290894	0.947238417491379	0.986532459535899	-0.066175103944996	SLC9A3	SLC9A3	FALSE	Not significant
ENSG00000176018.13	104.270156487088	0.00888746479422737	0.16131463131507	0.947382357534506	0.986532459535899	0.0659943074984212	LYSMD3	LYSMD3	FALSE	Not significant
ENSG00000214784.4	1837.6588898259	0.00569896722631148	0.0934578281996099	0.949867995207421	0.986532459535899	0.0628725478716967	RPS3AP21	RPS3AP21	FALSE	Not significant
ENSG00000250194.1	9.30957931619833	0.00693403485718948	0.255709281935053	0.946975596504508	0.986532459535899	0.0665052268445685	ENSG00000250194	ENSG00000250194	FALSE	Not significant
ENSG00000234115.2	166.791470344462	0.00794511099596337	0.142666406326983	0.94824227860369	0.986532459535899	0.0649142450541674	ENSG00000234115	ENSG00000234115	FALSE	Not significant
ENSG00000124523.17	47.0913486558017	0.00899247674485257	0.20394667238275	0.949873232746669	0.986532459535899	0.0628659706040789	SIRT5	SIRT5	FALSE	Not significant
ENSG00000277661.4	19.3718259775432	0.0089705431837746	0.231786499927879	0.946471475990088	0.986532459535899	0.0671384603899008	OR2W1-AS1	OR2W1-AS1	FALSE	Not significant
ENSG00000276576.1	26.3461574263017	0.00910821166255076	0.21947209694853	0.947956181248358	0.986532459535899	0.0652735753906477	MRPL30P1	MRPL30P1	FALSE	Not significant
ENSG00000230607.3	7.07041457174038	-0.00602095066253846	0.258352898524889	0.949802539967942	0.986532459535899	-0.062954746363889	ENSG00000230607	ENSG00000230607	FALSE	Not significant
ENSG00000109113.20	438.646294041631	0.00671123018632943	0.114056557559409	0.94894872310665	0.986532459535899	0.0640270061699823	RAB34	RAB34	FALSE	Not significant
ENSG00000121058.5	51.7623245054916	-0.00833760402843878	0.198451419492713	0.949664367656858	0.986532459535899	-0.0631282641325005	COIL	COIL	FALSE	Not significant
ENSG00000066583.12	60.3337394269974	0.0085828243574638	0.184972434894445	0.950806546108002	0.987124595997536	0.0616939649252498	ISOC1	ISOC1	FALSE	Not significant
ENSG00000170234.13	55.6565221386314	-0.00798829879040443	0.19427410535255	0.952037865809962	0.987648442470029	-0.0601478679827973	PWWP2A	PWWP2A	FALSE	Not significant
ENSG00000218996.1	21.7023067803085	-0.00749436919416389	0.22941485158945	0.951688592682747	0.987648442470029	-0.0605864152820945	ARL4AP5	ARL4AP5	FALSE	Not significant
ENSG00000171444.19	237.649424983353	-0.00649400841876149	0.145829473178872	0.955391579638898	0.990264359065164	-0.055937521671894	MCC	MCC	FALSE	Not significant
ENSG00000015479.20	16.3506586745805	-0.00695128020811096	0.238068141364606	0.95512673503812	0.990264359065164	-0.0562699779690809	MATR3	MATR3	FALSE	Not significant
ENSG00000153975.10	26.7781501569444	0.00782406918157823	0.223168427419054	0.955744969793869	0.990264359065164	0.0554939248091488	ZUP1	ZUP1	FALSE	Not significant
ENSG00000220305.1	127.030755767309	-0.00659469987735091	0.152530161403382	0.956381141481257	0.990264359065164	-0.0546953907941037	HNRNPH1P1	HNRNPH1P1	FALSE	Not significant
ENSG00000277476.1	21.5595540523576	0.00744558441097884	0.228122956237039	0.956312812608479	0.990264359065164	0.0547811567294891	ENSG00000277476	ENSG00000277476	FALSE	Not significant
ENSG00000240052.1	846.155409204343	0.00534706772722515	0.102473530070088	0.95754045070413	0.990332931892627	0.0532402945656277	ENSG00000240052	ENSG00000240052	FALSE	Not significant
ENSG00000171453.20	43.0389569934193	0.00759994135901178	0.202697573808888	0.957476182256047	0.990332931892627	0.0533209575330247	POLR1C	POLR1C	FALSE	Not significant
ENSG00000177302.15	80.9054161756717	-0.00699660570477393	0.172993753233727	0.95747143438818	0.990332931892627	-0.0533269165690123	TOP3A	TOP3A	FALSE	Not significant
ENSG00000219200.12	11.277489004867	-0.00538510010999756	0.249972868016788	0.959347400430955	0.991532647958677	-0.0509725419687858	RNASEK	RNASEK	FALSE	Not significant
ENSG00000125434.11	16.8075990064329	0.00662426592896866	0.236233079629118	0.95979484796883	0.991532647958677	0.0504110286514415	SLC25A35	SLC25A35	FALSE	Not significant
ENSG00000273018.7	10.0888811791367	-0.00438511955721825	0.261060673543614	0.95975113412286	0.991532647958677	-0.0504658855672766	FAM106A	FAM106A	FALSE	Not significant
ENSG00000213568.4	23.8791377327637	-0.00629152296596689	0.224217206799462	0.96083904058691	0.992234237201832	-0.0491007062437173	HNRNPA1P13	HNRNPA1P13	FALSE	Not significant
ENSG00000213719.8	654.8727338168	0.0048154102252438	0.105146916176825	0.961857597839499	0.992908830584033	0.0478226340358448	CLIC1	CLIC1	FALSE	Not significant
ENSG00000225138.8	57.5366542037149	-0.00576063703874277	0.193911657971419	0.963380762617925	0.993297175117701	-0.0459115320576755	SLC9A3-AS1	SLC9A3-AS1	FALSE	Not significant
ENSG00000204264.12	91.2153368838883	0.00601279151905042	0.16518950991384	0.963555077827872	0.993297175117701	0.0456928310607025	PSMB8	PSMB8	FALSE	Not significant
ENSG00000170915.9	34.0842975858245	0.00638157711976197	0.211690944646728	0.963695603673796	0.993297175117701	0.0455165247866959	PAQR8	PAQR8	FALSE	Not significant
ENSG00000141367.13	2286.01031428663	0.00749741784441995	0.0919355728977023	0.963045917514038	0.993297175117701	0.0463316447577871	CLTC	CLTC	FALSE	Not significant
ENSG00000145780.8	122.659924062068	0.00572103823131446	0.155385977317201	0.966940938766065	0.994003582286749	0.0414452508998828	FEM1C	FEM1C	FALSE	Not significant
ENSG00000242814.2	182.807471197174	-0.00509395177356673	0.142946425742933	0.966800397602325	0.994003582286749	-0.0416215451177484	ENSG00000242814	ENSG00000242814	FALSE	Not significant
ENSG00000164296.7	31.1026662532143	0.00591138222021934	0.216828613199807	0.966726648986546	0.994003582286749	0.0417140555742815	TIGD6	TIGD6	FALSE	Not significant
ENSG00000184840.12	612.962413914578	0.00498258472248756	0.115430029483679	0.966710593680451	0.994003582286749	0.0417341954395341	TMED9	TMED9	FALSE	Not significant
ENSG00000145979.18	24.0166742303895	-0.00531008034111797	0.223273420476347	0.966033238370262	0.994003582286749	-0.0425838892322767	TBC1D7	TBC1D7	FALSE	Not significant
ENSG00000010810.18	335.980031691032	-0.00432541545141201	0.125530779915392	0.965873294876221	0.994003582286749	-0.0427845313707883	FYN	FYN	FALSE	Not significant
ENSG00000141519.15	16.9426827555773	-0.00472318488977512	0.242823172063193	0.966706374419633	0.994003582286749	-0.0417394881065773	CCDC40	CCDC40	FALSE	Not significant
ENSG00000112941.14	98.1139040563412	-0.00406926979968119	0.16255229385824	0.971922319046547	0.99427838504123	-0.035197420568471	TENT4A	TENT4A	FALSE	Not significant
ENSG00000185641.6	1556.84625341536	-0.00327400077159361	0.0977554851802098	0.968122348591434	0.99427838504123	-0.0399633459972894	ENSG00000185641	ENSG00000185641	FALSE	Not significant
ENSG00000064651.14	99.4523202318289	-0.00435044484824017	0.165677214899562	0.971352591203636	0.99427838504123	-0.0359119200126159	SLC12A2	SLC12A2	FALSE	Not significant
ENSG00000230551.4	56.730918196219	-0.00449986080992245	0.189632517000471	0.970328813877463	0.99427838504123	-0.0371958922246715	ENSG00000230551	ENSG00000230551	FALSE	Not significant
ENSG00000253146.1	70.2104858098583	0.00464647511467432	0.183073508436322	0.970955273070618	0.99427838504123	0.0364102101321234	CIR1P1	CIR1P1	FALSE	Not significant
ENSG00000113269.14	245.449209783087	-0.00408427441107814	0.129377625170263	0.971963822315875	0.99427838504123	-0.0351453717513274	RNF130	RNF130	FALSE	Not significant
ENSG00000112685.14	180.131087546843	0.00410115341138421	0.138756088547753	0.971280742244556	0.99427838504123	0.0360020275601921	EXOC2	EXOC2	FALSE	Not significant
ENSG00000047579.20	43.1131768718527	0.00537782971014873	0.198758984329693	0.970719056880927	0.99427838504123	0.0367064611285657	DTNBP1	DTNBP1	FALSE	Not significant
ENSG00000198563.14	278.842238231373	0.00411606445254072	0.124063288426765	0.970602229543815	0.99427838504123	0.0368529815510133	DDX39B	DDX39B	FALSE	Not significant
ENSG00000213187.3	34.7268357944785	0.00377744827706303	0.210552843398556	0.970784308310026	0.99427838504123	0.0366246256001662	COPS5P1	COPS5P1	FALSE	Not significant
ENSG00000213108.3	55.2305832201745	-0.00489739186489558	0.190998175972855	0.970411750839018	0.99427838504123	-0.0370918744279285	BTF3L4P3	BTF3L4P3	FALSE	Not significant
ENSG00000236088.12	26.3487412825683	-0.00432862750540001	0.220746970607264	0.970794534498646	0.99427838504123	-0.0366118003776514	COX10-DT	COX10-DT	FALSE	Not significant
ENSG00000180901.11	198.141964714523	0.00450517663013786	0.139280931298351	0.968320652018101	0.99427838504123	0.0397146121986213	KCTD2	KCTD2	FALSE	Not significant
ENSG00000249142.1	133.139001341786	0.0035926095157655	0.150841660379899	0.978193668679589	0.994289600400569	0.0273335865462166	TMEM183AP2	TMEM183AP2	FALSE	Not significant
ENSG00000086189.11	46.3106241897226	0.00445415945496225	0.197734486360561	0.975879421741356	0.994289600400569	0.0302352678031002	DIMT1	DIMT1	FALSE	Not significant
ENSG00000164902.14	202.72985852444	-0.00335247727679202	0.136637866651207	0.973608113050143	0.994289600400569	-0.0330833590377597	PHAX	PHAX	FALSE	Not significant
ENSG00000145919.11	229.688754581854	-0.00348498849575059	0.135739001309466	0.975416688698928	0.994289600400569	-0.0308154879363255	BOD1	BOD1	FALSE	Not significant
ENSG00000248275.3	15.700016757491	-0.00328732022282036	0.24399907701238	0.975164948264059	0.994289600400569	-0.0311311491615203	TRIM52-AS1	TRIM52-AS1	FALSE	Not significant
ENSG00000276290.1	14.9577126125254	-0.00379573425393764	0.239570679013681	0.973677951097313	0.994289600400569	-0.0329957822389368	RBBP4P3	RBBP4P3	FALSE	Not significant
ENSG00000218676.1	127.91492070362	-0.00369968471423255	0.161859076591468	0.975457248112127	0.994289600400569	-0.030764630148772	BRD7P4	BRD7P4	FALSE	Not significant
ENSG00000220744.1	955.3155006293	0.00453164633476262	0.0991079441442226	0.976930842333442	0.994289600400569	0.0289169309367849	RPL5P18	RPL5P18	FALSE	Not significant
ENSG00000112306.8	2836.18733022949	-0.00269812761139828	0.0943846458383897	0.978117614615346	0.994289600400569	-0.0274289419190348	RPS12	RPS12	FALSE	Not significant
ENSG00000205695.3	11.0752304577266	0.00351355222051971	0.250938351925036	0.977053043271214	0.994289600400569	0.0287637110655859	ENSG00000205695	ENSG00000205695	FALSE	Not significant
ENSG00000217733.2	154.804673145571	-0.00318519440838577	0.147219082190577	0.978125852670014	0.994289600400569	-0.027418613165445	CCT7P1	CCT7P1	FALSE	Not significant
ENSG00000130363.13	68.1159348566754	-0.00400326516655096	0.179501007209592	0.975991094775945	0.994289600400569	-0.0300952427170716	RSPH3	RSPH3	FALSE	Not significant
ENSG00000141040.15	40.769956774318	-0.00409628835899857	0.205414730368965	0.975474149207348	0.994289600400569	-0.0307434377475656	ZNF287	ZNF287	FALSE	Not significant
ENSG00000176208.9	6.8092914601265	-0.00292782912117928	0.258859171811099	0.974496393982964	0.994289600400569	-0.031969474858275	ATAD5	ATAD5	FALSE	Not significant
ENSG00000159111.13	130.688254668053	0.00433708069110656	0.152644129288184	0.973385265730988	0.994289600400569	0.0333628109174489	MRPL10	MRPL10	FALSE	Not significant
ENSG00000108511.10	12.0791219490632	0.00358023082050715	0.247973937246702	0.976414541070339	0.994289600400569	0.0295642953137135	HOXB6	HOXB6	FALSE	Not significant
ENSG00000008294.22	609.697522026808	0.00228926917825251	0.105965920118475	0.977245853839122	0.994289600400569	0.0285219597068917	SPAG9	SPAG9	FALSE	Not significant
ENSG00000112701.18	320.872807315411	0.00286554818775158	0.12476744774182	0.9789699762859	0.994334975913706	0.0263602785134679	SENP6	SENP6	FALSE	Not significant
ENSG00000131013.4	138.173675285564	-0.00322939206820473	0.147863134350196	0.978899040110873	0.994334975913706	-0.0264492148227731	PPIL4	PPIL4	FALSE	Not significant
ENSG00000272335.1	21.414907269093	0.00348704314658391	0.229470730338156	0.980314168094831	0.994465993931503	0.0246750351323537	ENSG00000272335	ENSG00000272335	FALSE	Not significant
ENSG00000145730.21	2418.16651426861	0.00320275341091112	0.0969201997210781	0.982391903497456	0.994465993931503	0.0220702678728128	PAM	PAM	FALSE	Not significant
ENSG00000120324.9	9.38297502401106	0.00261299528622381	0.25564739277156	0.979749598813628	0.994465993931503	0.0253828394752254	PCDHB10	PCDHB10	FALSE	Not significant
ENSG00000253910.3	45.7982699619113	0.00418362343740927	0.202641631550918	0.980664093903053	0.994465993931503	0.0242363369975785	PCDHGB2	PCDHGB2	FALSE	Not significant
ENSG00000187678.10	24.0442241843181	-0.00277939592767381	0.235909994740501	0.982222407835276	0.994465993931503	-0.0222827514258619	SPRY4	SPRY4	FALSE	Not significant
ENSG00000029639.11	19.9383875596165	0.00333463697989667	0.231250734239123	0.981437870354113	0.994465993931503	0.0232662784159623	TFB1M	TFB1M	FALSE	Not significant
ENSG00000263400.8	8.7105000524134	-0.00213231137699644	0.253837980223262	0.982053832104504	0.994465993931503	-0.0224940827301826	TMEM220-AS1	TMEM220-AS1	FALSE	Not significant
ENSG00000187688.15	70.9623010918701	-0.00258835189222633	0.177220993227649	0.981674864313187	0.994465993931503	-0.0229691711547136	TRPV2	TRPV2	FALSE	Not significant
ENSG00000242067.1	392.780190159803	-0.0026250275785384	0.117527378352313	0.980004584126099	0.994465993931503	-0.0250631611034607	RPL9P28	RPL9P28	FALSE	Not significant
ENSG00000217929.4	21.8252323182023	0.00275909401887321	0.231846972554918	0.984093785150476	0.994520664400842	0.0199368045974933	SEPTIN14P6	SEPTIN14P6	FALSE	Not significant
ENSG00000219607.4	13.8329697515321	0.00237527503224948	0.242774489077264	0.985373123337553	0.994520664400842	0.018333098220704	PPP1R3G	PPP1R3G	FALSE	Not significant
ENSG00000216915.2	53.6407779622148	-0.00189202073443609	0.193555888583421	0.985177873743836	0.994520664400842	-0.0185778489754804	GPR89P	GPR89P	FALSE	Not significant
ENSG00000230350.1	46.7889844232659	-0.00222817479622179	0.19727890152048	0.985137469957305	0.994520664400842	-0.0186284963755644	RPL35AP3	RPL35AP3	FALSE	Not significant
ENSG00000146426.19	37.8538359561174	-0.00271695852470223	0.207722987009884	0.983257101185949	0.994520664400842	-0.0209856520199754	TIAM2	TIAM2	FALSE	Not significant
ENSG00000196544.8	15.1578358842623	-0.00226267224157218	0.243136654160222	0.984386898057393	0.994520664400842	-0.0195693703687872	BORCS6	BORCS6	FALSE	Not significant
ENSG00000213179.4	183.12256765285	0.00297012783630075	0.141334433191912	0.983461870802467	0.994520664400842	0.020728955535102	RPL17P41	RPL17P41	FALSE	Not significant
ENSG00000109065.12	103.969909127746	0.00269038807333616	0.159558692948498	0.983757729911685	0.994520664400842	0.0203580728740859	NAT9	NAT9	FALSE	Not significant
ENSG00000217585.1	23.9980516029007	-0.00205843217868303	0.224698047745763	0.986078057136114	0.994862716887883	-0.0174494532813003	MDH1P2	MDH1P2	FALSE	Not significant
ENSG00000067248.11	240.90934913834	0.0020353159466683	0.135054084906698	0.987556093825532	0.994876746856114	0.0155967558501498	DHX29	DHX29	FALSE	Not significant
ENSG00000204428.12	7.94674205751194	0.00173093378566594	0.2556464539974	0.987404947431197	0.994876746856114	0.0157862130861567	LY6G5C	LY6G5C	FALSE	Not significant
ENSG00000265298.1	132.22546241359	-0.00189872975316186	0.151355394660688	0.98745172745733	0.994876746856114	-0.0157275757392714	ENSG00000265298	ENSG00000265298	FALSE	Not significant
ENSG00000141577.14	35.4601396399179	-0.00197746087271428	0.211902515802877	0.987372031945805	0.994876746856114	-0.0158274716833749	CEP131	CEP131	FALSE	Not significant
ENSG00000130349.10	37.7909506491261	-0.00150299408591627	0.205180990133952	0.990193662965996	0.996425907420058	-0.0122907302768065	MTRES1	MTRES1	FALSE	Not significant
ENSG00000126858.19	106.414698719828	0.00190197120551526	0.16635377196012	0.990088363621361	0.996425907420058	0.0124227135099649	RHOT1	RHOT1	FALSE	Not significant
ENSG00000141580.16	387.961290841682	-0.00138063043871414	0.125515377251529	0.989946992463519	0.996425907420058	-0.0125999098489156	WDR45B	WDR45B	FALSE	Not significant
ENSG00000072849.11	129.527939912572	0.00171428628663649	0.152535275872295	0.9906586553964	0.996524879854706	0.0117079067247701	DERL2	DERL2	FALSE	Not significant
ENSG00000113643.9	283.537578639795	-0.000822188685171384	0.123497756482043	0.991763627734119	0.997145116814877	-0.0103229451390963	RARS1	RARS1	FALSE	Not significant
ENSG00000228364.1	74.1821228327304	-0.000788815795623442	0.178640300581584	0.992375842893393	0.997145116814877	-0.00955560930475392	SAR1AP1	SAR1AP1	FALSE	Not significant
ENSG00000108344.15	354.161091021318	-0.000908146562455503	0.120533119953289	0.992276947848622	0.997145116814877	-0.00967956159508897	PSMD3	PSMD3	FALSE	Not significant
ENSG00000135587.9	16.4492674188475	-0.000848411075811544	0.238899883924701	0.993195207380112	0.997572149262055	-0.00852864618337905	SMPD2	SMPD2	FALSE	Not significant
ENSG00000279382.1	7.35925556881172	-0.000588294451919388	0.25940865262699	0.99353488154981	0.997572149262055	-0.00810291302126563	ENSG00000279382	ENSG00000279382	FALSE	Not significant
ENSG00000266648.1	96.4322983256754	-0.000746431667970284	0.168981917477042	0.994129661941465	0.997800746365177	-0.00735744405788427	SETP3	SETP3	FALSE	Not significant
ENSG00000232083.3	549.545182589519	-0.000832708264148598	0.110858322389316	0.995564406749309	0.99887192969532	-0.00555922036289263	RPL31P7	RPL31P7	FALSE	Not significant
ENSG00000112964.14	26.0235707077843	0.000722452113600407	0.223709532507227	0.995951229203635	0.998891306633019	0.005074403455035	GHR	GHR	FALSE	Not significant
ENSG00000073578.18	99.220942810616	0.000451956071803722	0.161360966072717	0.998363488063548	0.998923240219849	0.00205106498393333	SDHA	SDHA	FALSE	Not significant
ENSG00000164182.12	60.3413479607101	0.000551538082814931	0.184209054404921	0.998766488669939	0.998923240219849	0.00154597780433072	NDUFAF2	NDUFAF2	FALSE	Not significant
ENSG00000241179.1	6.22893659526994	0.000889978078824163	0.262294877595639	0.997130302562377	0.998923240219849	0.00359664012262445	ENSG00000241179	ENSG00000241179	FALSE	Not significant
ENSG00000113141.19	408.162256583703	-0.000130426301382398	0.116256693550296	0.997963489712789	0.998923240219849	-0.0025523899050869	IK	IK	FALSE	Not significant
ENSG00000223865.11	7.10492460076401	-0.000259920688549264	0.260653465315512	0.997505390862733	0.998923240219849	-0.00312653399256202	HLA-DPB1	HLA-DPB1	FALSE	Not significant
ENSG00000237441.10	182.36791740611	-0.000477321973371796	0.148702756381843	0.996856246504087	0.998923240219849	-0.0039401208954079	RGL2	RGL2	FALSE	Not significant
ENSG00000256826.1	9.65737772862377	5.33565136841044e-05	0.253516852178419	0.998923240219849	0.998923240219849	-0.00134951866457994	ATP5MFP4	ATP5MFP4	FALSE	Not significant
ENSG00000196704.14	194.497733181673	-0.00043429183753805	0.1366676783106	0.997466654135043	0.998923240219849	-0.00317508352200342	AMZ2	AMZ2	FALSE	Not significant
ENSG00000260774.1	2.12195725250204	-0.0155832290489259	0.275215474398116	0.730797869450262	NA	-0.344064380707405	ENSG00000260774	ENSG00000260774	FALSE	Not significant
ENSG00000286001.1	3.30839004919804	-0.0449844541726263	0.274321464298549	0.529217378047991	NA	-0.629201146987871	ENSG00000286001	ENSG00000286001	FALSE	Not significant
ENSG00000248925.3	1.25486016697934	-0.021397083341437	0.277575806540011	0.638024802702866	NA	-0.470462244306841	PDCD6-DT	PDCD6-DT	FALSE	Not significant
ENSG00000112877.8	5.14697077721668	-0.148757113936674	0.316801273173488	0.127911111587953	NA	-1.5223911077763	CEP72	CEP72	FALSE	Not significant
ENSG00000188818.13	5.08212681553827	-0.000341019619878174	0.263200397133022	0.996522471348737	NA	-0.00435844962042002	ZDHHC11	ZDHHC11	FALSE	Not significant
ENSG00000271119.1	2.39870475843645	-0.00180499416608896	0.271390522690536	0.975996660629188	NA	-0.030088263795478	LINC03067	LINC03067	FALSE	Not significant
ENSG00000288549.1	1.26135065161188	0.0400201898453715	0.280982087335969	0.310047324654784	NA	1.01512273672527	ENSG00000288549	ENSG00000288549	FALSE	Not significant
ENSG00000248994.2	4.48526492816289	0.0329450313808605	0.267976659529484	0.695102854214052	NA	0.391939584176104	ENSG00000248994	ENSG00000248994	FALSE	Not significant
ENSG00000289075.2	2.48616507029561	-0.00816724888015638	0.272225627383461	0.895658351028466	NA	-0.131147847680031	ENSG00000289075	ENSG00000289075	FALSE	Not significant
ENSG00000286753.3	2.15972185165472	-0.0063481818316847	0.274127505083331	0.914067585330913	NA	-0.107909368753614	ENSG00000286753	ENSG00000286753	FALSE	Not significant
ENSG00000248677.2	1.49971575385483	-0.00894155812670686	0.276666871793909	0.842487172197453	NA	-0.198713104941185	LINC02102	LINC02102	FALSE	Not significant
ENSG00000290510.1	1.38614946295496	0.00793702843116494	0.27632269749104	0.835644030471785	NA	0.207468449228116	ENSG00000290510	ENSG00000290510	FALSE	Not significant
ENSG00000078295.17	5.52760392568963	-0.0427597309997216	0.273120620136506	0.566395010377908	NA	-0.573368800575473	ADCY2	ADCY2	FALSE	Not significant
ENSG00000288002.1	3.14774431507546	-0.0519981632471098	0.279014744080885	0.432044896132588	NA	-0.785697213437948	ENSG00000288002	ENSG00000288002	FALSE	Not significant
ENSG00000259802.3	2.25396365332339	-0.0311799548866696	0.275434990203274	0.578788703252305	NA	-0.555154915841831	MARCHF6-DT	MARCHF6-DT	FALSE	Not significant
ENSG00000145569.6	4.77371470109545	0.272731222094461	0.499741414640369	0.00884011665173501	NA	2.61817611772952	OTULINL	OTULINL	FALSE	Not significant
ENSG00000261360.3	2.07846399017046	-0.0801150098413013	0.291490789231053	0.114176664672298	NA	-1.57969529051532	OTULIN-DT	OTULIN-DT	FALSE	Not significant
ENSG00000250662.1	5.82108309496654	-0.0886559943597708	0.281320783841586	0.328450757783174	NA	-0.977239175041549	HNRNPKP5	HNRNPKP5	FALSE	Not significant
ENSG00000154153.15	3.96781477648078	0.0120820199179294	0.267065101824598	0.879889113710596	NA	0.151109785143931	RETREG1	RETREG1	FALSE	Not significant
ENSG00000246214.3	2.98148033964562	-0.0108905545246779	0.269907211021862	0.875107686710179	NA	-0.157174040458502	RETREG1-AS1	RETREG1-AS1	FALSE	Not significant
ENSG00000250816.1	4.27200016946107	0.0223749037846356	0.267328458843013	0.782522539298763	NA	0.276033235483458	DCAF13P2	DCAF13P2	FALSE	Not significant
ENSG00000269466.4	1.31202070355684	0.00452262879682333	0.27936293799695	0.799235725570266	NA	0.254336342300124	H3Y1	H3Y1	FALSE	Not significant
ENSG00000249937.9	4.37400100714284	-0.0149680596646888	0.266097399971272	0.853923208096029	NA	-0.184115039824328	LINC02223	LINC02223	FALSE	Not significant
ENSG00000145526.12	2.23969364651271	-0.0539258090499901	0.280147165882283	0.362571265329836	NA	-0.910476508031592	CDH18	CDH18	FALSE	Not significant
ENSG00000290530.1	1.5959396846158	-0.0399609410061786	0.27887547704755	0.413197918520842	NA	-0.818278957798598	ENSG00000290530	ENSG00000290530	FALSE	Not significant
ENSG00000250099.1	3.32759221230012	0.194514477733689	0.375707053068451	0.0197085573209008	NA	2.33185049957213	TRPC6P6	TRPC6P6	FALSE	Not significant
ENSG00000226400.2	5.37719013737059	-0.0805918423906864	0.280388099033547	0.336325017733718	NA	-0.961451863455347	ENSG00000226400	ENSG00000226400	FALSE	Not significant
ENSG00000233787.3	2.01941659129191	0.0079146622083032	0.274346049415607	0.882817223218867	NA	0.147398837275493	ENSG00000233787	ENSG00000233787	FALSE	Not significant
ENSG00000250587.2	1.22188272592339	-0.0175501145936162	0.277421104501322	0.687686016531577	NA	-0.401997295663736	HPRT1P2	HPRT1P2	FALSE	Not significant
ENSG00000289601.1	1.51189901161172	0.022915615418466	0.276684151412045	0.599595976634991	NA	0.524981607808567	ENSG00000289601	ENSG00000289601	FALSE	Not significant
ENSG00000249572.3	4.99058669390121	0.0593766631854246	0.271684746660144	0.507251596111282	NA	0.663123289143835	TARS1-DT	TARS1-DT	FALSE	Not significant
ENSG00000242110.9	1.58849435824306	-0.0360413698554371	0.278249057247229	0.44641951060613	NA	-0.761397784070709	AMACR	AMACR	FALSE	Not significant
ENSG00000250767.1	3.0613212385028	0.0880587367679032	0.290866472248883	0.185396275796448	NA	1.32432155193654	ENSG00000250767	ENSG00000250767	FALSE	Not significant
ENSG00000082196.21	2.62135339003296	-0.00298545608236097	0.271424513772762	0.960999492182367	NA	-0.0488993684290494	C1QTNF3	C1QTNF3	FALSE	Not significant
ENSG00000290548.1	3.97068587305363	0.0206884098600869	0.267938958417233	0.795951736581682	NA	0.258589822641919	ENSG00000290548	ENSG00000290548	FALSE	Not significant
ENSG00000272323.1	1.25668514646671	-0.0108253457328621	0.276342083063989	0.781185111608916	NA	-0.277774963170387	TTC23L-AS1	TTC23L-AS1	FALSE	Not significant
ENSG00000205838.15	4.41873997607993	0.0935462488292603	0.287788396927303	0.258126896401765	NA	1.13082941578841	TTC23L	TTC23L	FALSE	Not significant
ENSG00000245711.2	1.60681932129112	-0.00623348000090981	0.273875162438202	0.907945248503875	NA	-0.115630677936274	NADK2-AS1	NADK2-AS1	FALSE	Not significant
ENSG00000164188.9	1.7722891732867	0.0583979238604556	0.28313453312574	0.28369147556134	NA	1.07206358036888	RANBP3L	RANBP3L	FALSE	Not significant
ENSG00000271378.1	1.36849900083414	-0.001392687877975	0.277121267204141	0.965463960172253	NA	-0.0432980317706465	RBISP2	RBISP2	FALSE	Not significant
ENSG00000164318.18	1.21605607785409	-0.0272951466159311	0.278797633827426	0.55068273651899	NA	-0.596737372899316	EGFLAM	EGFLAM	FALSE	Not significant
ENSG00000244968.7	2.13407297956762	0.0298117592829297	0.27627630525345	0.548457003797666	NA	0.600073873287235	LIFR-AS1	LIFR-AS1	FALSE	Not significant
ENSG00000249740.4	5.30556359964763	-0.0440404248917193	0.269190702292851	0.596061888480835	NA	-0.5300721775681	OSMR-DT	OSMR-DT	FALSE	Not significant
ENSG00000082074.19	1.63277713792312	-0.00592781766349878	0.275051754099909	0.893637219489615	NA	-0.13370326975729	FYB1	FYB1	FALSE	Not significant
ENSG00000271334.6	1.3694602957514	0.0048036214581698	0.276540762484414	0.887276955109267	NA	0.141750663692179	LINC02104	LINC02104	FALSE	Not significant
ENSG00000039537.16	5.48896579090274	1.07304436247685	4.35485022843179	0.00784410207651665	NA	2.65870754383546	C6	C6	FALSE	Not significant
ENSG00000182836.11	5.08714191698842	0.181359789395405	0.362859381102418	0.0110825949219371	NA	2.5400836798501	PLCXD3	PLCXD3	FALSE	Not significant
ENSG00000248668.3	1.48884519038599	0.0307268901836421	0.27721266814653	0.547520263446489	NA	0.601480098213956	OXCT1-AS1	OXCT1-AS1	FALSE	Not significant
ENSG00000286271.3	1.77707786963989	0.0326620306367156	0.279094940639633	0.355594939862881	NA	0.923791388024004	ENSG00000286271	ENSG00000286271	FALSE	Not significant
ENSG00000249092.1	4.32332954076865	0.0263886052970845	0.267301365401577	0.75025246686578	NA	0.318306483362147	PPIAP77	PPIAP77	FALSE	Not significant
ENSG00000249516.1	2.37047464068074	-0.00334927662454574	0.271830080574063	0.951957193614448	NA	-0.0602491589519901	PRELID3BP6	PRELID3BP6	FALSE	Not significant
ENSG00000250711.1	1.7766339038355	0.037857960276039	0.277240042869473	0.495888119096331	NA	0.680973720454401	PRELID3BP7	PRELID3BP7	FALSE	Not significant
ENSG00000286656.2	3.99064202587575	0.0222879658754722	0.268640055475163	0.769827737760786	NA	0.292600230239933	ENSG00000286656	ENSG00000286656	FALSE	Not significant
ENSG00000177721.5	3.6878026133612	-0.046782723830419	0.275767041907805	0.466134734951985	NA	-0.728782472248432	ANXA2R	ANXA2R	FALSE	Not significant
ENSG00000272144.1	1.49284961581294	-0.0184322740535062	0.277586257910567	0.597535932812394	NA	-0.527947272767215	ENSG00000272144	ENSG00000272144	FALSE	Not significant
ENSG00000278487.1	5.75963352064984	0.0269573031240926	0.266286912617478	0.741720776280526	NA	0.32957544848571	ENSG00000278487	ENSG00000278487	FALSE	Not significant
ENSG00000249779.1	3.05362342909655	-0.115291192113062	0.304442710833945	0.113210448849633	NA	-1.58392648791378	ENSG00000249779	ENSG00000249779	FALSE	Not significant
ENSG00000188850.9	1.26912362326994	-0.0109681091712141	0.276368496801321	0.820864529168196	NA	-0.22643317345741	ENSG00000188850	ENSG00000188850	FALSE	Not significant
ENSG00000249492.3	1.85388653651	0.00526411396729968	0.273552071106377	0.925480623358095	NA	0.0935323844793776	ENSG00000249492	ENSG00000249492	FALSE	Not significant
ENSG00000172244.9	5.66988659500625	-0.069326895271569	0.273552222749268	0.443305045178531	NA	-0.766624095248902	C5orf34	C5orf34	FALSE	Not significant
ENSG00000285831.1	1.59607278217585	-0.0784329972436434	0.292893420589088	0.0549741833018118	NA	-1.91908021225453	ENSG00000285831	ENSG00000285831	FALSE	Not significant
ENSG00000287367.2	1.41436301771459	0.0204216550571679	0.278938816724347	0.56296883154885	NA	0.578437427019058	ENSG00000287367	ENSG00000287367	FALSE	Not significant
ENSG00000232517.2	2.6224992324765	-0.0318632534581375	0.275606577271319	0.560147763552998	NA	-0.582622042242803	CSPG4BP	CSPG4BP	FALSE	Not significant
ENSG00000164283.13	4.62412973344298	-0.0345994223504164	0.267873733231873	0.677686083395074	NA	-0.415622740894461	ESM1	ESM1	FALSE	Not significant
ENSG00000271410.1	1.48139284349918	-0.0490562567815892	0.281971036681303	0.291687375843974	NA	-1.05442719734217	ENSG00000271410	ENSG00000271410	FALSE	Not significant
ENSG00000248854.1	1.72032667243516	0.00205109163714928	0.275735393594443	0.963859927572182	NA	0.0453103628387301	HNRNPH1P3	HNRNPH1P3	FALSE	Not significant
ENSG00000227908.5	1.20927908587225	-0.0269644105261836	0.278092122772898	0.523070211192857	NA	-0.638619932479529	IL6ST-DT	IL6ST-DT	FALSE	Not significant
ENSG00000248727.6	3.76965466422416	0.00608351007173394	0.268181933529988	0.935876584744016	NA	0.0804534914174129	LINC01948	LINC01948	FALSE	Not significant
ENSG00000248271.1	3.22376154308233	-0.0568167677767474	0.27761391468642	0.418173859721019	NA	-0.809593474599329	PGAM1P1	PGAM1P1	FALSE	Not significant
ENSG00000035499.13	3.2951498315937	-0.0678770972922076	0.283036813058948	0.27861281555781	NA	-1.08344079705627	DEPDC1B	DEPDC1B	FALSE	Not significant
ENSG00000251279.3	2.72688432346728	-0.0128399885708537	0.272324974599688	0.834606573467297	NA	-0.208797179213747	SMIM15-AS1	SMIM15-AS1	FALSE	Not significant
ENSG00000240436.1	2.52305704045424	0.00539608599005343	0.273152661380136	0.922028226121994	NA	0.097879188087483	RPL35AP14	RPL35AP14	FALSE	Not significant
ENSG00000248185.1	2.42081028844206	0.0468087209186587	0.278369439932252	0.416272783044521	NA	0.812904554493285	ENSG00000248185	ENSG00000248185	FALSE	Not significant
ENSG00000164197.12	3.74567897668447	0.0165714504664796	0.269891616651866	0.818647902537476	NA	0.229284367839619	RNF180	RNF180	FALSE	Not significant
ENSG00000253251.3	3.36732593805323	-0.113824515827246	0.303232335157683	0.12163368025972	NA	-1.54795271970982	SHLD3	SHLD3	FALSE	Not significant
ENSG00000269961.1	1.37317865167218	0.0558194655697474	0.285019354691397	0.160324935496378	NA	1.40397956264173	ERBIN-DT	ERBIN-DT	FALSE	Not significant
ENSG00000234838.3	1.76587477811601	0.017645233531203	0.274407356705955	0.749125895937042	NA	0.319792153752663	PPIAP78	PPIAP78	FALSE	Not significant
ENSG00000249364.7	4.09695329623423	5.74911966856209	2.65350241296027	0.000113470876142525	NA	3.85981935573469	LINC02997	LINC02997	FALSE	Not significant
ENSG00000250289.1	2.36924580592147	0.0165800586383109	0.273334935437091	0.777751435536789	NA	0.282250503621614	VWA8P1	VWA8P1	FALSE	Not significant
ENSG00000152939.17	4.22616778042536	-0.0128220894074273	0.267531002806972	0.865008695189345	NA	-0.170001832898142	MARVELD2	MARVELD2	FALSE	Not significant
ENSG00000197822.12	4.72976427881314	-0.0400311318153923	0.269906575699449	0.613632201876009	NA	-0.504895547052512	OCLN	OCLN	FALSE	Not significant
ENSG00000205572.11	2.07632481971597	-0.0339423755500217	0.275622914665247	0.566653475138149	NA	-0.572987031016072	SERF1B	SERF1B	FALSE	Not significant
ENSG00000291220.1	1.23756546313161	-0.0162020141384788	0.27763523044951	0.598736796161616	NA	-0.526217932074635	ENSG00000291220	ENSG00000291220	FALSE	Not significant
ENSG00000172058.16	4.07410801269549	-0.0704048652939634	0.27787799311762	0.396067576250921	NA	-0.848665270743549	SERF1A	SERF1A	FALSE	Not significant
ENSG00000249437.8	1.80643161381379	-0.0658014008417713	0.285923187451027	0.193278053344973	NA	-1.30094274507481	NAIP	NAIP	FALSE	Not significant
ENSG00000289810.1	2.18411471548183	0.0687886000459122	0.285439685558027	0.253739674694978	NA	1.14131304692205	ENSG00000289810	ENSG00000289810	FALSE	Not significant
ENSG00000285804.2	4.13551142333027	0.00956029650944909	0.267533641673854	0.900516205004747	NA	0.125009278221262	ENSG00000285804	ENSG00000285804	FALSE	Not significant
ENSG00000249149.2	1.83292140031452	-0.0334007849686903	0.277483745371792	0.482594045580938	NA	-0.702136493668308	ENSG00000249149	ENSG00000249149	FALSE	Not significant
ENSG00000239517.1	1.23919384220129	-0.0422497307139698	0.281577133587782	0.281556370123827	NA	-1.07682966439747	ENSG00000239517	ENSG00000239517	FALSE	Not significant
ENSG00000249157.1	5.07679199515031	-0.0297292003361099	0.268623833396639	0.694691957864928	NA	-0.392495740660655	ENSG00000249157	ENSG00000249157	FALSE	Not significant
ENSG00000145700.10	2.31341030849436	-0.0367541401464594	0.277071599982264	0.477696772226279	NA	-0.710011875085425	ANKRD31	ANKRD31	FALSE	Not significant
ENSG00000242198.1	2.21784569709601	-0.0628187194922552	0.283735720925293	0.242457181774748	NA	-1.16886709727235	ENSG00000242198	ENSG00000242198	FALSE	Not significant
ENSG00000189045.15	3.12780386839675	0.0237683636182089	0.270907395177666	0.738790351262277	NA	0.33345566386787	ANKDD1B	ANKDD1B	FALSE	Not significant
ENSG00000113231.14	3.37981951743823	-0.0118067412469251	0.26901315669057	0.869646539438179	NA	-0.164107472405404	PDE8B	PDE8B	FALSE	Not significant
ENSG00000251050.1	1.22579532071928	-0.00445963395712503	0.275492969377601	0.928457190260389	NA	-0.089786104915281	RBX1P2	RBX1P2	FALSE	Not significant
ENSG00000288741.1	2.32412913088262	-0.0603823331090946	0.281977884165425	0.30256949966887	NA	-1.0309388435218	ENSG00000288741	ENSG00000288741	FALSE	Not significant
ENSG00000249042.6	3.30143918633094	-0.106469753688667	0.297656387535601	0.162324346952637	NA	-1.39729676930509	FAM151B-DT	FAM151B-DT	FALSE	Not significant
ENSG00000152380.10	4.96108842006739	-0.0128704978524171	0.264007525459044	0.883619875522486	NA	-0.146381950139885	FAM151B	FAM151B	FALSE	Not significant
ENSG00000251450.2	1.21146346748263	-0.0533722731937069	0.283647830313268	0.246177297683359	NA	-1.15968446432973	RASGRF2-AS1	RASGRF2-AS1	FALSE	Not significant
ENSG00000131730.16	3.66355346797449	-0.0692673878968202	0.279481354345136	0.374154879436727	NA	-0.888717582132753	CKMT2	CKMT2	FALSE	Not significant
ENSG00000172497.9	4.55526217897908	-0.0864902207288238	0.285448782533191	0.266808013082509	NA	-1.11044338171157	ACOT12	ACOT12	FALSE	Not significant
ENSG00000249100.1	4.60641733983018	-0.0915499813217248	0.284946908472007	0.294433414223297	NA	-1.04844546832172	ENSG00000249100	ENSG00000249100	FALSE	Not significant
ENSG00000271862.1	1.73463601188338	-0.029774705244369	0.276015486341608	0.582051680493868	NA	-0.550390328943107	ENSG00000271862	ENSG00000271862	FALSE	Not significant
ENSG00000250705.1	4.41936192780344	-0.00618425634473583	0.268050923573111	0.928388170472715	NA	-0.0898729581091624	H3P23	H3P23	FALSE	Not significant
ENSG00000281357.5	1.35482529989539	0.00346604363674311	0.275160719858681	0.937274658718611	NA	0.0786957088741826	ARRDC3-AS1	ARRDC3-AS1	FALSE	Not significant
ENSG00000249776.5	1.22706103070382	0.000965136267879296	0.276379155659486	0.973055080876736	NA	0.0337768695088332	ENSG00000249776	ENSG00000249776	FALSE	Not significant
ENSG00000278905.1	3.68566802528539	-0.027973108542694	0.270370149388764	0.703692097509516	NA	-0.380341279031959	ENSG00000278905	ENSG00000278905	FALSE	Not significant
ENSG00000178015.5	3.91925468021195	0.0875437819977413	0.287153035669033	0.251801393190916	NA	1.14598491648915	GPR150	GPR150	FALSE	Not significant
ENSG00000175449.15	4.25556452190356	0.0118249791297734	0.265851475978153	0.887786922643749	NA	0.141105090005849	RFESD	RFESD	FALSE	Not significant
ENSG00000145757.16	4.9942496806838	-0.0367720222283636	0.267574265353365	0.663066392884787	NA	-0.43568348053131	SPATA9	SPATA9	FALSE	Not significant
ENSG00000250240.6	5.1332127047154	-0.0190938554232114	0.264680559587425	0.822124111683597	NA	-0.224813823566228	ENSG00000250240	ENSG00000250240	FALSE	Not significant
ENSG00000236882.9	4.31627998671032	0.0938884797727474	0.289218697762976	0.229569704745387	NA	1.20146801939984	LINC01554	LINC01554	FALSE	Not significant
ENSG00000251314.2	3.29528304467977	-0.0051770310237483	0.269957349673257	0.939984558930709	NA	-0.0752892695234937	ENSG00000251314	ENSG00000251314	FALSE	Not significant
ENSG00000175426.11	2.36333209231656	0.0352439710456869	0.27497061625368	0.570629169201607	NA	0.567125131930293	PCSK1	PCSK1	FALSE	Not significant
ENSG00000248734.2	2.22521456939609	0.00896832680955752	0.272495667214371	0.881328554820252	NA	0.14928524851068	ENSG00000248734	ENSG00000248734	FALSE	Not significant
ENSG00000247121.8	4.65542026135158	0.0244612371251591	0.268177781588702	0.753201837671208	NA	0.314420303328896	ENSG00000247121	ENSG00000247121	FALSE	Not significant
ENSG00000286828.1	1.37788886632932	-0.0145865883711147	0.277083077500884	0.741962028314712	NA	-0.329256225164211	ENSG00000286828	ENSG00000286828	FALSE	Not significant
ENSG00000251389.1	1.89015135200654	0.0314280258192273	0.276309853462455	0.556407203444711	NA	0.588186372371979	YTHDF1P1	YTHDF1P1	FALSE	Not significant
ENSG00000250221.1	2.01338612028312	0.0203527243945037	0.275160228237632	0.69039110498785	NA	0.398324361721682	KRT8P32	KRT8P32	FALSE	Not significant
ENSG00000227762.4	2.20323475328489	0.00112173851662545	0.273164314623982	0.978325765479212	NA	0.0271679662757752	GUSBP8	GUSBP8	FALSE	Not significant
ENSG00000275374.1	3.23252287513311	0.0445775602588463	0.274136698711199	0.535511874830156	NA	0.619614110141285	GUSBP19	GUSBP19	FALSE	Not significant
ENSG00000249476.2	1.27403495554537	0.0279828497924243	0.279094338932794	0.465270990652667	NA	0.730195012669598	ENSG00000249476	ENSG00000249476	FALSE	Not significant
ENSG00000243304.3	2.00833313167711	0.023205795238431	0.273976197421808	0.699907658650811	NA	0.385445120585913	ENSG00000243304	ENSG00000243304	FALSE	Not significant
ENSG00000251201.8	1.65476184958198	0.0121765006499912	0.275483245589486	0.81179440004946	NA	0.238111777814013	TMED7-TICAM2	TMED7-TICAM2	FALSE	Not significant
ENSG00000249249.2	3.04692072272198	0.0181722667134961	0.270805369852982	0.794851854498298	NA	0.2600154519524	TICAM2-AS1	TICAM2-AS1	FALSE	Not significant
ENSG00000172901.21	3.14898478656209	0.0126533419193102	0.270646166223725	0.857995408092612	NA	0.178926508235905	LVRN	LVRN	FALSE	Not significant
ENSG00000271918.2	4.26345196698942	-0.127799968635394	0.307206075099224	0.135018962750147	NA	-1.49459963011023	ENSG00000271918	ENSG00000271918	FALSE	Not significant
ENSG00000232916.1	4.51209246976796	-0.0620801791018063	0.275049894749598	0.449602835097135	NA	-0.75607732665423	HMGN2P27	HMGN2P27	FALSE	Not significant
ENSG00000243758.1	1.32979742607689	-0.0201942355164357	0.277719251125158	0.589429089263759	NA	-0.539663538801167	RPL35AP15	RPL35AP15	FALSE	Not significant
ENSG00000251477.1	2.36665079854375	-0.0559360444816696	0.279547243971256	0.388021629886166	NA	-0.863210703376043	ENSG00000251477	ENSG00000251477	FALSE	Not significant
ENSG00000249494.6	3.92962399310833	-0.0379138943881936	0.27185982187396	0.59829343065361	NA	-0.526856230878527	DMXL1-DT	DMXL1-DT	FALSE	Not significant
ENSG00000248979.2	4.74276695231679	0.0415985504375092	0.267960584752937	0.632637770747853	NA	0.478017470182501	LAMTOR3P2	LAMTOR3P2	FALSE	Not significant
ENSG00000248927.1	2.604833595887	0.0499210036551401	0.278619554222647	0.398120549818473	NA	0.844982607612377	ENSG00000248927	ENSG00000248927	FALSE	Not significant
ENSG00000249600.1	5.45818751869174	0.00347774567398666	0.263754662789347	0.968806348563277	NA	0.0391054089346563	ENSG00000249600	ENSG00000249600	FALSE	Not significant
ENSG00000247311.3	5.6307683137086	0.366432406275452	0.708838771601912	0.0130942851161237	NA	2.48119463619713	ENSG00000247311	ENSG00000247311	FALSE	Not significant
ENSG00000164185.7	1.25910643182599	0.0255224703759056	0.277987368342851	0.503035074583174	NA	0.669721921516516	ZNF474	ZNF474	FALSE	Not significant
ENSG00000263432.2	2.1471417185209	0.0328895754870864	0.275932544561115	0.555298267416535	NA	0.589839486013037	RN7SL689P	RN7SL689P	FALSE	Not significant
ENSG00000223652.2	2.39418054501104	0.0120841286005441	0.271761140271277	0.853441094115068	NA	0.184729643560694	PRDM6-AS1	PRDM6-AS1	FALSE	Not significant
ENSG00000288890.1	1.75148310607678	0.0432490051912958	0.279668922962593	0.370516895443629	NA	0.895505559084568	ENSG00000288890	ENSG00000288890	FALSE	Not significant
ENSG00000235275.3	3.15052574776237	0.0278354137525559	0.274759668875698	0.637501414546198	NA	0.471195104207706	KRT18P16	KRT18P16	FALSE	Not significant
ENSG00000250602.6	1.50222946883212	0.00441909628487998	0.275634387440562	0.917395628138843	NA	0.103714866982741	ENSG00000250602	ENSG00000250602	FALSE	Not significant
ENSG00000230561.7	1.51460680432029	0.000850270675132939	0.275651144460333	0.982068608803159	NA	0.0224755582027506	CCDC192	CCDC192	FALSE	Not significant
ENSG00000113396.13	1.86437868972449	0.0631768043372463	0.28454600036395	0.247361527609755	NA	1.15678178003537	SLC27A6	SLC27A6	FALSE	Not significant
ENSG00000249312.1	4.99304495087048	-0.0204056813121548	0.26663223385443	0.797902248066805	NA	-0.256062926644884	ARL2BPP4	ARL2BPP4	FALSE	Not significant
ENSG00000197208.6	3.54727437210243	-0.0722232550319374	0.281494145158747	0.330229498062875	NA	-0.973651717686934	SLC22A4	SLC22A4	FALSE	Not significant
ENSG00000233006.8	3.14204903298561	-0.0355012471803331	0.273291397666487	0.599434452729474	NA	-0.525213972562531	MIR3936HG	MIR3936HG	FALSE	Not significant
ENSG00000198944.6	3.09662492096669	-0.10393647520699	0.300672982933549	0.0791773323165951	NA	-1.75547945224197	SOWAHA	SOWAHA	FALSE	Not significant
ENSG00000164406.8	1.60907324184326	-0.0109340414746434	0.275961029652092	0.790067494853407	NA	-0.266222968454815	LEAP2	LEAP2	FALSE	Not significant
ENSG00000271737.2	2.07477182499723	-0.0327748103319414	0.276793805772285	0.511311736874206	NA	-0.656796559311353	ENSG00000271737	ENSG00000271737	FALSE	Not significant
ENSG00000271128.1	2.2521679288195	0.0440294082402484	0.278618023259672	0.392452439807556	NA	0.855178313901849	ENSG00000271128	ENSG00000271128	FALSE	Not significant
ENSG00000006837.12	4.29421186033379	-0.0650134341846234	0.277962662494616	0.386935523023399	NA	-0.865188159711311	CDKL3	CDKL3	FALSE	Not significant
ENSG00000224186.8	3.72636216717705	0.0911135611848002	0.290030781688906	0.214385095363076	NA	1.24159752511198	PITX1-AS1	PITX1-AS1	FALSE	Not significant
ENSG00000270021.1	2.38812423654682	-0.00206465270671889	0.273790800666714	0.966738587216961	NA	-0.0416990802026267	ENSG00000270021	ENSG00000270021	FALSE	Not significant
ENSG00000223539.4	4.08800668998864	0.0244801781182221	0.268248545520821	0.755134626274719	NA	0.311876179450043	ENSG00000223539	ENSG00000223539	FALSE	Not significant
ENSG00000287067.1	1.35630433011869	0.0209021647332316	0.277050408008112	0.651479928578443	NA	0.451707202857195	ENSG00000287067	ENSG00000287067	FALSE	Not significant
ENSG00000250159.7	2.60847181368007	0.0262464110631361	0.273144709277748	0.678952284954362	NA	0.413893253476263	PKD2L2-DT	PKD2L2-DT	FALSE	Not significant
ENSG00000280987.4	1.44715863521296	-0.00955152204475194	0.277003768739711	0.814418850298072	NA	-0.234729293030332	MATR3	MATR3	FALSE	Not significant
ENSG00000170482.17	2.25566906470248	0.00744649908348019	0.273610476818529	0.891379822625445	NA	0.136558447734688	SLC23A1	SLC23A1	FALSE	Not significant
ENSG00000170469.11	4.26073917573812	-0.0370417403653936	0.271838032502856	0.600264441406378	NA	-0.524020270163189	SPATA24	SPATA24	FALSE	Not significant
ENSG00000254363.6	2.49284324328318	0.00551732952015489	0.270823748493823	0.936674465113766	NA	0.079450295379364	ENSG00000254363	ENSG00000254363	FALSE	Not significant
ENSG00000113070.8	1.48193586171567	-0.0259211557675106	0.27627146395682	0.610491960297028	NA	-0.509371341520743	HBEGF	HBEGF	FALSE	Not significant
ENSG00000240518.2	3.51860116758908	-0.074408723418084	0.282028719172175	0.329870512443519	NA	-0.974374728778779	RPL36P11	RPL36P11	FALSE	Not significant
ENSG00000170458.15	5.07042914377745	0.138699181067668	0.312678838815431	0.126121562294786	NA	1.52957661176133	CD14	CD14	FALSE	Not significant
ENSG00000250120.8	1.56941817292732	0.00367882128881271	0.275550688357513	0.929824159293672	NA	0.0880660756521243	PCDHA10	PCDHA10	FALSE	Not significant
ENSG00000171815.6	1.64834295658362	0.00607477271612045	0.276233452614256	0.885865768858852	NA	0.143537409188576	PCDHB1	PCDHB1	FALSE	Not significant
ENSG00000113205.5	2.84989597755018	0.00264685731945738	0.271179488672649	0.965884112991851	NA	0.0427709604622646	PCDHB3	PCDHB3	FALSE	Not significant
ENSG00000081818.4	3.66061487287527	-0.0492205142059892	0.275273030332836	0.481492469939134	NA	-0.703904145045172	PCDHB4	PCDHB4	FALSE	Not significant
ENSG00000113209.9	4.29697214671706	-0.0617544500991822	0.277031294856459	0.41993958310932	NA	-0.806526068627521	PCDHB5	PCDHB5	FALSE	Not significant
ENSG00000113211.6	2.84569041375475	0.0301638165037513	0.273494378619827	0.631336733938573	NA	0.479846235066034	PCDHB6	PCDHB6	FALSE	Not significant
ENSG00000120322.4	4.04397143683914	-0.0260114622715539	0.270228496424272	0.715872773123666	NA	-0.363980229120539	PCDHB8	PCDHB8	FALSE	Not significant
ENSG00000197479.7	3.94023674182965	0.0207112609174751	0.268405613609753	0.788779948668562	NA	0.267895251807552	PCDHB11	PCDHB11	FALSE	Not significant
ENSG00000120328.6	3.5486029643847	-0.0457496955502701	0.273802947897558	0.532607998214791	NA	-0.624029825008871	PCDHB12	PCDHB12	FALSE	Not significant
ENSG00000113248.6	3.96259328372108	-0.0860209081662382	0.286556887735849	0.266666391661698	NA	-1.11077225537051	PCDHB15	PCDHB15	FALSE	Not significant
ENSG00000120329.7	1.60225357366894	0.0201109174338752	0.275514664172259	0.686091485064943	NA	0.404164869811534	SLC25A2	SLC25A2	FALSE	Not significant
ENSG00000253767.3	4.21967039199471	-0.0788247528241076	0.283679784183966	0.288982976497139	NA	-1.06035532935055	PCDHGA8	PCDHGA8	FALSE	Not significant
ENSG00000276545.1	1.34581217690421	-0.0308362262608647	0.278321985334031	0.485840151724745	NA	-0.696940306695082	PCDHGB9P	PCDHGB9P	FALSE	Not significant
ENSG00000242419.6	1.86352769056086	-0.0029685630419927	0.273082500765187	0.957462336263613	NA	-0.0533383356055889	PCDHGC4	PCDHGC4	FALSE	Not significant
ENSG00000156453.14	2.56910350000827	-0.082243627457082	0.292241320544346	0.11003122065816	NA	-1.59805282773075	PCDH1	PCDH1	FALSE	Not significant
ENSG00000289306.1	1.63238599123941	-0.00927399742848744	0.275139021218639	0.837209936608246	NA	-0.205463597153647	ENSG00000289306	ENSG00000289306	FALSE	Not significant
ENSG00000231185.9	2.57820666316037	9.58947310954222e-05	0.272024133614566	0.998614833248979	NA	-0.00173604994363151	SPRY4-AS1	SPRY4-AS1	FALSE	Not significant
ENSG00000156463.18	3.11457059471364	0.0474184766944084	0.275712964117622	0.490141295901492	NA	0.690084108868816	SH3RF2	SH3RF2	FALSE	Not significant
ENSG00000247199.6	4.61926557614602	-0.0202789995952996	0.265808848396867	0.807843417446644	NA	-0.243209100325918	FBXO38-DT	FBXO38-DT	FALSE	Not significant
ENSG00000169252.6	2.22925690592007	-0.0308323257014519	0.274676617843802	0.606314433707303	NA	-0.515341457381452	ADRB2	ADRB2	FALSE	Not significant
ENSG00000169247.14	5.60524189460943	0.0865838179241141	0.283752718992789	0.290367607173795	NA	1.05731553159615	SH3TC2	SH3TC2	FALSE	Not significant
ENSG00000155846.17	1.19796243163261	0.00457892833395471	0.277028549446226	0.901547949230985	NA	0.123706140959035	PPARGC1B	PPARGC1B	FALSE	Not significant
ENSG00000182578.14	1.347587929679	0.00556575198295588	0.27597356461853	0.893186697446333	NA	0.134273006718683	CSF1R	CSF1R	FALSE	Not significant
ENSG00000113722.18	2.85538366807915	-0.0401938538404916	0.275557182598236	0.519641817143484	NA	-0.64389763246176	CDX1	CDX1	FALSE	Not significant
ENSG00000070808.17	5.47538354966436	-0.245855552215519	0.424039675749029	0.0313363833344187	NA	-2.15277477745163	CAMK2A	CAMK2A	FALSE	Not significant
ENSG00000164591.14	2.62871975338289	-0.0070840877043712	0.271454722515125	0.912014431410904	NA	-0.110498005694731	MYOZ3	MYOZ3	FALSE	Not significant
ENSG00000291115.1	3.83544665789505	0.0414423177137845	0.271618781505525	0.593075111997621	NA	0.534385119620137	ZNF300P1	ZNF300P1	FALSE	Not significant
ENSG00000086570.13	1.40337502126209	0.0260413071568269	0.278036338446366	0.50423557543266	NA	0.667840242736676	FAT2	FAT2	FALSE	Not significant
ENSG00000271795.1	1.58660716771892	-0.00114287516526117	0.275650510358505	0.978193243406498	NA	-0.0273341197461441	ENSG00000271795	ENSG00000271795	FALSE	Not significant
ENSG00000249035.7	1.99411286601494	0.0409616924187518	0.278683170608864	0.408143437182724	NA	0.827165192937866	CLMAT3	CLMAT3	FALSE	Not significant
ENSG00000253921.1	1.52479213795629	0.0891639186335152	0.297628158635982	0.0493312558175389	NA	1.96571746861254	ATOX1-AS1	ATOX1-AS1	FALSE	Not significant
ENSG00000226650.6	5.00070446805555	0.0133713156123152	0.26542586339708	0.872717092163172	NA	0.160208172072297	KIF4B	KIF4B	FALSE	Not significant
ENSG00000271477.1	1.23553043036761	-0.040247550866191	0.280226293495093	0.369234875679587	NA	-0.897907481604133	ENSG00000271477	ENSG00000271477	FALSE	Not significant
ENSG00000113249.14	2.45343515577021	-0.00452246880110544	0.271276328519848	0.944821997608011	NA	-0.0692105851176	HAVCR1	HAVCR1	FALSE	Not significant
ENSG00000135077.10	3.33778047527308	-0.0508051143623705	0.275152485361798	0.48696149120566	NA	-0.695149699673518	HAVCR2	HAVCR2	FALSE	Not significant
ENSG00000253630.1	4.62773808687581	0.157367333181023	0.32948077219143	0.0780568325588834	NA	1.76207378067441	ENSG00000253630	ENSG00000253630	FALSE	Not significant
ENSG00000253422.1	4.42883842946429	-0.0903868597290435	0.285340749551552	0.289194923014805	NA	-1.059889390209	ENSG00000253422	ENSG00000253422	FALSE	Not significant
ENSG00000135083.17	2.3238817654959	-0.013004730919981	0.272988365187897	0.822415736040632	NA	-0.224438988391643	CCNJL	CCNJL	FALSE	Not significant
ENSG00000145934.17	2.31185495200143	0.117261647009731	0.310349707524859	0.0524128337456548	NA	1.93972735120327	TENM2	TENM2	FALSE	Not significant
ENSG00000188573.8	2.94541461414398	-0.00989317652545933	0.272617134318838	0.883420716494789	NA	-0.14663425227213	FBLL1	FBLL1	FALSE	Not significant
ENSG00000254192.1	1.7298277084119	-0.0203960376998008	0.27490288769746	0.717603390666489	NA	-0.361663654278744	ENSG00000254192	ENSG00000254192	FALSE	Not significant
ENSG00000204764.14	2.85987524657841	0.072143429994684	0.286824220582641	0.238887912293204	NA	1.17777100144828	RANBP17	RANBP17	FALSE	Not significant
ENSG00000206909.1	1.35384158715546	-0.0201107729218434	0.277013694534696	0.630253717539467	NA	-0.481369770478589	SNORA70J	SNORA70J	FALSE	Not significant
ENSG00000253736.5	1.89810786748407	0.0182060937096874	0.274893037678575	0.726995773257139	NA	0.349124594354678	ENSG00000253736	ENSG00000253736	FALSE	Not significant
ENSG00000204758.8	4.40402154912084	0.00803487377043311	0.268430613520755	0.913750762837292	NA	0.108308774099183	RPL26L1-AS1	RPL26L1-AS1	FALSE	Not significant
ENSG00000251144.1	1.26044264435006	0.00961570333054706	0.276727447895452	0.814666121631365	NA	0.234410739939283	ENSG00000251144	ENSG00000251144	FALSE	Not significant
ENSG00000248293.1	1.9386643191981	-0.0456820425945173	0.280232892999721	0.328556680146982	NA	-0.977025193145363	ENSG00000248293	ENSG00000248293	FALSE	Not significant
ENSG00000289731.1	2.32644258221936	-0.0454519982348928	0.277544378754624	0.455541548628023	NA	-0.746208376843502	ENSG00000289731	ENSG00000289731	FALSE	Not significant
ENSG00000251414.1	2.23028215285678	-0.0415155980169205	0.279187027115969	0.385157577430195	NA	-0.868432558622772	ENSG00000251414	ENSG00000251414	FALSE	Not significant
ENSG00000239393.1	2.80678637378237	0.0485404170177779	0.276979414974664	0.470769914433503	NA	0.72122691535168	ENSG00000239393	ENSG00000239393	FALSE	Not significant
ENSG00000131187.11	2.57819490970171	-0.0238007427466745	0.273729495163162	0.695600327903946	NA	-0.391266405698164	F12	F12	FALSE	Not significant
ENSG00000246334.3	1.36480334937676	-0.0155447391739149	0.276430706991527	0.731620317924814	NA	-0.342970945676122	PRR7-AS1	PRR7-AS1	FALSE	Not significant
ENSG00000131188.12	4.97124634868613	-0.0282686079142479	0.26848030049938	0.710328398860762	NA	-0.371415075318832	PRR7	PRR7	FALSE	Not significant
ENSG00000272459.1	1.40011131488265	0.0363869437643783	0.278373483700218	0.476170138287228	NA	0.712475886500877	FAM193B-DT	FAM193B-DT	FALSE	Not significant
ENSG00000246596.8	2.20764739850874	-0.0219309950360092	0.276086302311442	0.610516998351584	NA	-0.509335614450013	ENSG00000246596	ENSG00000246596	FALSE	Not significant
ENSG00000170074.21	1.72907030023494	-0.0230717843754416	0.275405784269256	0.671826378973654	NA	-0.42364274185651	FAM153A	FAM153A	FALSE	Not significant
ENSG00000249684.6	1.24647759773424	-0.00731857969103557	0.275787656775835	0.871035407150351	NA	-0.162343441330914	ENSG00000249684	ENSG00000249684	FALSE	Not significant
ENSG00000204677.13	3.01326574719449	0.0119813045532315	0.272645506286505	0.838248601586353	NA	0.204134235410225	FAM153CP	FAM153CP	FALSE	Not significant
ENSG00000252464.1	1.87154229891241	-0.0135221338801131	0.274561604223413	0.800692485707398	NA	-0.25245099781864	RN7SKP70	RN7SKP70	FALSE	Not significant
ENSG00000250420.9	5.96578281641932	-0.00629974407865165	0.261088204782414	0.943577493563521	NA	-0.0707741650380888	AACSP1	AACSP1	FALSE	Not significant
ENSG00000253725.1	1.84810103865373	-0.0319000970493569	0.276578096413804	0.545599871233604	NA	-0.604366698183478	ENSG00000253725	ENSG00000253725	FALSE	Not significant
ENSG00000178187.8	3.98877988388592	-0.0557283150238363	0.275874795689253	0.450236372574925	NA	-0.755021015784071	ZNF454	ZNF454	FALSE	Not significant
ENSG00000290043.1	4.94880575807962	-0.0477262207585227	0.269939663784946	0.570766890862563	NA	-0.566922420380017	ENSG00000290043	ENSG00000290043	FALSE	Not significant
ENSG00000249140.1	5.65002393720503	-0.126574091073201	0.299598963258003	0.193204915960042	NA	-1.30115642859074	PRDX2P3	PRDX2P3	FALSE	Not significant
ENSG00000244945.1	2.23032198765325	0.0351975367842085	0.276545233360988	0.507126372687283	NA	0.663318840292987	RUFY1-AS1	RUFY1-AS1	FALSE	Not significant
ENSG00000250999.2	2.76349018040321	0.0196710536156533	0.272068102288039	0.757035668579496	NA	0.309375810853423	ENSG00000250999	ENSG00000250999	FALSE	Not significant
ENSG00000213316.10	1.95453134450151	-0.0851144079511642	0.292816926543555	0.137612445303594	NA	-1.48474100389256	LTC4S	LTC4S	FALSE	Not significant
ENSG00000245317.2	5.65840559815564	0.0915237614409764	0.281823959124085	0.327168028398847	NA	0.979834076306477	MRNIP-DT	MRNIP-DT	FALSE	Not significant
ENSG00000250749.1	3.48658771542347	0.033852424497337	0.271659451950595	0.639038382558908	NA	0.469043724657523	ENSG00000250749	ENSG00000250749	FALSE	Not significant
ENSG00000037280.16	1.46298700082479	0.0105523724495779	0.276894567515276	0.783727903563207	NA	0.274464210820305	FLT4	FLT4	FALSE	Not significant
ENSG00000248761.1	3.36497407490442	-0.0601553731228407	0.277704945312287	0.413243588544345	NA	-0.818198960649981	ENSG00000248761	ENSG00000248761	FALSE	Not significant
ENSG00000250222.4	1.5780173143192	-0.079450764905614	0.291980799026052	0.112513249066987	NA	-1.58699733121287	TRIM7-AS2	TRIM7-AS2	FALSE	Not significant
ENSG00000146054.18	3.58047854328746	0.00482980439251347	0.268125343958445	0.94970813890413	NA	0.0630732956841755	TRIM7	TRIM7	FALSE	Not significant
ENSG00000233937.9	4.02867245553772	0.023618163478664	0.26844093958052	0.765922826091987	NA	0.297712206669649	CTC-338M12.4	CTC-338M12.4	FALSE	Not significant
ENSG00000274525.1	2.23421746490807	-0.00506391406090719	0.27340383188462	0.921630046223444	NA	-0.098380641151917	ENSG00000274525	ENSG00000274525	FALSE	Not significant
ENSG00000213285.4	3.48973366769208	-0.0344661852996756	0.271818830443944	0.62969254718692	NA	-0.482159637422423	RPL23AP45	RPL23AP45	FALSE	Not significant
ENSG00000286364.1	4.99317024293419	0.124916095854176	0.305296600662666	0.132851560099183	NA	1.50295146546182	ENSG00000286364	ENSG00000286364	FALSE	Not significant
ENSG00000272463.2	3.82312861545481	0.0568595287590587	0.27746753216465	0.410251827696542	NA	0.823450548575153	ENSG00000272463	ENSG00000272463	FALSE	Not significant
ENSG00000286785.1	3.46297075442702	-0.0622085381661385	0.277958143986002	0.408565755991201	NA	-0.826420222192429	LINC01622	LINC01622	FALSE	Not significant
ENSG00000281809.1	3.87058205565522	0.0208796321130286	0.268968434649689	0.780052461577986	NA	0.279250668666516	LINC01394	LINC01394	FALSE	Not significant
ENSG00000280916.4	4.44667046726317	-0.0621936681767756	0.274058398469174	0.46648346077652	NA	-0.728212588895778	FOXCUT	FOXCUT	FALSE	Not significant
ENSG00000236086.4	2.47307716110885	-0.0254162501961739	0.275457703808075	0.606889821309382	NA	-0.514518082492856	HMGN2P28	HMGN2P28	FALSE	Not significant
ENSG00000244041.7	3.23688010773513	-0.0201895645584055	0.270361151616126	0.773446291117026	NA	-0.287869948663575	LINC01011	LINC01011	FALSE	Not significant
ENSG00000271361.1	1.22403988017368	-0.00541085132623429	0.276739563586516	0.919754473407995	NA	-0.100743003174229	HTATSF1P2	HTATSF1P2	FALSE	Not significant
ENSG00000288612.1	1.84645668403869	-0.0483746728823175	0.280444485820348	0.335606034241805	NA	-0.962883413436113	ENSG00000288612	ENSG00000288612	FALSE	Not significant
ENSG00000216819.1	2.44037686617773	-0.0878902186485574	0.292057059673402	0.169337919118163	NA	-1.37433431090371	TUBB2BP1	TUBB2BP1	FALSE	Not significant
ENSG00000219992.2	4.15063305686435	0.0472405572286831	0.275493443525382	0.464075100036067	NA	0.732153143552158	ENSG00000219992	ENSG00000219992	FALSE	Not significant
ENSG00000218472.2	2.17757565371859	-0.0121155142099113	0.273794573339695	0.83056326064407	NA	-0.213979221637636	ENSG00000218472	ENSG00000218472	FALSE	Not significant
ENSG00000288904.2	1.60905256500326	0.0132815068031613	0.27523055769547	0.783356122056752	NA	0.274948087185026	ENSG00000288904	ENSG00000288904	FALSE	Not significant
ENSG00000234817.2	1.37383071540382	-0.0243998692684536	0.276931132845592	0.582875471383827	NA	-0.549189409712346	ECI2-DT	ECI2-DT	FALSE	Not significant
ENSG00000216307.2	1.57558710557857	-0.0549673694284233	0.283418432799207	0.22355327147291	NA	-1.21713390785366	ENSG00000216307	ENSG00000216307	FALSE	Not significant
ENSG00000270695.1	1.35326894934469	0.00417869302438738	0.275394190301087	0.926785614163879	NA	0.0918897766287485	ENSG00000270695	ENSG00000270695	FALSE	Not significant
ENSG00000271978.2	4.36708446874272	-0.0495608603896934	0.272693423505772	0.522914076312232	NA	-0.638859900567478	ENSG00000271978	ENSG00000271978	FALSE	Not significant
ENSG00000216360.1	4.47730276058498	0.106856455066044	0.294835597044458	0.192667730650963	NA	1.30272773237361	ENSG00000216360	ENSG00000216360	FALSE	Not significant
ENSG00000124785.9	1.89981356688115	-0.0202406492412485	0.275576262555593	0.718197922413597	NA	-0.360868272646679	NRN1	NRN1	FALSE	Not significant
ENSG00000216863.11	2.62762574488932	0.0336069104803208	0.27572513115163	0.542207743133367	NA	0.609477860560584	LY86-AS1	LY86-AS1	FALSE	Not significant
ENSG00000285219.4	5.2705898925721	0.0789649599972451	0.277089925548428	0.391594891067065	NA	0.856728604320365	HULC	HULC	FALSE	Not significant
ENSG00000285763.1	1.72004054197368	-0.0476589827595813	0.280288954210684	0.343889748331605	NA	-0.946507598844764	ENSG00000285763	ENSG00000285763	FALSE	Not significant
ENSG00000137434.12	1.22046803170328	-0.0485487719795921	0.282471891767502	0.242759734356679	NA	-1.16811660223959	C6orf52	C6orf52	FALSE	Not significant
ENSG00000111837.12	2.36670486358409	0.0255816259162061	0.275065964440788	0.626254476340167	NA	0.487005439277705	MAK	MAK	FALSE	Not significant
ENSG00000111863.13	1.36774245891192	-0.000927685028905142	0.27718832350876	0.974092018288318	NA	-0.032476547822886	ADTRP	ADTRP	FALSE	Not significant
ENSG00000078401.7	3.47708080092837	-0.024758778630186	0.269548205109211	0.740931330949533	NA	-0.330620273059373	EDN1	EDN1	FALSE	Not significant
ENSG00000215022.8	1.8604457826994	0.0126722672179446	0.274161086101425	0.811538318311684	NA	0.238441970365285	ENSG00000215022	ENSG00000215022	FALSE	Not significant
ENSG00000216364.1	2.62146743501972	-0.00374123213190984	0.271097649162111	0.952353684402783	NA	-0.059751336154114	MRPL42P2	MRPL42P2	FALSE	Not significant
ENSG00000272269.2	1.83082616476419	-0.00717118251759492	0.274218920864124	0.894336716008194	NA	-0.132818761852204	NUP153-AS1	NUP153-AS1	FALSE	Not significant
ENSG00000217379.2	1.71483820452129	-0.00897227465145746	0.273785491651858	0.871548481643766	NA	-0.161691902316453	RPL21P61	RPL21P61	FALSE	Not significant
ENSG00000218643.2	4.96999567285861	0.0134475020250892	0.265327259258839	0.871736036367467	NA	0.16145374893964	RPL5P20	RPL5P20	FALSE	Not significant
ENSG00000214012.4	1.65852182425053	0.0377887905735374	0.280291750471921	0.41003248113006	NA	0.823836471875111	KRT18P38	KRT18P38	FALSE	Not significant
ENSG00000217314.2	4.08275765982877	0.0278977426048547	0.268630124367079	0.726228789499621	NA	0.350146454089157	UQCRFS1P3	UQCRFS1P3	FALSE	Not significant
ENSG00000260455.2	3.59537395668163	-0.25760249310925	0.481660669477736	0.004518224197556	NA	-2.83951449744366	NBAT1	NBAT1	FALSE	Not significant
ENSG00000218476.2	1.32862973263268	-0.0237734566995748	0.277516947907751	0.571853537430294	NA	-0.565323808742493	RPL6P18	RPL6P18	FALSE	Not significant
ENSG00000146038.12	1.26394082066184	-0.00467468875689869	0.27737462792002	0.917871386348307	NA	-0.103115395458592	DCDC2	DCDC2	FALSE	Not significant
ENSG00000112293.15	1.31934192524777	-0.0616097258869672	0.287077291631209	0.104869960189868	NA	-1.62168897705188	GPLD1	GPLD1	FALSE	Not significant
ENSG00000137261.15	1.57157888647655	-0.0628789265383762	0.286701360654531	0.116167045299729	NA	-1.57106717890624	KIAA0319	KIAA0319	FALSE	Not significant
ENSG00000180596.9	4.35013590337477	-0.147570831811114	0.323626283242618	0.074907945663381	NA	-1.78102757752596	H2BC4	H2BC4	FALSE	Not significant
ENSG00000274290.3	1.60389532104658	-0.020868282417307	0.277059683973384	0.584820235146005	NA	-0.546357475432221	H2BC6	H2BC6	FALSE	Not significant
ENSG00000277224.3	1.38254376001155	-0.00348406334590434	0.276204390971644	0.922875884566747	NA	-0.0968117601386608	H2BC7	H2BC7	FALSE	Not significant
ENSG00000273802.3	1.37250306165028	0.0166716865889246	0.277150097890961	0.689488349778652	NA	0.399549511245005	H2BC8	H2BC8	FALSE	Not significant
ENSG00000124549.17	4.90278695596696	-0.0153238977811068	0.26728430409113	0.835396949083435	NA	-0.207784867049902	BTN2A3P	BTN2A3P	FALSE	Not significant
ENSG00000290474.1	1.87570073311556	-0.0213012571186499	0.275530028313798	0.665264173986991	NA	-0.432656723490989	GUSBP2	GUSBP2	FALSE	Not significant
ENSG00000224843.8	2.50069790360242	-0.0337078426439332	0.275287645430069	0.570323754271114	NA	-0.567574753205127	LINC00240	LINC00240	FALSE	Not significant
ENSG00000272468.1	1.53251742115824	0.019526160000361	0.276601966678613	0.685717218103635	NA	0.404673915730912	ENSG00000272468	ENSG00000272468	FALSE	Not significant
ENSG00000196787.4	2.8717890204626	-0.0774483802381508	0.286502596848228	0.235884949696272	NA	-1.18533517877838	H2AC11	H2AC11	FALSE	Not significant
ENSG00000274997.2	3.50330286632954	0.104665950719444	0.296551702467818	0.167507759340195	NA	1.38025625306161	H2AC12	H2AC12	FALSE	Not significant
ENSG00000291112.1	2.6035844295256	-0.0532573795326291	0.279211637330891	0.379546242144655	NA	-0.878732666825672	ENSG00000291112	ENSG00000291112	FALSE	Not significant
ENSG00000271755.1	2.49688222397521	-0.0138431949366874	0.272956373179256	0.8086275921534	NA	-0.24219690625363	ENSG00000271755	ENSG00000271755	FALSE	Not significant
ENSG00000286652.1	1.60954991580611	-0.0120126641451109	0.274917858003258	0.807043294736925	NA	-0.244242136602365	ENSG00000286652	ENSG00000286652	FALSE	Not significant
ENSG00000270666.1	3.72059664104987	-0.0247142977141645	0.268687330150316	0.750078135005807	NA	-0.318536338247376	ENSG00000270666	ENSG00000270666	FALSE	Not significant
ENSG00000196747.5	3.63601500252171	0.0314467933603721	0.270874812359025	0.668608348121734	NA	0.428058749688384	H2AC13	H2AC13	FALSE	Not significant
ENSG00000278828.2	3.03122135024368	-0.0261679209710403	0.273877310092974	0.646985453132411	NA	-0.457954051102246	H3C10	H3C10	FALSE	Not significant
ENSG00000276368.2	2.79408092447413	0.0761079972804539	0.285282676866974	0.269470890635473	NA	1.10428185675434	H2AC14	H2AC14	FALSE	Not significant
ENSG00000275221.2	3.88332245794851	0.0286678676577614	0.270226286596315	0.696476477134145	NA	0.390081236472294	H2AC15	H2AC15	FALSE	Not significant
ENSG00000233822.6	4.71960057991882	-0.00354098600279744	0.267457305698061	0.960170650341275	NA	-0.0499394369655673	H2BC15	H2BC15	FALSE	Not significant
ENSG00000274641.2	4.51568030657573	-0.00617775572827594	0.2656545263557	0.938488572116499	NA	-0.0771696667223342	H2BC17	H2BC17	FALSE	Not significant
ENSG00000197279.5	1.6227884769788	-0.0254997801801154	0.277210101528972	0.582151087352774	NA	-0.550245371915688	ZNF165	ZNF165	FALSE	Not significant
ENSG00000196812.6	4.64970307157152	0.0636893246669857	0.274943235880201	0.446706839660398	NA	0.760916672302593	ZSCAN16	ZSCAN16	FALSE	Not significant
ENSG00000286819.2	2.51327633733594	-0.0234022852190304	0.272833689619285	0.712176051019778	NA	-0.368935165704784	ENSG00000286819	ENSG00000286819	FALSE	Not significant
ENSG00000232040.4	1.26778907945454	0.0122426428149502	0.277172905232236	0.729472560019203	NA	0.345827229682276	SCAND3	SCAND3	FALSE	Not significant
ENSG00000228666.1	1.27207041252888	0.0261353608229104	0.279987256035939	0.500246155153041	NA	0.674102492239236	KRT18P1	KRT18P1	FALSE	Not significant
ENSG00000204695.4	1.22123399865077	-0.0237167715841312	0.278556501220246	0.539281270519921	NA	-0.613900211372348	OR14J1	OR14J1	FALSE	Not significant
ENSG00000231301.1	3.50635665178583	-0.0411612580848611	0.273389007971467	0.560939629878537	NA	-0.581446404656511	RPL13AP	RPL13AP	FALSE	Not significant
ENSG00000233916.1	1.33621305211313	-0.0408701752667715	0.280542063245384	0.327855254374347	NA	-0.978443031116705	ZDHHC20P1	ZDHHC20P1	FALSE	Not significant
ENSG00000204642.14	4.63785683969735	0.067152788880601	0.275265385058575	0.437149695766842	NA	0.777015381063824	HLA-F	HLA-F	FALSE	Not significant
ENSG00000273340.1	1.87581093999936	-0.0250689095320801	0.276411355902027	0.588463567027993	NA	-0.541063860124949	MICE	MICE	FALSE	Not significant
ENSG00000204632.13	5.23598613645757	-0.0190491325775298	0.265309887365723	0.816531297633742	NA	-0.232008647083867	HLA-G	HLA-G	FALSE	Not significant
ENSG00000290870.1	1.65475329081144	-0.00617939053113389	0.275111355759508	0.909920018411557	NA	-0.113139425757717	ENSG00000290870	ENSG00000290870	FALSE	Not significant
ENSG00000230521.1	1.27623109061441	0.0154807911942692	0.276583448707656	0.724902396675474	NA	0.351914483779518	ENSG00000230521	ENSG00000230521	FALSE	Not significant
ENSG00000237669.1	2.07640946794835	0.00146141461663891	0.274242967576091	0.966260866854208	NA	0.0422983421795248	ENSG00000237669	ENSG00000237669	FALSE	Not significant
ENSG00000204618.10	3.75446086740007	-0.00402106391735206	0.26763106246058	0.956872185323291	NA	-0.0540790477068256	RNF39	RNF39	FALSE	Not significant
ENSG00000241370.6	2.79218042851397	-0.0284724241803861	0.273645597006756	0.64333942536624	NA	-0.463034796837735	RPP21	RPP21	FALSE	Not significant
ENSG00000229068.1	1.62880202469953	0.00663883566156561	0.275777758966127	0.887706166498918	NA	0.141207316199828	TMPOP1	TMPOP1	FALSE	Not significant
ENSG00000213780.11	2.64534351486154	0.067027228217862	0.282602963017044	0.304649730875886	NA	1.02651322972909	GTF2H4	GTF2H4	FALSE	Not significant
ENSG00000137411.19	1.76093491534095	0.0518487538332992	0.281886533558081	0.319594850582885	NA	0.99529080084612	VARS2	VARS2	FALSE	Not significant
ENSG00000204540.11	5.31915168875624	-0.0574769628186267	0.270652948360653	0.519415709519987	NA	-0.644246334155697	PSORS1C1	PSORS1C1	FALSE	Not significant
ENSG00000204531.21	1.38489231174095	0.0150283675859167	0.276002026322657	0.737919468900777	NA	0.3346097767234	POU5F1	POU5F1	FALSE	Not significant
ENSG00000272501.1	3.4319038508292	-0.0685372337762168	0.280303373072307	0.353245121480846	NA	-0.928313214261743	ENSG00000272501	ENSG00000272501	FALSE	Not significant
ENSG00000206344.8	1.98615876784064	-0.001540671741487	0.273352551274857	0.977378632971916	NA	-0.0283554784342797	HCG27	HCG27	FALSE	Not significant
ENSG00000272221.1	5.58062145618898	0.106551167938343	0.291054002353544	0.243427142635758	NA	1.16646338873832	ENSG00000272221	ENSG00000272221	FALSE	Not significant
ENSG00000206337.12	3.89990538792375	-0.0249063477412511	0.272254570363678	0.688087468666374	NA	-0.401451867562534	HCP5	HCP5	FALSE	Not significant
ENSG00000286940.1	3.93863029831164	0.011529242934261	0.267327285503282	0.89106300771395	NA	0.136959246944532	MICB-DT	MICB-DT	FALSE	Not significant
ENSG00000201207.1	1.23681124964277	-0.0120602006969861	0.276722184823086	0.768368965492447	NA	-0.294509028424807	Y_RNA	Y_RNA	FALSE	Not significant
ENSG00000204396.11	5.12307785650365	-0.0974989288906223	0.286730376105401	0.273459370294661	NA	-1.09513072367876	VWA7	VWA7	FALSE	Not significant
ENSG00000289829.1	1.60567036871046	-0.0116406350856871	0.276095218745995	0.793403531975616	NA	-0.261893524702129	ENSG00000289829	ENSG00000289829	FALSE	Not significant
ENSG00000286974.1	1.50934262044193	-0.00464213891140781	0.275736070948086	0.932032009390617	NA	-0.0852885308178341	ENSG00000286974	ENSG00000286974	FALSE	Not significant
ENSG00000258388.7	2.3690643025174	0.040789242697712	0.277112994171079	0.469710004844187	NA	0.722950974094721	PPT2-EGFL8	PPT2-EGFL8	FALSE	Not significant
ENSG00000241404.7	5.94015172159801	0.0294672926920039	0.264225150877289	0.743226788992768	NA	0.327583249065325	EGFL8	EGFL8	FALSE	Not significant
ENSG00000204301.6	2.22495209471876	0.0285852245572691	0.274110107025337	0.642600468195901	NA	0.464065988982309	NOTCH4	NOTCH4	FALSE	Not significant
ENSG00000225914.5	4.43629795823477	-0.137033281861284	0.316130209547626	0.0843313205601527	NA	-1.72608945538305	TSBP1-AS1	TSBP1-AS1	FALSE	Not significant
ENSG00000235040.1	3.08737208496612	0.00184446440063491	0.276767735994464	0.953547202786546	NA	0.0582528765646761	MTCO3P1	MTCO3P1	FALSE	Not significant
ENSG00000204261.9	1.93085805098664	-0.0234834780699516	0.276075807231781	0.620112498406725	NA	-0.495690914203894	PSMB8-AS1	PSMB8-AS1	FALSE	Not significant
ENSG00000234515.1	4.36093987615435	-0.0183038891113035	0.26596481848266	0.825236827433442	NA	-0.220814558365461	PPP1R2P1	PPP1R2P1	FALSE	Not significant
ENSG00000224796.1	1.62265017648017	0.00497895676974352	0.276548949497818	0.886089933103601	NA	0.143253557605455	RPL32P1	RPL32P1	FALSE	Not significant
ENSG00000204248.12	4.39603024329074	-0.10259437841172	0.29258605809178	0.2055496034385	NA	-1.26589799750556	COL11A2	COL11A2	FALSE	Not significant
ENSG00000289975.1	2.23750406196375	-0.0234247503641504	0.274146016331545	0.680857265714835	NA	-0.411293594789318	ENSG00000289975	ENSG00000289975	FALSE	Not significant
ENSG00000232940.8	5.70110574980177	-0.00355761396449009	0.262855434760439	0.967488461183473	NA	-0.0407584534202568	HCG25	HCG25	FALSE	Not significant
ENSG00000225644.1	3.00627654481874	-0.0166085535342864	0.270258598738984	0.812666865935277	NA	-0.236987012352896	RPL35AP4	RPL35AP4	FALSE	Not significant
ENSG00000237649.8	5.15290559885032	-0.0663152450310049	0.2766293468523	0.39862059907744	NA	-0.844087344516793	KIFC1	KIFC1	FALSE	Not significant
ENSG00000225339.4	2.71356438102433	0.00728345114654758	0.272123057572093	0.904182714705423	NA	0.120379266734841	ENSG00000225339	ENSG00000225339	FALSE	Not significant
ENSG00000272288.8	3.08310269384073	-0.0907674408142336	0.290643928887781	0.207400312403964	NA	-1.26074617349044	ILRUN-AS1	ILRUN-AS1	FALSE	Not significant
ENSG00000272374.1	5.60579590828795	0.00277959163555834	0.261670793280088	0.977405110896335	NA	0.0283222799492318	SCUBE3-AS1	SCUBE3-AS1	FALSE	Not significant
ENSG00000023892.12	1.7670167824566	0.0108417943387617	0.274397344224507	0.838571998769305	NA	0.203720401060869	DEF6	DEF6	FALSE	Not significant
ENSG00000157343.9	2.59646765481604	-0.0403316820339448	0.275260085999325	0.531594800541626	NA	-0.625573384764407	ARMC12	ARMC12	FALSE	Not significant
ENSG00000197753.11	3.47535795182527	-0.0552832205018577	0.276327619255553	0.451885289851683	NA	-0.752275680307486	LHFPL5	LHFPL5	FALSE	Not significant
ENSG00000112053.14	2.22981688053379	0.0066243631934963	0.272972122753305	0.911291119870854	NA	0.111410139612043	SLC26A8	SLC26A8	FALSE	Not significant
ENSG00000246982.7	2.67095393191396	-0.119227203516774	0.309434332152607	0.0764279359641795	NA	-1.77179895587363	BRPF3-AS1	BRPF3-AS1	FALSE	Not significant
ENSG00000010030.14	2.4606476270599	-0.0127128233432497	0.271600977633154	0.844742533268425	NA	-0.195830887663932	ETV7	ETV7	FALSE	Not significant
ENSG00000281450.1	1.24715602915215	-0.0122510572276308	0.277609360924443	0.654818812860224	NA	-0.447077903164367	PANDAR	PANDAR	FALSE	Not significant
ENSG00000124772.12	3.92280911170854	0.0728428977778868	0.281346250586617	0.332492374229312	NA	0.969105859994135	CPNE5	CPNE5	FALSE	Not significant
ENSG00000219273.1	4.67310114120178	0.0334682414417637	0.267564498861904	0.692219219143996	NA	0.395845214465923	ENSG00000219273	ENSG00000219273	FALSE	Not significant
ENSG00000164627.18	4.03741183883094	0.0096894646198727	0.269291782051522	0.894627821212791	NA	0.132450692243908	KIF6	KIF6	FALSE	Not significant
ENSG00000231276.2	2.85475343546023	-0.0761297336439241	0.286284159389944	0.233229724376534	NA	-1.19208039257903	E2F4P1	E2F4P1	FALSE	Not significant
ENSG00000281969.1	1.395433691668	0.0517973117691202	0.283814824143063	0.242373534879453	NA	1.16907470329177	ENSG00000281969	ENSG00000281969	FALSE	Not significant
ENSG00000235033.7	3.39934592674164	0.0681538995862122	0.28008598716316	0.36452013793627	NA	0.906785691395559	DAAM2-AS1	DAAM2-AS1	FALSE	Not significant
ENSG00000161912.19	1.47277300589436	-0.0118390344243947	0.275811352383871	0.823943744861776	NA	-0.222475498319551	ADCY10P1	ADCY10P1	FALSE	Not significant
ENSG00000290554.1	2.21143093731451	-0.0196716670333476	0.273658564007819	0.744403382771769	NA	-0.326027719582411	ADCY10P1	ADCY10P1	FALSE	Not significant
ENSG00000124593.16	3.59138876315482	0.0023817098755743	0.267608826782947	0.976624739230676	NA	0.0293007368548931	ENSG00000124593	ENSG00000124593	FALSE	Not significant
ENSG00000288721.1	1.35711874639385	-0.049855234898856	0.283075583508492	0.239706651603311	NA	-1.17572033073246	ENSG00000288721	ENSG00000288721	FALSE	Not significant
ENSG00000112599.9	2.71082353965721	-0.0942843203962663	0.297804386464352	0.111669676145718	NA	-1.59073300349014	GUCA1B	GUCA1B	FALSE	Not significant
ENSG00000287825.3	2.73318917147889	-0.0125220777978878	0.271133669526134	0.847575889008799	NA	-0.192212328762395	ENSG00000287825	ENSG00000287825	FALSE	Not significant
ENSG00000231113.2	3.33906946933503	-0.0401288121164145	0.272817263411047	0.58219236326496	NA	-0.550185185969736	LINC02976	LINC02976	FALSE	Not significant
ENSG00000124713.6	1.87144514862682	0.0140973851598006	0.273874652242107	0.798756362062663	NA	0.254956933778658	GNMT	GNMT	FALSE	Not significant
ENSG00000290049.1	1.30750224389367	-0.071712353536366	0.29049771421008	0.103915065853747	NA	-1.62616261930702	ENSG00000290049	ENSG00000290049	FALSE	Not significant
ENSG00000179157.4	3.47016956939078	0.0527789881013346	0.274908383566364	0.491310914321109	NA	0.688225299627328	RPS2P28	RPS2P28	FALSE	Not significant
ENSG00000171462.15	4.63775615869972	0.0696930670967665	0.27890123605412	0.362877780277676	NA	0.909895202189834	DLK2	DLK2	FALSE	Not significant
ENSG00000172426.16	3.16964650346834	-0.00850941822474537	0.270470500803426	0.899472434750113	NA	-0.126327820930724	RSPH9	RSPH9	FALSE	Not significant
ENSG00000218107.1	4.54227896730493	-0.070172325003517	0.277676554053813	0.394833922796744	NA	-0.850883767502795	ENSG00000218107	ENSG00000218107	FALSE	Not significant
ENSG00000231881.2	3.71340609683867	-0.0187075444702989	0.270360763317946	0.781028564252177	NA	-0.277978889277967	ENSG00000231881	ENSG00000231881	FALSE	Not significant
ENSG00000146221.10	2.28472038151076	-0.0146944380797985	0.274079572689079	0.777758484435521	NA	-0.282241310145402	TCTE1	TCTE1	FALSE	Not significant
ENSG00000230062.7	5.29165010817777	-0.0983322349907692	0.287162142972885	0.266755350139546	NA	-1.11056566171652	ANKRD66	ANKRD66	FALSE	Not significant
ENSG00000069122.19	2.25140606292391	-0.00818318738624181	0.277015807025779	0.890572557642533	NA	-0.137579753586534	ADGRF5	ADGRF5	FALSE	Not significant
ENSG00000216616.1	1.49009914691187	-0.00719566955983972	0.275031405726348	0.884039669375083	NA	-0.145850170028563	ENSG00000216616	ENSG00000216616	FALSE	Not significant
ENSG00000218337.1	2.95675848295169	-0.0302137953644545	0.272785924464271	0.648329177738894	NA	-0.45608455280571	ENSG00000218337	ENSG00000218337	FALSE	Not significant
ENSG00000218713.1	1.63247718999187	0.0315155226469003	0.27699967018895	0.555975960354083	NA	0.588829044041944	ENSG00000218713	ENSG00000218713	FALSE	Not significant
ENSG00000271338.1	2.38240184382818	0.0232231183222943	0.273495914464944	0.695320843191063	NA	0.391644580926753	ENSG00000271338	ENSG00000271338	FALSE	Not significant
ENSG00000218143.2	1.70090451848242	-0.00307803364360731	0.275201549259549	0.959870378803407	NA	-0.0503162446552143	ERHP2	ERHP2	FALSE	Not significant
ENSG00000218980.2	3.87230124153544	0.0274957995140671	0.270997860734544	0.703016782887729	NA	0.381251304857438	FTH1P15	FTH1P15	FALSE	Not significant
ENSG00000226803.9	4.33947180223369	-0.0526397497548337	0.274177089725824	0.481126646202636	NA	-0.704491653315826	ZNF451-AS1	ZNF451-AS1	FALSE	Not significant
ENSG00000239650.4	2.78536535718	-0.0248811889658045	0.273680033080511	0.688470130072381	NA	-0.400932080411505	GUSBP4	GUSBP4	FALSE	Not significant
ENSG00000225096.3	1.71579505451194	-0.0533946165974051	0.282496511709896	0.259383416672901	NA	-1.12784965996844	ENSG00000225096	ENSG00000225096	FALSE	Not significant
ENSG00000214563.2	4.38417290019688	0.0565412213849953	0.274025219000195	0.482055640265151	NA	0.703000175242305	GAPDHP15	GAPDHP15	FALSE	Not significant
ENSG00000225121.2	5.74635382584588	-0.0198048167868562	0.265998904257923	0.804700925076474	NA	-0.247267867144644	EEF1B2P5	EEF1B2P5	FALSE	Not significant
ENSG00000112245.13	1.4890478268878	-0.0154400865268422	0.274841422136754	0.766249386296955	NA	-0.297284405595553	PTP4A1	PTP4A1	FALSE	Not significant
ENSG00000266680.1	4.83935418404151	-0.0663352272171508	0.276328872467464	0.414802580834902	NA	-0.815471309321629	ENSG00000266680	ENSG00000266680	FALSE	Not significant
ENSG00000270509.1	3.21858004361377	-0.0841510506881047	0.286956767478458	0.253852943847353	NA	-1.14104080240986	ENSG00000270509	ENSG00000270509	FALSE	Not significant
ENSG00000217767.2	3.22956222250322	0.0329605733801662	0.274736012594688	0.567007961585999	NA	0.572463566832535	NDUFAB1P1	NDUFAB1P1	FALSE	Not significant
ENSG00000239626.1	1.95576051976088	0.0294445473873047	0.275756173744424	0.591615609420114	NA	0.536496275341336	RPSAP41	RPSAP41	FALSE	Not significant
ENSG00000224221.1	5.89882553381543	0.00467695338922378	0.264985535021303	0.954343805250229	NA	0.05725281698856	RPS6P8	RPS6P8	FALSE	Not significant
ENSG00000080007.8	3.92358692270481	-0.152691326038206	0.330438111282794	0.057569172381915	NA	-1.89896428207181	DDX43	DDX43	FALSE	Not significant
ENSG00000231652.2	3.10502383314507	0.0093201092842241	0.275229535108933	0.807794739599892	NA	0.243271940737475	CD109-AS1	CD109-AS1	FALSE	Not significant
ENSG00000225793.5	3.32320769045384	-0.0950461546580089	0.292812100665458	0.179168683357575	NA	-1.34331905879706	TMEM30A-DT	TMEM30A-DT	FALSE	Not significant
ENSG00000252498.1	1.36664786370841	-0.038345546129655	0.27993626542829	0.366698540390131	NA	-0.902674751628689	RNU6-1016P	RNU6-1016P	FALSE	Not significant
ENSG00000112706.12	2.52341367512491	0.0316597621039535	0.275499148879072	0.564648944848082	NA	0.575950049223631	IMPG1	IMPG1	FALSE	Not significant
ENSG00000231762.1	3.8947778505299	0.0300500623198197	0.270473256099478	0.682386176631241	NA	0.40920915473301	ENSG00000231762	ENSG00000231762	FALSE	Not significant
ENSG00000135312.7	1.52936317306805	0.0714018309911438	0.289794450953102	0.129164050897952	NA	1.51740663058432	HTR1B	HTR1B	FALSE	Not significant
ENSG00000270362.2	3.58689665890092	-0.0333373784831154	0.270357447171584	0.664441563557433	NA	-0.433789146856129	HMGN3-AS1	HMGN3-AS1	FALSE	Not significant
ENSG00000217786.1	3.01198690401891	0.0171928242490308	0.272532976221833	0.770834605732659	NA	0.291283369178771	ENSG00000217786	ENSG00000217786	FALSE	Not significant
ENSG00000287811.3	2.20166695666645	-0.0339254316006001	0.276438482163581	0.520359652881408	NA	-0.642791109248895	ENSG00000287811	ENSG00000287811	FALSE	Not significant
ENSG00000112742.10	3.54581410211561	-0.0496074290283843	0.276987100673711	0.428138892152357	NA	-0.792380420918084	TTK	TTK	FALSE	Not significant
ENSG00000233967.7	4.8024380888232	0.0335801468163777	0.267051826343432	0.692575534555618	NA	0.39536229067827	ENSG00000233967	ENSG00000233967	FALSE	Not significant
ENSG00000228290.7	1.95841741704822	0.00637385971524192	0.273877714488996	0.905944925031939	NA	0.118154898884957	TBX18-AS1	TBX18-AS1	FALSE	Not significant
ENSG00000216439.1	4.02246033225803	0.0378311808114788	0.270565605627898	0.626955104134869	NA	0.486017012315066	DUTP5	DUTP5	FALSE	Not significant
ENSG00000219190.1	1.47089878741742	0.0294592240637203	0.278647889746208	0.453227171488153	NA	0.750045716232315	ENSG00000219190	ENSG00000219190	FALSE	Not significant
ENSG00000272008.1	5.19083538292997	0.0425178347764336	0.270147067219122	0.592375656519106	NA	0.535396577118609	ENSG00000272008	ENSG00000272008	FALSE	Not significant
ENSG00000203872.7	3.13117423463806	0.0429007203532881	0.274397200764644	0.540039872889323	NA	0.61275269660719	C6orf163	C6orf163	FALSE	Not significant
ENSG00000213204.8	2.09233756229283	-0.0456362047246937	0.278493911833708	0.423132223375022	NA	-0.800999002407819	ENSG00000213204	ENSG00000213204	FALSE	Not significant
ENSG00000216324.1	2.13953856908225	0.046873120729191	0.27793508098734	0.44623975654567	NA	0.761698858908098	ENSG00000216324	ENSG00000216324	FALSE	Not significant
ENSG00000218698.1	4.54376989985372	0.014447738355485	0.265764243644008	0.864677329522283	NA	0.170423198137705	ST13P16	ST13P16	FALSE	Not significant
ENSG00000220960.1	5.49025198612344	0.0129430561344541	0.264176433141447	0.880830677292035	NA	0.149916267326884	ENSG00000220960	ENSG00000220960	FALSE	Not significant
ENSG00000154548.9	2.93824840999565	-0.0786562584813453	0.285793894385571	0.26585386455716	NA	-1.11266143463543	SRSF12	SRSF12	FALSE	Not significant
ENSG00000111886.11	2.48126970128853	0.0599356411477973	0.281534837823857	0.323777991296678	NA	0.986723938524053	GABRR2	GABRR2	FALSE	Not significant
ENSG00000025039.15	1.72084681225241	0.0202703824143425	0.27475128611817	0.711710579649998	NA	0.369559704713466	RRAGD	RRAGD	FALSE	Not significant
ENSG00000219387.2	2.46993308663849	-0.0251160977961812	0.274159222783977	0.673509439046328	NA	-0.421336420275536	ATF1P1	ATF1P1	FALSE	Not significant
ENSG00000220370.1	4.56109887094855	0.104344472631878	0.294912477636111	0.194343041926703	NA	1.29783790328372	ENSG00000220370	ENSG00000220370	FALSE	Not significant
ENSG00000261366.1	4.62395511396316	-0.0385884078031021	0.268359819113442	0.64646457429697	NA	-0.458679170175919	MANEA-DT	MANEA-DT	FALSE	Not significant
ENSG00000271042.1	4.36749189982194	0.0515922016684256	0.276238541159027	0.433789249726106	NA	0.782723924709105	ENSG00000271042	ENSG00000271042	FALSE	Not significant
ENSG00000146267.12	1.71228062691383	-0.000641571698350972	0.274536023045924	0.989507648908144	NA	-0.0131505909868474	FAXC	FAXC	FALSE	Not significant
ENSG00000260000.3	2.79880698255476	-0.0320255265871025	0.274900856764772	0.577230932294924	NA	-0.557434012572075	ENSG00000260000	ENSG00000260000	FALSE	Not significant
ENSG00000219757.1	4.19918112444855	-0.0356034978444582	0.269158997062921	0.660002358631123	NA	-0.439909909235589	ENSG00000219757	ENSG00000219757	FALSE	Not significant
ENSG00000203808.13	4.51504940195509	0.0453388362041577	0.273252061415492	0.529211246789985	NA	0.629210513504704	BVES-AS1	BVES-AS1	FALSE	Not significant
ENSG00000219902.1	2.00135351547046	0.00738662401447486	0.275857981343331	0.840729051927789	NA	0.200961022347712	RPL35P3	RPL35P3	FALSE	Not significant
ENSG00000219088.1	5.76806478733499	0.0278786882177942	0.267135532729984	0.726979182256482	NA	0.349146694841161	ENSG00000219088	ENSG00000219088	FALSE	Not significant
ENSG00000272398.6	1.22390513897399	-0.051345927929035	0.283126466276945	0.247466309956523	NA	-1.15652541549045	CD24	CD24	FALSE	Not significant
ENSG00000272476.1	4.17545306055081	0.085920140249462	0.286072984426586	0.260659972048883	NA	1.12483261228164	ENSG00000272476	ENSG00000272476	FALSE	Not significant
ENSG00000231112.1	3.38987973836678	-0.01329577067844	0.269564301809977	0.848506569848198	NA	-0.191024281122109	MTHFD2P3	MTHFD2P3	FALSE	Not significant
ENSG00000203799.14	2.35387658767865	0.016088762963047	0.273219598508667	0.787279692315455	NA	0.269844752011574	CCDC162P	CCDC162P	FALSE	Not significant
ENSG00000203797.12	4.30849427981284	-0.0662228826455648	0.278189863877529	0.381160636682383	NA	-0.875759784699996	DDO	DDO	FALSE	Not significant
ENSG00000241162.3	1.34408897598231	-0.0157194101141966	0.276914179035536	0.700661447960103	NA	-0.384427734135698	RN7SL617P	RN7SL617P	FALSE	Not significant
ENSG00000217041.1	3.77066701570649	0.00822338521666271	0.270303011310591	0.900808259471252	NA	0.124640379443584	ENSG00000217041	ENSG00000217041	FALSE	Not significant
ENSG00000272356.1	5.1604749964067	0.0664749525372932	0.274120290143827	0.449168335122633	NA	0.756802265884281	ENSG00000272356	ENSG00000272356	FALSE	Not significant
ENSG00000216663.3	1.72065309913194	-0.00059099646740749	0.27430318532784	0.98962134725993	NA	-0.0130080790458769	ENSG00000216663	ENSG00000216663	FALSE	Not significant
ENSG00000217770.1	5.41059848424279	0.0848037914286151	0.28054254999274	0.34007580564126	NA	0.954015482023467	FEM1AP3	FEM1AP3	FALSE	Not significant
ENSG00000228624.8	2.01831284986715	-0.00450931245200241	0.273543677474215	0.928173759070158	NA	-0.0901427736854871	HDAC2-AS2	HDAC2-AS2	FALSE	Not significant
ENSG00000123500.10	3.60361840475495	-0.00349612782708984	0.268629888407001	0.960096740149018	NA	-0.0500321854519194	COL10A1	COL10A1	FALSE	Not significant
ENSG00000218428.1	2.09827173699376	0.0106729070555302	0.273239501431212	0.854304395579742	NA	0.183629147437605	NIP7P3	NIP7P3	FALSE	Not significant
ENSG00000218153.2	1.25216949181184	0.0403924510512225	0.280886489335567	0.357955851718022	NA	0.919267157533941	KRT18P22	KRT18P22	FALSE	Not significant
ENSG00000183807.8	1.63025498183547	0.0168569722159027	0.276078537249384	0.727892721171735	NA	0.347930044329853	FAM162B	FAM162B	FALSE	Not significant
ENSG00000289372.2	1.23939044261897	0.00935013578825071	0.275739191708151	0.840199874399084	NA	0.201637822523664	ENSG00000289372	ENSG00000289372	FALSE	Not significant
ENSG00000169075.7	5.14469882935565	-0.0117418771426252	0.264378313299008	0.889022952732824	NA	-0.139540628924515	BRD7P3	BRD7P3	FALSE	Not significant
ENSG00000198523.6	1.63899098939345	-0.0188115305220481	0.277933541398865	0.623393155002092	NA	-0.491047071938478	PLN	PLN	FALSE	Not significant
ENSG00000253194.2	3.08650065914887	-0.0327746248236999	0.275851042866476	0.521985678819022	NA	-0.640287541479945	ENSG00000253194	ENSG00000253194	FALSE	Not significant
ENSG00000111879.20	1.98876518817692	-0.0555252463573538	0.281507147912189	0.311878881217285	NA	-1.01128742854308	FAM184A	FAM184A	FALSE	Not significant
ENSG00000216316.1	3.19602186099857	-0.0227741987021555	0.271055045115717	0.744040033661257	NA	-0.326508005135494	RPL13AP15	RPL13AP15	FALSE	Not significant
ENSG00000287100.3	2.34749197324607	-0.0243969099062522	0.274276817359261	0.661918423383659	NA	-0.437266036552939	ENSG00000287100	ENSG00000287100	FALSE	Not significant
ENSG00000220326.2	4.81724506404533	-0.000535596195723598	0.263818482920605	0.993619789662443	NA	-0.00799649303544907	ENSG00000220326	ENSG00000220326	FALSE	Not significant
ENSG00000275339.1	4.58731761690548	-0.00252786326659542	0.266002022002754	0.976522039075228	NA	-0.0294295079200582	ENSG00000275339	ENSG00000275339	FALSE	Not significant
ENSG00000240606.3	5.87823672920515	0.0628302963073144	0.278024182141915	0.39132786640112	NA	0.857211756335934	RN7SL564P	RN7SL564P	FALSE	Not significant
ENSG00000217404.2	1.83747697431687	-0.0361593121268931	0.278942135485277	0.465263289106403	NA	-0.730207614088942	RPS4XP9	RPS4XP9	FALSE	Not significant
ENSG00000189367.15	3.00290730778113	0.0260995598965101	0.274619911321898	0.618315739181582	NA	0.498238798181999	KIAA0408	KIAA0408	FALSE	Not significant
ENSG00000214338.11	2.80787085823798	-0.0211886188745797	0.273918716134963	0.739921475699891	NA	-0.331957334910501	SOGA3	SOGA3	FALSE	Not significant
ENSG00000184530.9	1.84051204769995	-0.00631144217273503	0.273237706121897	0.908389614008781	NA	-0.115070030837172	C6orf58	C6orf58	FALSE	Not significant
ENSG00000226149.6	3.66133258115472	0.138593662544852	0.322483013993163	0.0367344550214542	NA	2.08870312904438	ENSG00000226149	ENSG00000226149	FALSE	Not significant
ENSG00000219666.2	1.48516378196448	-0.000128073373851062	0.27444891683063	0.997123357477142	NA	-0.00360534455256961	ENSG00000219666	ENSG00000219666	FALSE	Not significant
ENSG00000218725.2	4.18018332918192	-0.0716011294347766	0.281145756385642	0.323388187739917	NA	-0.98751917438297	B3GALNT2P1	B3GALNT2P1	FALSE	Not significant
ENSG00000164483.17	2.31808473702088	-0.0618041208548905	0.282957309347115	0.267462021240795	NA	-1.10892619762287	SAMD3	SAMD3	FALSE	Not significant
ENSG00000237115.2	1.86386306001192	-0.0109292466705255	0.273782897405741	0.841794179893575	NA	-0.199599038402869	ENSG00000237115	ENSG00000237115	FALSE	Not significant
ENSG00000228495.3	5.22626199856417	-0.0381909553156452	0.269835186418624	0.617727038790399	NA	-0.499074304519362	LINC01013	LINC01013	FALSE	Not significant
ENSG00000200534.1	1.58776381281538	-0.00440137883062265	0.275145469644431	0.926900684442185	NA	-0.0917449482241682	SNORA33	SNORA33	FALSE	Not significant
ENSG00000238059.1	4.69903410598411	-0.0438293773935789	0.269239297913841	0.60235376602179	NA	-0.521018669241512	HSPE1P21	HSPE1P21	FALSE	Not significant
ENSG00000286313.2	2.08886581088721	-0.0410737498681272	0.27734485497972	0.473110643494005	NA	-0.717427034404597	ENSG00000286313	ENSG00000286313	FALSE	Not significant
ENSG00000237596.7	1.45088927034704	-0.008505237714675	0.275172108897592	0.869400470067831	NA	-0.164420063565456	PDE7B-AS1	PDE7B-AS1	FALSE	Not significant
ENSG00000277973.1	3.85209301845391	0.0192275504038863	0.270996604263494	0.768331003324762	NA	0.294558716080718	ENSG00000277973	ENSG00000277973	FALSE	Not significant
ENSG00000146410.12	3.72914321927016	0.0072521800830205	0.267847844248882	0.92507621655748	NA	0.0940414672719528	MTFR2	MTFR2	FALSE	Not significant
ENSG00000016402.14	1.95387811940122	-0.0813935355560322	0.291986129187011	0.11764093665458	NA	-1.5647525707709	IL20RA	IL20RA	FALSE	Not significant
ENSG00000237499.7	1.3752291583376	0.030761897580879	0.278268572110557	0.503573862444545	NA	0.668877126333765	WAKMAR2	WAKMAR2	FALSE	Not significant
ENSG00000112379.9	2.0974547980322	-0.00565665432141189	0.273075817295767	0.919004313484055	NA	-0.101688017507594	ARFGEF3	ARFGEF3	FALSE	Not significant
ENSG00000274594.1	2.53919413560777	-0.0489478342208523	0.278724213464678	0.392274174319172	NA	-0.855500415821211	ENSG00000274594	ENSG00000274594	FALSE	Not significant
ENSG00000279968.3	2.46712300240182	0.002810824754257	0.272304381859878	0.963985943564892	NA	0.0451522635706551	CCDC28A-AS1	CCDC28A-AS1	FALSE	Not significant
ENSG00000203734.13	1.24473640022452	-0.0105299718055907	0.276598623683526	0.823015526379705	NA	-0.223668155554519	ECT2L	ECT2L	FALSE	Not significant
ENSG00000238099.3	2.25264775302851	0.0241537866755197	0.273274359381955	0.699609381218642	NA	0.385847814595137	LINC01625	LINC01625	FALSE	Not significant
ENSG00000236013.8	1.755309365517	0.0323052073832174	0.277576626062893	0.544691726374978	NA	0.605733512669713	LINC02941	LINC02941	FALSE	Not significant
ENSG00000234147.4	1.93644684543018	0.0735125173326537	0.289211773461313	0.153237624032483	NA	1.42818845041835	ENSG00000234147	ENSG00000234147	FALSE	Not significant
ENSG00000232618.2	1.35169902775984	-0.069538507032458	0.289612607299948	0.0959588359320701	NA	-1.66476907499978	HIVEP2-DT	HIVEP2-DT	FALSE	Not significant
ENSG00000229017.7	2.97703057204242	-0.061932728946221	0.282443880435138	0.267426472101684	NA	-1.10900859978186	LINC01277	LINC01277	FALSE	Not significant
ENSG00000278206.1	2.22979693291541	-0.101003911209916	0.300989817852569	0.0719536980846887	NA	-1.79941095407495	ENSG00000278206	ENSG00000278206	FALSE	Not significant
ENSG00000135604.11	5.51825907152601	0.23138079024571	0.410005137748819	0.0274507461451044	NA	2.20504771927362	STX11	STX11	FALSE	Not significant
ENSG00000219409.2	2.98053816110247	-0.0254670046580937	0.27222254889269	0.695595281389566	NA	-0.391273233721154	ENSG00000219409	ENSG00000219409	FALSE	Not significant
ENSG00000289850.1	2.49492498007336	-0.0168491144852529	0.279636773475775	0.355175248567611	NA	-0.924597625657422	ENSG00000289850	ENSG00000289850	FALSE	Not significant
ENSG00000288056.1	1.78831161662982	0.0476485229945776	0.280663541701161	0.337894610885268	NA	0.958333510958081	ENSG00000288056	ENSG00000288056	FALSE	Not significant
ENSG00000280184.2	1.99461703028684	0.0114417148763585	0.274963492993309	0.800495997726222	NA	0.252705240811187	ENSG00000280184	ENSG00000280184	FALSE	Not significant
ENSG00000233452.9	4.12720205624981	0.0747775261816863	0.279974574822658	0.359178439856493	NA	0.91693168393139	STXBP5-AS1	STXBP5-AS1	FALSE	Not significant
ENSG00000289045.1	1.21850139588533	-0.0227175813934548	0.277627492485582	0.592017017195674	NA	-0.535915405026622	ENSG00000289045	ENSG00000289045	FALSE	Not significant
ENSG00000233330.1	1.48839017623384	0.0455304987026767	0.281071078484275	0.306289131072512	NA	1.02303958252348	ENSG00000233330	ENSG00000233330	FALSE	Not significant
ENSG00000202343.1	1.62979917802141	0.0183282376457225	0.275408665277793	0.713618738502945	NA	0.367000374706529	ENSG00000202343	ENSG00000202343	FALSE	Not significant
ENSG00000164520.12	2.26133816976568	-0.036632796379071	0.276729167271359	0.492563962097348	NA	-0.686236535486008	RAET1E	RAET1E	FALSE	Not significant
ENSG00000216906.2	1.37764761361957	-0.0362510842546333	0.27917327223579	0.417501299656446	NA	-0.810763847302078	ENSG00000216906	ENSG00000216906	FALSE	Not significant
ENSG00000131015.5	1.76943806781589	0.0595196569777278	0.283368850499888	0.258106034511165	NA	1.13087897316074	ULBP2	ULBP2	FALSE	Not significant
ENSG00000198729.5	1.59249815179142	0.00391014237397191	0.275542667723086	0.927501731714969	NA	0.0909884963584656	PPP1R14C	PPP1R14C	FALSE	Not significant
ENSG00000217085.2	2.25008161665052	0.012652290972049	0.272355825847432	0.839261631008907	NA	0.202838031410405	HMGB3P19	HMGB3P19	FALSE	Not significant
ENSG00000074706.14	4.34411405209181	0.0981407717105283	0.29026501744652	0.227385514113185	NA	1.20712108950962	IPCEF1	IPCEF1	FALSE	Not significant
ENSG00000287260.2	4.41806908854261	-0.213392501895072	0.388856226827586	0.0319478420459238	NA	-2.14506260199503	ENSG00000287260	ENSG00000287260	FALSE	Not significant
ENSG00000274451.1	3.18456217066655	0.0829154950479534	0.289010797501083	0.195867738832074	NA	1.29341449694431	ENSG00000274451	ENSG00000274451	FALSE	Not significant
ENSG00000235381.1	2.49420299341621	-0.0412042770621465	0.277797822725292	0.42871984848556	NA	-0.791384163429922	ENSG00000235381	ENSG00000235381	FALSE	Not significant
ENSG00000220347.1	3.13443562537612	0.0309487632598865	0.272198086016578	0.653072202705756	NA	0.449498343603637	H3P28	H3P28	FALSE	Not significant
ENSG00000286482.2	4.07231439378507	-0.0661922456522138	0.276921271186285	0.414768387141119	NA	-0.815531070346042	ENSG00000286482	ENSG00000286482	FALSE	Not significant
ENSG00000276413.1	1.59240862174762	-0.00287511946423945	0.275879352347023	0.948048690984491	NA	-0.0651573848102886	ENSG00000276413	ENSG00000276413	FALSE	Not significant
ENSG00000146477.6	1.70645178438123	0.0175473293662926	0.277753181435041	0.579428498754545	NA	0.554219698475359	SLC22A3	SLC22A3	FALSE	Not significant
ENSG00000224477.5	2.22700163778642	0.0116220524070676	0.273422567714602	0.843245984609368	NA	0.197743204734783	ENSG00000224477	ENSG00000224477	FALSE	Not significant
ENSG00000292246.1	4.27970269243897	0.0332919012246999	0.269147521590073	0.675220886133703	NA	0.418993495391074	ENSG00000292246	ENSG00000292246	FALSE	Not significant
ENSG00000270419.2	1.60047782089415	-0.0323350027509839	0.277112865598537	0.54732302694105	NA	-0.601776339167564	CAHM	CAHM	FALSE	Not significant
ENSG00000112541.19	5.64846027474768	0.00826126336347893	0.265476486074931	0.917132425300171	NA	0.104046527511289	PDE10A	PDE10A	FALSE	Not significant
ENSG00000233231.1	2.86372422180071	0.000647914874543645	0.270796648091348	0.991719116290243	NA	0.010378734949563	HNRNPA1P49	HNRNPA1P49	FALSE	Not significant
ENSG00000232082.1	1.39506688504717	0.0231547593735813	0.278153363402326	0.517654463524537	NA	0.646965204413066	RPS6KA2-IT1	RPS6KA2-IT1	FALSE	Not significant
ENSG00000286826.1	3.33657611007058	-0.138063202297005	0.319768539974621	0.0682404423544067	NA	-1.82341577837645	ENSG00000286826	ENSG00000286826	FALSE	Not significant
ENSG00000223485.5	4.66366494194327	-0.029962016613112	0.268206899083288	0.706555334703391	NA	-0.376486385963722	LINC01615	LINC01615	FALSE	Not significant
ENSG00000272848.2	4.57353719792665	-0.0374012158723032	0.269806923501696	0.634303580109828	NA	-0.475678303865549	ENSG00000272848	ENSG00000272848	FALSE	Not significant
ENSG00000266896.1	1.25640642050304	-0.00729300284536514	0.275765975701843	0.871678353367203	NA	-0.161526992726999	ENSG00000266896	ENSG00000266896	FALSE	Not significant
ENSG00000229214.2	1.48327446647393	-9.47397584182228e-05	0.275183763422649	0.996218915003994	NA	0.00473890501693193	LINC00242	LINC00242	FALSE	Not significant
ENSG00000288829.1	2.49860354709885	0.0146342470741637	0.27248802446131	0.816096044867228	NA	0.232569073166952	ENSG00000288829	ENSG00000288829	FALSE	Not significant
ENSG00000287411.1	1.87163550591533	0.0289161533121572	0.276480233340257	0.563509239995277	NA	0.577636972185225	ENSG00000287411	ENSG00000287411	FALSE	Not significant
ENSG00000230423.3	2.74768181962966	-0.00882053406292401	0.272518490962786	0.87267726401852	NA	-0.160258734185604	ENSG00000230423	ENSG00000230423	FALSE	Not significant
ENSG00000181031.16	4.0538602007957	0.0498043578897252	0.273275383932244	0.522376685493998	NA	0.639686113037917	RPH3AL	RPH3AL	FALSE	Not significant
ENSG00000236618.3	4.55252275842576	-0.0869225122136939	0.283700323343673	0.301912696802989	NA	-1.03234036739807	PITPNA-AS1	PITPNA-AS1	FALSE	Not significant
ENSG00000167711.14	2.48018702068752	0.0204194609980814	0.272557718470874	0.747222779829858	NA	0.322303502708824	SERPINF2	SERPINF2	FALSE	Not significant
ENSG00000289388.1	1.28029709519954	0.0181540995170969	0.276866082357726	0.696941235398034	NA	0.389452779267545	ENSG00000289388	ENSG00000289388	FALSE	Not significant
ENSG00000243049.3	1.21947501159826	0.0197604478770535	0.279012926816029	0.469020695545224	NA	0.72407336495712	RN7SL33P	RN7SL33P	FALSE	Not significant
ENSG00000279432.1	1.39816093035103	0.0471486461267725	0.281841987574437	0.248428179956577	NA	1.15417560964325	ENSG00000279432	ENSG00000279432	FALSE	Not significant
ENSG00000239884.3	1.82155223580434	0.0205985858414571	0.276883152282618	0.598641839640123	NA	0.526354619820023	RN7SL608P	RN7SL608P	FALSE	Not significant
ENSG00000262050.2	1.39619109984496	0.065955205355178	0.287350171745255	0.166494626812014	NA	1.38355541954056	ENSG00000262050	ENSG00000262050	FALSE	Not significant
ENSG00000262903.1	5.79016967510163	-0.0694143306451342	0.272309696757282	0.462216354024772	NA	-0.7352022088095	CTNS-AS1	CTNS-AS1	FALSE	Not significant
ENSG00000257950.3	1.46820764225593	0.0184158376390645	0.277385510482764	0.643345326175697	NA	0.463026564421208	P2RX5-TAX1BP3	P2RX5-TAX1BP3	FALSE	Not significant
ENSG00000127774.7	2.96246636536666	-0.0114675523102037	0.269626810912268	0.872239385099588	NA	-0.160814651635289	EMC6	EMC6	FALSE	Not significant
ENSG00000083454.23	1.36597845959579	-0.0122455360786601	0.277131264822256	0.700922423916198	NA	-0.384075588683212	P2RX5	P2RX5	FALSE	Not significant
ENSG00000262692.1	2.82664101795598	-0.0322260582619562	0.275023480885395	0.566834444071186	NA	-0.57271977762411	ENSG00000262692	ENSG00000262692	FALSE	Not significant
ENSG00000177602.5	2.90154839186111	0.0285414107503818	0.272727484314867	0.664670426277189	NA	0.433474033674581	HASPIN	HASPIN	FALSE	Not significant
ENSG00000141497.14	2.0037511327686	0.0342312008157903	0.276096483253988	0.546525621128358	NA	0.602974548145886	ZMYND15	ZMYND15	FALSE	Not significant
ENSG00000182853.12	2.09326347727265	-0.0153233245432948	0.273530722966283	0.797332630772515	NA	-0.256800698570454	VMO1	VMO1	FALSE	Not significant
ENSG00000182327.8	1.63248330266884	-0.0166549661238357	0.276033806919811	0.698431081970294	NA	-0.387439208224319	GLTPD2	GLTPD2	FALSE	Not significant
ENSG00000230201.5	1.51750424920648	-0.0122051253633372	0.275737896738522	0.817313133043991	NA	-0.231002148324216	ATP6V0CP1	ATP6V0CP1	FALSE	Not significant
ENSG00000108556.10	1.51178713601925	0.0339949675318216	0.279490766266105	0.421969491874616	NA	0.803009070561433	CHRNE	CHRNE	FALSE	Not significant
ENSG00000205710.4	1.21721201783963	-0.0655361626009104	0.288321728387198	0.119936078031389	NA	-1.55504195303427	C17orf107	C17orf107	FALSE	Not significant
ENSG00000185245.9	4.31319306923442	0.0130137348329262	0.266245924617906	0.874081434919213	NA	0.158476375640155	GP1BA	GP1BA	FALSE	Not significant
ENSG00000262227.2	1.65023227207416	0.0169888584916687	0.275010757452464	0.75057954360086	NA	0.31787528118375	ENSG00000262227	ENSG00000262227	FALSE	Not significant
ENSG00000234327.10	4.83175588572264	-0.0202567438872244	0.265524245944458	0.80864312355993	NA	-0.242176861192462	ZNF232-AS1	ZNF232-AS1	FALSE	Not significant
ENSG00000129204.17	2.23939088787709	0.0287404216809739	0.274891257098702	0.612396311771041	NA	0.506655852636509	USP6	USP6	FALSE	Not significant
ENSG00000161929.15	1.62355743514744	0.030383370636656	0.279205143443075	0.430167214309831	NA	0.788905545482223	SCIMP	SCIMP	FALSE	Not significant
ENSG00000262961.1	2.30494175571237	-0.052565906220329	0.280115884964326	0.372876663216646	NA	-0.891097878047155	ENSG00000262961	ENSG00000262961	FALSE	Not significant
ENSG00000179314.16	2.61737128508566	0.0696011067240448	0.287207976627908	0.19433640305616	NA	1.29785721935289	WSCD1	WSCD1	FALSE	Not significant
ENSG00000262818.1	2.63921766745554	0.0248654731798157	0.274238318388294	0.690132476380149	NA	0.398675291274231	ENSG00000262818	ENSG00000262818	FALSE	Not significant
ENSG00000129195.16	1.84788206199575	0.0434466746200019	0.279085410382746	0.418771372420083	NA	0.808554626984358	PIMREG	PIMREG	FALSE	Not significant
ENSG00000091622.16	4.93676746900162	-0.00445224957557658	0.264799878258068	0.957921519461038	NA	-0.0527620244124875	PITPNM3	PITPNM3	FALSE	Not significant
ENSG00000291084.1	1.72986146122305	0.0332974634719239	0.27750647753735	0.510446877721698	NA	0.658142018977349	ALOX12P2	ALOX12P2	FALSE	Not significant
ENSG00000262089.1	5.69111476042406	0.00303544675807766	0.262743099953386	0.973564956746927	NA	0.0331374770993817	ENSG00000262089	ENSG00000262089	FALSE	Not significant
ENSG00000258315.5	1.56195870086172	-0.0202286389338365	0.277113847801401	0.6595673156657	NA	-0.440510629095508	C17orf49	C17orf49	FALSE	Not significant
ENSG00000174327.7	5.96633949096174	-0.102822394805843	0.284789449081786	0.295442830695786	NA	-1.04625605076216	SLC16A13	SLC16A13	FALSE	Not significant
ENSG00000174326.15	2.03188930317728	0.0730196368064426	0.288482857440293	0.153898714736807	NA	1.4258947858431	SLC16A11	SLC16A11	FALSE	Not significant
ENSG00000141505.12	1.38150762587093	0.00881234612284877	0.274942444281823	0.860852370812535	NA	0.175289234017296	ASGR1	ASGR1	FALSE	Not significant
ENSG00000279641.1	1.74980578831251	-0.0373964576689267	0.278677917668806	0.432908121915453	NA	-0.784224959754884	ENSG00000279641	ENSG00000279641	FALSE	Not significant
ENSG00000181885.18	5.42537954970606	0.0759245751710452	0.275747245981035	0.410262935986983	NA	0.823431007661056	CLDN7	CLDN7	FALSE	Not significant
ENSG00000006047.13	2.50737437718969	0.0264335538255863	0.273577276170707	0.664404688260882	NA	0.433839923208151	YBX2	YBX2	FALSE	Not significant
ENSG00000187838.17	1.79192079213647	-0.0271556112027202	0.27676939267307	0.568069829316276	NA	-0.570896462083043	PLSCR3	PLSCR3	FALSE	Not significant
ENSG00000181284.3	4.87452721861697	0.00937841364633698	0.266451959170507	0.901368038136702	NA	0.123933361212891	TMEM102	TMEM102	FALSE	Not significant
ENSG00000161958.11	3.77009448235001	-0.0304473755918401	0.270539620133849	0.681256969460599	NA	-0.410748486676023	FGF11	FGF11	FALSE	Not significant
ENSG00000263301.1	5.56094088705788	-0.0336878623684851	0.264933034332287	0.710008965827236	NA	-0.371844048018141	ENSG00000263301	ENSG00000263301	FALSE	Not significant
ENSG00000129194.8	4.41218018595288	-0.0268916136078995	0.268647435758206	0.730064217201497	NA	-0.345040109482308	SOX15	SOX15	FALSE	Not significant
ENSG00000129214.15	4.62172520101395	0.0336051780749897	0.267170273767497	0.697428019182645	NA	0.388794703507593	SHBG	SHBG	FALSE	Not significant
ENSG00000183914.15	2.24279874016433	-0.0477438749632145	0.278616921215467	0.41058536753852	NA	-0.822863945963596	DNAH2	DNAH2	FALSE	Not significant
ENSG00000240480.1	5.64159864661412	0.0764140436810304	0.282371546489831	0.295553362252442	NA	1.04601661311772	RPL29P2	RPL29P2	FALSE	Not significant
ENSG00000288748.1	1.22384415880276	-0.0334301344849255	0.279997840344297	0.296147975102366	NA	-1.04472956793137	ENSG00000288748	ENSG00000288748	FALSE	Not significant
ENSG00000182224.12	3.78542793953123	-0.124875057945381	0.307454012190387	0.123098286778801	NA	-1.54189839200204	CYB5D1	CYB5D1	FALSE	Not significant
ENSG00000280046.1	5.74052970893616	-0.0238366131954912	0.263594191072041	0.791450876177693	NA	-0.264427042225525	ENSG00000280046	ENSG00000280046	FALSE	Not significant
ENSG00000170049.10	5.51638313137272	-0.0333057928091474	0.265448594189739	0.706359343508686	NA	-0.376750077958265	KCNAB3	KCNAB3	FALSE	Not significant
ENSG00000178999.13	2.51733416713428	0.0225780788814651	0.275227125815993	0.653545510247173	NA	0.448842177673682	AURKB	AURKB	FALSE	Not significant
ENSG00000178977.4	4.83245018876196	-0.0613874650817533	0.274821746457684	0.445896367532672	NA	-0.762274202289742	LINC00324	LINC00324	FALSE	Not significant
ENSG00000108961.14	5.92448667212746	-0.0155950914691339	0.26180262385535	0.864189961458329	NA	-0.171042991340653	RANGRF	RANGRF	FALSE	Not significant
ENSG00000288750.1	1.35289933201948	-0.0275631524087744	0.277224373490362	0.545133239661342	NA	-0.605068866530351	ENSG00000288750	ENSG00000288750	FALSE	Not significant
ENSG00000183318.12	1.28174757555027	0.00430821456669955	0.277528917493145	0.894492148287987	NA	0.13262223307755	SPDYE4	SPDYE4	FALSE	Not significant
ENSG00000262815.1	1.2059408698698	0.00204020587843699	0.277494536374223	0.941122089764531	NA	0.073859616049219	ENSG00000262815	ENSG00000262815	FALSE	Not significant
ENSG00000271851.1	3.22232455717291	-0.00286811980796398	0.269532752386572	0.964929977873964	NA	-0.0439679167189347	ENSG00000271851	ENSG00000271851	FALSE	Not significant
ENSG00000154914.17	1.77577637352473	0.0716537627461478	0.287911638135442	0.173035332747684	NA	1.36251525632068	USP43	USP43	FALSE	Not significant
ENSG00000006788.14	1.85506561880206	0.074647097259252	0.291500167936867	0.101513785233605	NA	1.6375586959689	MYH13	MYH13	FALSE	Not significant
ENSG00000266709.1	1.75675345649148	0.0441424949362802	0.280135372040301	0.326959274319762	NA	0.980257000472175	ENSG00000266709	ENSG00000266709	FALSE	Not significant
ENSG00000230897.1	1.23759682370855	0.00573995292297296	0.276660060222501	0.875124233131193	NA	0.157153044890503	RPS18P12	RPS18P12	FALSE	Not significant
ENSG00000279660.1	1.47463096080796	-0.0155388226205647	0.274749765106298	0.769590000927683	NA	-0.292911235129601	ENSG00000279660	ENSG00000279660	FALSE	Not significant
ENSG00000125409.13	1.92163124314589	-0.00145648742364486	0.276767387240456	0.981446322006583	NA	-0.0232556829743704	TEKT3	TEKT3	FALSE	Not significant
ENSG00000259024.7	2.0902402017761	-0.0403600476998901	0.277525626361752	0.468299331026553	NA	-0.725248928417071	TVP23C-CDRT4	TVP23C-CDRT4	FALSE	Not significant
ENSG00000223878.1	1.21476870805884	-0.0339548194751228	0.280203675852037	0.403214163627959	NA	-0.835894665656517	PPIAP53	PPIAP53	FALSE	Not significant
ENSG00000241322.11	1.21016304108918	-0.0547443122140906	0.285106293672071	0.142779966121246	NA	-1.46551682237668	FBXW10B	FBXW10B	FALSE	Not significant
ENSG00000235430.1	1.72712480979175	-0.0318776411088769	0.279538996885148	0.293385643566313	NA	-1.05072340438681	ZSWIM5P1	ZSWIM5P1	FALSE	Not significant
ENSG00000227782.2	1.59564584936152	-0.0495876423539054	0.281375734244837	0.302849981334292	NA	-1.03034095219471	ENSG00000227782	ENSG00000227782	FALSE	Not significant
ENSG00000233979.1	2.27172286862254	0.0291854009411404	0.275417292689354	0.609236209540765	NA	0.511164021348773	RPL22P21	RPL22P21	FALSE	Not significant
ENSG00000266651.1	5.29779974348977	0.0747517959302089	0.276313297841166	0.405592777643696	NA	0.831674358729353	ENSG00000266651	ENSG00000266651	FALSE	Not significant
ENSG00000266302.6	5.84162667424262	0.0331974826512204	0.267947655423898	0.686489289705063	NA	0.403623924743571	ENSG00000266302	ENSG00000266302	FALSE	Not significant
ENSG00000288235.1	1.40486183287102	0.0107256690277292	0.276090948820463	0.819046296225457	NA	0.228771786722767	FAM106C	FAM106C	FALSE	Not significant
ENSG00000229749.1	4.31969517122138	0.0701860800404909	0.277810153978677	0.399276030818411	NA	0.842914915905569	COTL1P1	COTL1P1	FALSE	Not significant
ENSG00000278864.1	2.52201553958204	-0.000657920100289744	0.27208247787581	0.990103893280708	NA	-0.012403248468807	ENSG00000278864	ENSG00000278864	FALSE	Not significant
ENSG00000179598.6	5.57835598081132	0.0679862764356124	0.273999918817372	0.445781935616362	NA	0.762465987387529	PLD6	PLD6	FALSE	Not significant
ENSG00000205309.14	4.7071223987713	-0.0113569293987651	0.264779724289987	0.892651452286139	NA	-0.134949942480059	NT5M	NT5M	FALSE	Not significant
ENSG00000227158.1	1.9796512710502	0.0403166175551025	0.27983140334307	0.396278743150928	NA	0.848285944893274	ENSG00000227158	ENSG00000227158	FALSE	Not significant
ENSG00000265511.1	1.25174055074705	0.0526639640484026	0.283602275163161	0.222010940739782	NA	1.22119831853651	ENSG00000265511	ENSG00000265511	FALSE	Not significant
ENSG00000264666.3	1.52924026191984	0.0413092581273966	0.280354839599849	0.392981547627579	NA	0.854222808786416	ENSG00000264666	ENSG00000264666	FALSE	Not significant
ENSG00000230273.1	4.52922177620918	0.0654161018046258	0.27803673256079	0.38327842553532	NA	0.871871605459217	BRI3P3	BRI3P3	FALSE	Not significant
ENSG00000232344.2	1.4895265091011	0.00632555375671253	0.2745431790998	0.899381812511956	NA	0.126442309797258	ENSG00000232344	ENSG00000232344	FALSE	Not significant
ENSG00000291090.1	5.83191011080708	0.00393159842858489	0.268042228303798	0.959658154137734	NA	0.0505825675290608	CCDC144BP	CCDC144BP	FALSE	Not significant
ENSG00000276532.1	1.3974807685578	-0.00170659075167096	0.278144589413149	0.990388415155202	NA	-0.0120466265318215	Metazoa_SRP	Metazoa_SRP	FALSE	Not significant
ENSG00000174977.8	4.89987731641848	0.0701803809696737	0.27688154146664	0.403561788888904	NA	0.835276956179907	PAIP1P2	PAIP1P2	FALSE	Not significant
ENSG00000290687.1	4.14589119930836	-0.0537008772542996	0.274430007850452	0.481024120732524	NA	-0.704656351542856	ZNF286B	ZNF286B	FALSE	Not significant
ENSG00000224126.2	4.62669673175688	0.0372025831975682	0.269412331169761	0.637083889534406	NA	0.471779913647513	UBE2SP2	UBE2SP2	FALSE	Not significant
ENSG00000266079.5	1.25275149084707	-0.010336299856213	0.277390859873511	0.791664589535802	NA	-0.264149672547921	SNORA59B	SNORA59B	FALSE	Not significant
ENSG00000271900.1	1.83288523020015	-0.0289766027816439	0.275924560361895	0.590763744511255	NA	-0.537729594734194	ENSG00000271900	ENSG00000271900	FALSE	Not significant
ENSG00000227225.1	5.86478466745795	-0.0252579643438626	0.262299350341188	0.78659991954187	NA	-0.270728416442413	MTND1P14	MTND1P14	FALSE	Not significant
ENSG00000242752.3	1.25379874992827	-0.0164178314771927	0.277563823392563	0.646532201460318	NA	-0.458585012311956	NMTRQ-TTG12-1	NMTRQ-TTG12-1	FALSE	Not significant
ENSG00000108602.18	1.84869234505405	-0.0964084034675427	0.299483065181003	0.0736017454653977	NA	-1.78908116229866	ALDH3A1	ALDH3A1	FALSE	Not significant
ENSG00000270091.1	3.96495445302971	0.0165390307674647	0.268012415558814	0.832162787549683	NA	0.211928536196645	ENSG00000270091	ENSG00000270091	FALSE	Not significant
ENSG00000225681.2	1.56876088688416	-0.0256708544241245	0.276391125782634	0.604676965634902	NA	-0.517686576215235	ENSG00000225681	ENSG00000225681	FALSE	Not significant
ENSG00000291194.1	1.74453347407524	-0.0295776595941113	0.277688292457084	0.482493813121409	NA	-0.702297241632946	ENSG00000291194	ENSG00000291194	FALSE	Not significant
ENSG00000235323.2	2.36098871399461	0.0555623250327734	0.28059905613042	0.356763557294435	NA	0.921549601345426	COTL1P2	COTL1P2	FALSE	Not significant
ENSG00000233098.10	3.25881894851337	0.0201980769238884	0.270833052990767	0.768969117900849	NA	0.293723601662369	CCDC144NL-AS1	CCDC144NL-AS1	FALSE	Not significant
ENSG00000265790.1	5.49556630309224	0.0376933783373949	0.266305626066407	0.669945253995065	NA	0.426223144819376	RNASEH1P1	RNASEH1P1	FALSE	Not significant
ENSG00000235530.7	4.38377913348376	0.073336268163993	0.282249428098493	0.295719387790434	NA	1.04565707495585	TMEM11-DT	TMEM11-DT	FALSE	Not significant
ENSG00000266806.1	2.02516714989937	-0.00868819489560845	0.273701710404682	0.866728514948131	NA	-0.16781538972957	ENSG00000266806	ENSG00000266806	FALSE	Not significant
ENSG00000263483.1	2.77420816964591	0.0450211757295251	0.278066722410561	0.406610239317032	NA	0.829873623437838	MTATP6P3	MTATP6P3	FALSE	Not significant
ENSG00000264431.1	2.78564304653112	0.129658843822679	0.317449220082413	0.0418640301949844	NA	2.03486925601946	ENSG00000264431	ENSG00000264431	FALSE	Not significant
ENSG00000265683.1	3.74231018976698	0.0711666839618623	0.280298523439788	0.357979577555606	NA	0.9192217870754	SYPL1P2	SYPL1P2	FALSE	Not significant
ENSG00000168961.17	3.18097662335896	-0.12345099044624	0.309841750282175	0.0879132618270577	NA	-1.70650948516816	LGALS9	LGALS9	FALSE	Not significant
ENSG00000267259.1	5.61350687451035	-0.0906186525560154	0.281165261858346	0.333592919621369	NA	-0.966902214258808	ERVE-1	ERVE-1	FALSE	Not significant
ENSG00000109072.14	3.73294912203922	-0.0135993221821298	0.269854661951917	0.844631491378101	NA	-0.195972754328649	VTN	VTN	FALSE	Not significant
ENSG00000265541.1	3.08809903895935	-0.0824709408540855	0.287665238809805	0.227160823843633	NA	-1.20770481874725	H3P41	H3P41	FALSE	Not significant
ENSG00000227543.5	1.63506904616512	-0.00199922934038982	0.275399566856262	0.96101141644578	NA	-0.0488844057082515	SPAG5-AS1	SPAG5-AS1	FALSE	Not significant
ENSG00000265205.1	1.62509955545428	0.0293974190303319	0.277384002030813	0.508692270780334	NA	0.660875326000508	ENSG00000265205	ENSG00000265205	FALSE	Not significant
ENSG00000264577.1	2.24461602713589	-0.0145215414808065	0.272267932074644	0.815552729609731	NA	-0.233268741712697	ENSG00000264577	ENSG00000264577	FALSE	Not significant
ENSG00000167536.14	4.21368539656409	0.0258874092994582	0.269069324558896	0.737575676096804	NA	0.335065501307341	DHRS13	DHRS13	FALSE	Not significant
ENSG00000179761.12	4.02237146193896	-0.0118501646489824	0.26845554046772	0.870939678116636	NA	-0.162465012586275	PIPOX	PIPOX	FALSE	Not significant
ENSG00000290082.1	5.01800931051265	0.0413986139525408	0.267774621409748	0.635659015507503	NA	0.473776890769354	ENSG00000290082	ENSG00000290082	FALSE	Not significant
ENSG00000264290.1	1.88130963539243	0.0116927038816239	0.273280676385615	0.841163574703666	NA	0.200405351233717	ENSG00000264290	ENSG00000264290	FALSE	Not significant
ENSG00000264007.1	1.59691569256293	0.0143301368909395	0.276293006386977	0.752249614883843	NA	0.315674459015676	ENSG00000264007	ENSG00000264007	FALSE	Not significant
ENSG00000176927.16	6.01518353694964	0.0890857271032919	0.280303360947867	0.33783516507728	NA	0.958451443706154	EFCAB5	EFCAB5	FALSE	Not significant
ENSG00000108576.10	1.38425853261511	0.0267467759898914	0.277341062216335	0.562811994829163	NA	0.578669803486078	SLC6A4	SLC6A4	FALSE	Not significant
ENSG00000214719.13	5.96195574458373	0.0161264827576848	0.263974371519947	0.851311517315096	NA	0.187445287751462	ENSG00000214719	ENSG00000214719	FALSE	Not significant
ENSG00000280069.1	1.97166013650679	-0.00903754947460671	0.274874998996607	0.843972633176489	NA	-0.196814590106945	ENSG00000280069	ENSG00000280069	FALSE	Not significant
ENSG00000266490.1	2.62032175372001	-0.00995266421586648	0.272026178757774	0.875582116716745	NA	-0.156572068994425	ENSG00000266490	ENSG00000266490	FALSE	Not significant
ENSG00000184060.11	4.486421544469	-0.0904449034684931	0.284951343992055	0.292834978218782	NA	-1.05192278283267	ADAP2	ADAP2	FALSE	Not significant
ENSG00000264456.1	1.48803804106051	-0.0397622797073776	0.279625504038938	0.402107672866357	NA	-0.837862961287806	ENSG00000264456	ENSG00000264456	FALSE	Not significant
ENSG00000264107.1	1.89562637933846	0.0507710924831621	0.279660673227751	0.386054730923551	NA	0.866794290609049	MIR4733HG	MIR4733HG	FALSE	Not significant
ENSG00000185862.7	2.71064361989579	-0.0555339572683405	0.279251661971809	0.39472897373752	NA	-0.851072692181276	EVI2B	EVI2B	FALSE	Not significant
ENSG00000278867.1	1.52198001330421	0.0320355303410953	0.278801166202952	0.411006235089597	NA	0.822124162317555	ENSG00000278867	ENSG00000278867	FALSE	Not significant
ENSG00000277511.2	2.35178913351395	0.033231493933796	0.274571805550802	0.598658070014915	NA	0.526331255869218	ENSG00000277511	ENSG00000277511	FALSE	Not significant
ENSG00000280020.1	1.24395619024115	-0.0245332572920918	0.278006494008448	0.486499942271311	NA	-0.695886452267829	ENSG00000280020	ENSG00000280020	FALSE	Not significant
ENSG00000264373.1	2.21660242430707	0.0224192183113089	0.277189280803699	0.526339449753425	NA	0.633603754839646	ENSG00000264373	ENSG00000264373	FALSE	Not significant
ENSG00000176749.9	4.32781715851358	-0.0648910591865469	0.276137021214532	0.427692470595447	NA	-0.793146505065192	CDK5R1	CDK5R1	FALSE	Not significant
ENSG00000266718.2	2.25312643524181	0.0416587662279594	0.27604748195542	0.515035222529924	NA	0.651017450023453	ENSG00000266718	ENSG00000266718	FALSE	Not significant
ENSG00000236377.2	1.65157423266439	0.0344967843513501	0.277968278394529	0.483054030870549	NA	0.701399024067807	ENSG00000236377	ENSG00000236377	FALSE	Not significant
ENSG00000108684.15	1.22432804395463	-0.00804214289590903	0.276513575799355	0.830917573700114	NA	-0.213524894642006	ASIC2	ASIC2	FALSE	Not significant
ENSG00000226049.3	1.50084971386082	0.012948505177835	0.275295049196556	0.792513910236078	NA	0.263047575147645	TLK2P1	TLK2P1	FALSE	Not significant
ENSG00000108688.11	3.404843053644	-0.160012021367046	0.343621295294642	0.0112282080536218	NA	-2.53551512210135	CCL7	CCL7	FALSE	Not significant
ENSG00000108700.5	3.16621705560425	-0.144150694720666	0.330820096701494	0.0150569028142447	NA	-2.43100750158268	CCL8	CCL8	FALSE	Not significant
ENSG00000265614.1	1.86207089480697	-0.00888630091256201	0.27630870176373	0.853223508032721	NA	-0.185007047320479	ENSG00000265614	ENSG00000265614	FALSE	Not significant
ENSG00000181374.8	5.77509414321684	-0.0547432568956974	0.272389305875735	0.501171091607793	NA	-0.672648259611524	CCL13	CCL13	FALSE	Not significant
ENSG00000266947.3	2.20143593143589	-0.0126644583754436	0.276203111288686	0.727505405567647	NA	-0.34844580799819	ENSG00000266947	ENSG00000266947	FALSE	Not significant
ENSG00000267364.4	4.1397617160106	0.0103773566310424	0.266806889033497	0.897481603493019	NA	0.128843349432728	ENSG00000267364	ENSG00000267364	FALSE	Not significant
ENSG00000267547.1	5.97677545694658	-0.0115850028818445	0.262781341939719	0.896391876181668	NA	-0.130220626196796	ENSG00000267547	ENSG00000267547	FALSE	Not significant
ENSG00000267648.1	1.87571255884821	0.0233666148588405	0.278036216974433	0.446397239113732	NA	0.761435083437049	ENSG00000267648	ENSG00000267648	FALSE	Not significant
ENSG00000205045.12	3.6072956950137	0.0350486313381681	0.272409204898532	0.617213524783134	NA	0.499803388012767	SLFN12L	SLFN12L	FALSE	Not significant
ENSG00000242660.1	2.25308660044533	-0.0295231316403907	0.276731659622577	0.516633120923367	NA	-0.648544063490417	ENSG00000242660	ENSG00000242660	FALSE	Not significant
ENSG00000267321.4	4.20636912618147	0.0369054563030458	0.271596686309094	0.619752275908218	NA	0.4962014672615	SNHG30	SNHG30	FALSE	Not significant
ENSG00000267592.1	2.80860751730094	0.00737358945391208	0.272444935727533	0.895915509753877	NA	0.130822770238555	ENSG00000267592	ENSG00000267592	FALSE	Not significant
ENSG00000270871.1	2.3774616736622	0.0290912270628797	0.273318982770741	0.653527296869416	NA	0.448867424060128	ENSG00000270871	ENSG00000270871	FALSE	Not significant
ENSG00000274756.1	1.24301393510517	-0.0212214404530377	0.277452329500831	0.574269003754906	NA	-0.561775474827631	ENSG00000274756	ENSG00000274756	FALSE	Not significant
ENSG00000275839.1	3.34646642297293	0.0760426858585987	0.28409299554054	0.284667243643756	NA	1.06989351236358	ENSG00000275839	ENSG00000275839	FALSE	Not significant
ENSG00000291088.1	1.36729833196369	0.0108551236262941	0.277462713604095	0.694412886354669	NA	0.392873538799577	NPEPPSP1	NPEPPSP1	FALSE	Not significant
ENSG00000276170.6	5.6703269499879	-0.0683129728505519	0.275394259768405	0.424450325602287	NA	-0.798724244269229	ENSG00000276170	ENSG00000276170	FALSE	Not significant
ENSG00000277969.2	3.96261048799782	-0.0615238332778624	0.276981927451715	0.412852751567515	NA	-0.818883733283592	ENSG00000277969	ENSG00000277969	FALSE	Not significant
ENSG00000263818.5	1.6206786588508	0.0128055746923691	0.276727267733374	0.710097390177016	NA	0.371725294430312	RDM1P5	RDM1P5	FALSE	Not significant
ENSG00000161405.17	1.60925319325462	-0.0144331327961797	0.277612693216407	0.597601222572663	NA	-0.527853209661101	IKZF3	IKZF3	FALSE	Not significant
ENSG00000226117.1	1.25278004071964	0.0344583343854711	0.278812513718779	0.4278889045356	NA	0.792809356207851	ENSG00000226117	ENSG00000226117	FALSE	Not significant
ENSG00000279199.1	2.00867169581629	0.0275928165649834	0.276006436268723	0.581124744492225	NA	0.551742562572606	ENSG00000279199	ENSG00000279199	FALSE	Not significant
ENSG00000126353.3	5.59510976189319	-0.0228293957242395	0.264120427383471	0.793108775382091	NA	-0.262275855218161	CCR7	CCR7	FALSE	Not significant
ENSG00000221852.5	1.5477034488737	0.0102777663315676	0.276780176657325	0.8005803012638	NA	0.252596155377664	KRTAP1-5	KRTAP1-5	FALSE	Not significant
ENSG00000171345.13	4.32134178199581	0.020231391605598	0.269250203867274	0.788788964821093	NA	0.267883538900377	KRT19	KRT19	FALSE	Not significant
ENSG00000161594.7	1.25015276302658	0.00876260872412233	0.27583120228413	0.842375550401761	NA	0.198855793638422	KLHL10	KLHL10	FALSE	Not significant
ENSG00000204815.10	4.77708083815414	0.0285732381005848	0.272076852569436	0.648574111625876	NA	0.455743952868281	ODAD4	ODAD4	FALSE	Not significant
ENSG00000289579.1	2.38226796888323	0.0112658481532085	0.272661344372672	0.849812301304273	NA	0.189357921836387	ENSG00000289579	ENSG00000289579	FALSE	Not significant
ENSG00000267632.1	1.62782185846652	-0.00933366881425187	0.276201737377672	0.796683148979716	NA	-0.257642082107727	ENSG00000267632	ENSG00000267632	FALSE	Not significant
ENSG00000108786.11	1.3875349021916	-0.0336185915267653	0.278467458154275	0.499389774922073	NA	-0.675450209373284	HSD17B1	HSD17B1	FALSE	Not significant
ENSG00000184451.5	5.69911544592267	-0.0166304467687625	0.263488667015263	0.849183705041113	NA	-0.190160063151517	CCR10	CCR10	FALSE	Not significant
ENSG00000197291.9	2.21336621255551	-0.0360809722234731	0.275983102151432	0.538910297097579	NA	-0.61446166596091	RAMP2-AS1	RAMP2-AS1	FALSE	Not significant
ENSG00000131477.11	1.61757844701061	0.0103812317495118	0.274136790203385	0.847474939995619	NA	0.192341210097837	RAMP2	RAMP2	FALSE	Not significant
ENSG00000126562.17	4.69922484016045	-0.159891826985724	0.332042084841457	0.0669086475397158	NA	-1.83228717021366	WNK4	WNK4	FALSE	Not significant
ENSG00000176563.10	2.39016782808135	0.0419825940851152	0.27722613107848	0.459170911622958	NA	0.740212751201016	CNTD1	CNTD1	FALSE	Not significant
ENSG00000131480.9	5.24411020309837	0.0303915726950184	0.264928142351559	0.736352515448341	NA	0.336687462710564	AOC2	AOC2	FALSE	Not significant
ENSG00000266967.7	5.03240082967982	-0.00916392012364396	0.265345354684788	0.909895189119481	NA	-0.113170744523935	AARSD1	AARSD1	FALSE	Not significant
ENSG00000267060.7	1.86287156588636	0.0479785070971537	0.280223049112754	0.363712037669266	NA	0.908314587328126	PTGES3L	PTGES3L	FALSE	Not significant
ENSG00000236383.9	1.48031198047365	-0.0376990349742906	0.279694381619753	0.332670127062492	NA	-0.968749623134794	CCDC200	CCDC200	FALSE	Not significant
ENSG00000231256.8	1.38237409893598	0.0188591912701316	0.276347665250736	0.665229090407626	NA	0.432705008972004	CFAP97D1	CFAP97D1	FALSE	Not significant
ENSG00000125319.15	5.44435257937313	-0.0322744833481602	0.26468126911315	0.720701080006174	NA	-0.357521972508927	HROB	HROB	FALSE	Not significant
ENSG00000161664.7	4.96915637329427	-0.0719930922795935	0.276933215681148	0.398013109055434	NA	-0.845175052559107	ASB16	ASB16	FALSE	Not significant
ENSG00000267394.2	3.42705496396669	-0.0464683357337737	0.277205883524254	0.423706760870506	NA	-0.800006966560634	ATXN7L3-AS1	ATXN7L3-AS1	FALSE	Not significant
ENSG00000260793.4	4.3887499634346	0.0126076621053405	0.267133714613959	0.872194414931571	NA	0.160871747172556	ENSG00000260793	ENSG00000260793	FALSE	Not significant
ENSG00000267750.6	4.65198910129517	0.00127031097836865	0.265070812857925	0.989787976078588	NA	0.0127992234044405	RUNDC3A-AS1	RUNDC3A-AS1	FALSE	Not significant
ENSG00000108309.14	2.9909542248551	0.00201531869041566	0.271324582532154	0.981421851243649	NA	0.0232863608330341	RUNDC3A	RUNDC3A	FALSE	Not significant
ENSG00000005961.19	1.50176053182703	-0.0179760849004123	0.275704621046026	0.727976030848988	NA	-0.347819118205743	ITGA2B	ITGA2B	FALSE	Not significant
ENSG00000180336.18	3.47566160888059	-0.0473409689009953	0.273604835256362	0.531052407747793	NA	-0.62640030776737	MEIOC	MEIOC	FALSE	Not significant
ENSG00000279879.1	1.49633761850489	-0.0530035148200699	0.282936181173446	0.255079781011603	NA	-1.13809747826513	ENSG00000279879	ENSG00000279879	FALSE	Not significant
ENSG00000073670.14	5.23445859310579	-0.0482247629160918	0.270650658622187	0.55431603331064	NA	-0.591305069747446	ADAM11	ADAM11	FALSE	Not significant
ENSG00000186185.14	1.71126586098788	-0.0308581040375626	0.278619240308091	0.390405282237803	NA	-0.858882614217599	KIF18B	KIF18B	FALSE	Not significant
ENSG00000131094.4	5.23141056703436	-0.0435056714969039	0.269316648735349	0.600559469832096	NA	-0.523596135678899	C1QL1	C1QL1	FALSE	Not significant
ENSG00000276728.2	2.34355831762643	0.00944935435074382	0.272587266675035	0.871358246490681	NA	0.161933468619533	ENSG00000276728	ENSG00000276728	FALSE	Not significant
ENSG00000224505.4	2.92777337432224	-0.103830896138017	0.29747184686478	0.156438157634376	NA	-1.4171531440569	HEXIM2-AS1	HEXIM2-AS1	FALSE	Not significant
ENSG00000168517.11	2.50418712488291	-0.042678455496503	0.276264223607041	0.499309915290576	NA	-0.675575949941342	HEXIM2	HEXIM2	FALSE	Not significant
ENSG00000267288.2	1.50893690959518	-0.00607326485507333	0.275774746268802	0.890888778232273	NA	-0.137179672200782	ENSG00000267288	ENSG00000267288	FALSE	Not significant
ENSG00000267278.6	3.54192677085723	-0.167984883298777	0.34547664740081	0.0347416666933768	NA	-2.11135666727335	MAP3K14-AS1	MAP3K14-AS1	FALSE	Not significant
ENSG00000236234.1	1.85630666050063	-0.0188426887861788	0.275095343369942	0.704139287581714	NA	-0.379738837685566	ENSG00000236234	ENSG00000236234	FALSE	Not significant
ENSG00000291175.1	4.74699813294184	-0.0217510920969299	0.267614245629062	0.784785091045187	NA	-0.273088624229113	ENSG00000291175	ENSG00000291175	FALSE	Not significant
ENSG00000214401.6	4.71109225329566	0.0656145416386392	0.276209363597258	0.425529387662195	NA	0.796865089849796	KANSL1-AS1	KANSL1-AS1	FALSE	Not significant
ENSG00000262500.1	3.11113017509462	-0.0487852434779426	0.275130019130712	0.499885624123429	NA	-0.674669723846167	MAPK8IP1P1	MAPK8IP1P1	FALSE	Not significant
ENSG00000228696.11	2.93387760635949	-0.0782477259452106	0.286608124463391	0.255267264831928	NA	-1.13764855076779	ARL17B	ARL17B	FALSE	Not significant
ENSG00000176681.15	1.84400205864235	-0.00329712547607401	0.274969425735709	0.944460230209067	NA	-0.0696650877151238	LRRC37A	LRRC37A	FALSE	Not significant
ENSG00000239291.1	1.34421515841147	0.0267103677913247	0.27747507204962	0.575107848470109	NA	0.560544862232268	ENSG00000239291	ENSG00000239291	FALSE	Not significant
ENSG00000198336.9	2.86905719508206	0.00528237996931453	0.271518168274384	0.930642343774147	NA	0.0870366957568958	MYL4	MYL4	FALSE	Not significant
ENSG00000291120.1	4.70415082824585	0.0352202925427299	0.267966145984429	0.681763669257314	NA	0.410057634815491	MRPL45P2	MRPL45P2	FALSE	Not significant
ENSG00000263766.6	1.51307900364216	0.0281998375752119	0.277582151955891	0.521960536406906	NA	0.640326222303043	KPNB1-DT	KPNB1-DT	FALSE	Not significant
ENSG00000141294.10	3.05671911804006	0.0243216673291865	0.272139215779606	0.716058543113839	NA	0.363731467226404	LRRC46	LRRC46	FALSE	Not significant
ENSG00000266821.1	1.23316976056875	-0.00429043826059058	0.275467444219648	0.929473219354666	NA	-0.0885076311608981	ENSG00000266821	ENSG00000266821	FALSE	Not significant
ENSG00000234494.8	5.16682281076294	-0.0807555941023666	0.279533818793923	0.354597033837546	NA	-0.925709376253125	SP2-AS1	SP2-AS1	FALSE	Not significant
ENSG00000263412.3	2.87198600486402	-0.0228379923760178	0.27329612623631	0.69637488745403	NA	-0.390218628972498	NFE2L1-DT	NFE2L1-DT	FALSE	Not significant
ENSG00000278765.1	1.36179483135203	-0.0253708096837624	0.277900388535585	0.48512812637943	NA	-0.698078462548735	ENSG00000278765	ENSG00000278765	FALSE	Not significant
ENSG00000120068.7	1.50254937717377	0.016875178107467	0.276212162218174	0.732519505822341	NA	0.34177595553419	HOXB8	HOXB8	FALSE	Not significant
ENSG00000170703.16	1.63730837186259	0.0289609282192663	0.277997962911818	0.53593630586187	NA	0.618969721435212	TTLL6	TTLL6	FALSE	Not significant
ENSG00000248278.1	1.59950586161288	-0.013944857733574	0.274985808294248	0.776540870644647	NA	-0.283829728914161	SUMO2P17	SUMO2P17	FALSE	Not significant
ENSG00000255851.2	1.23573270225862	0.0148034316300384	0.276595237678654	0.728907352594835	NA	0.346579362194129	Metazoa_SRP	Metazoa_SRP	FALSE	Not significant
ENSG00000167080.9	2.36171417488469	-0.027584044885116	0.27718623263514	0.587787165477432	NA	-0.542045494610446	B4GALNT2	B4GALNT2	FALSE	Not significant
ENSG00000248714.7	1.82752984756932	-0.0604488789072828	0.283470141627491	0.283925806969063	NA	-1.07154197654866	ZNF652-AS1	ZNF652-AS1	FALSE	Not significant
ENSG00000108813.12	1.27448669841656	0.0049748419526604	0.276358239766933	0.903469187455383	NA	0.121280092554458	DLX4	DLX4	FALSE	Not significant
ENSG00000246640.2	1.61633379784981	-0.0146502054891654	0.276195137217968	0.718164452609841	NA	-0.360913043442066	PICART1	PICART1	FALSE	Not significant
ENSG00000108823.17	2.42475874596139	0.0115125190174902	0.274437944759779	0.823192581748897	NA	0.22344063464539	SGCA	SGCA	FALSE	Not significant
ENSG00000249406.3	1.24044656786163	0.0030902444093906	0.278127216249112	0.852534218258347	NA	0.185885927293181	ENSG00000249406	ENSG00000249406	FALSE	Not significant
ENSG00000167105.8	2.20820751489336	-0.0611741201078738	0.284005540352578	0.217097507839765	NA	-1.23428289404199	TMEM92	TMEM92	FALSE	Not significant
ENSG00000251179.1	5.0050431625202	0.0604635819399758	0.274301077675143	0.455145106055302	NA	0.746864915147347	TMEM92-AS1	TMEM92-AS1	FALSE	Not significant
ENSG00000154920.15	3.30928710545513	-0.104950569719641	0.297355401040046	0.156030950782132	NA	-1.41854760389311	EME1	EME1	FALSE	Not significant
ENSG00000136457.10	3.64299020545168	0.0377633951922419	0.271034868611638	0.626307212659454	NA	0.486931023739209	CHAD	CHAD	FALSE	Not significant
ENSG00000250286.2	1.57667621998371	-0.0345518243593734	0.278954527816817	0.395424544117932	NA	-0.849821122807095	ENSG00000250286	ENSG00000250286	FALSE	Not significant
ENSG00000049283.19	3.61477389288874	-0.0331619359506716	0.270152768021426	0.667767366757172	NA	-0.429214176984586	EPN3	EPN3	FALSE	Not significant
ENSG00000173714.8	1.33768969010223	-0.0194295012343685	0.278122165215504	0.494419523101107	NA	-0.683296471913376	WFIKKN2	WFIKKN2	FALSE	Not significant
ENSG00000229980.5	1.75331586694978	0.00489080491849354	0.274475063704072	0.926528292209597	NA	0.0922136511488887	TOB1-AS1	TOB1-AS1	FALSE	Not significant
ENSG00000279089.1	5.15483200456934	-0.0201536914028482	0.266692441634353	0.799651125598284	NA	-0.253798638157783	ENSG00000279089	ENSG00000279089	FALSE	Not significant
ENSG00000262271.1	5.82014706803355	-0.0164826201967577	0.263957428236616	0.846464123256644	NA	-0.193631893672153	ENSG00000262271	ENSG00000262271	FALSE	Not significant
ENSG00000262384.1	2.35544521744265	-0.039186840048083	0.275277649992036	0.544115934830219	NA	-0.606600701150134	ENSG00000262384	ENSG00000262384	FALSE	Not significant
ENSG00000263199.1	1.50944513480994	-0.000114846063300865	0.27567074532973	0.996522994241023	NA	-0.00435779426590254	ENSG00000263199	ENSG00000263199	FALSE	Not significant
ENSG00000263125.1	1.99760942747743	0.0634709496569547	0.283944647515631	0.252280747882581	NA	1.14482719437576	ARL2BPP8	ARL2BPP8	FALSE	Not significant
ENSG00000153930.13	1.28468501637677	0.0595507866199522	0.285373087335558	0.200784046328048	NA	1.27932098345506	ANKFN1	ANKFN1	FALSE	Not significant
ENSG00000262408.1	5.33220876121941	0.0549754282327972	0.27363896001915	0.478364130456921	NA	0.708936101790694	ENSG00000262408	ENSG00000262408	FALSE	Not significant
ENSG00000263120.1	1.32732371931691	-0.0561047673994143	0.285055109481213	0.158046802674712	NA	-1.4116711812268	ENSG00000263120	ENSG00000263120	FALSE	Not significant
ENSG00000263004.3	4.95761294449768	-0.155810530770774	0.325497019976413	0.0928135657072103	NA	-1.6807392884741	AKAP1-DT	AKAP1-DT	FALSE	Not significant
ENSG00000279069.2	4.80051153256768	-0.0871135954203507	0.283452428345188	0.303909312988243	NA	-1.02808613299474	ENSG00000279069	ENSG00000279069	FALSE	Not significant
ENSG00000265148.7	4.54228507566307	-0.112505291655183	0.300236789416096	0.131562636516236	NA	-1.50796831524511	TSPOAP1-AS1	TSPOAP1-AS1	FALSE	Not significant
ENSG00000108387.16	4.71263378615177	0.149042342154397	0.324035190901377	0.0721237211432673	NA	1.79833635971653	SEPTIN4	SEPTIN4	FALSE	Not significant
ENSG00000224738.2	2.37786977674315	0.0415514862247643	0.277609518494266	0.446841543899353	NA	0.760691180408205	ENSG00000224738	ENSG00000224738	FALSE	Not significant
ENSG00000266537.1	5.43846578573739	-0.0704812971850973	0.274688946813213	0.426675339560096	NA	-0.79489369948856	SPDYE22P	SPDYE22P	FALSE	Not significant
ENSG00000265313.8	1.51011470006639	-0.0266959904010038	0.277379397831848	0.601810056548961	NA	-0.521799329533955	LINC01476	LINC01476	FALSE	Not significant
ENSG00000273702.1	1.2696140589419	0.0154697741385287	0.276710682862572	0.737520916598224	NA	0.335138095781412	ENSG00000273702	ENSG00000273702	FALSE	Not significant
ENSG00000267248.5	3.74324222970077	0.0306337894998483	0.270780926899576	0.672736428910513	NA	0.422395408235908	ENSG00000267248	ENSG00000267248	FALSE	Not significant
ENSG00000241157.1	1.48845115640507	0.0264279862873731	0.277481263916665	0.530828826892713	NA	0.626741300088409	RPL32P32	RPL32P32	FALSE	Not significant
ENSG00000259349.4	1.49186918231214	-0.0537370791005647	0.283119080082884	0.26170804529468	NA	-1.12236319825381	APPBP2-DT	APPBP2-DT	FALSE	Not significant
ENSG00000286997.1	1.63588830076805	0.0335995488334134	0.277368415845231	0.503339617179716	NA	0.669244353706115	ENSG00000286997	ENSG00000286997	FALSE	Not significant
ENSG00000187013.4	3.22889678768652	-0.0416511538197609	0.27373894570745	0.553699755117306	NA	-0.592225262218244	LINC02875	LINC02875	FALSE	Not significant
ENSG00000279133.1	2.14046370667716	0.0369219440268422	0.276383488666254	0.521845462571001	NA	0.640503272068055	ENSG00000279133	ENSG00000279133	FALSE	Not significant
ENSG00000172421.10	3.11182489090804	0.0548002402474236	0.276983292519306	0.442164446879774	NA	0.768543349595319	EFCAB3	EFCAB3	FALSE	Not significant
ENSG00000279713.1	4.29829345999841	-0.0441270956573931	0.271508346174998	0.569428450903723	NA	-0.568893449691768	ENSG00000279713	ENSG00000279713	FALSE	Not significant
ENSG00000265702.2	1.24356092539468	0.033057439043595	0.280864977171752	0.213827479205799	NA	1.2431095171216	ENSG00000265702	ENSG00000265702	FALSE	Not significant
ENSG00000283538.3	1.52974864827843	0.0188172398594143	0.276989140708935	0.620156613754812	NA	0.495628397214444	ENSG00000283538	ENSG00000283538	FALSE	Not significant
ENSG00000264529.1	1.56687926390941	-0.0642687062793756	0.285936768005606	0.197779881185851	NA	-1.28790256879271	DNAJB6P8	DNAJB6P8	FALSE	Not significant
ENSG00000279369.1	1.72077391747869	0.00370774502396362	0.273462384534085	0.947846976089647	NA	0.0654107362585487	ENSG00000279369	ENSG00000279369	FALSE	Not significant
ENSG00000256358.1	3.66247649101175	-0.0447613470519809	0.275377443452753	0.48751353369114	NA	-0.694268990980472	RPL31P57	RPL31P57	FALSE	Not significant
ENSG00000261371.6	1.86949838719495	0.0284512108411397	0.277969787060126	0.524517836745884	NA	0.636396783627488	PECAM1	PECAM1	FALSE	Not significant
ENSG00000265218.1	1.50130232298676	-0.014022509120193	0.277017557871454	0.76791453635194	NA	-0.295103866235779	ENSG00000265218	ENSG00000265218	FALSE	Not significant
ENSG00000285877.1	4.24429491219019	0.0218603197661075	0.267765377443243	0.781636469718929	NA	0.277187067040326	ENSG00000285877	ENSG00000285877	FALSE	Not significant
ENSG00000279573.1	1.87480616643568	-0.00229816129163027	0.273480895628158	0.965538704425031	NA	-0.0432042660809741	ENSG00000279573	ENSG00000279573	FALSE	Not significant
ENSG00000266117.1	4.70455290656135	-0.031391872885856	0.26772056034964	0.699783547848137	NA	-0.385612670676508	FBXO36P1	FBXO36P1	FALSE	Not significant
ENSG00000265055.2	1.98059419818791	-0.0249913173631872	0.274972642352078	0.646734712271747	NA	-0.458303079129369	ENSG00000265055	ENSG00000265055	FALSE	Not significant
ENSG00000290793.1	5.01094451936068	0.00595694228462753	0.264891777071189	0.942915417103899	NA	0.0716060602158271	ENSG00000290793	ENSG00000290793	FALSE	Not significant
ENSG00000265100.2	1.23759385186034	0.00379598046263244	0.276640705047279	0.913424684428187	NA	0.108719866048157	ENSG00000265100	ENSG00000265100	FALSE	Not significant
ENSG00000231749.3	2.00372746470745	0.00435218189135176	0.272592478390472	0.943606030256244	NA	0.0707383099566577	ABCA9-AS1	ABCA9-AS1	FALSE	Not significant
ENSG00000267361.1	4.31350998728379	0.147569062240583	0.32207518638493	0.0873725741367078	NA	1.70942326688422	SEC24AP1	SEC24AP1	FALSE	Not significant
ENSG00000227517.7	1.87949234842086	-0.0311606151192731	0.276269328690161	0.55538359540617	NA	-0.589712228630925	LINC01483	LINC01483	FALSE	Not significant
ENSG00000267184.1	3.72711115835437	-0.0188790958069474	0.268783484304059	0.800106727326937	NA	-0.253208980290555	ENSG00000267184	ENSG00000267184	FALSE	Not significant
ENSG00000271101.1	5.88408197523025	0.0481392278883467	0.269909360363141	0.558887992116643	NA	0.584494012967684	ENSG00000271101	ENSG00000271101	FALSE	Not significant
ENSG00000256124.6	3.50905039046382	-0.105188517873201	0.297978472967777	0.158450151480276	NA	-1.41030327648103	LINC01152	LINC01152	FALSE	Not significant
ENSG00000265469.1	1.24710025191949	0.00831729226931241	0.276792696361482	0.839600839357059	NA	0.202404079587353	POLR3KP2	POLR3KP2	FALSE	Not significant
ENSG00000069188.17	2.44326981323625	-0.0738828169421111	0.286848384993009	0.206332774857619	NA	-1.26371378681127	SDK2	SDK2	FALSE	Not significant
ENSG00000246731.3	1.37973506778426	-0.0166194171148898	0.276538102514604	0.680291915722519	NA	-0.412064816775739	MGC16275	MGC16275	FALSE	Not significant
ENSG00000170412.18	4.60318728162659	-0.0233671402161511	0.269936472819219	0.745560652278115	NA	-0.324498507165322	GPRC5C	GPRC5C	FALSE	Not significant
ENSG00000167861.16	2.01410199426331	0.0418508299430707	0.276992272893855	0.488842891024663	NA	0.692150387991155	HID1	HID1	FALSE	Not significant
ENSG00000270993.1	2.16353583188163	0.0571603380010069	0.281576908450274	0.336357985149621	NA	0.961386270103932	ENSG00000270993	ENSG00000270993	FALSE	Not significant
ENSG00000263843.1	1.45348799816753	-0.00122204115744808	0.274977382250612	0.98371026301063	NA	-0.0204175761776288	MIF4GD-DT	MIF4GD-DT	FALSE	Not significant
ENSG00000132470.14	2.34112192297653	-0.074909619424039	0.286984797902637	0.220655971230053	NA	-1.2247857080075	ITGB4	ITGB4	FALSE	Not significant
ENSG00000267342.1	1.38368308409996	0.0468763805205028	0.281789978620126	0.249404722190303	NA	1.15179646175192	ENSG00000267342	ENSG00000267342	FALSE	Not significant
ENSG00000204316.13	5.9172457232392	-0.00646770875052	0.261663453284764	0.940066350611788	NA	-0.0751864682992763	MRPL38	MRPL38	FALSE	Not significant
ENSG00000261408.7	2.33123995405904	-0.018991896758935	0.273193258533757	0.748294093522034	NA	-0.320889549839747	TEN1-CDK3	TEN1-CDK3	FALSE	Not significant
ENSG00000250506.9	1.54528956801223	0.0763413428451498	0.290976383623333	0.127364405602508	NA	1.52457793011741	CDK3	CDK3	FALSE	Not significant
ENSG00000267546.2	1.74790885258016	0.0221833052255861	0.275375112811749	0.677768135152068	NA	0.415510629898143	ENSG00000267546	ENSG00000267546	FALSE	Not significant
ENSG00000267543.1	1.61484698624088	0.0114993622307657	0.276360803035008	0.763009473562002	NA	0.301531185161437	ENSG00000267543	ENSG00000267543	FALSE	Not significant
ENSG00000267084.1	5.96457975531467	-0.000753735886652888	0.261336198868293	0.991957257678268	NA	-0.0100802533636342	ENSG00000267084	ENSG00000267084	FALSE	Not significant
ENSG00000267065.2	2.27018924760426	-0.0103388104045975	0.274041611688758	0.83833138797174	NA	-0.204028294704818	LINC02080	LINC02080	FALSE	Not significant
ENSG00000141524.19	1.23520073238988	-0.0149726752989643	0.27759060824714	0.709636389281078	NA	-0.372344474621335	TMC6	TMC6	FALSE	Not significant
ENSG00000267737.1	1.86948982842441	0.00185289346534185	0.274836826401503	0.969490272103568	NA	0.0382475965176693	ENSG00000267737	ENSG00000267737	FALSE	Not significant
ENSG00000266970.3	1.37335289944526	-0.00603156370838239	0.275771298041346	0.90082653607117	NA	-0.124617294535489	SOCS3-DT	SOCS3-DT	FALSE	Not significant
ENSG00000267432.6	1.35803610260313	-0.012853098730045	0.275941564164129	0.782966620098022	NA	-0.275455095911118	DNAH17-AS1	DNAH17-AS1	FALSE	Not significant
ENSG00000178404.11	1.23959307912078	-0.0209628017629824	0.277452830270572	0.611170796686815	NA	-0.508402932459815	CEP295NL	CEP295NL	FALSE	Not significant
ENSG00000279339.1	1.62314300438633	0.044799911142882	0.281650869227405	0.300708069775543	NA	1.03491615415138	ENSG00000279339	ENSG00000279339	FALSE	Not significant
ENSG00000289689.1	4.16330175199744	-0.146487470023279	0.323873292971086	0.0781651303944814	NA	-1.76143307892511	ENSG00000289689	ENSG00000289689	FALSE	Not significant
ENSG00000141527.19	5.5728421065028	-0.0854951009338216	0.280192015241366	0.340119725863594	NA	-0.953928717519662	CARD14	CARD14	FALSE	Not significant
ENSG00000263069.6	5.58497292574814	0.025914965492989	0.26474215655147	0.768784046422067	NA	0.293965787614764	RNF213-AS1	RNF213-AS1	FALSE	Not significant
ENSG00000171246.7	3.18312186300676	-0.114506671367307	0.304777330113427	0.096941234427249	NA	-1.65986688586426	NPTX1	NPTX1	FALSE	Not significant
ENSG00000280351.2	5.7484907538913	0.0210200434811862	0.264132606316634	0.810537935131191	NA	0.239732116935643	ENSG00000280351	ENSG00000280351	FALSE	Not significant
ENSG00000181409.14	3.36733653459001	-0.00126832454843232	0.270788251462076	0.982276381201934	NA	-0.0222150890975347	AATK	AATK	FALSE	Not significant
ENSG00000260005.6	4.50010209198598	0.0138250095194988	0.267286150092371	0.859479777264159	NA	0.177036426490187	ENSG00000260005	ENSG00000260005	FALSE	Not significant
ENSG00000287431.1	5.82644376727162	-0.0497334818022868	0.267869894388274	0.580137120036	NA	-0.553184440838045	RENO1	RENO1	FALSE	Not significant
ENSG00000262223.10	1.50282810313743	-0.00678760008589455	0.274921095319945	0.895197801211604	NA	-0.13173006891027	LINC03048	LINC03048	FALSE	Not significant
ENSG00000289913.1	4.51530509005119	0.0175050153137098	0.267410870948562	0.822493715715063	NA	0.224338763683611	ENSG00000289913	ENSG00000289913	FALSE	Not significant
ENSG00000229848.1	1.84288608148794	-0.0392628502207915	0.27912880753957	0.397677406698099	NA	-0.845776555214806	ENSG00000229848	ENSG00000229848	FALSE	Not significant
ENSG00000186765.12	4.45555183762664	0.0446476995402977	0.273291645117666	0.543151933329913	NA	0.608053587421915	FSCN2	FSCN2	FALSE	Not significant
ENSG00000183048.12	2.98610670282822	0.052521184463339	0.276575293718304	0.458378299411106	NA	0.74151985210213	SLC25A10	SLC25A10	FALSE	Not significant
ENSG00000263731.1	1.87112851156612	-0.00177987278466738	0.275476977646551	0.961665656185073	NA	-0.0480634738560141	ENSG00000263731	ENSG00000263731	FALSE	Not significant
ENSG00000264769.1	1.50675245139198	0.0391549241846007	0.279041335682529	0.427279523981101	NA	0.793855559021662	ENSG00000264769	ENSG00000264769	FALSE	Not significant
ENSG00000265688.2	5.4995837128434	-0.0331771512919178	0.265043730025431	0.711139877969864	NA	-0.370325631651582	MILIP	MILIP	FALSE	Not significant
ENSG00000265678.1	2.55574296189729	-0.0470704488728983	0.277539679662777	0.462262310052235	NA	-0.735126740730676	ENSG00000265678	ENSG00000265678	FALSE	Not significant
ENSG00000264548.1	2.34228876953894	-0.031140656188919	0.275813625575956	0.575437298114515	NA	-0.560061781018758	ENSG00000264548	ENSG00000264548	FALSE	Not significant
ENSG00000275888.1	3.75215566744295	0.00429547320804394	0.26730231781014	0.957680396613719	NA	0.0530646504400103	ENSG00000275888	ENSG00000275888	FALSE	Not significant
ENSG00000280407.3	2.87456367186076	-0.00378417993283217	0.270481273017476	0.952982508342525	NA	-0.0589618326334236	ENSG00000280407	ENSG00000280407	FALSE	Not significant
ENSG00000173762.8	1.9950794612138	0.022274080735397	0.274069893052676	0.703778476634225	NA	0.380224900858808	CD7	CD7	FALSE	Not significant
ENSG00000279066.1	1.39754517850466	0.00819974572924547	0.275862337675217	0.862330341512944	NA	0.173408503530675	HEXD-IT1	HEXD-IT1	FALSE	Not significant
ENSG00000265458.3	4.4848330847468	-0.0402439129583255	0.26939602594662	0.62269974339117	NA	-0.492027725911315	NARF-AS2	NARF-AS2	FALSE	Not significant
ENSG00000279744.1	1.88969066638107	0.0283418608144454	0.275310151353674	0.614929368917552	NA	0.503049644520815	ENSG00000279744	ENSG00000279744	FALSE	Not significant
