gene_id	gene_name
ENSG00000250020.1	ENSG00000250020
ENSG00000153404.15	PLEKHG4B
ENSG00000199540.1	Y_RNA
ENSG00000185028.4	LRRC14B
ENSG00000261434.1	ENSG00000261434
ENSG00000164366.4	CCDC127
ENSG00000260774.1	ENSG00000260774
ENSG00000286001.1	ENSG00000286001
ENSG00000073578.18	SDHA
ENSG00000248925.3	PDCD6-DT
ENSG00000249915.9	PDCD6
ENSG00000288622.1	PDCD6-AHRR
ENSG00000250848.1	PPP4R2P1
ENSG00000063438.20	AHRR
ENSG00000214278.4	ENSG00000214278
ENSG00000250645.1	ENSG00000250645
ENSG00000221990.5	EXOC3-AS1
ENSG00000180104.16	EXOC3
ENSG00000188242.4	PP7080
ENSG00000066230.12	SLC9A3
ENSG00000225138.8	SLC9A3-AS1
ENSG00000250385.2	ENSG00000250385
ENSG00000264233.1	MIR4456
ENSG00000249650.1	CEP72-DT
ENSG00000112877.8	CEP72
ENSG00000171368.12	TPPP
ENSG00000271781.1	ENSG00000271781
ENSG00000289088.1	ENSG00000289088
ENSG00000206077.14	ZDHHC11B
ENSG00000249908.2	BRD9P2
ENSG00000285522.1	ENSG00000285522
ENSG00000288930.1	ENSG00000288930
ENSG00000188818.13	ZDHHC11
ENSG00000247872.2	SPCS2P3
ENSG00000028310.18	BRD9
ENSG00000071539.14	TRIP13
ENSG00000287600.1	ENSG00000287600
ENSG00000248949.1	ENSG00000248949
ENSG00000288763.1	ENSG00000288763
ENSG00000250173.1	ENSG00000250173
ENSG00000215246.6	LINC02982
ENSG00000272347.1	ENSG00000272347
ENSG00000145506.14	NKD2
ENSG00000113504.21	SLC12A7
ENSG00000263834.1	MIR4635
ENSG00000249201.2	TERLR1
ENSG00000174358.16	SLC6A19
ENSG00000164363.10	SLC6A18
ENSG00000287486.1	ENSG00000287486
ENSG00000164362.21	TERT
ENSG00000263670.1	MIR4457
ENSG00000049656.14	CLPTM1L
ENSG00000286388.1	ENSG00000286388
ENSG00000250584.4	LINC01511
ENSG00000248951.2	MTCO2P32
ENSG00000279908.1	ENSG00000279908
ENSG00000142319.18	SLC6A3
ENSG00000153395.10	LPCAT1
ENSG00000273742.1	MIR6075
ENSG00000251532.1	ENSG00000251532
ENSG00000291055.1	ENSG00000291055
ENSG00000185986.14	SDHAP3
ENSG00000271119.1	LINC03067
ENSG00000248126.1	ENSG00000248126
ENSG00000188002.13	PDCD6P1
ENSG00000291079.1	ENSG00000291079
ENSG00000232615.4	PPP4R2P5
ENSG00000288549.1	ENSG00000288549
ENSG00000263746.1	MIR4277
ENSG00000260066.1	ENSG00000260066
ENSG00000171421.13	MRPL36
ENSG00000145494.12	NDUFS6
ENSG00000249966.1	ENSG00000249966
ENSG00000250417.1	LINC02116
ENSG00000279222.1	ENSG00000279222
ENSG00000113430.10	IRX4
ENSG00000249116.2	IRX4-AS1
ENSG00000249326.1	CTD-2194D22.4
ENSG00000288108.1	ENSG00000288108
ENSG00000248994.2	ENSG00000248994
ENSG00000248597.2	ENSG00000248597
ENSG00000249731.1	ENSG00000249731
ENSG00000201026.1	Y_RNA
ENSG00000275733.1	ENSG00000275733
ENSG00000281560.1	LSINCT5
ENSG00000259757.1	ENSG00000259757
ENSG00000170561.13	IRX2
ENSG00000186493.14	IRX2-DT
ENSG00000289075.2	ENSG00000289075
ENSG00000249541.1	ENSG00000249541
ENSG00000248137.1	ENSG00000248137
ENSG00000248736.3	ENSG00000248736
ENSG00000249808.4	LINC01377
ENSG00000248118.2	LINC01019
ENSG00000249830.1	LINC02162
ENSG00000250716.1	LINC01017
ENSG00000170549.4	IRX1
ENSG00000259603.1	ENSG00000259603
ENSG00000288978.3	ENSG00000288978
ENSG00000248962.1	ENSG00000248962
ENSG00000249994.1	ENSG00000249994
ENSG00000250921.2	LINC02063
ENSG00000260763.1	ENSG00000260763
ENSG00000248973.3	ENSG00000248973
ENSG00000231291.3	ENSG00000231291
ENSG00000251371.1	ENSG00000251371
ENSG00000249521.1	LINC02114
ENSG00000248311.1	ENSG00000248311
ENSG00000249941.1	ENSG00000249941
ENSG00000251506.1	ENSG00000251506
ENSG00000250481.2	ENSG00000250481
ENSG00000215231.8	LINC01020
ENSG00000251426.1	ENSG00000251426
ENSG00000250529.1	LINC02121
ENSG00000223007.1	RN7SKP73
ENSG00000250579.3	ADAMTS16-DT
ENSG00000145536.15	ADAMTS16
ENSG00000250866.1	ENSG00000250866
ENSG00000251568.1	ALG3P1
ENSG00000286753.3	ENSG00000286753
ENSG00000248729.1	MTCO1P30
ENSG00000250808.1	MTCO2P30
ENSG00000251476.2	MTCO1P31
ENSG00000164151.12	ICE1
ENSG00000286986.1	ENSG00000286986
ENSG00000261037.1	ENSG00000261037
ENSG00000259861.1	ENSG00000259861
ENSG00000278913.1	ENSG00000278913
ENSG00000250730.2	HMGB3P3
ENSG00000250490.1	LINC02145
ENSG00000133398.4	MED10
ENSG00000287031.1	ENSG00000287031
ENSG00000215218.4	UBE2QL1
ENSG00000271230.1	ENSG00000271230
ENSG00000250056.8	LINC01018
ENSG00000037474.15	NSUN2
ENSG00000145545.12	SRD5A1
ENSG00000248677.2	LINC02102
ENSG00000112941.14	TENT4A
ENSG00000251365.6	LINC02236
ENSG00000272071.1	ENSG00000272071
ENSG00000283420.1	MIR4278
ENSG00000250974.4	LINC02196
ENSG00000200243.1	RN7SKP79
ENSG00000250060.2	ENSG00000250060
ENSG00000212258.1	RNA5SP176
ENSG00000287790.1	ENSG00000287790
ENSG00000286254.1	ENSG00000286254
ENSG00000237611.2	Metazoa_SRP
ENSG00000285689.1	ENSG00000285689
ENSG00000248775.1	ENSG00000248775
ENSG00000290510.1	ENSG00000290510
ENSG00000251250.4	ENSG00000251250
ENSG00000205976.4	ENSG00000205976
ENSG00000251678.1	ENSG00000251678
ENSG00000250668.2	LINC02123
ENSG00000249638.1	ENSG00000249638
ENSG00000249865.1	ENSG00000249865
ENSG00000223597.3	LINC02142
ENSG00000078295.17	ADCY2
ENSG00000250761.2	ENSG00000250761
ENSG00000215217.7	CFAP90
ENSG00000124275.15	MTRR
ENSG00000124279.12	FASTKD3
ENSG00000251168.1	ENSG00000251168
ENSG00000199773.1	RNU1-76P
ENSG00000287947.1	ENSG00000287947
ENSG00000280338.1	ENSG00000280338
ENSG00000280251.1	ENSG00000280251
ENSG00000249486.1	ENSG00000249486
ENSG00000288002.1	ENSG00000288002
ENSG00000245729.2	LINC02226
ENSG00000249159.6	ENSG00000249159
ENSG00000251549.2	ENSG00000251549
ENSG00000272049.1	ENSG00000272049
ENSG00000247516.8	MIR4458HG
ENSG00000250037.1	ENSG00000250037
ENSG00000279075.1	ENSG00000279075
ENSG00000284000.1	MIR4458
ENSG00000249782.2	ENSG00000249782
ENSG00000279097.1	ENSG00000279097
ENSG00000279264.1	ENSG00000279264
ENSG00000250389.1	MTND6P2
ENSG00000248765.1	MTCYBP37
ENSG00000279002.1	ENSG00000279002
ENSG00000280373.1	ENSG00000280373
ENSG00000279125.1	ENSG00000279125
ENSG00000280438.1	ENSG00000280438
ENSG00000278877.1	ENSG00000278877
ENSG00000260981.1	ENSG00000260981
ENSG00000280185.1	ENSG00000280185
ENSG00000250198.5	LINC02199
ENSG00000279635.1	ENSG00000279635
ENSG00000250619.1	ENSG00000250619
ENSG00000112902.12	SEMA5A
ENSG00000266415.1	MIR4636
ENSG00000248537.1	ENSG00000248537
ENSG00000279698.1	ENSG00000279698
ENSG00000251370.1	SEMA5A-AS1
ENSG00000250001.1	ENSG00000250001
ENSG00000250786.4	SNHG18
ENSG00000239112.1	SNORD123
ENSG00000248525.2	ENSG00000248525
ENSG00000169777.7	TAS2R1
ENSG00000249781.7	LINC02112
ENSG00000222054.1	RNA5SP177
ENSG00000286556.1	ENSG00000286556
ENSG00000250814.3	LINC02221
ENSG00000279011.1	ENSG00000279011
ENSG00000279755.1	ENSG00000279755
ENSG00000278874.1	ENSG00000278874
ENSG00000280016.1	ENSG00000280016
ENSG00000249807.1	ENSG00000249807
ENSG00000280449.1	ENSG00000280449
ENSG00000280368.1	ENSG00000280368
ENSG00000260515.1	ENSG00000260515
ENSG00000271998.1	ENSG00000271998
ENSG00000272417.1	ENSG00000272417
ENSG00000150756.14	ATPSCKMT
ENSG00000248968.1	ENSG00000248968
ENSG00000150753.12	CCT5
ENSG00000271980.1	ENSG00000271980
ENSG00000271715.1	ENSG00000271715
ENSG00000164237.9	CMBL
ENSG00000252341.1	Y_RNA
ENSG00000259802.3	MARCHF6-DT
ENSG00000252671.1	Y_RNA
ENSG00000280369.1	ENSG00000280369
ENSG00000145495.17	MARCHF6
ENSG00000250600.2	ROPN1L-AS1
ENSG00000145491.12	ROPN1L
ENSG00000277073.1	MIR6131
ENSG00000246016.2	LINC01513
ENSG00000244361.1	RPL30P7
ENSG00000249166.1	ENSG00000249166
ENSG00000249396.2	LINC02212
ENSG00000249160.4	LINC02213
ENSG00000280017.1	ENSG00000280017
ENSG00000279450.1	ENSG00000279450
ENSG00000164236.12	ANKRD33B
ENSG00000250106.1	ANKRD33B-AS1
ENSG00000251196.1	ENSG00000251196
ENSG00000251548.1	ENSG00000251548
ENSG00000279979.1	ENSG00000279979
ENSG00000278865.1	ENSG00000278865
ENSG00000112977.16	DAP
ENSG00000272324.5	DAP-DT
ENSG00000250576.1	ENSG00000250576
ENSG00000169862.21	CTNND2
ENSG00000207312.1	RNU6-429P
ENSG00000212305.1	RNU6-679P
ENSG00000248783.1	ENSG00000248783
ENSG00000248131.6	LINC01194
ENSG00000288967.1	ENSG00000288967
ENSG00000251112.2	ENSG00000251112
ENSG00000249053.1	ENSG00000249053
ENSG00000248457.1	LINC02220
ENSG00000248145.2	ENSG00000248145
ENSG00000242608.1	RPS23P5
ENSG00000248462.1	NENFP3
ENSG00000243744.2	RPL29P13
ENSG00000039139.11	DNAH5
ENSG00000251423.3	ENSG00000251423
ENSG00000038382.23	TRIO
ENSG00000287581.1	ENSG00000287581
ENSG00000145569.6	OTULINL
ENSG00000248791.1	ENSG00000248791
ENSG00000250526.1	CCT6P2
ENSG00000250182.3	EEF1A1P13
ENSG00000261360.3	OTULIN-DT
ENSG00000154124.6	OTULIN
ENSG00000154122.14	ANKH
ENSG00000286970.1	ENSG00000286970
ENSG00000249485.1	RBBP4P1
ENSG00000264792.1	MIR4637
ENSG00000272057.1	ANKH-DT
ENSG00000249928.2	UQCRBP3
ENSG00000250662.1	HNRNPKP5
ENSG00000250247.1	SEPHS2P1
ENSG00000286441.1	ENSG00000286441
ENSG00000202269.1	U8
ENSG00000249332.2	LINC02149
ENSG00000248834.2	MARK2P5
ENSG00000286377.1	ENSG00000286377
ENSG00000248699.1	ENSG00000248699
ENSG00000183580.10	FBXL7
ENSG00000250250.2	CTD-2350J17.1
ENSG00000216077.3	MIR887
ENSG00000222312.1	RNA5SP178
ENSG00000183654.9	MARCHF11
ENSG00000250981.3	MARCHF11-AS1
ENSG00000250448.1	MARCHF11-DT
ENSG00000248403.1	NACAP6
ENSG00000248150.1	LINC02150
ENSG00000249737.1	ENSG00000249737
ENSG00000173545.5	ZNF622
ENSG00000289112.2	ENSG00000289112
ENSG00000154153.15	RETREG1
ENSG00000246214.3	RETREG1-AS1
ENSG00000250415.1	ENSG00000250415
ENSG00000201370.1	Y_RNA
ENSG00000145555.15	MYO10
ENSG00000253093.1	RNA5SP179
ENSG00000243538.1	RPS26P28
ENSG00000201436.1	RNU6-660P
ENSG00000176788.9	BASP1
ENSG00000215196.5	BASP1-AS1
ENSG00000271892.1	ENSG00000271892
ENSG00000206814.1	Y_RNA
ENSG00000251990.1	RNA5SP180
ENSG00000250816.1	DCAF13P2
ENSG00000252908.1	RNU6-1003P
ENSG00000185296.8	ENSG00000185296
ENSG00000201715.1	RN7SKP133
ENSG00000223361.5	FTH1P10
ENSG00000248223.1	ENSG00000248223
ENSG00000249199.2	ENSG00000249199
ENSG00000250822.1	LINC02111
ENSG00000248455.8	LINC02217
ENSG00000249662.7	LINC02218
ENSG00000268799.4	H3Y2
ENSG00000250667.1	ENSG00000250667
ENSG00000284373.1	TAF11L2
ENSG00000248205.1	H3P17
ENSG00000249620.1	H3P18
ENSG00000284439.1	TAF11L3
ENSG00000284283.1	TAF11L4
ENSG00000284234.1	TAF11L5
ENSG00000284042.1	TAF11L6
ENSG00000284465.1	TAF11L7
ENSG00000250088.1	ENSG00000250088
ENSG00000283967.1	TAF11L8
ENSG00000283988.1	TAF11L9
ENSG00000284356.1	TAF11L10
ENSG00000248422.1	ENSG00000248422
ENSG00000249282.1	ENSG00000249282
ENSG00000283740.2	TAF11L11
ENSG00000249156.2	TAF11L12
ENSG00000271296.1	H3P19
ENSG00000250351.1	H3P20
ENSG00000250386.1	H3P21
ENSG00000283776.1	TAF11L13
ENSG00000250782.1	TAF11L14
ENSG00000248471.2	ENSG00000248471
ENSG00000248160.1	ENSG00000248160
ENSG00000248542.2	ENSG00000248542
ENSG00000248337.1	ENSG00000248337
ENSG00000269466.4	H3Y1
ENSG00000274832.1	ENSG00000274832
ENSG00000250715.1	H3P22
ENSG00000249937.9	LINC02223
ENSG00000240785.2	RPL36AP21
ENSG00000212278.1	SNORD81
ENSG00000241552.3	RN7SL58P
ENSG00000248693.1	LINC02100
ENSG00000249191.1	UBE2V1P12
ENSG00000249927.1	ENSG00000249927
ENSG00000249285.1	ENSG00000249285
ENSG00000276764.1	Metazoa_SRP
ENSG00000249174.1	ENSG00000249174
ENSG00000251487.1	ENSG00000251487
ENSG00000242654.1	RPL32P14
ENSG00000249557.2	HSPD1P15
ENSG00000145526.12	CDH18
ENSG00000248766.2	ENSG00000248766
ENSG00000214132.4	ENSG00000214132
ENSG00000249854.3	CDH18-AS1
ENSG00000249490.2	LINC02146
ENSG00000251629.7	LINC02241
ENSG00000248308.1	ENSG00000248308
ENSG00000286751.1	ENSG00000286751
ENSG00000248286.1	ENSG00000248286
ENSG00000249359.3	ENSG00000249359
ENSG00000291102.1	GUSBP1
ENSG00000183666.20	GUSBP1
ENSG00000233974.3	ENSG00000233974
ENSG00000279107.1	ENSG00000279107
ENSG00000272130.1	ENSG00000272130
ENSG00000253766.1	ENSG00000253766
ENSG00000154162.15	CDH12
ENSG00000213430.6	HSPD1P1
ENSG00000253104.1	ENSG00000253104
ENSG00000290530.1	ENSG00000290530
ENSG00000168967.15	PMCHL1
ENSG00000287471.1	ENSG00000287471
ENSG00000249206.2	GCNT1P2
ENSG00000286961.2	ENSG00000286961
ENSG00000249404.1	ENSG00000249404
ENSG00000250319.1	ENSG00000250319
ENSG00000206912.1	Y_RNA
ENSG00000250332.1	PTPN11P4
ENSG00000249289.1	ENSG00000249289
ENSG00000164256.11	PRDM9
ENSG00000248591.1	ENSG00000248591
ENSG00000249607.1	TRPC6P9
ENSG00000248874.5	LINC02899
ENSG00000252083.1	ENSG00000252083
ENSG00000234865.3	ADH5P5
ENSG00000200600.1	Y_RNA
ENSG00000286134.2	ENSG00000286134
ENSG00000226432.3	AKTIPP2
ENSG00000250694.1	ENSG00000250694
ENSG00000277455.1	Metazoa_SRP
ENSG00000287199.1	ENSG00000287199
ENSG00000040731.10	CDH10
ENSG00000251294.1	ENSG00000251294
ENSG00000249562.1	ENSG00000249562
ENSG00000286454.1	ENSG00000286454
ENSG00000250099.1	TRPC6P6
ENSG00000286238.1	ENSG00000286238
ENSG00000248156.2	BTG4P1
ENSG00000223004.1	SNORD29
ENSG00000248908.1	LINC02239
ENSG00000250524.1	ENSG00000250524
ENSG00000199911.1	Y_RNA
ENSG00000251273.4	LINC02228
ENSG00000245662.4	LINC02211
ENSG00000285042.1	ENSG00000285042
ENSG00000251654.2	ENSG00000251654
ENSG00000260761.1	ENSG00000260761
ENSG00000279671.1	ENSG00000279671
ENSG00000248605.5	ENSG00000248605
ENSG00000279531.1	ENSG00000279531
ENSG00000201016.1	RNU6-374P
ENSG00000279869.1	ENSG00000279869
ENSG00000251593.1	MSNP1
ENSG00000286625.1	ENSG00000286625
ENSG00000222560.1	RNU4-43P
ENSG00000249099.1	ENSG00000249099
ENSG00000286204.1	ENSG00000286204
ENSG00000230571.2	ENSG00000230571
ENSG00000248426.1	ENSG00000248426
ENSG00000250703.1	ENSG00000250703
ENSG00000251033.1	ENSG00000251033
ENSG00000249616.1	CCNB3P1
ENSG00000113100.10	CDH9
ENSG00000207261.1	RNU6-738P
ENSG00000250337.10	PURPL
ENSG00000248490.2	ENSG00000248490
ENSG00000250079.1	ENSG00000250079
ENSG00000249785.3	LINC02103
ENSG00000250453.2	ENSG00000250453
ENSG00000286432.1	ENSG00000286432
ENSG00000252867.1	RNU6-909P
ENSG00000270495.1	ENSG00000270495
ENSG00000259786.7	LINC02109
ENSG00000271035.1	DPPA3P12
ENSG00000162685.6	LSP1P3
ENSG00000226400.2	ENSG00000226400
ENSG00000277878.1	ENSG00000277878
ENSG00000249226.1	SUCLG2P4
ENSG00000252601.1	ENSG00000252601
ENSG00000248687.2	ENSG00000248687
ENSG00000270430.1	ENSG00000270430
ENSG00000286182.1	ENSG00000286182
ENSG00000248391.6	LINC02064
ENSG00000276098.1	ENSG00000276098
ENSG00000248418.2	UBL5P1
ENSG00000250984.1	ENSG00000250984
ENSG00000249744.1	ZCCHC10P2
ENSG00000233787.3	ENSG00000233787
ENSG00000223136.1	RN7SKP207
ENSG00000280305.1	ENSG00000280305
ENSG00000250587.2	HPRT1P2
ENSG00000250118.1	ENSG00000250118
ENSG00000287176.1	ENSG00000287176
ENSG00000287940.1	ENSG00000287940
ENSG00000241668.2	RPL19P11
ENSG00000253940.1	ENSG00000253940
ENSG00000289601.1	ENSG00000289601
ENSG00000254138.1	ENSG00000254138
ENSG00000113361.13	CDH6
ENSG00000250482.3	DUX4L51
ENSG00000113360.17	DROSHA
ENSG00000206682.1	Y_RNA
ENSG00000082213.18	C5orf22
ENSG00000279923.1	ENSG00000279923
ENSG00000199765.1	RNU6-363P
ENSG00000133401.16	PDZD2
ENSG00000248624.1	ENSG00000248624
ENSG00000248878.1	ENSG00000248878
ENSG00000249114.1	ENSG00000249114
ENSG00000248813.1	ENSG00000248813
ENSG00000248378.1	ENSG00000248378
ENSG00000250164.1	ENSG00000250164
ENSG00000249688.1	ENSG00000249688
ENSG00000252373.1	RNU6-358P
ENSG00000224282.3	ENSG00000224282
ENSG00000251887.2	RNU6-760P
ENSG00000241739.1	RPL21P56
ENSG00000243914.1	RPL5P14
ENSG00000214108.4	TPT1P5
ENSG00000249774.1	ENSG00000249774
ENSG00000266243.1	MIR4279
ENSG00000250764.1	ENSG00000250764
ENSG00000113384.14	GOLPH3
ENSG00000200065.1	Y_RNA
ENSG00000272086.2	GOLPH3-DT
ENSG00000230829.3	ENSG00000230829
ENSG00000150712.11	MTMR12
ENSG00000199731.1	RNU6-1079P
ENSG00000207052.1	RNU6-378P
ENSG00000056097.16	ZFR
ENSG00000207956.1	MIR579
ENSG00000249142.1	TMEM183AP2
ENSG00000113387.12	SUB1
ENSG00000250885.1	LINC02061
ENSG00000286741.1	ENSG00000286741
ENSG00000113389.16	NPR3
ENSG00000251062.1	ENSG00000251062
ENSG00000250697.2	ENSG00000250697
ENSG00000248279.5	LINC02120
ENSG00000249102.3	ENSG00000249102
ENSG00000251281.1	ENSG00000251281
ENSG00000250672.1	ENSG00000250672
ENSG00000240376.1	ENSG00000240376
ENSG00000251443.3	LINC02160
ENSG00000288579.1	ENSG00000288579
ENSG00000249572.3	TARS1-DT
ENSG00000113407.14	TARS1
ENSG00000249360.1	TOMM40P3
ENSG00000250583.1	ENSG00000250583
ENSG00000151388.11	ADAMTS12
ENSG00000201623.1	RNU6-923P
ENSG00000182631.7	RXFP3
ENSG00000164175.15	SLC45A2
ENSG00000250914.1	ENSG00000250914
ENSG00000242110.9	AMACR
ENSG00000273294.1	C1QTNF3-AMACR
ENSG00000289791.1	ENSG00000289791
ENSG00000250767.1	ENSG00000250767
ENSG00000082196.21	C1QTNF3
ENSG00000278900.1	ENSG00000278900
ENSG00000279995.1	ENSG00000279995
ENSG00000271771.1	ENSG00000271771
ENSG00000290548.1	ENSG00000290548
ENSG00000215158.10	GUSBP18
ENSG00000215156.5	ENSG00000215156
ENSG00000286543.1	ENSG00000286543
ENSG00000249380.1	ENSG00000249380
ENSG00000271874.1	RAI14-DT
ENSG00000039560.14	RAI14
ENSG00000250234.1	ENSG00000250234
ENSG00000272323.1	TTC23L-AS1
ENSG00000205838.15	TTC23L
ENSG00000250140.1	ENSG00000250140
ENSG00000241829.1	RPL21P54
ENSG00000113456.20	RAD1
ENSG00000113460.13	BRIX1
ENSG00000168724.18	DNAJC21
ENSG00000113492.14	AGXT2
ENSG00000113494.17	PRLR
ENSG00000250886.1	ENSG00000250886
ENSG00000201368.2	U3
ENSG00000152582.14	SPEF2
ENSG00000238441.1	RNU7-130P
ENSG00000248969.1	ENSG00000248969
ENSG00000168685.15	IL7R
ENSG00000279737.1	ENSG00000279737
ENSG00000248349.1	ENSG00000248349
ENSG00000152611.12	CAPSL
ENSG00000249748.1	CAPSL-DT
ENSG00000145626.12	UGT3A1
ENSG00000168671.10	UGT3A2
ENSG00000251591.2	ENSG00000251591
ENSG00000164187.7	LMBRD2
ENSG00000207756.1	MIR580
ENSG00000145604.17	SKP2
ENSG00000201223.1	RNU6-1305P
ENSG00000152620.13	NADK2
ENSG00000245711.2	NADK2-AS1
ENSG00000164188.9	RANBP3L
ENSG00000287634.1	ENSG00000287634
ENSG00000222178.1	RNA5SP181
ENSG00000242292.2	ENSG00000242292
ENSG00000079215.15	SLC1A3
ENSG00000274441.1	ENSG00000274441
ENSG00000250155.3	SLC1A3-AS1
ENSG00000272103.2	ENSG00000272103
ENSG00000285967.1	NIPBL-DT
ENSG00000164190.19	NIPBL
ENSG00000249850.1	KRT18P31
ENSG00000244073.1	RPS4XP6
ENSG00000197603.16	CPLANE1
ENSG00000271378.1	RBISP2
ENSG00000228212.1	OFD1P17
ENSG00000242493.3	RN7SL37P
ENSG00000286193.3	CPLANE1-AS1
ENSG00000270558.1	ENSG00000270558
ENSG00000113569.16	NUP155
ENSG00000251880.1	RNU7-75P
ENSG00000250455.1	ENSG00000250455
ENSG00000082068.9	WDR70
ENSG00000248216.1	KCTD9P5
ENSG00000222743.1	RNU6-1190P
ENSG00000206743.1	RNU6-484P
ENSG00000248587.8	GDNF-AS1
ENSG00000168621.15	GDNF
ENSG00000248539.1	LINC02117
ENSG00000250032.1	ENSG00000250032
ENSG00000251518.1	LINC02110
ENSG00000248533.1	ENSG00000248533
ENSG00000248461.3	LINC02119
ENSG00000276332.1	ENSG00000276332
ENSG00000164318.18	EGFLAM
ENSG00000248730.1	EGFLAM-AS4
ENSG00000249071.2	EGFLAM-AS3
ENSG00000248572.6	EGFLAM-AS2
ENSG00000249491.1	EGFLAM-AS1
ENSG00000248234.1	ENSG00000248234
ENSG00000251257.3	ENSG00000251257
ENSG00000113594.10	LIFR
ENSG00000244968.7	LIFR-AS1
ENSG00000265304.1	MIR3650
ENSG00000251189.1	ENSG00000251189
ENSG00000249740.4	OSMR-DT
ENSG00000248577.1	ENSG00000248577
ENSG00000250629.1	ENSG00000250629
ENSG00000145623.13	OSMR
ENSG00000164327.14	RICTOR
ENSG00000249089.1	AIG1P1
ENSG00000289196.2	ENSG00000289196
ENSG00000286809.1	ENSG00000286809
ENSG00000082074.19	FYB1
ENSG00000251215.1	GOLGA5P1
ENSG00000113600.12	C9
ENSG00000289699.1	ENSG00000289699
ENSG00000153071.15	DAB2
ENSG00000271334.6	LINC02104
ENSG00000251515.1	CFAP53P1
ENSG00000250492.1	INTS6P1
ENSG00000248651.1	GCSHP1
ENSG00000250048.2	LINC00603
ENSG00000249668.1	KRT18P56
ENSG00000250585.3	LINC00604
ENSG00000199361.1	RNU1-150P
ENSG00000287597.1	ENSG00000287597
ENSG00000283286.2	ENSG00000283286
ENSG00000285552.1	ENSG00000285552
ENSG00000285616.1	ENSG00000285616
ENSG00000113638.14	TTC33
ENSG00000199552.1	SNORA63
ENSG00000289540.1	ENSG00000289540
ENSG00000171522.6	PTGER4
ENSG00000132356.12	PRKAA1
ENSG00000212567.1	ENSG00000212567
ENSG00000288911.2	ENSG00000288911
ENSG00000145592.14	RPL37
ENSG00000212296.1	SNORD72
ENSG00000132357.14	CARD6
ENSG00000112936.21	C7
ENSG00000253098.1	RNU7-161P
ENSG00000248120.1	ENSG00000248120
ENSG00000171495.17	MROH2B
ENSG00000039537.16	C6
ENSG00000182836.11	PLCXD3
ENSG00000251478.1	ENSG00000251478
ENSG00000083720.13	OXCT1
ENSG00000286164.1	ENSG00000286164
ENSG00000248668.3	OXCT1-AS1
ENSG00000240281.2	ENSG00000240281
ENSG00000205765.10	RIMOC1
ENSG00000151876.13	FBXO4
ENSG00000239694.1	RPSAP38
ENSG00000199487.1	Y_RNA
ENSG00000249266.1	MTHFD2P6
ENSG00000260786.1	ENSG00000260786
ENSG00000112964.14	GHR
ENSG00000248873.1	SERBP1P6
ENSG00000250860.1	ENSG00000250860
ENSG00000270513.1	ENSG00000270513
ENSG00000198865.10	CCDC152
ENSG00000250722.6	SELENOP
ENSG00000272234.1	ENSG00000272234
ENSG00000286271.3	ENSG00000286271
ENSG00000249092.1	PPIAP77
ENSG00000251163.1	PRELID3BP4
ENSG00000251656.1	PRELID3BP5
ENSG00000249516.1	PRELID3BP6
ENSG00000250711.1	PRELID3BP7
ENSG00000287263.3	ENSG00000287263
ENSG00000289206.1	ENSG00000289206
ENSG00000286656.2	ENSG00000286656
ENSG00000271788.1	ENSG00000271788
ENSG00000177738.6	ANXA2R-OT1
ENSG00000251131.3	ENSG00000251131
ENSG00000272382.1	ENSG00000272382
ENSG00000177721.5	ANXA2R
ENSG00000215068.10	ANXA2R-AS1
ENSG00000272144.1	ENSG00000272144
ENSG00000172262.12	ZNF131
ENSG00000278487.1	ENSG00000278487
ENSG00000177453.7	NIM1K
ENSG00000249779.1	ENSG00000249779
ENSG00000249888.1	ENSG00000249888
ENSG00000247763.2	TUBAP14
ENSG00000112972.15	HMGCS1
ENSG00000261604.1	ENSG00000261604
ENSG00000188850.9	ENSG00000188850
ENSG00000151882.11	CCL28
ENSG00000151881.15	TMEM267
ENSG00000249492.3	ENSG00000249492
ENSG00000172244.9	C5orf34
ENSG00000249855.1	EEF1A1P19
ENSG00000248554.1	C5orf34-AS1
ENSG00000248240.1	ENSG00000248240
ENSG00000172239.14	PAIP1
ENSG00000248092.8	NNT-AS1
ENSG00000279557.1	ENSG00000279557
ENSG00000249286.1	AMD1P3
ENSG00000112992.18	NNT
ENSG00000224993.3	RPL29P12
ENSG00000249276.1	ENSG00000249276
ENSG00000212561.1	RNU6-381P
ENSG00000070193.5	FGF10
ENSG00000248464.1	FGF10-AS1
ENSG00000249203.2	LINC02224
ENSG00000250418.1	ENSG00000250418
ENSG00000263556.2	RN7SL383P
ENSG00000251141.6	MRPS30-DT
ENSG00000248779.1	ENSG00000248779
ENSG00000112996.11	MRPS30
ENSG00000272335.1	ENSG00000272335
ENSG00000248148.1	ENSG00000248148
ENSG00000287540.1	ENSG00000287540
ENSG00000164588.8	HCN1
ENSG00000250422.1	ENSG00000250422
ENSG00000250017.1	ENSG00000250017
ENSG00000250122.1	ENSG00000250122
ENSG00000170571.12	EMB
ENSG00000271455.1	ENSG00000271455
ENSG00000213956.4	ENSG00000213956
ENSG00000271752.1	ENSG00000271752
ENSG00000151883.19	PARP8
ENSG00000289056.2	ENSG00000289056
ENSG00000249405.1	ENSG00000249405
ENSG00000270830.1	ENSG00000270830
ENSG00000251601.1	ENSG00000251601
ENSG00000250360.1	ENSG00000250360
ENSG00000251573.2	LINC02106
ENSG00000248918.2	ENSG00000248918
ENSG00000207060.1	RNU6-480P
ENSG00000278734.1	ENSG00000278734
ENSG00000206606.1	RNU6-1296P
ENSG00000240627.1	ENSG00000240627
ENSG00000259663.2	ISL1-DT
ENSG00000016082.15	ISL1
ENSG00000249338.1	HMGB1P47
ENSG00000248891.2	ENSG00000248891
ENSG00000288035.1	ENSG00000288035
ENSG00000251125.1	ENSG00000251125
ENSG00000251873.1	RNA5SP182
ENSG00000249270.1	KATNBL1P4
ENSG00000279470.1	ENSG00000279470
ENSG00000248789.5	LINC02118
ENSG00000244621.1	RPS17P11
ENSG00000250827.1	MFSD4BP1
ENSG00000248898.4	PELO-AS1
ENSG00000152684.11	PELO
ENSG00000213949.10	ITGA1
ENSG00000288539.1	ENSG00000288539
ENSG00000251237.1	B3GNTL1P1
ENSG00000241809.1	RPL17P21
ENSG00000249899.6	ITGA2-AS1
ENSG00000164171.11	ITGA2
ENSG00000286048.1	ENSG00000286048
ENSG00000272123.1	ENSG00000272123
ENSG00000164172.20	MOCS2
ENSG00000247796.3	MOCS2-DT
ENSG00000213940.4	RPL13AP13
ENSG00000285831.1	ENSG00000285831
ENSG00000240052.1	ENSG00000240052
ENSG00000134363.12	FST
ENSG00000164258.12	NDUFS4
ENSG00000250447.6	LINC02105
ENSG00000217791.4	ASS1P9
ENSG00000272416.1	ENSG00000272416
ENSG00000185305.12	ARL15
ENSG00000287087.1	ENSG00000287087
ENSG00000222960.1	RNU6-272P
ENSG00000207627.1	MIR581
ENSG00000241230.3	RN7SL801P
ENSG00000265421.1	ENSG00000265421
ENSG00000279638.1	ENSG00000279638
ENSG00000288957.2	ENSG00000288957
ENSG00000249069.8	LINC01033
ENSG00000251597.1	RPL37P25
ENSG00000169271.3	HSPB3
ENSG00000178996.14	SNX18
ENSG00000280159.1	ENSG00000280159
ENSG00000287367.2	ENSG00000287367
ENSG00000232517.2	CSPG4BP
ENSG00000226810.3	ENSG00000226810
ENSG00000249843.1	ENSG00000249843
ENSG00000289060.1	ENSG00000289060
ENSG00000249016.1	ENSG00000249016
ENSG00000164283.13	ESM1
ENSG00000240535.8	ENSG00000240535
ENSG00000113088.6	GZMK
ENSG00000207229.1	Y_RNA
ENSG00000251376.1	ENSG00000251376
ENSG00000248029.2	ENSG00000248029
ENSG00000249454.1	GZMAP1
ENSG00000145649.8	GZMA
ENSG00000164287.13	CDC20B
ENSG00000164294.14	GPX8
ENSG00000198983.1	MIR449A
ENSG00000207728.1	MIR449B
ENSG00000251856.1	MIR449C
ENSG00000234602.9	MCIDAS
ENSG00000152669.9	CCNO
ENSG00000251307.1	CCNO-DT
ENSG00000067248.11	DHX29
ENSG00000039123.16	MTREX
ENSG00000271410.1	ENSG00000271410
ENSG00000067113.17	PLPP1
ENSG00000279883.1	ENSG00000279883
ENSG00000265135.1	MIR5687
ENSG00000250853.1	RNF138P1
ENSG00000249410.1	AK4P2
ENSG00000177058.12	SLC38A9
ENSG00000152670.19	DDX4
ENSG00000251368.1	ENSG00000251368
ENSG00000199322.1	RNA5SP183
ENSG00000248854.1	HNRNPH1P3
ENSG00000164509.16	IL31RA
ENSG00000134352.21	IL6ST
ENSG00000262211.1	ENSG00000262211
ENSG00000264281.3	ENSG00000264281
ENSG00000249236.2	ENSG00000249236
ENSG00000227908.5	IL6ST-DT
ENSG00000238326.1	ENSG00000238326
ENSG00000164512.18	ANKRD55
ENSG00000253032.1	RNU6-299P
ENSG00000243592.1	RPL17P22
ENSG00000223003.1	RNA5SP184
ENSG00000251435.1	C1GALT1P2
ENSG00000212265.1	RNA5SP185
ENSG00000248781.1	PSMC1P4
ENSG00000210678.1	RNU6ATAC2P
ENSG00000249697.1	ENSG00000249697
ENSG00000250787.1	HMGN1P17
ENSG00000248727.6	LINC01948
ENSG00000285997.1	ENSG00000285997
ENSG00000226221.1	RPL26P19
ENSG00000225940.7	C5orf67
ENSG00000234553.1	ENSG00000234553
ENSG00000289709.1	ENSG00000289709
ENSG00000228650.2	ENSG00000228650
ENSG00000095015.6	MAP3K1
ENSG00000237705.1	ENSG00000237705
ENSG00000225230.1	ENSG00000225230
ENSG00000155542.12	SETD9
ENSG00000155545.20	MIER3
ENSG00000271828.1	ENSG00000271828
ENSG00000235635.1	ENSG00000235635
ENSG00000233943.1	ENSG00000233943
ENSG00000248652.2	ENSG00000248652
ENSG00000250480.3	C12orf29P1
ENSG00000207293.1	Y_RNA
ENSG00000289152.2	ENSG00000289152
ENSG00000062194.16	GPBP1
ENSG00000248586.2	ENSG00000248586
ENSG00000250961.2	RMEL3
ENSG00000250308.2	SALL4P1
ENSG00000169067.4	ACTBL2
ENSG00000249436.2	LNCBRM
ENSG00000287709.3	ENSG00000287709
ENSG00000249198.1	ENSG00000249198
ENSG00000249584.1	LINC02225
ENSG00000248132.3	LINC02101
ENSG00000286853.1	ENSG00000286853
ENSG00000248271.1	PGAM1P1
ENSG00000145632.15	PLK2
ENSG00000175857.9	GAPT
ENSG00000271257.1	ENSG00000271257
ENSG00000265699.1	MIR548AE2
ENSG00000250127.1	LINC02108
ENSG00000152932.8	RAB3C
ENSG00000248475.5	ENSG00000248475
ENSG00000240412.1	RPL5P15
ENSG00000248733.1	ENSG00000248733
ENSG00000113448.21	PDE4D
ENSG00000247345.2	ENSG00000247345
ENSG00000276214.1	ENSG00000276214
ENSG00000251306.1	NDUFB4P2
ENSG00000202601.4	MIR582
ENSG00000248935.1	ENSG00000248935
ENSG00000202017.1	RNU6-806P
ENSG00000213896.4	RPL31P8
ENSG00000214244.4	SETP21
ENSG00000273701.1	ENSG00000273701
ENSG00000152931.9	PART1
ENSG00000275634.1	ENSG00000275634
ENSG00000276233.1	ENSG00000276233
ENSG00000035499.13	DEPDC1B
ENSG00000251303.1	CAB39P1
ENSG00000287434.1	ENSG00000287434
ENSG00000250148.1	KRT8P31
ENSG00000164181.14	ELOVL7
ENSG00000049167.16	ERCC8
ENSG00000215032.2	GNL3LP1
ENSG00000233847.1	ERCC8-AS1
ENSG00000164182.12	NDUFAF2
ENSG00000279985.1	ENSG00000279985
ENSG00000276945.1	ENSG00000276945
ENSG00000188725.8	SMIM15
ENSG00000251279.3	SMIM15-AS1
ENSG00000249279.6	LINC02057
ENSG00000288936.1	ENSG00000288936
ENSG00000130449.6	ZSWIM6
ENSG00000251682.1	ENSG00000251682
ENSG00000250461.1	ENSG00000250461
ENSG00000213891.3	RPL3P6
ENSG00000178722.15	C5orf64
ENSG00000248529.5	ENSG00000248529
ENSG00000212215.1	RNU6-913P
ENSG00000251575.3	C5orf64-AS1
ENSG00000249878.1	ENSG00000249878
ENSG00000248199.2	ENSG00000248199
ENSG00000289916.1	ENSG00000289916
ENSG00000251983.1	RN7SKP157
ENSG00000068796.19	KIF2A
ENSG00000288643.1	ENSG00000288643
ENSG00000086189.11	DIMT1
ENSG00000086200.17	IPO11
ENSG00000199279.1	RNU6-661P
ENSG00000268942.2	CKS1BP3
ENSG00000241991.1	ENSG00000241991
ENSG00000240436.1	RPL35AP14
ENSG00000186105.8	LRRC70
ENSG00000217416.4	ISCA1P1
ENSG00000249579.2	ENSG00000249579
ENSG00000248185.1	ENSG00000248185
ENSG00000287179.1	ENSG00000287179
ENSG00000178394.5	HTR1A
ENSG00000248285.1	ENSG00000248285
ENSG00000164197.12	RNF180
ENSG00000236068.2	NT5ELP
ENSG00000186479.5	RGS7BP
ENSG00000242547.3	RN7SL169P
ENSG00000201869.1	RNU6-294P
ENSG00000224296.3	MRPL49P1
ENSG00000145642.12	SHISAL2B
ENSG00000153006.16	SREK1IP1
ENSG00000153015.17	CWC27
ENSG00000207439.1	Y_RNA
ENSG00000049192.15	ADAMTS6
ENSG00000248288.1	ENSG00000248288
ENSG00000250732.1	RPEP1
ENSG00000205644.5	ENSG00000205644
ENSG00000250081.1	ENSG00000250081
ENSG00000123219.13	CENPK
ENSG00000113593.12	PPWD1
ENSG00000113595.15	TRIM23
ENSG00000207352.1	RNU6-540P
ENSG00000113597.18	TRAPPC13
ENSG00000253251.3	SHLD3
ENSG00000197860.10	SGTB
ENSG00000123213.23	NLN
ENSG00000251648.2	ENSG00000251648
ENSG00000112851.16	ERBIN
ENSG00000269961.1	ERBIN-DT
ENSG00000252904.1	ENSG00000252904
ENSG00000286314.1	ENSG00000286314
ENSG00000285999.1	ENSG00000285999
ENSG00000153914.16	SREK1
ENSG00000253744.1	ENSG00000253744
ENSG00000248846.3	LINC02065
ENSG00000251391.5	ENSG00000251391
ENSG00000286062.2	ENSG00000286062
ENSG00000250313.3	LINC02229
ENSG00000234838.3	PPIAP78
ENSG00000069020.19	MAST4
ENSG00000248803.1	ENSG00000248803
ENSG00000249057.1	MAST4-IT1
ENSG00000229666.2	MAST4-AS1
ENSG00000134061.5	CD180
ENSG00000251206.1	TILRLS
ENSG00000286647.1	ENSG00000286647
ENSG00000249364.7	LINC02997
ENSG00000250978.5	ENSG00000250978
ENSG00000239870.1	RPL21P55
ENSG00000249736.1	LINC02242
ENSG00000249238.1	BCL9P1
ENSG00000250669.1	ENSG00000250669
ENSG00000249721.1	ENSG00000249721
ENSG00000250421.5	ENSG00000250421
ENSG00000249894.1	ENSG00000249894
ENSG00000273860.1	ENSG00000273860
ENSG00000253801.2	ENSG00000253801
ENSG00000252108.1	RNU6-1232P
ENSG00000213864.3	EEF1B2P2
ENSG00000253787.1	LINC02219
ENSG00000145675.16	PIK3R1
ENSG00000248884.2	ENSG00000248884
ENSG00000248359.2	ENSG00000248359
ENSG00000249588.1	ENSG00000249588
ENSG00000250237.3	ENSG00000250237
ENSG00000249335.5	ENSG00000249335
ENSG00000250289.1	VWA8P1
ENSG00000212249.2	U8
ENSG00000250066.1	ENSG00000250066
ENSG00000276309.1	RN7SKP251
ENSG00000249352.4	LINC02198
ENSG00000249183.1	SUMO2P4
ENSG00000145740.20	SLC30A5
ENSG00000248664.3	ENSG00000248664
ENSG00000220986.1	ENSG00000220986
ENSG00000280894.1	SNORA50D
ENSG00000134057.15	CCNB1
ENSG00000280187.2	ENSG00000280187
ENSG00000153044.10	CENPH
ENSG00000134056.12	MRPS36
ENSG00000134058.12	CDK7
ENSG00000183323.13	CCDC125
ENSG00000213830.3	CFL1P5
ENSG00000215006.4	CHCHD2P2
ENSG00000271045.1	NDUFB9P1
ENSG00000085231.14	AK6
ENSG00000273841.6	TAF9
ENSG00000152942.19	RAD17
ENSG00000152939.17	MARVELD2
ENSG00000244717.1	RPS27P14
ENSG00000249295.1	ENSG00000249295
ENSG00000266477.2	RN7SL616P
ENSG00000197822.12	OCLN
ENSG00000212260.1	RNU6-724P
ENSG00000183474.16	GTF2H2C
ENSG00000290556.1	ENSG00000290556
ENSG00000248477.7	NAIPP3
ENSG00000250138.4	ENSG00000250138
ENSG00000290560.1	ENSG00000290560
ENSG00000253203.7	GUSBP3
ENSG00000248769.1	ENSG00000248769
ENSG00000198237.8	GUSBP13
ENSG00000251158.1	ENSG00000251158
ENSG00000249230.1	CDH12P2
ENSG00000205572.11	SERF1B
ENSG00000205571.15	SMN2
ENSG00000285151.1	ENSG00000285151
ENSG00000179978.11	NAIPP2
ENSG00000253492.1	CDH12P3
ENSG00000254701.3	ENSG00000254701
ENSG00000253816.3	GUSBP14
ENSG00000226259.11	GTF2H2B
ENSG00000291220.1	ENSG00000291220
ENSG00000269983.1	ENSG00000269983
ENSG00000291221.1	ENSG00000291221
ENSG00000250687.7	NAIPP1
ENSG00000253333.1	ENSG00000253333
ENSG00000196302.5	GUSBP15
ENSG00000253366.3	GUSBP16
ENSG00000288349.1	ENSG00000288349
ENSG00000254335.1	CDH12P1
ENSG00000172058.16	SERF1A
ENSG00000172062.17	SMN1
ENSG00000285204.1	ENSG00000285204
ENSG00000249437.8	NAIP
ENSG00000289810.1	ENSG00000289810
ENSG00000145736.15	GTF2H2
ENSG00000230847.4	OCLNP1
ENSG00000251634.2	NAIPP4
ENSG00000253900.1	CDH12P4
ENSG00000215630.6	GUSBP9
ENSG00000235558.3	GUSBP17
ENSG00000250387.3	LINC02197
ENSG00000253985.1	ENSG00000253985
ENSG00000290836.1	PMCHL2
ENSG00000169040.15	PMCHL2
ENSG00000249981.1	ENSG00000249981
ENSG00000145734.20	BDP1
ENSG00000253536.1	ENSG00000253536
ENSG00000247911.3	HMGN1P12
ENSG00000131844.17	MCCC2
ENSG00000164326.5	CARTPT
ENSG00000278824.1	ENSG00000278824
ENSG00000285804.2	ENSG00000285804
ENSG00000131711.15	MAP1B
ENSG00000264099.1	MIR4803
ENSG00000113048.19	MRPS27
ENSG00000244748.3	RN7SL153P
ENSG00000049883.15	PTCD2
ENSG00000244061.1	ENSG00000244061
ENSG00000251108.1	YBX1P5
ENSG00000261269.1	ENSG00000261269
ENSG00000178175.12	ZNF366
ENSG00000248371.5	LINC02056
ENSG00000251613.4	ENSG00000251613
ENSG00000226544.4	RPL7P22
ENSG00000223497.1	H2BL1P
ENSG00000206770.1	Y_RNA
ENSG00000249085.1	TNPO1-DT
ENSG00000083312.19	TNPO1
ENSG00000263593.1	MIR4804
ENSG00000242602.1	RPL35AP13
ENSG00000271926.1	ENSG00000271926
ENSG00000272081.1	FCHO2-DT
ENSG00000157107.14	FCHO2
ENSG00000251467.1	CTDNEP1P2
ENSG00000248930.1	CHP1P1
ENSG00000157111.13	TMEM171
ENSG00000251599.1	ENSG00000251599
ENSG00000250747.1	ENSG00000250747
ENSG00000164325.8	TMEM174
ENSG00000287090.1	ENSG00000287090
ENSG00000249743.8	ENSG00000249743
ENSG00000251543.1	LINC02230
ENSG00000249149.2	ENSG00000249149
ENSG00000251493.5	FOXD1
ENSG00000247993.2	FOXD1-AS1
ENSG00000251604.1	LINC01385
ENSG00000251324.1	LINC01386
ENSG00000272525.2	BTF3-DT
ENSG00000145741.17	BTF3
ENSG00000255883.1	FUNDC2P1
ENSG00000164331.10	ANKRA2
ENSG00000164338.10	UTP15
ENSG00000214944.10	ARHGEF28
ENSG00000249293.1	ENSG00000249293
ENSG00000184084.7	ENSG00000184084
ENSG00000238913.1	RNU7-196P
ENSG00000259968.3	ENSG00000259968
ENSG00000248474.1	LINC02122
ENSG00000248673.2	LINC01331
ENSG00000248942.3	LINC01335
ENSG00000288883.1	ENSG00000288883
ENSG00000244326.3	RN7SL814P
ENSG00000249343.3	LINC01333
ENSG00000250446.1	LINC01332
ENSG00000171617.16	ENC1
ENSG00000049860.14	HEXB
ENSG00000164347.18	GFM2
ENSG00000207336.1	RNU6-658P
ENSG00000164346.10	NSA2
ENSG00000198780.13	FAM169A
ENSG00000199645.1	RNU6-1330P
ENSG00000250071.1	ARPC1AP3
ENSG00000271714.1	FAM169A-AS1
ENSG00000289639.1	ENSG00000289639
ENSG00000212363.1	ENSG00000212363
ENSG00000287701.1	ENSG00000287701
ENSG00000249856.1	ENSG00000249856
ENSG00000196390.6	ENSG00000196390
ENSG00000239517.1	ENSG00000239517
ENSG00000289535.2	ENSG00000289535
ENSG00000182383.8	RPL27AP5
ENSG00000249157.1	ENSG00000249157
ENSG00000176928.7	GCNT4
ENSG00000145700.10	ANKRD31
ENSG00000251663.1	SUMO2P5
ENSG00000247372.2	ENSG00000247372
ENSG00000113161.17	HMGCR
ENSG00000113163.19	CERT1
ENSG00000242198.1	ENSG00000242198
ENSG00000122008.16	POLK
ENSG00000251724.1	RNU7-175P
ENSG00000248881.1	ENSG00000248881
ENSG00000189045.15	ANKDD1B
ENSG00000152359.15	POC5
ENSG00000207333.1	RNU6-680P
ENSG00000251078.1	SLC25A5P9
ENSG00000251419.1	ENSG00000251419
ENSG00000249301.1	ENSG00000249301
ENSG00000248684.1	BIN2P2
ENSG00000228367.3	ENSG00000228367
ENSG00000249777.1	SAP18P1
ENSG00000251342.1	ENSG00000251342
ENSG00000248127.1	SV2C-AS1
ENSG00000122012.14	SV2C
ENSG00000252833.1	RNA5SP186
ENSG00000251668.2	ENSG00000251668
ENSG00000254893.6	RAP1BL
ENSG00000249014.2	HMGN2P4
ENSG00000251107.1	PDCD5P2
ENSG00000250348.1	ENSG00000250348
ENSG00000251235.3	SNRPCP2
ENSG00000145703.17	IQGAP2
ENSG00000250574.1	ENSG00000250574
ENSG00000249713.1	ENSG00000249713
ENSG00000164220.7	F2RL2
ENSG00000225407.3	ENSG00000225407
ENSG00000277188.1	ENSG00000277188
ENSG00000278237.1	ENSG00000278237
ENSG00000181104.7	F2R
ENSG00000289924.1	ENSG00000289924
ENSG00000164251.5	F2RL1
ENSG00000264391.2	RN7SL208P
ENSG00000171643.14	S100Z
ENSG00000252684.1	RNU6ATAC36P
ENSG00000145708.11	CRHBP
ENSG00000164252.13	AGGF1
ENSG00000285000.1	ENSG00000285000
ENSG00000132846.6	ZBED3
ENSG00000250615.1	ENSG00000250615
ENSG00000238961.1	SNORA47
ENSG00000250802.7	ZBED3-AS1
ENSG00000284762.1	ENSG00000284762
ENSG00000251566.1	HMGB1P35
ENSG00000113231.14	PDE8B
ENSG00000251400.1	ALDH7A1P1
ENSG00000164253.14	WDR41
ENSG00000244019.1	RPS2P24
ENSG00000244363.3	RPL7P23
ENSG00000171540.8	OTP
ENSG00000171530.15	TBCA
ENSG00000213763.4	ACTBP2
ENSG00000253572.2	ENSG00000253572
ENSG00000287162.2	ENSG00000287162
ENSG00000132842.15	AP3B1
ENSG00000253558.2	ENSG00000253558
ENSG00000249372.1	ATP6V1G1P6
ENSG00000251605.1	ENSG00000251605
ENSG00000200331.1	RNU6-183P
ENSG00000206714.1	Y_RNA
ENSG00000245556.5	SCAMP1-AS1
ENSG00000085365.18	SCAMP1
ENSG00000145685.14	LHFPL2
ENSG00000248909.1	HMGB1P21
ENSG00000254170.1	ENSG00000254170
ENSG00000254310.1	ENSG00000254310
ENSG00000113273.17	ARSB
ENSG00000132837.15	DMGDH
ENSG00000214890.3	ENSG00000214890
ENSG00000132840.10	BHMT2
ENSG00000145692.15	BHMT
ENSG00000201955.1	RNY3P1
ENSG00000249829.2	ENSG00000249829
ENSG00000206592.1	ENSG00000206592
ENSG00000250330.1	ENSG00000250330
ENSG00000152409.9	JMY
ENSG00000213757.3	RPS3AP20
ENSG00000152413.15	HOMER1
ENSG00000213755.3	RPL29P15
ENSG00000243160.1	RPL7AP32
ENSG00000207391.1	Y_RNA
ENSG00000288846.1	ENSG00000288846
ENSG00000277818.1	Y_RNA
ENSG00000164329.15	TENT2
ENSG00000164309.15	CMYA5
ENSG00000250258.1	ENSG00000250258
ENSG00000286818.2	ENSG00000286818
ENSG00000238254.3	ENSG00000238254
ENSG00000250888.1	LINC01455
ENSG00000177034.18	MTX3
ENSG00000113296.14	THBS4
ENSG00000251050.1	RBX1P2
ENSG00000249778.1	TRMT112P2
ENSG00000249825.6	THBS4-AS1
ENSG00000164300.17	SERINC5
ENSG00000251675.1	ENSG00000251675
ENSG00000288741.1	ENSG00000288741
ENSG00000249438.2	KRT18P45
ENSG00000184188.6	ENSG00000184188
ENSG00000251828.1	ENSG00000251828
ENSG00000244076.1	ENSG00000244076
ENSG00000164299.7	SPZ1
ENSG00000227087.4	RBMX2P5
ENSG00000248569.1	ENSG00000248569
ENSG00000220157.4	HNRNPA1P12
ENSG00000206774.1	RNU6-211P
ENSG00000289317.2	ENSG00000289317
ENSG00000039319.17	ZFYVE16
ENSG00000249042.6	FAM151B-DT
ENSG00000152380.10	FAM151B
ENSG00000242706.2	RPS27AP9
ENSG00000240003.2	RPL7P24
ENSG00000189127.8	ANKRD34B
ENSG00000251366.1	DBIP2
ENSG00000251221.1	LINC01337
ENSG00000228716.7	DHFR
ENSG00000249655.1	ENSG00000249655
ENSG00000113318.11	MSH3
ENSG00000248967.1	ENSG00000248967
ENSG00000244630.2	ENSG00000244630
ENSG00000251450.2	RASGRF2-AS1
ENSG00000113319.13	RASGRF2
ENSG00000251001.1	ENSG00000251001
ENSG00000249772.1	ENSG00000249772
ENSG00000247572.9	CKMT2-AS1
ENSG00000131730.16	CKMT2
ENSG00000248794.1	ENSG00000248794
ENSG00000131732.12	ZCCHC9
ENSG00000172497.9	ACOT12
ENSG00000286721.1	ENSG00000286721
ENSG00000145687.17	SSBP2
ENSG00000287938.1	ENSG00000287938
ENSG00000249483.1	ENSG00000249483
ENSG00000214857.4	SEM1P1
ENSG00000152348.16	ATG10
ENSG00000236447.2	ATG10-IT1
ENSG00000251495.1	PPIAP11
ENSG00000248192.1	ATG10-AS1
ENSG00000265684.2	RN7SL378P
ENSG00000251374.1	ENSG00000251374
ENSG00000186468.13	RPS23
ENSG00000205464.13	ATP6AP1L
ENSG00000248393.1	ENSG00000248393
ENSG00000248870.1	ENSG00000248870
ENSG00000249100.1	ENSG00000249100
ENSG00000240411.2	RPL5P16
ENSG00000281327.4	LINC01338
ENSG00000248105.1	ENSG00000248105
ENSG00000283359.1	MIR3977
ENSG00000248112.1	ENSG00000248112
ENSG00000249857.1	ENSG00000249857
ENSG00000248400.2	ST13P12
ENSG00000249664.1	ENSG00000249664
ENSG00000271862.1	ENSG00000271862
ENSG00000174695.10	TMEM167A
ENSG00000238835.1	SCARNA18
ENSG00000152422.16	XRCC4
ENSG00000243385.2	ENSG00000243385
ENSG00000251552.1	COQ10BP2
ENSG00000251395.1	FTH1P9
ENSG00000038427.16	VCAN
ENSG00000249835.2	VCAN-AS1
ENSG00000145681.11	HAPLN1
ENSG00000253073.1	RN7SKP295
ENSG00000206744.1	RNU6-620P
ENSG00000242858.1	RPL13AP14
ENSG00000202157.1	RNU4-11P
ENSG00000250013.1	ZP3P1
ENSG00000164176.13	EDIL3
ENSG00000252861.1	RNU6-448P
ENSG00000250320.7	EDIL3-DT
ENSG00000214853.5	PPIAP79
ENSG00000249349.1	ENSG00000249349
ENSG00000248674.1	RBBP4P6
ENSG00000250253.3	ENSG00000250253
ENSG00000249792.1	ENSG00000249792
ENSG00000248170.1	ENSG00000248170
ENSG00000248667.1	ENSG00000248667
ENSG00000249023.1	ENSG00000249023
ENSG00000249842.1	ENSG00000249842
ENSG00000243859.3	RPL5P17
ENSG00000251066.1	ENSG00000251066
ENSG00000250874.1	ENSG00000250874
ENSG00000241965.2	RPS2P25
ENSG00000249153.1	ENSG00000249153
ENSG00000250359.1	PTP4A1P4
ENSG00000290550.1	ENSG00000290550
ENSG00000205449.12	NBPF22P
ENSG00000280009.1	ENSG00000280009
ENSG00000248195.1	ENSG00000248195
ENSG00000248363.5	ENSG00000248363
ENSG00000250124.1	ENSG00000250124
ENSG00000251585.1	ENSG00000251585
ENSG00000127184.13	COX7C
ENSG00000284078.1	SNORD138
ENSG00000207013.1	RNU6-804P
ENSG00000250544.2	LINC02059
ENSG00000248701.1	ENSG00000248701
ENSG00000242477.1	ENSG00000242477
ENSG00000249061.1	ENSG00000249061
ENSG00000233828.5	MIR4280HG
ENSG00000251951.1	RN7SKP34
ENSG00000265919.1	MIR4280
ENSG00000288569.1	LINC01949
ENSG00000145715.15	RASA1
ENSG00000241243.3	RN7SL629P
ENSG00000207452.1	RNU6-606P
ENSG00000134480.16	CCNH
ENSG00000285190.1	ENSG00000285190
ENSG00000200462.1	RNU6-727P
ENSG00000249362.3	LINC02488
ENSG00000248708.2	LINC02144
ENSG00000287783.1	ENSG00000287783
ENSG00000287862.1	ENSG00000287862
ENSG00000289462.1	ENSG00000289462
ENSG00000289184.1	ENSG00000289184
ENSG00000164180.14	TMEM161B
ENSG00000247828.10	TMEM161B-DT
ENSG00000207129.1	RNA5SP187
ENSG00000240083.2	RPS3AP22
ENSG00000206958.1	SNORA70
ENSG00000250306.1	ENSG00000250306
ENSG00000250156.3	LINC02060
ENSG00000271904.1	ENSG00000271904
ENSG00000245526.13	LINC00461
ENSG00000250705.1	H3P23
ENSG00000284447.1	MIR9-2
ENSG00000245864.5	MEF2C-AS2
ENSG00000289008.1	ENSG00000289008
ENSG00000250377.2	ENSG00000250377
ENSG00000250555.2	ENSG00000250555
ENSG00000081189.17	MEF2C
ENSG00000248309.9	MEF2C-AS1
ENSG00000288740.1	ENSG00000288740
ENSG00000250831.1	ENSG00000250831
ENSG00000250437.1	LINC02161
ENSG00000214942.6	ENSG00000214942
ENSG00000264342.3	MIR3660
ENSG00000248555.7	LINC01339
ENSG00000253321.1	ENSG00000253321
ENSG00000260871.1	ENSG00000260871
ENSG00000153140.9	CETN3
ENSG00000255647.3	ENSG00000255647
ENSG00000176055.10	MBLAC2
ENSG00000113356.13	POLR3G
ENSG00000176018.13	LYSMD3
ENSG00000164199.18	ADGRV1
ENSG00000249514.1	LYSETP1
ENSG00000248323.8	LUCAT1
ENSG00000285618.1	ENSG00000285618
ENSG00000212930.3	ENSG00000212930
ENSG00000251093.1	ENSG00000251093
ENSG00000199643.1	RNU4-90P
ENSG00000234292.3	ENSG00000234292
ENSG00000286638.2	ENSG00000286638
ENSG00000277001.1	Metazoa_SRP
ENSG00000240388.2	ENSG00000240388
ENSG00000241059.2	ENSG00000241059
ENSG00000113369.9	ARRDC3
ENSG00000281357.5	ARRDC3-AS1
ENSG00000251356.1	RAB5CP2
ENSG00000286121.1	ENSG00000286121
ENSG00000248826.2	PCBP2P3
ENSG00000276426.1	ENSG00000276426
ENSG00000250049.7	ENSG00000250049
ENSG00000249776.5	ENSG00000249776
ENSG00000249169.1	ENSG00000249169
ENSG00000249984.1	ENSG00000249984
ENSG00000248588.2	ENSG00000248588
ENSG00000248950.1	LDHBP3
ENSG00000249958.1	CCT7P2
ENSG00000248528.1	LINC02058
ENSG00000251361.1	ENSG00000251361
ENSG00000286509.1	ENSG00000286509
ENSG00000213730.3	POLD2P1
ENSG00000237187.9	NR2F1-AS1
ENSG00000175745.15	NR2F1
ENSG00000289274.1	ENSG00000289274
ENSG00000278905.1	ENSG00000278905
ENSG00000113391.19	FAM172A
ENSG00000284336.1	MIR2277
ENSG00000287180.1	ENSG00000287180
ENSG00000249353.2	NPM1P27
ENSG00000248483.7	POU5F2
ENSG00000272406.1	ENSG00000272406
ENSG00000287447.1	ENSG00000287447
ENSG00000251023.1	ENSG00000251023
ENSG00000286577.1	ENSG00000286577
ENSG00000185261.16	KIAA0825
ENSG00000251544.1	MTND5P12
ENSG00000254132.1	MTND6P3
ENSG00000251340.1	MTCYBP35
ENSG00000232578.4	ENSG00000232578
ENSG00000270133.1	ENSG00000270133
ENSG00000133302.13	SLF1
ENSG00000175471.20	MCTP1
ENSG00000249175.1	ENSG00000249175
ENSG00000243806.1	RPL7P18
ENSG00000276514.1	ENSG00000276514
ENSG00000249545.1	MCTP1-AS1
ENSG00000153347.10	FAM81B
ENSG00000225165.3	RTRAFP2
ENSG00000198677.13	SKIC3
ENSG00000212259.1	RNU6-308P
ENSG00000164291.17	ARSK
ENSG00000178015.5	GPR150
ENSG00000175449.15	RFESD
ENSG00000145757.16	SPATA9
ENSG00000250240.6	ENSG00000250240
ENSG00000164292.13	RHOBTB3
ENSG00000173221.14	GLRX
ENSG00000251348.1	HSPD1P11
ENSG00000251000.1	GGCTP1
ENSG00000251409.2	ENSG00000251409
ENSG00000236882.9	LINC01554
ENSG00000272021.1	ENSG00000272021
ENSG00000250362.1	ENSG00000250362
ENSG00000118985.16	ELL2
ENSG00000251314.2	ENSG00000251314
ENSG00000250955.1	ENSG00000250955
ENSG00000213716.3	FABP5P5
ENSG00000250551.1	MIR583HG
ENSG00000207578.1	MIR583
ENSG00000289337.1	ENSG00000289337
ENSG00000206997.1	RNU6-524P
ENSG00000249746.3	ENSG00000249746
ENSG00000250158.1	ENSG00000250158
ENSG00000175426.11	PCSK1
ENSG00000153113.24	CAST
ENSG00000249180.1	ENSG00000249180
ENSG00000164307.13	ERAP1
ENSG00000248734.2	ENSG00000248734
ENSG00000272109.2	ENSG00000272109
ENSG00000247121.8	ENSG00000247121
ENSG00000164308.17	ERAP2
ENSG00000113441.16	LNPEP
ENSG00000227836.1	ENSG00000227836
ENSG00000200884.1	Y_RNA
ENSG00000213701.4	SETP22
ENSG00000251513.2	LIX1-AS1
ENSG00000145721.12	LIX1
ENSG00000058729.11	RIOK2
ENSG00000206698.1	RNU1-73P
ENSG00000286828.1	ENSG00000286828
ENSG00000248758.1	ENSG00000248758
ENSG00000251054.1	ENSG00000251054
ENSG00000249761.1	ENSG00000249761
ENSG00000251389.1	YTHDF1P1
ENSG00000249977.1	ENSG00000249977
ENSG00000250331.2	LINC01340
ENSG00000248931.1	MTCYBP40
ENSG00000251193.1	ENSG00000251193
ENSG00000286953.1	ENSG00000286953
ENSG00000248202.2	LINC02234
ENSG00000249101.1	ENSG00000249101
ENSG00000248901.2	LINC01846
ENSG00000249135.1	ENSG00000249135
ENSG00000238000.1	PSME2P1
ENSG00000176183.8	ENSG00000176183
ENSG00000250221.1	KRT8P32
ENSG00000250830.1	MRPS35P2
ENSG00000249990.1	MTCO2P24
ENSG00000249448.1	MTCO1P24
ENSG00000251102.1	CTBP2P4
ENSG00000251553.1	DDX18P4
ENSG00000174136.13	RGMB
ENSG00000246763.7	RGMB-AS1
ENSG00000279232.2	ENSG00000279232
ENSG00000250162.1	CSNK1A1P3
ENSG00000153922.12	CHD1
ENSG00000222610.1	RNU6-402P
ENSG00000248489.4	CHD1-DT
ENSG00000200351.1	Y_RNA
ENSG00000241597.2	ENSG00000241597
ENSG00000290580.1	ENSG00000290580
ENSG00000249444.3	ENSG00000249444
ENSG00000206356.5	ENSG00000206356
ENSG00000227762.4	GUSBP8
ENSG00000249515.1	LINC02113
ENSG00000248236.1	ENSG00000248236
ENSG00000248928.1	ENSG00000248928
ENSG00000250391.1	CRLF3P2
ENSG00000249963.1	EEF1A1P20
ENSG00000199378.1	Y_RNA
ENSG00000270232.1	MTCYBP22
ENSG00000270230.1	MTND6P22
ENSG00000271687.1	MTND5P10
ENSG00000270906.1	MTND4P35
ENSG00000270350.1	MTND4LP5
ENSG00000271480.1	MTND3P19
ENSG00000270388.1	MTCO3P22
ENSG00000270307.1	MTATP6P2
ENSG00000270225.1	MTCO2P22
ENSG00000271207.1	MTCO1P22
ENSG00000274455.1	GUSBP7
ENSG00000207077.1	RNU6-1119P
ENSG00000275374.1	GUSBP19
ENSG00000273957.1	ENSG00000273957
ENSG00000249787.2	ENSG00000249787
ENSG00000247877.8	FAM174A-DT
ENSG00000174132.9	FAM174A
ENSG00000250806.2	ENSG00000250806
ENSG00000207269.1	RN7SKP62
ENSG00000113532.13	ST8SIA4
ENSG00000221263.1	MIR548P
ENSG00000289912.1	ENSG00000289912
ENSG00000277506.1	RN7SL802P
ENSG00000251261.4	OR7H2P
ENSG00000249495.1	ENSG00000249495
ENSG00000199786.1	RNA5SP188
ENSG00000248261.2	ENSG00000248261
ENSG00000173930.9	SLCO4C1
ENSG00000222987.1	RN7SKP68
ENSG00000205359.10	SLCO6A1
ENSG00000249017.1	ENSG00000249017
ENSG00000250958.1	LINC00492
ENSG00000250682.6	LINC00491
ENSG00000247402.2	ENSG00000247402
ENSG00000286338.1	ENSG00000286338
ENSG00000145730.21	PAM
ENSG00000175749.11	EIF3KP1
ENSG00000145723.17	GIN1
ENSG00000145725.21	PPIP5K2
ENSG00000248203.1	ENSG00000248203
ENSG00000181751.10	MACIR
ENSG00000250567.1	ENSG00000250567
ENSG00000226926.7	PDZPH1P
ENSG00000248757.2	LINC02115
ENSG00000112874.10	NUDT12
ENSG00000283462.3	ENSG00000283462
ENSG00000251026.2	NIHCOLE
ENSG00000201910.1	RNU1-140P
ENSG00000239808.3	RN7SL255P
ENSG00000251574.8	ENSG00000251574
ENSG00000278958.1	ENSG00000278958
ENSG00000253776.1	ENSG00000253776
ENSG00000252881.1	RNU6-334P
ENSG00000253584.1	ENSG00000253584
ENSG00000232159.3	RAB9BP1
ENSG00000201790.1	RNA5SP189
ENSG00000251204.1	ENSG00000251204
ENSG00000250145.1	ENSG00000250145
ENSG00000252337.1	ENSG00000252337
ENSG00000251027.2	LINC01950
ENSG00000250273.1	PSMC1P5
ENSG00000184349.14	EFNA5
ENSG00000249959.6	ENSG00000249959
ENSG00000248827.1	ENSG00000248827
ENSG00000239708.3	RN7SL782P
ENSG00000251732.1	RN7SKP122
ENSG00000145743.18	FBXL17
ENSG00000286503.1	ENSG00000286503
ENSG00000244245.1	ENSG00000244245
ENSG00000272523.2	LINC01023
ENSG00000289260.2	ENSG00000289260
ENSG00000151422.14	FER
ENSG00000249921.2	RACK1P1
ENSG00000250383.1	ENSG00000250383
ENSG00000207404.1	Y_RNA
ENSG00000250441.1	ENSG00000250441
ENSG00000206593.1	RNU6-47P
ENSG00000176857.5	GJA1P1
ENSG00000286882.1	ENSG00000286882
ENSG00000249476.2	ENSG00000249476
ENSG00000198961.10	PJA2
ENSG00000248867.1	ENSG00000248867
ENSG00000251367.1	ENSG00000251367
ENSG00000248876.1	ENSG00000248876
ENSG00000248440.1	ENSG00000248440
ENSG00000214794.4	KRT18P42
ENSG00000271849.1	MAN2A1-DT
ENSG00000112893.10	MAN2A1
ENSG00000202512.1	RN7SKP230
ENSG00000249068.1	ENSG00000249068
ENSG00000254106.1	LINC01848
ENSG00000253224.1	PGAM5P1
ENSG00000186952.15	TMEM232
ENSG00000221436.1	MIR548F3
ENSG00000207177.1	ENSG00000207177
ENSG00000164209.17	SLC25A46
ENSG00000270779.1	ENSG00000270779
ENSG00000248966.1	BCLAF1P1
ENSG00000248428.1	ENSG00000248428
ENSG00000251627.1	ENSG00000251627
ENSG00000145777.15	TSLP
ENSG00000253613.2	ENSG00000253613
ENSG00000134987.13	WDR36
ENSG00000250728.1	ENSG00000250728
ENSG00000214784.4	RPS3AP21
ENSG00000152495.11	CAMK4
ENSG00000288965.1	ENSG00000288965
ENSG00000249318.1	ENSG00000249318
ENSG00000248268.1	ENSG00000248268
ENSG00000164211.13	STARD4
ENSG00000246859.3	STARD4-AS1
ENSG00000249619.1	HMGN1P13
ENSG00000251099.2	ENSG00000251099
ENSG00000134986.14	NREP
ENSG00000253057.1	RN7SKP57
ENSG00000249439.1	HMGN1P14
ENSG00000250095.5	NREP-AS1
ENSG00000129595.14	EPB41L4A
ENSG00000224032.9	EPB41L4A-AS1
ENSG00000238363.1	SNORA13
ENSG00000250882.1	ENSG00000250882
ENSG00000251187.5	ENSG00000251187
ENSG00000251076.1	ENSG00000251076
ENSG00000248350.1	ENSG00000248350
ENSG00000278921.2	EPB41L4A-DT
ENSG00000248430.1	HMGB3P16
ENSG00000290027.1	ENSG00000290027
ENSG00000251014.1	TMEM183AP6
ENSG00000250358.7	LINC02200
ENSG00000134982.18	APC
ENSG00000250045.2	CBX3P3
ENSG00000212370.1	RNU6-482P
ENSG00000258864.1	ENSG00000258864
ENSG00000153037.15	SRP19
ENSG00000129625.13	REEP5
ENSG00000249947.2	XBP1P1
ENSG00000212643.3	ZRSR2P1
ENSG00000172795.17	DCP2
ENSG00000171444.19	MCC
ENSG00000232633.4	ENSG00000232633
ENSG00000212122.4	TSSK1B
ENSG00000251741.1	RNU4ATAC13P
ENSG00000047188.16	YTHDC2
ENSG00000286839.1	ENSG00000286839
ENSG00000080709.17	KCNN2
ENSG00000222706.1	RN7SKP89
ENSG00000246316.8	ENSG00000246316
ENSG00000251542.1	LINC01957
ENSG00000251132.1	ENSG00000251132
ENSG00000250242.1	ENSG00000250242
ENSG00000152503.10	TRIM36
ENSG00000250472.1	TRIM36-IT1
ENSG00000249791.1	ENSG00000249791
ENSG00000164219.10	PGGT1B
ENSG00000271797.1	ENSG00000271797
ENSG00000243304.3	ENSG00000243304
ENSG00000164221.13	CCDC112
ENSG00000250197.1	HMGN1P15
ENSG00000289497.2	ENSG00000289497
ENSG00000249026.2	CTNNA1P1
ENSG00000248722.1	AK3P4
ENSG00000249944.1	ENSG00000249944
ENSG00000249433.1	ENSG00000249433
ENSG00000250444.1	CCT5P1
ENSG00000145780.8	FEM1C
ENSG00000243414.6	TICAM2
ENSG00000251201.8	TMED7-TICAM2
ENSG00000249249.2	TICAM2-AS1
ENSG00000134970.14	TMED7
ENSG00000249021.1	ENSG00000249021
ENSG00000248709.3	ENSG00000248709
ENSG00000251118.1	H3P24
ENSG00000222598.1	RNU2-49P
ENSG00000129596.5	CDO1
ENSG00000145782.13	ATG12
ENSG00000177879.17	AP3S1
ENSG00000287148.1	LINCADL
ENSG00000172901.21	LVRN
ENSG00000248295.2	DDX43P1
ENSG00000268223.7	ARL14EPL
ENSG00000185641.6	ENSG00000185641
ENSG00000272265.1	ENSG00000272265
ENSG00000271918.2	ENSG00000271918
ENSG00000145781.9	COMMD10
ENSG00000212457.1	RNU6-644P
ENSG00000232916.1	HMGN2P27
ENSG00000250015.1	ENSG00000250015
ENSG00000092421.17	SEMA6A
ENSG00000248445.5	SEMA6A-AS1
ENSG00000239528.1	RPS14P8
ENSG00000249167.2	SEMA6A-AS2
ENSG00000197575.6	RPS17P2
ENSG00000251311.1	LINC02214
ENSG00000249150.2	ENSG00000249150
ENSG00000250650.1	ENSG00000250650
ENSG00000250949.1	ENSG00000250949
ENSG00000243758.1	RPL35AP15
ENSG00000285809.1	ENSG00000285809
ENSG00000248663.7	LINC00992
ENSG00000251477.1	ENSG00000251477
ENSG00000249797.2	LINC02147
ENSG00000249582.1	RPL7L1P4
ENSG00000250891.3	LINC02208
ENSG00000250427.1	LINC02148
ENSG00000249551.1	LINC02216
ENSG00000286745.1	ENSG00000286745
ENSG00000249128.1	LINC02215
ENSG00000238904.1	RNU7-34P
ENSG00000249426.1	ENSG00000249426
ENSG00000169570.10	DTWD2
ENSG00000197744.5	PTMAP2
ENSG00000283498.1	MIR1244-2
ENSG00000249494.6	DMXL1-DT
ENSG00000223179.3	RNU6-373P
ENSG00000250678.1	ENSG00000250678
ENSG00000250928.1	ENSG00000250928
ENSG00000172869.15	DMXL1
ENSG00000248885.1	SEPTIN7P10
ENSG00000248979.2	LAMTOR3P2
ENSG00000206786.1	RNU6-701P
ENSG00000264536.1	MIR5706
ENSG00000145779.8	TNFAIP8
ENSG00000243333.3	RN7SL174P
ENSG00000202092.1	RNA5SP190
ENSG00000133835.18	HSD17B4
ENSG00000213663.4	RPL21P58
ENSG00000249919.1	FABP5P6
ENSG00000164334.16	FAM170A
ENSG00000250895.1	TUBAP15
ENSG00000234259.3	ENSG00000234259
ENSG00000251293.1	ENSG00000251293
ENSG00000251975.1	RNU6-718P
ENSG00000261036.2	ENSG00000261036
ENSG00000184838.15	PRR16
ENSG00000270741.1	PRELID3BP8
ENSG00000222609.1	RNU4-69P
ENSG00000248927.1	ENSG00000248927
ENSG00000251135.2	ENSG00000251135
ENSG00000248853.1	ENSG00000248853
ENSG00000229855.9	ENSG00000229855
ENSG00000250847.1	ENSG00000250847
ENSG00000279860.1	ENSG00000279860
ENSG00000244088.1	RPL23AP44
ENSG00000213661.3	ENSG00000213661
ENSG00000249600.1	ENSG00000249600
ENSG00000181867.3	FTMT
ENSG00000151304.6	SRFBP1
ENSG00000113083.15	LOX
ENSG00000247311.3	ENSG00000247311
ENSG00000164185.7	ZNF474
ENSG00000250803.7	ENSG00000250803
ENSG00000249610.1	ZNF474-AS1
ENSG00000272139.1	ENSG00000272139
ENSG00000064692.20	SNCAIP
ENSG00000249621.1	ENSG00000249621
ENSG00000289054.1	ENSG00000289054
ENSG00000249916.1	ENSG00000249916
ENSG00000287794.1	ENSG00000287794
ENSG00000250328.7	MGC32805
ENSG00000251538.7	LINC02201
ENSG00000240058.3	ARGFXP1
ENSG00000205302.7	SNX2
ENSG00000260686.1	ENSG00000260686
ENSG00000064652.11	SNX24
ENSG00000263432.2	RN7SL689P
ENSG00000168938.6	PPIC
ENSG00000249996.1	PPIC-AS1
ENSG00000276047.1	RN7SL711P
ENSG00000223652.2	PRDM6-AS1
ENSG00000061455.11	PRDM6
ENSG00000213655.4	ENSG00000213655
ENSG00000168944.17	CEP120
ENSG00000250539.1	KRT8P33
ENSG00000249400.1	HMGB3P17
ENSG00000279772.1	ENSG00000279772
ENSG00000288766.1	ENSG00000288766
ENSG00000151292.19	CSNK1G3
ENSG00000288890.1	ENSG00000288890
ENSG00000235275.3	KRT18P16
ENSG00000253807.6	LINC01170
ENSG00000250862.1	HMGB1P29
ENSG00000251421.2	ENSG00000251421
ENSG00000248600.2	ENSG00000248600
ENSG00000251214.1	ENSG00000251214
ENSG00000250438.1	ENSG00000250438
ENSG00000248296.1	ENSG00000248296
ENSG00000289458.2	ENSG00000289458
ENSG00000168916.16	ZNF608
ENSG00000249112.1	ENSG00000249112
ENSG00000251456.1	ENSG00000251456
ENSG00000242814.2	ENSG00000242814
ENSG00000260192.3	LINC02240
ENSG00000248443.1	ENSG00000248443
ENSG00000249261.1	ENSG00000249261
ENSG00000288008.1	ENSG00000288008
ENSG00000250194.1	ENSG00000250194
ENSG00000250721.1	HMGB1P22
ENSG00000248752.3	ENSG00000248752
ENSG00000222107.1	RN7SKP117
ENSG00000250402.2	ENSG00000250402
ENSG00000286111.1	ENSG00000286111
ENSG00000249950.1	ENSG00000249950
ENSG00000249904.1	ENSG00000249904
ENSG00000241888.2	RPSAP37
ENSG00000248107.2	LINC02039
ENSG00000155324.10	GRAMD2B
ENSG00000250602.6	ENSG00000250602
ENSG00000279118.1	ENSG00000279118
ENSG00000164904.18	ALDH7A1
ENSG00000202082.2	RNU6-290P
ENSG00000164902.14	PHAX
ENSG00000230929.5	ENSG00000230929
ENSG00000196900.5	TEX43
ENSG00000213630.3	BOLA3P3
ENSG00000249768.2	HSPE1P10
ENSG00000251072.2	LMNB1-DT
ENSG00000252185.1	RNU6-752P
ENSG00000113368.12	LMNB1
ENSG00000173926.6	MARCHF3
ENSG00000164241.14	C5orf63
ENSG00000279446.1	ENSG00000279446
ENSG00000214743.4	MRPS5P3
ENSG00000250080.1	ENSG00000250080
ENSG00000271585.1	SELENOTP2
ENSG00000250956.1	ENSG00000250956
ENSG00000283897.2	ENSG00000283897
ENSG00000286615.3	ENSG00000286615
ENSG00000145794.17	MEGF10
ENSG00000249577.1	ENSG00000249577
ENSG00000271766.1	ENSG00000271766
ENSG00000250859.1	HNRNPKP1
ENSG00000164244.21	PRRC1
ENSG00000282925.1	ENSG00000282925
ENSG00000205279.9	CTXN3
ENSG00000248799.1	ENSG00000248799
ENSG00000230561.7	CCDC192
ENSG00000251032.1	CUL1P1
ENSG00000250603.1	ENSG00000250603
ENSG00000245937.10	SLC12A2-DT
ENSG00000064651.14	SLC12A2
ENSG00000250329.1	POGLUT2P1
ENSG00000138829.14	FBN2
ENSG00000207290.1	Y_RNA
ENSG00000113396.13	SLC27A6
ENSG00000248634.1	ENSG00000248634
ENSG00000288697.1	ENSG00000288697
ENSG00000066583.12	ISOC1
ENSG00000264563.1	MIR4633
ENSG00000286274.1	ENSG00000286274
ENSG00000265691.1	MIR4460
ENSG00000249421.2	ADAMTS19-AS1
ENSG00000145808.10	ADAMTS19
ENSG00000251680.6	ENSG00000251680
ENSG00000186367.7	MINAR2
ENSG00000198108.4	CHSY3
ENSG00000221562.1	RNU6ATAC10P
ENSG00000199455.1	RNA5SP191
ENSG00000248610.1	HSPA8P4
ENSG00000252514.1	RNU7-53P
ENSG00000249312.1	ARL2BPP4
ENSG00000249418.2	ENSG00000249418
ENSG00000287390.1	ENSG00000287390
ENSG00000244192.1	ENSG00000244192
ENSG00000250405.2	ENSG00000250405
ENSG00000248955.1	ENSG00000248955
ENSG00000169567.13	HINT1
ENSG00000186687.16	LYRM7
ENSG00000290020.1	ENSG00000290020
ENSG00000158985.14	CDC42SE2
ENSG00000279370.1	ENSG00000279370
ENSG00000158987.22	RAPGEF6
ENSG00000273217.1	ENSG00000273217
ENSG00000275939.1	ENSG00000275939
ENSG00000217128.13	FNIP1
ENSG00000286676.1	ACTBP4
ENSG00000279584.1	ENSG00000279584
ENSG00000239642.6	MEIKIN
ENSG00000281938.2	ENSG00000281938
ENSG00000234758.1	ENSG00000234758
ENSG00000164398.15	ACSL6
ENSG00000223548.1	ACSL6-AS1
ENSG00000231585.1	ENSG00000231585
ENSG00000164399.5	IL3
ENSG00000164400.6	CSF2
ENSG00000253067.1	ENSG00000253067
ENSG00000227616.1	ENSG00000227616
ENSG00000235775.1	ENSG00000235775
ENSG00000224015.1	ENSG00000224015
ENSG00000237714.1	P4HA2-AS1
ENSG00000072682.20	P4HA2
ENSG00000224431.1	ENSG00000224431
ENSG00000283678.1	MIR6830
ENSG00000131435.13	PDLIM4
ENSG00000197208.6	SLC22A4
ENSG00000233006.8	MIR3936HG
ENSG00000263597.1	MIR3936
ENSG00000197375.14	SLC22A5
ENSG00000197536.11	IRF1-AS1
ENSG00000283782.2	ENSG00000283782
ENSG00000238160.2	LINC02863
ENSG00000125347.15	IRF1
ENSG00000202533.1	Y_RNA
ENSG00000113525.10	IL5
ENSG00000113522.14	RAD50
ENSG00000223442.1	TH2LCRR
ENSG00000169194.10	IL13
ENSG00000113520.11	IL4
ENSG00000230612.3	ENSG00000230612
ENSG00000131437.16	KIF3A
ENSG00000205089.8	CCNI2
ENSG00000164402.14	SEPTIN8
ENSG00000198944.6	SOWAHA
ENSG00000272203.1	ENSG00000272203
ENSG00000164403.15	SHROOM1
ENSG00000201274.1	RNA5SP192
ENSG00000164404.9	GDF9
ENSG00000164405.11	UQCRQ
ENSG00000164406.8	LEAP2
ENSG00000072364.13	AFF4
ENSG00000235253.1	EEF1A1P50
ENSG00000202417.1	Y_RNA
ENSG00000225364.1	ATP6V0E1P1
ENSG00000272023.1	AFF4-DT
ENSG00000229738.1	ENSG00000229738
ENSG00000199677.1	Y_RNA
ENSG00000155329.12	ZCCHC10
ENSG00000248648.1	ENSG00000248648
ENSG00000287054.1	ENSG00000287054
ENSG00000286408.1	ENSG00000286408
ENSG00000170606.16	HSPA4
ENSG00000279691.1	ENSG00000279691
ENSG00000251616.1	ENSG00000251616
ENSG00000248245.1	ENSG00000248245
ENSG00000240611.1	RPL6P15
ENSG00000053108.18	FSTL4
ENSG00000288758.2	ENSG00000288758
ENSG00000249478.1	ENSG00000249478
ENSG00000250244.5	ENSG00000250244
ENSG00000250409.1	ENSG00000250409
ENSG00000221287.1	MIR1289-2
ENSG00000280104.1	ENSG00000280104
ENSG00000279197.1	ENSG00000279197
ENSG00000251243.1	ENSG00000251243
ENSG00000249073.1	WSPAR
ENSG00000113583.8	C5orf15
ENSG00000213585.11	VDAC1
ENSG00000271737.2	ENSG00000271737
ENSG00000271128.1	ENSG00000271128
ENSG00000081059.20	TCF7
ENSG00000113558.19	SKP1
ENSG00000272772.2	ENSG00000272772
ENSG00000113575.12	PPP2CA
ENSG00000273345.6	ENSG00000273345
ENSG00000266751.1	MIR3661
ENSG00000270177.1	PPP2CA-DT
ENSG00000239615.1	ENSG00000239615
ENSG00000006837.12	CDKL3
ENSG00000119048.9	UBE2B
ENSG00000279469.1	ENSG00000279469
ENSG00000248559.1	ENSG00000248559
ENSG00000237190.4	CDKN2AIPNL
ENSG00000243648.1	ENSG00000243648
ENSG00000250564.2	LINC02999
ENSG00000250994.3	ENSG00000250994
ENSG00000207222.1	RNU6-456P
ENSG00000251169.3	LINC01843
ENSG00000240250.3	RN7SL541P
ENSG00000280420.1	ENSG00000280420
ENSG00000043143.22	JADE2
ENSG00000152700.14	SAR1B
ENSG00000207459.1	RNU6-1311P
ENSG00000113615.13	SEC24A
ENSG00000201298.1	RNU6-1164P
ENSG00000222266.1	RNU6-757P
ENSG00000164615.6	CAMLG
ENSG00000145833.16	DDX46
ENSG00000241179.1	ENSG00000241179
ENSG00000181904.9	C5orf24
ENSG00000270892.1	ENSG00000270892
ENSG00000113621.15	TXNDC15
ENSG00000132570.15	PCBD2
ENSG00000279799.1	ENSG00000279799
ENSG00000244921.2	MTCYBP18
ENSG00000249119.1	MTND6P4
ENSG00000248923.1	MTND5P11
ENSG00000247627.2	MTND4P12
ENSG00000198868.3	MTND4LP30
ENSG00000263963.1	ENSG00000263963
ENSG00000249192.1	MTND3P25
ENSG00000152705.8	CATSPER3
ENSG00000069011.16	PITX1
ENSG00000224186.8	PITX1-AS1
ENSG00000277619.1	ENSG00000277619
ENSG00000249082.2	EPIST
ENSG00000248753.1	ENSG00000248753
ENSG00000248482.1	ENSG00000248482
ENSG00000249647.2	LINC02900
ENSG00000113648.17	MACROH2A1
ENSG00000270021.1	ENSG00000270021
ENSG00000251380.3	DCANP1
ENSG00000255833.2	TIFAB
ENSG00000249639.1	ENSG00000249639
ENSG00000250167.2	ENSG00000250167
ENSG00000145832.16	SLC25A48
ENSG00000181965.6	NEUROG1
ENSG00000145824.13	CXCL14
ENSG00000251045.1	SLC25A48-AS1
ENSG00000223539.4	ENSG00000223539
ENSG00000265924.1	MIR5692C1
ENSG00000250378.4	ENSG00000250378
ENSG00000145839.2	IL9
ENSG00000254239.1	ENSG00000254239
ENSG00000253927.1	ENSG00000253927
ENSG00000145826.9	LECT2
ENSG00000164616.16	FBXL21P
ENSG00000120708.17	TGFBI
ENSG00000270123.4	VTRNA2-1
ENSG00000278815.1	Vault
ENSG00000164621.5	SMAD5-AS1
ENSG00000277859.1	ENSG00000277859
ENSG00000113658.18	SMAD5
ENSG00000275646.1	ENSG00000275646
ENSG00000277524.1	ENSG00000277524
ENSG00000274934.1	ENSG00000274934
ENSG00000271824.2	SMIM32
ENSG00000069018.19	TRPC7
ENSG00000248211.1	TRPC7-AS1
ENSG00000250947.1	TRPC7-AS2
ENSG00000279240.1	ENSG00000279240
ENSG00000248351.1	HSPD1P18
ENSG00000213568.4	HNRNPA1P13
ENSG00000249803.6	ENSG00000249803
ENSG00000250284.3	ENSG00000250284
ENSG00000248616.1	ANKRD49P3
ENSG00000222285.1	RNA5SP193
ENSG00000152377.15	SPOCK1
ENSG00000146021.15	KLHL3
ENSG00000216009.3	MIR874
ENSG00000177733.7	HNRNPA0
ENSG00000287067.1	ENSG00000287067
ENSG00000270697.1	ENSG00000270697
ENSG00000226306.8	NPY6R
ENSG00000250159.7	PKD2L2-DT
ENSG00000120729.10	MYOT
ENSG00000078795.17	PKD2L2
ENSG00000031003.11	FAM13B
ENSG00000246323.2	FAM13B-AS1
ENSG00000250260.1	ENSG00000250260
ENSG00000222924.1	RNU6-1148P
ENSG00000061492.12	WNT8A
ENSG00000112981.5	NME5
ENSG00000212460.1	RNU6-460P
ENSG00000199880.1	RNU6-888P
ENSG00000112983.18	BRD8
ENSG00000112984.12	KIF20A
ENSG00000094880.11	CDC23
ENSG00000146013.11	GFRA3
ENSG00000249851.1	RPS27AP18
ENSG00000158402.21	CDC25C
ENSG00000120709.11	FAM53C
ENSG00000249971.1	ENSG00000249971
ENSG00000120733.15	KDM3B
ENSG00000132563.17	REEP2
ENSG00000271196.1	ENSG00000271196
ENSG00000289267.1	ENSG00000289267
ENSG00000120738.8	EGR1
ENSG00000241458.1	RPL7P19
ENSG00000120705.13	ETF1
ENSG00000289155.2	ENSG00000289155
ENSG00000113013.16	HSPA9
ENSG00000222937.1	SNORD63B
ENSG00000206989.1	SNORD63
ENSG00000044115.21	CTNNA1
ENSG00000232174.3	ENSG00000232174
ENSG00000238745.1	ENSG00000238745
ENSG00000253404.1	CTNNA1-AS1
ENSG00000146006.8	LRRTM2
ENSG00000120725.13	SIL1
ENSG00000201532.1	RNA5SP194
ENSG00000249593.6	ENSG00000249593
ENSG00000242683.1	RPL12P21
ENSG00000252533.1	RNU6-572P
ENSG00000280987.4	MATR3
ENSG00000281398.4	SNHG4
ENSG00000252213.1	SNORA74D
ENSG00000200959.1	SNORA74A
ENSG00000015479.20	MATR3
ENSG00000199545.1	RNA5SP195
ENSG00000253015.1	RN7SKP64
ENSG00000120727.13	PAIP2
ENSG00000272742.1	ENSG00000272742
ENSG00000170482.17	SLC23A1
ENSG00000170476.16	MZB1
ENSG00000228672.4	PROB1
ENSG00000170469.11	SPATA24
ENSG00000170464.10	DNAJC18
ENSG00000279686.1	ENSG00000279686
ENSG00000200378.1	RNU5B-4P
ENSG00000249751.4	ECSCR
ENSG00000283288.2	SMIM33
ENSG00000184584.14	STING1
ENSG00000249689.1	ENSG00000249689
ENSG00000249215.1	NCOA4P4
ENSG00000286403.1	ENSG00000286403
ENSG00000131508.17	UBE2D2
ENSG00000207020.1	Y_RNA
ENSG00000275506.1	H3P25
ENSG00000272255.1	ENSG00000272255
ENSG00000171604.12	CXXC5
ENSG00000250635.1	CXXC5-AS1
ENSG00000249526.1	ENSG00000249526
ENSG00000200756.1	RNU6-236P
ENSG00000249131.2	PSD2-AS1
ENSG00000251387.1	ENSG00000251387
ENSG00000271792.1	ENSG00000271792
ENSG00000146005.4	PSD2
ENSG00000158458.21	NRG2
ENSG00000250692.1	ENSG00000250692
ENSG00000207317.1	Y_RNA
ENSG00000245146.7	MALINC1
ENSG00000185129.8	PURA
ENSG00000182700.5	IGIP
ENSG00000254363.6	ENSG00000254363
ENSG00000120306.11	CYSTM1
ENSG00000250069.1	ENSG00000250069
ENSG00000113068.10	PFDN1
ENSG00000113070.8	HBEGF
ENSG00000253965.3	ENSG00000253965
ENSG00000113073.15	SLC4A9
ENSG00000249637.4	ANKHD1-DT
ENSG00000222790.1	RNU4-14P
ENSG00000131503.21	ANKHD1
ENSG00000254996.5	ANKHD1-EIF4EBP3
ENSG00000200051.1	ENSG00000200051
ENSG00000213523.12	SRA1
ENSG00000243056.2	EIF4EBP3
ENSG00000113108.20	APBB3
ENSG00000283155.1	ENSG00000283155
ENSG00000283717.1	MIR6831
ENSG00000176087.16	SLC35A4
ENSG00000283602.1	ENSG00000283602
ENSG00000200235.1	ENSG00000200235
ENSG00000251453.1	HAUS1P1
ENSG00000240518.2	RPL36P11
ENSG00000170458.15	CD14
ENSG00000131495.9	NDUFA2
ENSG00000113119.13	TMCO6
ENSG00000113141.19	IK
ENSG00000284325.1	MIR3655
ENSG00000120314.19	WDR55
ENSG00000256453.2	DND1
ENSG00000170445.16	HARS1
ENSG00000112855.17	HARS2
ENSG00000146007.11	ZMAT2
ENSG00000292256.1	ENSG00000292256
ENSG00000199990.1	VTRNA1-1
ENSG00000202111.1	VTRNA1-2
ENSG00000202515.1	VTRNA1-3
ENSG00000250515.1	ENSG00000250515
ENSG00000248106.2	ENSG00000248106
ENSG00000279726.2	ENSG00000279726
ENSG00000204970.10	PCDHA1
ENSG00000204969.7	PCDHA2
ENSG00000255408.4	PCDHA3
ENSG00000204967.13	PCDHA4
ENSG00000204965.9	PCDHA5
ENSG00000081842.18	PCDHA6
ENSG00000204963.6	PCDHA7
ENSG00000204962.6	PCDHA8
ENSG00000204961.7	PCDHA9
ENSG00000278907.1	ENSG00000278907
ENSG00000250120.8	PCDHA10
ENSG00000249504.3	PCDHA14
ENSG00000278946.1	ENSG00000278946
ENSG00000249158.7	PCDHA11
ENSG00000251664.5	PCDHA12
ENSG00000278915.1	ENSG00000278915
ENSG00000278901.1	ENSG00000278901
ENSG00000239389.8	PCDHA13
ENSG00000248383.5	PCDHAC1
ENSG00000279028.1	ENSG00000279028
ENSG00000243232.6	PCDHAC2
ENSG00000288892.1	ENSG00000288892
ENSG00000279047.4	PCDHB1-AS1
ENSG00000171815.6	PCDHB1
ENSG00000279558.1	ENSG00000279558
ENSG00000289752.1	ENSG00000289752
ENSG00000112852.7	PCDHB2
ENSG00000272154.5	ENSG00000272154
ENSG00000113205.5	PCDHB3
ENSG00000272108.1	ENSG00000272108
ENSG00000081818.4	PCDHB4
ENSG00000113209.9	PCDHB5
ENSG00000280029.4	ENSG00000280029
ENSG00000113211.6	PCDHB6
ENSG00000255622.4	PCDHB17P
ENSG00000290893.1	ENSG00000290893
ENSG00000280336.1	ENSG00000280336
ENSG00000113212.7	PCDHB7
ENSG00000120322.4	PCDHB8
ENSG00000279472.1	ENSG00000279472
ENSG00000272674.4	PCDHB16
ENSG00000279068.1	ENSG00000279068
ENSG00000278936.1	ENSG00000278936
ENSG00000177839.7	PCDHB9
ENSG00000279375.1	ENSG00000279375
ENSG00000120324.9	PCDHB10
ENSG00000197479.7	PCDHB11
ENSG00000120328.6	PCDHB12
ENSG00000187372.11	PCDHB13
ENSG00000120327.7	PCDHB14
ENSG00000279983.1	ENSG00000279983
ENSG00000290894.1	PCDHB18P
ENSG00000146001.6	PCDHB18P
ENSG00000262096.3	PCDHB19P
ENSG00000290895.1	ENSG00000290895
ENSG00000113248.6	PCDHB15
ENSG00000277795.1	ENSG00000277795
ENSG00000178913.9	TAF7
ENSG00000120329.7	SLC25A2
ENSG00000288095.2	ENSG00000288095
ENSG00000272070.3	ENSG00000272070
ENSG00000204956.6	PCDHGA1
ENSG00000081853.15	PCDHGA2
ENSG00000254245.3	PCDHGA3
ENSG00000254221.3	PCDHGB1
ENSG00000280026.1	ENSG00000280026
ENSG00000262576.3	PCDHGA4
ENSG00000253910.3	PCDHGB2
ENSG00000253485.3	PCDHGA5
ENSG00000262209.3	PCDHGB3
ENSG00000253731.3	PCDHGA6
ENSG00000253537.3	PCDHGA7
ENSG00000253953.3	PCDHGB4
ENSG00000253767.3	PCDHGA8
ENSG00000276547.2	PCDHGB5
ENSG00000261934.3	PCDHGA9
ENSG00000253305.3	PCDHGB6
ENSG00000253846.3	PCDHGA10
ENSG00000254122.3	PCDHGB7
ENSG00000253873.6	PCDHGA11
ENSG00000248449.2	PCDHGB8P
ENSG00000279855.1	ENSG00000279855
ENSG00000253159.3	PCDHGA12
ENSG00000276545.1	PCDHGB9P
ENSG00000273557.1	ENSG00000273557
ENSG00000240184.7	PCDHGC3
ENSG00000242020.3	RN7SL68P
ENSG00000242419.6	PCDHGC4
ENSG00000240764.4	PCDHGC5
ENSG00000131504.18	DIAPH1
ENSG00000246422.2	DIAPH1-AS1
ENSG00000240974.1	RPS27AP10
ENSG00000228737.2	ENSG00000228737
ENSG00000171720.10	HDAC3
ENSG00000164620.9	RELL2
ENSG00000197948.11	FCHSD1
ENSG00000120318.16	ARAP3
ENSG00000289478.1	ENSG00000289478
ENSG00000286736.1	ENSG00000286736
ENSG00000287527.1	ENSG00000287527
ENSG00000278925.1	ENSG00000278925
ENSG00000156453.14	PCDH1
ENSG00000287726.1	ENSG00000287726
ENSG00000226040.3	ENSG00000226040
ENSG00000081791.9	DELE1
ENSG00000113555.6	PCDH12
ENSG00000271871.1	ENSG00000271871
ENSG00000013561.18	RNF14
ENSG00000254099.1	ENSG00000254099
ENSG00000113552.16	GNPDA1
ENSG00000250347.1	ENSG00000250347
ENSG00000131507.11	NDFIP1
ENSG00000289306.1	ENSG00000289306
ENSG00000280047.1	ENSG00000280047
ENSG00000187678.10	SPRY4
ENSG00000277968.1	ENSG00000277968
ENSG00000274721.1	ENSG00000274721
ENSG00000231185.9	SPRY4-AS1
ENSG00000225147.1	RPS12P10
ENSG00000113578.18	FGF1
ENSG00000261757.1	ENSG00000261757
ENSG00000236714.3	LINC01844
ENSG00000287203.1	ENSG00000287203
ENSG00000145819.18	ARHGAP26
ENSG00000226272.5	ARHGAP26-AS1
ENSG00000285366.1	ENSG00000285366
ENSG00000230789.1	ARHGAP26-IT1
ENSG00000113580.15	NR3C1
ENSG00000231579.3	RPL7P21
ENSG00000279679.1	ENSG00000279679
ENSG00000279130.1	ENSG00000279130
ENSG00000249429.1	ENSG00000249429
ENSG00000251205.3	ENSG00000251205
ENSG00000253023.1	RNU7-156P
ENSG00000249881.1	ENSG00000249881
ENSG00000266478.1	MIR5197
ENSG00000225869.4	ENSG00000225869
ENSG00000158497.6	HMHB1
ENSG00000239390.3	RN7SL87P
ENSG00000145817.17	YIPF5
ENSG00000183775.11	KCTD16
ENSG00000249605.1	ENSG00000249605
ENSG00000285605.1	ENSG00000285605
ENSG00000250972.1	CKS1BP5
ENSG00000213488.4	ENSG00000213488
ENSG00000201423.1	RN7SKP246
ENSG00000251031.2	ENSG00000251031
ENSG00000249229.2	NAMPTP2
ENSG00000215325.4	ASS1P10
ENSG00000250842.1	ENSG00000250842
ENSG00000248125.2	ENSG00000248125
ENSG00000186314.12	PRELID2
ENSG00000249363.1	TRPC6P2
ENSG00000204928.3	GRXCR2
ENSG00000156463.18	SH3RF2
ENSG00000248493.1	ENSG00000248493
ENSG00000173261.9	PLAC8L1
ENSG00000251556.1	ENSG00000251556
ENSG00000133706.20	LARS1
ENSG00000239602.1	RPL35AP16
ENSG00000239317.1	RPL35AP17
ENSG00000275740.1	ENSG00000275740
ENSG00000091009.8	RBM27
ENSG00000238374.1	RNU7-180P
ENSG00000250025.2	ENSG00000250025
ENSG00000091010.6	POU4F3
ENSG00000271724.1	ENSG00000271724
ENSG00000248842.1	ENSG00000248842
ENSG00000113649.14	TCERG1
ENSG00000277568.1	ENSG00000277568
ENSG00000173250.3	GPR151
ENSG00000250407.1	ENSG00000250407
ENSG00000156475.19	PPP2R2B
ENSG00000280646.2	RNA5SP196
ENSG00000241291.3	RN7SL791P
ENSG00000248568.1	KRT8P48
ENSG00000249553.1	PPP2R2B-IT1
ENSG00000286468.1	ENSG00000286468
ENSG00000250343.1	STK32A-AS1
ENSG00000169302.16	STK32A
ENSG00000113657.13	DPYSL3
ENSG00000272239.1	ENSG00000272239
ENSG00000280780.4	JAKMIP2-AS1
ENSG00000176049.16	JAKMIP2
ENSG00000287630.1	ENSG00000287630
ENSG00000164266.11	SPINK1
ENSG00000249518.1	ENSG00000249518
ENSG00000164265.9	SCGB3A2
ENSG00000288774.1	ENSG00000288774
ENSG00000178776.5	C5orf46
ENSG00000248362.1	ENSG00000248362
ENSG00000251320.1	ENSG00000251320
ENSG00000250346.1	EEF1GP2
ENSG00000133710.17	SPINK5
ENSG00000247199.6	FBXO38-DT
ENSG00000196800.7	SPINK14
ENSG00000178172.7	SPINK6
ENSG00000249503.1	HMGN1P16
ENSG00000248109.3	MARCOL
ENSG00000214510.10	SPINK13
ENSG00000249834.3	PGBD4P3
ENSG00000145879.11	SPINK7
ENSG00000204909.8	SPINK9
ENSG00000283653.1	ENSG00000283653
ENSG00000145868.17	FBXO38
ENSG00000274799.1	Metazoa_SRP
ENSG00000251330.3	ENSG00000251330
ENSG00000164270.19	HTR4
ENSG00000253297.1	ENSG00000253297
ENSG00000169252.6	ADRB2
ENSG00000289430.1	ENSG00000289430
ENSG00000169247.14	SH3TC2
ENSG00000272411.1	ENSG00000272411
ENSG00000251842.1	RNU6-732P
ENSG00000207714.3	MIR584
ENSG00000250072.8	SH3TC2-DT
ENSG00000200161.1	RN7SKP145
ENSG00000173210.21	ABLIM3
ENSG00000248647.2	ENSG00000248647
ENSG00000253406.1	ENSG00000253406
ENSG00000157510.14	AFAP1L1
ENSG00000285736.1	ENSG00000285736
ENSG00000164284.15	GRPEL2
ENSG00000253618.1	GRPEL2-AS1
ENSG00000145882.11	PCYOX1L
ENSG00000127743.6	IL17B
ENSG00000253865.1	ENSG00000253865
ENSG00000249669.12	CARMN
ENSG00000275871.1	ENSG00000275871
ENSG00000284182.1	MIR143
ENSG00000276365.1	MIR145
ENSG00000113712.19	CSNK1A1
ENSG00000230551.4	ENSG00000230551
ENSG00000241112.1	RPL29P14
ENSG00000183111.12	ARHGEF37
ENSG00000222213.1	RNU6-588P
ENSG00000287323.1	ENSG00000287323
ENSG00000221043.2	U3
ENSG00000242928.3	RN7SL868P
ENSG00000155846.17	PPARGC1B
ENSG00000199047.3	MIR378A
ENSG00000132915.12	PDE6A
ENSG00000251583.1	MFFP2
ENSG00000200334.1	Y_RNA
ENSG00000155850.9	SLC26A2
ENSG00000164296.7	TIGD6
ENSG00000113716.13	HMGXB3
ENSG00000248696.1	ENSG00000248696
ENSG00000241907.1	RPS20P4
ENSG00000182578.14	CSF1R
ENSG00000214485.6	RPL7P1
ENSG00000199409.1	Y_RNA
ENSG00000113721.14	PDGFRB
ENSG00000113722.18	CDX1
ENSG00000011083.9	SLC6A7
ENSG00000070808.17	CAMK2A
ENSG00000183876.9	ARSI
ENSG00000070814.22	TCOF1
ENSG00000019582.17	CD74
ENSG00000286331.1	ENSG00000286331
ENSG00000164587.13	RPS14
ENSG00000254333.1	NDST1-AS1
ENSG00000070614.15	NDST1
ENSG00000171992.13	SYNPO
ENSG00000253852.1	ENSG00000253852
ENSG00000286657.1	ENSG00000286657
ENSG00000164591.14	MYOZ3
ENSG00000250309.2	MYOZ3-AS1
ENSG00000086589.12	RBM22
ENSG00000132912.13	DCTN4
ENSG00000256235.3	SMIM3
ENSG00000237693.5	IRGM
ENSG00000145908.14	ZNF300
ENSG00000291115.1	ZNF300P1
ENSG00000197083.14	ZNF300P1
ENSG00000274235.1	ENSG00000274235
ENSG00000277866.1	ENSG00000277866
ENSG00000211445.13	GPX3
ENSG00000145901.16	TNIP1
ENSG00000289970.1	ENSG00000289970
ENSG00000197043.15	ANXA6
ENSG00000254298.1	ENSG00000254298
ENSG00000285420.1	PDGFRL2P
ENSG00000198624.13	CCDC69
ENSG00000196743.9	GM2A
ENSG00000186334.10	SLC36A3
ENSG00000186335.9	SLC36A2
ENSG00000270904.1	ATP6V1G1P5
ENSG00000290991.1	ENSG00000290991
ENSG00000253897.3	ENSG00000253897
ENSG00000253472.1	ENSG00000253472
ENSG00000271494.1	ENSG00000271494
ENSG00000123643.14	SLC36A1
ENSG00000200227.1	RNA5SP197
ENSG00000086570.13	FAT2
ENSG00000271795.1	ENSG00000271795
ENSG00000276622.1	MIR6499
ENSG00000288081.1	ENSG00000288081
ENSG00000260581.1	ENSG00000260581
ENSG00000113140.11	SPARC
ENSG00000249035.7	CLMAT3
ENSG00000222102.1	RN7SKP232
ENSG00000272112.1	ENSG00000272112
ENSG00000177556.12	ATOX1
ENSG00000253921.1	ATOX1-AS1
ENSG00000213433.5	RPLP1P6
ENSG00000275765.6	ENSG00000275765
ENSG00000145907.16	G3BP1
ENSG00000145888.11	GLRA1
ENSG00000270978.1	ENSG00000270978
ENSG00000222308.1	RNA5SP198
ENSG00000254226.6	LINC01933
ENSG00000286749.1	ENSG00000286749
ENSG00000132911.5	NMUR2
ENSG00000242080.1	RPL36AP20
ENSG00000249484.9	LINC01470
ENSG00000155511.19	GRIA1
ENSG00000242976.3	RN7SL177P
ENSG00000251183.1	LINC01861
ENSG00000261382.1	ENSG00000261382
ENSG00000055147.19	FAM114A2
ENSG00000037749.13	MFAP3
ENSG00000164574.16	GALNT10
ENSG00000245275.9	SAP30L-AS1
ENSG00000253119.1	HNRNPA3P7
ENSG00000287695.1	ENSG00000287695
ENSG00000221430.1	MIR1294
ENSG00000241963.3	RN7SL655P
ENSG00000164576.12	SAP30L
ENSG00000113196.3	HAND1
ENSG00000254293.1	ENSG00000254293
ENSG00000253886.1	ENSG00000253886
ENSG00000253146.1	CIR1P1
ENSG00000264760.1	MIR3141
ENSG00000155506.19	LARP1
ENSG00000221552.1	MIR1303
ENSG00000274472.1	Y_RNA
ENSG00000272197.2	RN7SL803P
ENSG00000241187.1	RPL21P57
ENSG00000170271.11	FAXDC2
ENSG00000277039.1	Metazoa_SRP
ENSG00000263361.1	MIR378H
ENSG00000155508.14	CNOT8
ENSG00000082516.9	GEMIN5
ENSG00000082515.18	MRPL22
ENSG00000253261.1	ENSG00000253261
ENSG00000226650.6	KIF4B
ENSG00000287963.1	ENSG00000287963
ENSG00000253646.1	RPL6P32
ENSG00000271477.1	ENSG00000271477
ENSG00000270442.1	ENSG00000270442
ENSG00000200275.1	RNA5SP199
ENSG00000170624.14	SGCD
ENSG00000286690.1	ENSG00000286690
ENSG00000253370.2	ENSG00000253370
ENSG00000254163.1	ENSG00000254163
ENSG00000199468.1	RNU6-556P
ENSG00000231989.5	PPP1R2B
ENSG00000145850.9	TIMD4
ENSG00000270560.1	APOOP1
ENSG00000113249.14	HAVCR1
ENSG00000135077.10	HAVCR2
ENSG00000254246.1	ENSG00000254246
ENSG00000155868.8	MED7
ENSG00000113263.14	ITK
ENSG00000170613.4	GARIN3
ENSG00000253980.1	ENSG00000253980
ENSG00000253653.1	ENSG00000253653
ENSG00000055163.21	CYFIP2
ENSG00000285868.1	ENSG00000285868
ENSG00000172568.5	FNDC9
ENSG00000251405.3	NIPAL4-DT
ENSG00000248544.2	ENSG00000248544
ENSG00000135074.16	ADAM19
ENSG00000253155.1	ENSG00000253155
ENSG00000172548.15	NIPAL4
ENSG00000253519.1	ENSG00000253519
ENSG00000252068.1	RNU6-390P
ENSG00000254336.1	ENSG00000254336
ENSG00000039600.11	SOX30
ENSG00000187658.7	C5orf52
ENSG00000290601.1	ENSG00000290601
ENSG00000253798.3	ENSG00000253798
ENSG00000113272.14	THG1L
ENSG00000155858.6	LSM11
ENSG00000253630.1	ENSG00000253630
ENSG00000113282.14	CLINT1
ENSG00000206819.1	RNU6-260P
ENSG00000244331.1	ENSG00000244331
ENSG00000222626.1	RNU2-48P
ENSG00000253743.1	MARK2P11
ENSG00000213414.3	ENSG00000213414
ENSG00000253422.1	ENSG00000253422
ENSG00000253792.1	ENSG00000253792
ENSG00000253673.1	ENSG00000253673
ENSG00000254047.2	ENSG00000254047
ENSG00000253449.1	ENSG00000253449
ENSG00000253424.1	ENSG00000253424
ENSG00000253134.1	ENSG00000253134
ENSG00000276778.1	LINC02227
ENSG00000254350.1	ENSG00000254350
ENSG00000272085.1	ENSG00000272085
ENSG00000254135.3	ENSG00000254135
ENSG00000164330.18	EBF1
ENSG00000253811.1	ENSG00000253811
ENSG00000253456.1	ENSG00000253456
ENSG00000245812.5	LINC02202
ENSG00000279204.1	ENSG00000279204
ENSG00000145860.13	RNF145
ENSG00000253256.1	ENSG00000253256
ENSG00000253315.1	LINC01932
ENSG00000252458.1	ENSG00000252458
ENSG00000288764.2	ENSG00000288764
ENSG00000164332.8	UBLCP1
ENSG00000249738.10	ENSG00000249738
ENSG00000113302.6	IL12B
ENSG00000221601.1	RNU4ATAC2P
ENSG00000253298.2	LINC01845
ENSG00000283413.1	ENSG00000283413
ENSG00000253311.3	LINC01847
ENSG00000170214.5	ADRA1B
ENSG00000248626.1	GAPDHP40
ENSG00000199398.1	Y_RNA
ENSG00000113312.12	TTC1
ENSG00000223908.5	ENSG00000223908
ENSG00000170234.13	PWWP2A
ENSG00000170231.16	FABP6
ENSG00000247699.2	FABP6-AS1
ENSG00000253772.1	ENSG00000253772
ENSG00000135083.17	CCNJL
ENSG00000254373.1	ENSG00000254373
ENSG00000270612.1	ENSG00000270612
ENSG00000145861.9	C1QTNF2
ENSG00000221886.4	FAM200C
ENSG00000164609.10	SLU7
ENSG00000164611.13	PTTG1
ENSG00000253522.6	MIR3142HG
ENSG00000265237.1	MIR3142
ENSG00000283733.1	MIR146A
ENSG00000118322.14	ATP10B
ENSG00000253687.1	ENSG00000253687
ENSG00000254391.1	ENSG00000254391
ENSG00000253417.5	LINC02159
ENSG00000145864.14	GABRB2
ENSG00000145863.11	GABRA6
ENSG00000253403.1	ENSG00000253403
ENSG00000118990.5	GLRXP3
ENSG00000022355.18	GABRA1
ENSG00000280776.2	LINC01202
ENSG00000113327.17	GABRG2
ENSG00000254186.3	ENSG00000254186
ENSG00000201474.1	RNU6-164P
ENSG00000254351.1	ARL2BPP5
ENSG00000249449.1	MRPL57P6
ENSG00000250114.1	ENSG00000250114
ENSG00000113328.20	CCNG1
ENSG00000170584.11	NUDCD2
ENSG00000072571.20	HMMR
ENSG00000251018.2	HMMR-AS1
ENSG00000038274.18	MAT2B
ENSG00000285590.1	ENSG00000285590
ENSG00000224012.3	ENSG00000224012
ENSG00000251998.1	RNU6-168P
ENSG00000273569.1	ENSG00000273569
ENSG00000271679.1	LSM1P2
ENSG00000253331.1	ENSG00000253331
ENSG00000253538.1	ENSG00000253538
ENSG00000241956.11	LINC03000
ENSG00000253236.2	LINC02143
ENSG00000253600.1	ENSG00000253600
ENSG00000206845.1	RNU6-209P
ENSG00000285549.1	ENSG00000285549
ENSG00000254066.2	LINC01938
ENSG00000253693.1	ENSG00000253693
ENSG00000252794.1	RN7SKP60
ENSG00000253512.1	ENSG00000253512
ENSG00000253946.1	RPL21P59
ENSG00000254252.1	RPL7P20
ENSG00000254171.1	ENSG00000254171
ENSG00000229119.3	RPLP0P9
ENSG00000254130.1	LINC01947
ENSG00000145934.17	TENM2
ENSG00000253713.1	ENSG00000253713
ENSG00000253469.1	ENSG00000253469
ENSG00000254365.1	ENSG00000254365
ENSG00000254297.1	ENSG00000254297
ENSG00000253527.1	ENSG00000253527
ENSG00000289264.1	ENSG00000289264
ENSG00000254187.1	ENSG00000254187
ENSG00000253357.1	ENSG00000253357
ENSG00000253660.1	ENSG00000253660
ENSG00000253947.1	ENSG00000253947
ENSG00000253065.1	ENSG00000253065
ENSG00000253925.1	ENSG00000253925
ENSG00000279739.1	ENSG00000279739
ENSG00000253978.2	TENM2-AS1
ENSG00000113645.15	WWC1
ENSG00000113643.9	RARS1
ENSG00000188573.8	FBLL1
ENSG00000120137.7	PANK3
ENSG00000253861.1	SLC2A3P1
ENSG00000199035.2	MIR103A1
ENSG00000283612.1	MIR103B1
ENSG00000233913.7	RPL10P9
ENSG00000254192.1	ENSG00000254192
ENSG00000184347.16	SLIT3
ENSG00000254042.2	SLIT3-AS2
ENSG00000207739.1	MIR218-2
ENSG00000202345.1	Y_RNA
ENSG00000248965.1	ENSG00000248965
ENSG00000279752.1	ENSG00000279752
ENSG00000248222.5	SLIT3-AS1
ENSG00000207619.1	MIR585
ENSG00000288912.1	ENSG00000288912
ENSG00000206614.1	RNU6-477P
ENSG00000040275.17	SPDL1
ENSG00000134516.20	DOCK2
ENSG00000253269.1	ENSG00000253269
ENSG00000289702.1	ENSG00000289702
ENSG00000204767.4	INSYN2B
ENSG00000263831.1	MIR378E
ENSG00000168269.10	FOXI1
ENSG00000253219.1	KRT18P41
ENSG00000249601.2	LINC01187
ENSG00000234511.11	C5orf58
ENSG00000043462.13	LCP2
ENSG00000288615.1	ENSG00000288615
ENSG00000235172.9	LINC01366
ENSG00000250274.2	ENSG00000250274
ENSG00000182132.15	KCNIP1
ENSG00000145936.9	KCNMB1
ENSG00000253647.1	KCNIP1-OT1
ENSG00000253858.1	ENSG00000253858
ENSG00000253591.2	KCNIP1-AS1
ENSG00000253348.1	ENSG00000253348
ENSG00000094755.17	GABRP
ENSG00000204764.14	RANBP17
ENSG00000244501.3	RN7SL623P
ENSG00000253966.1	ENSG00000253966
ENSG00000253213.1	USP12P1
ENSG00000275038.2	ENSG00000275038
ENSG00000164438.6	TLX3
ENSG00000213393.5	ENSG00000213393
ENSG00000265740.2	RN7SL339P
ENSG00000254256.1	RPSAP71
ENSG00000206909.1	SNORA70J
ENSG00000254012.1	RPL10P8
ENSG00000264249.1	MIR3912
ENSG00000181163.14	NPM1
ENSG00000156427.8	FGF18
ENSG00000285914.1	ENSG00000285914
ENSG00000253110.1	ENSG00000253110
ENSG00000185662.11	SMIM23
ENSG00000072803.18	FBXW11
ENSG00000288799.1	ENSG00000288799
ENSG00000072786.13	STK10
ENSG00000214360.5	EFCAB9
ENSG00000168246.6	UBTD2
ENSG00000212529.1	ENSG00000212529
ENSG00000253218.1	KLF3P1
ENSG00000174705.13	SH3PXD2B
ENSG00000287814.1	ENSG00000287814
ENSG00000254299.3	LINC01944
ENSG00000280318.1	ENSG00000280318
ENSG00000214357.9	NEURL1B
ENSG00000253683.1	ENSG00000253683
ENSG00000265160.1	MIR5003
ENSG00000253445.1	ENSG00000253445
ENSG00000253295.2	ENSG00000253295
ENSG00000213386.3	ENSG00000213386
ENSG00000253736.5	ENSG00000253736
ENSG00000120129.6	DUSP1
ENSG00000289170.1	ENSG00000289170
ENSG00000206741.1	Y_RNA
ENSG00000270243.1	ENSG00000270243
ENSG00000290019.1	ENSG00000290019
ENSG00000288737.2	ENSG00000288737
ENSG00000253628.2	ENSG00000253628
ENSG00000113719.17	ERGIC1
ENSG00000204758.8	RPL26L1-AS1
ENSG00000254295.1	ENSG00000254295
ENSG00000037241.7	RPL26L1
ENSG00000253785.1	ENSG00000253785
ENSG00000113732.9	ATP6V0E1
ENSG00000254328.1	ENSG00000254328
ENSG00000212402.1	SNORA74B
ENSG00000207210.1	Y_RNA
ENSG00000164463.12	CREBRF
ENSG00000253439.1	CDC42P5
ENSG00000253172.1	ENSG00000253172
ENSG00000113734.18	BNIP1
ENSG00000254200.1	RPL7AP33
ENSG00000183072.10	NKX2-5
ENSG00000289493.2	ENSG00000289493
ENSG00000201277.1	Y_RNA
ENSG00000252169.1	RNA5SP200
ENSG00000113739.11	STC2
ENSG00000274994.1	MIR8056
ENSG00000199219.1	RNU6-500P
ENSG00000253968.2	ENSG00000253968
ENSG00000253141.2	ENSG00000253141
ENSG00000253768.1	ENSG00000253768
ENSG00000254164.1	ENSG00000254164
ENSG00000253955.2	LINC02995
ENSG00000145919.11	BOD1
ENSG00000253959.1	LINC01863
ENSG00000253428.1	LINC01942
ENSG00000253686.2	LINC01484
ENSG00000287003.1	ENSG00000287003
ENSG00000254211.6	LINC01485
ENSG00000113742.14	CPEB4
ENSG00000289085.1	ENSG00000289085
ENSG00000185056.10	C5orf47
ENSG00000253109.1	RPL12P22
ENSG00000170091.11	NSG2
ENSG00000253244.1	ENSG00000253244
ENSG00000253447.6	ENSG00000253447
ENSG00000254011.1	ENSG00000254011
ENSG00000249722.1	ENSG00000249722
ENSG00000249306.7	LINC01411
ENSG00000213376.4	GAPDHP71
ENSG00000249031.1	SUMO2P6
ENSG00000250256.1	ENSG00000250256
ENSG00000248929.1	HIGD1AP3
ENSG00000120149.9	MSX2
ENSG00000251670.1	ENSG00000251670
ENSG00000266890.1	MIR4634
ENSG00000251144.1	ENSG00000251144
ENSG00000204754.3	LINC01951
ENSG00000251122.1	NIFKP2
ENSG00000248293.1	ENSG00000248293
ENSG00000249403.1	ENSG00000249403
ENSG00000248355.1	ARL2BPP6
ENSG00000184845.4	DRD1
ENSG00000286350.1	ENSG00000286350
ENSG00000164466.13	SFXN1
ENSG00000270839.1	ENSG00000270839
ENSG00000222111.1	RN7SKP148
ENSG00000113749.8	HRH2
ENSG00000200648.1	RNU6-226P
ENSG00000145920.15	CPLX2
ENSG00000280068.1	ENSG00000280068
ENSG00000250820.1	ENSG00000250820
ENSG00000051596.10	THOC3
ENSG00000250801.2	THOC3-AS1
ENSG00000272494.1	OR1X1P
ENSG00000250992.4	ENSG00000250992
ENSG00000248469.1	ENSG00000248469
ENSG00000289731.1	ENSG00000289731
ENSG00000251623.3	ENSG00000251623
ENSG00000251458.1	ENSG00000251458
ENSG00000290935.1	ENSG00000290935
ENSG00000248596.8	ENSG00000248596
ENSG00000283559.3	ENSG00000283559
ENSG00000287579.1	ENSG00000287579
ENSG00000283235.2	ENSG00000283235
ENSG00000270989.1	ENSG00000270989
ENSG00000170085.18	SIMC1
ENSG00000251667.1	BRCC3P1
ENSG00000122203.15	KIAA1191
ENSG00000250909.1	ENSG00000250909
ENSG00000251414.1	ENSG00000251414
ENSG00000175414.7	ARL10
ENSG00000221464.1	MIR1271
ENSG00000048162.22	NOP16
ENSG00000146066.3	HIGD2A
ENSG00000175416.16	CLTB
ENSG00000280139.1	ENSG00000280139
ENSG00000113194.13	FAF2
ENSG00000146083.12	RNF44
ENSG00000074276.11	CDHR2
ENSG00000243959.3	RN7SL684P
ENSG00000207420.1	Y_RNA
ENSG00000169258.7	GPRIN1
ENSG00000074317.11	SNCB
ENSG00000266329.1	MIR4281
ENSG00000175766.13	EIF4E1B
ENSG00000048140.18	TSPAN17
ENSG00000248484.1	ENSG00000248484
ENSG00000251446.1	ENSG00000251446
ENSG00000248859.2	LINC01574
ENSG00000113763.12	UNC5A
ENSG00000160883.11	HK3
ENSG00000087206.17	UIMC1
ENSG00000113761.12	ZNF346
ENSG00000251666.1	ZNF346-IT1
ENSG00000160867.15	FGFR4
ENSG00000165671.22	NSD1
ENSG00000286634.1	ENSG00000286634
ENSG00000240729.1	RPL21P60
ENSG00000270706.1	PRMT1P1
ENSG00000169228.14	RAB24
ENSG00000213347.11	MXD3
ENSG00000169230.10	PRELID1
ENSG00000169223.16	LMAN2
ENSG00000239393.1	ENSG00000239393
ENSG00000169220.18	RGS14
ENSG00000131183.11	SLC34A1
ENSG00000196570.3	PFN3
ENSG00000131187.11	F12
ENSG00000198055.11	GRK6
ENSG00000246334.3	PRR7-AS1
ENSG00000131188.12	PRR7
ENSG00000113758.14	DBN1
ENSG00000279821.1	ENSG00000279821
ENSG00000196923.14	PDLIM7
ENSG00000248996.1	PDLIM7-AS1
ENSG00000146094.16	DOK3
ENSG00000183258.12	DDX41
ENSG00000146067.17	FAM193B
ENSG00000272459.1	FAM193B-DT
ENSG00000184840.12	TMED9
ENSG00000027847.14	B4GALT7
ENSG00000247679.3	ENSG00000247679
ENSG00000291283.1	ENSG00000291283
ENSG00000246596.8	ENSG00000246596
ENSG00000290968.1	ENSG00000290968
ENSG00000249849.1	ENSG00000249849
ENSG00000170074.21	FAM153A
ENSG00000249109.1	ENSG00000249109
ENSG00000248943.1	ENSG00000248943
ENSG00000291113.1	ENSG00000291113
ENSG00000214351.5	OR1X5P
ENSG00000249186.2	ENSG00000249186
ENSG00000170089.18	ENSG00000170089
ENSG00000250101.1	ENSG00000250101
ENSG00000249684.6	ENSG00000249684
ENSG00000280207.1	ENSG00000280207
ENSG00000249129.1	SUDS3P1
ENSG00000175325.2	PROP1
ENSG00000204677.13	FAM153CP
ENSG00000218227.3	ENSG00000218227
ENSG00000145911.6	N4BP3
ENSG00000145916.19	RMND5B
ENSG00000145912.10	NHP2
ENSG00000289726.1	ENSG00000289726
ENSG00000251211.1	ENSG00000251211
ENSG00000244234.3	GMCL2
ENSG00000289390.1	ENSG00000289390
ENSG00000197451.12	HNRNPAB
ENSG00000175309.15	PHYKPL
ENSG00000050767.18	COL23A1
ENSG00000271681.1	ENSG00000271681
ENSG00000253698.1	ENSG00000253698
ENSG00000242341.3	RN7SL646P
ENSG00000245688.1	ENSG00000245688
ENSG00000113240.14	CLK4
ENSG00000252464.1	RN7SKP70
ENSG00000286713.1	ENSG00000286713
ENSG00000285891.2	MSANTD5
ENSG00000285978.1	ENSG00000285978
ENSG00000169131.13	ZNF354A
ENSG00000291019.1	AACSP1
ENSG00000250420.9	AACSP1
ENSG00000274813.1	ENSG00000274813
ENSG00000253725.1	ENSG00000253725
ENSG00000278441.1	ENSG00000278441
ENSG00000178338.11	ZNF354B
ENSG00000206624.1	RNU1-39P
ENSG00000198939.8	ZFP2
ENSG00000213328.3	ENSG00000213328
ENSG00000253869.1	PIGFP1
ENSG00000272431.1	ZNF454-DT
ENSG00000178187.8	ZNF454
ENSG00000254035.1	ENSG00000254035
ENSG00000113262.16	GRM6
ENSG00000254158.1	ENSG00000254158
ENSG00000234284.7	ZNF879
ENSG00000177932.7	ZNF354C
ENSG00000253144.1	ENSG00000253144
ENSG00000087116.17	ADAMTS2
ENSG00000253979.1	ENSG00000253979
ENSG00000253163.1	ENSG00000253163
ENSG00000253617.2	ENSG00000253617
ENSG00000250674.1	ENSG00000250674
ENSG00000274716.1	U4
ENSG00000253652.1	ENSG00000253652
ENSG00000251545.2	ENSG00000251545
ENSG00000253520.1	ENSG00000253520
ENSG00000290043.1	ENSG00000290043
ENSG00000176783.15	RUFY1
ENSG00000249140.1	PRDX2P3
ENSG00000244945.1	RUFY1-AS1
ENSG00000169045.19	HNRNPH1
ENSG00000273549.1	Metazoa_SRP
ENSG00000204661.9	C5orf60
ENSG00000228259.3	ENSG00000228259
ENSG00000250999.2	ENSG00000250999
ENSG00000204659.5	CBY3
ENSG00000127022.16	CANX
ENSG00000225051.5	HMGB3P22
ENSG00000161021.13	MAML1
ENSG00000213316.10	LTC4S
ENSG00000161013.17	MGAT4B
ENSG00000221394.1	MIR1229
ENSG00000161011.20	SQSTM1
ENSG00000161010.16	MRNIP
ENSG00000222448.1	RN7SKP150
ENSG00000252202.1	Y_RNA
ENSG00000245317.2	MRNIP-DT
ENSG00000197226.13	TBC1D9B
ENSG00000113269.14	RNF130
ENSG00000242979.1	RPS15AP18
ENSG00000249876.1	ENSG00000249876
ENSG00000249412.1	ENSG00000249412
ENSG00000285865.1	ENSG00000285865
ENSG00000198995.3	MIR340
ENSG00000278965.1	ENSG00000278965
ENSG00000253480.1	ENSG00000253480
ENSG00000146090.16	RASGEF1C
ENSG00000229721.3	ENSG00000229721
ENSG00000050748.18	MAPK9
ENSG00000253908.1	ENSG00000253908
ENSG00000248367.2	ENSG00000248367
ENSG00000131459.13	GFPT2
ENSG00000250509.2	ENSG00000250509
ENSG00000200555.1	RNU6-525P
ENSG00000289839.1	ENSG00000289839
ENSG00000113300.13	CNOT6
ENSG00000250749.1	ENSG00000250749
ENSG00000161055.4	SCGB3A1
ENSG00000037280.16	FLT4
ENSG00000251352.1	ENSG00000251352
ENSG00000248717.2	LINC02222
ENSG00000236791.2	OR2AI1P
ENSG00000199892.2	RNU1-17P
ENSG00000174339.3	OR2Y1
ENSG00000131446.17	MGAT1
ENSG00000280161.1	ENSG00000280161
ENSG00000278970.4	HEIH
ENSG00000245060.8	LINC00847
ENSG00000286128.1	ENSG00000286128
ENSG00000196670.14	ZFP62
ENSG00000113303.12	BTNL8
ENSG00000222852.1	Y_RNA
ENSG00000243664.1	RPS29P12
ENSG00000249287.1	ENSG00000249287
ENSG00000248761.1	ENSG00000248761
ENSG00000231228.4	ARPP19P1
ENSG00000168903.9	BTNL3
ENSG00000206686.1	RNU6-1036P
ENSG00000165810.17	BTNL9
ENSG00000277912.1	MIR8089
ENSG00000241870.1	ENSG00000241870
ENSG00000214295.4	FOXO1B
ENSG00000248560.1	ENSG00000248560
ENSG00000185372.4	OR2V1
ENSG00000182613.3	OR2V2
ENSG00000248473.2	LINC01962
ENSG00000250222.4	TRIM7-AS2
ENSG00000146054.18	TRIM7
ENSG00000250900.6	TRIM7-AS1
ENSG00000248514.1	ENSG00000248514
ENSG00000286644.1	ENSG00000286644
ENSG00000146063.20	TRIM41
ENSG00000264732.1	MIR4638
ENSG00000247049.2	ENSG00000247049
ENSG00000204628.12	RACK1
ENSG00000272296.1	SNORD96A
ENSG00000264549.1	SNORD95
ENSG00000233937.9	CTC-338M12.4
ENSG00000183718.6	TRIM52
ENSG00000248275.3	TRIM52-AS1
ENSG00000286310.1	ENSG00000286310
ENSG00000248103.1	ENSG00000248103
ENSG00000274525.1	ENSG00000274525
ENSG00000222533.1	RNU6-705P
ENSG00000238035.8	ENSG00000238035
ENSG00000274553.1	CICP15
ENSG00000291218.1	ENSG00000291218
ENSG00000250765.1	SEPTIN14P5
ENSG00000230178.1	OR4F3
ENSG00000251035.1	WBP1LP4
ENSG00000213285.4	RPL23AP45
ENSG00000271530.1	WBP1LP12
ENSG00000220212.1	OR4F1P
ENSG00000217929.4	SEPTIN14P6
ENSG00000218577.1	ANKRD18FP
ENSG00000263667.4	LINC03066
ENSG00000285578.1	ENSG00000285578
ENSG00000205653.2	ENSG00000205653
ENSG00000287265.1	ENSG00000287265
ENSG00000112679.15	DUSP22
ENSG00000137265.16	IRF4
ENSG00000286364.1	ENSG00000286364
ENSG00000112685.14	EXOC2
ENSG00000230433.1	ENSG00000230433
ENSG00000188996.5	HUS1B
ENSG00000219712.1	MARK2P18
ENSG00000271727.2	ENSG00000271727
ENSG00000272463.2	ENSG00000272463
ENSG00000287293.1	ENSG00000287293
ENSG00000271911.1	ENSG00000271911
ENSG00000272485.1	ENSG00000272485
ENSG00000276687.1	ENSG00000276687
ENSG00000286785.1	LINC01622
ENSG00000270937.1	ENSG00000270937
ENSG00000176515.1	ENSG00000176515
ENSG00000286324.2	ENSG00000286324
ENSG00000289842.1	ENSG00000289842
ENSG00000164379.7	FOXQ1
ENSG00000281809.1	LINC01394
ENSG00000261730.1	FOXF2-DT
ENSG00000137273.6	FOXF2
ENSG00000275859.1	MIR6720
ENSG00000243439.3	RN7SL352P
ENSG00000218027.2	ENSG00000218027
ENSG00000272279.1	ENSG00000272279
ENSG00000280916.4	FOXCUT
ENSG00000054598.9	FOXC1
ENSG00000112699.11	GMDS
ENSG00000285603.1	ENSG00000285603
ENSG00000250903.11	GMDS-DT
ENSG00000236086.4	HMGN2P28
ENSG00000286512.1	ENSG00000286512
ENSG00000272465.1	ENSG00000272465
ENSG00000287903.1	ENSG00000287903
ENSG00000280423.1	ENSG00000280423
ENSG00000228718.2	LINC02521
ENSG00000164385.11	LINC01600
ENSG00000145949.12	MYLK4
ENSG00000124535.16	WRNIP1
ENSG00000021355.13	SERPINB1
ENSG00000230438.9	SERPINB9P1
ENSG00000266750.1	MIR4645
ENSG00000170542.6	SERPINB9
ENSG00000232999.1	ENSG00000232999
ENSG00000228365.1	ENSG00000228365
ENSG00000124570.21	SERPINB6
ENSG00000244041.7	LINC01011
ENSG00000124588.22	NQO2
ENSG00000224846.3	NQO2-AS1
ENSG00000271361.1	HTATSF1P2
ENSG00000288612.1	ENSG00000288612
ENSG00000274855.1	ENSG00000274855
ENSG00000232654.1	FAM136BP
ENSG00000217707.2	SERPINB8P1
ENSG00000229282.2	ENSG00000229282
ENSG00000137275.16	RIPK1
ENSG00000272277.1	ENSG00000272277
ENSG00000222248.1	RNA5SP201
ENSG00000137274.13	BPHL
ENSG00000228170.1	ENSG00000228170
ENSG00000137267.7	TUBB2A
ENSG00000216819.1	TUBB2BP1
ENSG00000230269.7	LINC02525
ENSG00000137285.11	TUBB2B
ENSG00000288840.1	ENSG00000288840
ENSG00000180822.12	PSMG4
ENSG00000137266.15	SLC22A23
ENSG00000272320.1	ENSG00000272320
ENSG00000228793.3	ENSG00000228793
ENSG00000270477.1	ENSG00000270477
ENSG00000168994.14	PXDC1
ENSG00000270504.1	ENSG00000270504
ENSG00000219992.2	ENSG00000219992
ENSG00000238158.6	ENSG00000238158
ENSG00000233068.3	ENSG00000233068
ENSG00000145945.7	FAM50B
ENSG00000260604.3	ENSG00000260604
ENSG00000218472.2	ENSG00000218472
ENSG00000217135.2	ENSG00000217135
ENSG00000217566.2	TDGF1P4
ENSG00000216657.1	GLRX3P2
ENSG00000279926.1	ENSG00000279926
ENSG00000288904.2	ENSG00000288904
ENSG00000272248.1	ENSG00000272248
ENSG00000230648.1	ENSG00000230648
ENSG00000112739.17	PRPF4B
ENSG00000145975.15	FAM217A
ENSG00000185689.17	TEX56P
ENSG00000198721.13	ECI2
ENSG00000254821.1	ENSG00000254821
ENSG00000234817.2	ECI2-DT
ENSG00000237716.2	ENSG00000237716
ENSG00000216307.2	ENSG00000216307
ENSG00000285424.1	ENSG00000285424
ENSG00000231811.4	ENSG00000231811
ENSG00000287761.1	ENSG00000287761
ENSG00000201185.1	RNA5SP202
ENSG00000285694.1	ENSG00000285694
ENSG00000260239.2	LINC02533
ENSG00000270695.1	ENSG00000270695
ENSG00000260673.1	ENSG00000260673
ENSG00000205444.4	KU-MEL-3
ENSG00000217385.1	PSMC1P11
ENSG00000153046.18	CDYL
ENSG00000284823.1	ENSG00000284823
ENSG00000236336.1	CDYL-AS1
ENSG00000217030.1	ENSG00000217030
ENSG00000124787.14	RPP40
ENSG00000272142.4	LYRM4-AS1
ENSG00000271978.2	ENSG00000271978
ENSG00000220685.3	ENSG00000220685
ENSG00000288548.1	ENSG00000288548
ENSG00000219607.4	PPP1R3G
ENSG00000214113.11	LYRM4
ENSG00000265083.1	MIR3691
ENSG00000145982.13	FARS2
ENSG00000220446.2	ENSG00000220446
ENSG00000269985.2	FARS2-AS1
ENSG00000218574.1	HNRNPA1P37
ENSG00000270174.1	ENSG00000270174
ENSG00000217239.3	ENSG00000217239
ENSG00000216360.1	ENSG00000216360
ENSG00000233064.2	ENSG00000233064
ENSG00000239472.3	RN7SL221P
ENSG00000215057.4	PKMP5
ENSG00000124785.9	NRN1
ENSG00000124491.16	F13A1
ENSG00000263572.2	MIR7853
ENSG00000283616.1	MIR5683
ENSG00000216863.11	LY86-AS1
ENSG00000241216.1	SNAPC5P1
ENSG00000285717.1	ENSG00000285717
ENSG00000218868.1	CNN3P1
ENSG00000112799.9	LY86
ENSG00000261211.2	ENSG00000261211
ENSG00000279368.1	ENSG00000279368
ENSG00000226281.6	ENSG00000226281
ENSG00000287497.3	ENSG00000287497
ENSG00000288046.1	ENSG00000288046
ENSG00000224532.2	ENSG00000224532
ENSG00000219986.2	BTF3P7
ENSG00000288860.1	ENSG00000288860
ENSG00000223342.2	ENSG00000223342
ENSG00000240936.3	RN7SL554P
ENSG00000203498.3	ENSG00000203498
ENSG00000124782.21	RREB1
ENSG00000225092.2	ENSG00000225092
ENSG00000201483.1	Y_RNA
ENSG00000287002.1	ENSG00000287002
ENSG00000285771.1	ENSG00000285771
ENSG00000124783.14	SSR1
ENSG00000238221.1	ENSG00000238221
ENSG00000164304.16	CAGE1
ENSG00000219375.1	ENSG00000219375
ENSG00000220472.1	ENSG00000220472
ENSG00000230570.1	ENSG00000230570
ENSG00000124784.9	RIOK1
ENSG00000233503.1	HNRNPLP1
ENSG00000219993.1	ENSG00000219993
ENSG00000234115.2	ENSG00000234115
ENSG00000261189.3	DSP-AS1
ENSG00000096696.16	DSP
ENSG00000168566.13	SNRNP48
ENSG00000236512.1	RPL29P1
ENSG00000153162.9	BMP6
ENSG00000239264.9	TXNDC5
ENSG00000259040.5	BLOC1S5-TXNDC5
ENSG00000217746.1	ENSG00000217746
ENSG00000219294.6	PIP5K1P1
ENSG00000188428.20	BLOC1S5
ENSG00000265818.1	EEF1E1-BLOC1S5
ENSG00000124802.12	EEF1E1
ENSG00000232234.4	ENSG00000232234
ENSG00000285216.1	ENSG00000285216
ENSG00000234763.3	ENSG00000234763
ENSG00000124786.13	SLC35B3
ENSG00000285219.4	HULC
ENSG00000276019.1	ENSG00000276019
ENSG00000225775.1	ENSG00000225775
ENSG00000181355.21	OFCC1
ENSG00000216368.2	RPL7AP36
ENSG00000229765.2	RPL21P62
ENSG00000221583.1	RNU6ATAC21P
ENSG00000216781.2	ENSG00000216781
ENSG00000137203.15	TFAP2A
ENSG00000285278.1	TFAP2A-AS2
ENSG00000229950.1	TFAP2A-AS1
ENSG00000228478.1	ENSG00000228478
ENSG00000285759.1	ENSG00000285759
ENSG00000183674.12	LINC00518
ENSG00000229401.1	MIR5689HG
ENSG00000263705.1	MIR5689
ENSG00000238076.1	MRPL48P1
ENSG00000231056.1	LINC02522
ENSG00000111846.20	GCNT2
ENSG00000237685.1	ENSG00000237685
ENSG00000216359.1	ENSG00000216359
ENSG00000217181.1	RPL21P63
ENSG00000205318.5	GCNT2P1
ENSG00000285763.1	ENSG00000285763
ENSG00000137434.12	C6orf52
ENSG00000201048.1	Y_RNA
ENSG00000111845.5	PAK1IP1
ENSG00000111843.14	TMEM14C
ENSG00000272097.2	TMEM14B-DT
ENSG00000137210.14	TMEM14B
ENSG00000272162.1	ENSG00000272162
ENSG00000222383.1	RNA5SP203
ENSG00000111837.12	MAK
ENSG00000124827.7	GCM2
ENSG00000235051.3	ENSG00000235051
ENSG00000153157.14	SYCP2L
ENSG00000197977.4	ELOVL2
ENSG00000274541.1	ENSG00000274541
ENSG00000230314.7	ELOVL2-AS1
ENSG00000224531.6	SMIM13
ENSG00000244476.3	ERVFRD-1
ENSG00000271245.1	ENSG00000271245
ENSG00000247925.2	ENSG00000247925
ENSG00000111859.17	NEDD9
ENSG00000287920.1	ENSG00000287920
ENSG00000290062.1	ENSG00000290062
ENSG00000242753.2	ENSG00000242753
ENSG00000233656.2	ENSG00000233656
ENSG00000202313.1	RNU1-64P
ENSG00000218020.3	THAP12P5
ENSG00000205269.6	TMEM170B
ENSG00000271897.1	ENSG00000271897
ENSG00000277473.1	Metazoa_SRP
ENSG00000207419.1	ENSG00000207419
ENSG00000111863.13	ADTRP
ENSG00000287593.1	ENSG00000287593
ENSG00000234427.1	ENSG00000234427
ENSG00000215124.2	AMD1P4
ENSG00000225102.2	ENSG00000225102
ENSG00000229896.2	ENSG00000229896
ENSG00000095951.17	HIVEP1
ENSG00000078401.7	EDN1
ENSG00000218893.1	SUMO2P12
ENSG00000223321.1	RN7SKP293
ENSG00000212802.4	RPL15P3
ENSG00000234015.1	LINC02530
ENSG00000112137.19	PHACTR1
ENSG00000206702.1	RNU1-11P
ENSG00000215022.8	ENSG00000215022
ENSG00000145979.18	TBC1D7
ENSG00000272379.1	ENSG00000272379
ENSG00000289257.2	ENSG00000289257
ENSG00000145990.11	GFOD1
ENSG00000237786.1	GFOD1-AS1
ENSG00000218265.1	RPS4XP7
ENSG00000202351.1	RN7SKP204
ENSG00000124523.17	SIRT5
ENSG00000261071.2	ENSG00000261071
ENSG00000225921.7	NOL7
ENSG00000010017.13	RANBP9
ENSG00000286316.1	ENSG00000286316
ENSG00000050393.12	MCUR1
ENSG00000272209.1	ENSG00000272209
ENSG00000180537.13	RNF182
ENSG00000220868.2	MRPL35P1
ENSG00000233981.1	ENSG00000233981
ENSG00000112149.10	CD83
ENSG00000285639.1	ENSG00000285639
ENSG00000238987.1	RNU7-133P
ENSG00000286281.1	ENSG00000286281
ENSG00000230631.1	ENSG00000230631
ENSG00000226673.2	LINC01108
ENSG00000237346.2	ENSG00000237346
ENSG00000234540.1	ENSG00000234540
ENSG00000286277.1	ENSG00000286277
ENSG00000229646.2	ENSG00000229646
ENSG00000289958.1	ENSG00000289958
ENSG00000206960.1	RNU6-793P
ENSG00000234261.6	ENSG00000234261
ENSG00000216754.2	RPL6P17
ENSG00000242989.3	RN7SL332P
ENSG00000271888.1	JARID2-DT
ENSG00000008083.14	JARID2
ENSG00000235488.1	JARID2-AS1
ENSG00000201367.1	RNU6-522P
ENSG00000201519.1	RNU6-645P
ENSG00000277411.1	5S_rRNA
ENSG00000047579.20	DTNBP1
ENSG00000287626.1	ENSG00000287626
ENSG00000289953.1	ENSG00000289953
ENSG00000214027.3	ARPC3P5
ENSG00000232947.1	LINC02543
ENSG00000274212.1	ENSG00000274212
ENSG00000217585.1	MDH1P2
ENSG00000007944.15	MYLIP
ENSG00000263712.1	MIR4639
ENSG00000218073.1	ENSG00000218073
ENSG00000217078.1	ENSG00000217078
ENSG00000216364.1	MRPL42P2
ENSG00000251831.1	RNU6-1114P
ENSG00000207193.1	Y_RNA
ENSG00000137198.10	GMPR
ENSG00000282024.1	ENSG00000282024
ENSG00000124788.19	ATXN1
ENSG00000288708.1	ENSG00000288708
ENSG00000229931.3	ATXN1-AS1
ENSG00000289863.1	ENSG00000289863
ENSG00000272341.1	ENSG00000272341
ENSG00000287347.1	ENSG00000287347
ENSG00000286631.1	ENSG00000286631
ENSG00000287359.1	ENSG00000287359
ENSG00000230873.9	STMND1
ENSG00000287559.1	ENSG00000287559
ENSG00000288812.1	ENSG00000288812
ENSG00000112183.15	RBM24
ENSG00000219314.1	ENSG00000219314
ENSG00000112186.13	CAP2
ENSG00000184612.8	RPL7P26
ENSG00000218359.1	SUMO2P13
ENSG00000286885.3	ENSG00000286885
ENSG00000137414.7	FAM8A1
ENSG00000124789.12	NUP153
ENSG00000206881.1	RNU6-190P
ENSG00000272269.2	NUP153-AS1
ENSG00000201415.1	RNA5SP204
ENSG00000201442.2	Y_RNA
ENSG00000137177.20	KIF13A
ENSG00000220920.1	ENSG00000220920
ENSG00000187566.6	NHLRC1
ENSG00000137364.5	TPMT
ENSG00000165097.16	KDM1B
ENSG00000124795.17	DEK
ENSG00000199715.1	Y_RNA
ENSG00000289097.1	ENSG00000289097
ENSG00000278102.1	ENSG00000278102
ENSG00000200681.1	RNU6-263P
ENSG00000217414.2	DDX18P3
ENSG00000218976.2	IMPDH1P9
ENSG00000137393.10	RNF144B
ENSG00000283408.2	MIR548A1HG
ENSG00000207775.1	MIR548A1
ENSG00000217379.2	RPL21P61
ENSG00000231662.1	ENSG00000231662
ENSG00000228412.9	LNC-LBCS
ENSG00000218643.2	RPL5P20
ENSG00000201523.1	RNA5SP205
ENSG00000214012.4	KRT18P38
ENSG00000217314.2	UQCRFS1P3
ENSG00000200957.1	RNU6-801P
ENSG00000172201.12	ID4
ENSG00000287138.1	ENSG00000287138
ENSG00000229700.1	RPL29P17
ENSG00000172197.11	MBOAT1
ENSG00000227803.2	ENSG00000227803
ENSG00000287614.1	ENSG00000287614
ENSG00000286590.1	ENSG00000286590
ENSG00000287483.1	ENSG00000287483
ENSG00000289981.1	ENSG00000289981
ENSG00000112242.16	E2F3
ENSG00000240869.3	RN7SL128P
ENSG00000224707.1	E2F3-IT1
ENSG00000222431.1	RNU6-141P
ENSG00000201683.1	Y_RNA
ENSG00000145996.11	CDKAL1
ENSG00000225832.1	RPL36AP25
ENSG00000233848.1	ENSG00000233848
ENSG00000252046.1	RNU6-150P
ENSG00000287404.1	ENSG00000287404
ENSG00000227089.2	ENSG00000227089
ENSG00000286368.1	ENSG00000286368
ENSG00000280989.2	LINC00581
ENSG00000231754.4	ENSG00000231754
ENSG00000283480.1	ENSG00000283480
ENSG00000124766.7	SOX4
ENSG00000220771.2	BOLA2P3
ENSG00000272168.10	CASC15
ENSG00000280443.1	ENSG00000280443
ENSG00000222515.1	RN7SKP240
ENSG00000260455.2	NBAT1
ENSG00000219404.2	ENSG00000219404
ENSG00000172179.13	PRL
ENSG00000112273.7	HDGFL1
ENSG00000228772.2	ENSG00000228772
ENSG00000286954.1	ENSG00000286954
ENSG00000233358.2	ENSG00000233358
ENSG00000218476.2	RPL6P18
ENSG00000207394.1	RNU6-1060P
ENSG00000235743.2	ENSG00000235743
ENSG00000289368.2	ENSG00000289368
ENSG00000219453.1	ENSG00000219453
ENSG00000290589.1	ENSG00000290589
ENSG00000278128.3	ENSG00000278128
ENSG00000218512.2	SPTLC1P2
ENSG00000220748.2	ENSG00000220748
ENSG00000219582.3	HNRNPA1P58
ENSG00000152954.12	NRSN1
ENSG00000251830.1	ENSG00000251830
ENSG00000146038.12	DCDC2
ENSG00000146049.2	KAAG1
ENSG00000202050.1	RNU6-391P
ENSG00000124532.15	MRS2
ENSG00000112293.15	GPLD1
ENSG00000112294.14	ALDH5A1
ENSG00000137261.15	KIAA0319
ENSG00000218186.2	KRT8P43
ENSG00000111802.14	TDP2
ENSG00000112304.11	ACOT13
ENSG00000272345.1	ENSG00000272345
ENSG00000112308.14	C6orf62
ENSG00000272402.1	ENSG00000272402
ENSG00000288851.1	ENSG00000288851
ENSG00000224164.2	LINC02828
ENSG00000218806.2	ENSG00000218806
ENSG00000112312.10	GMNN
ENSG00000260286.4	ARMH2
ENSG00000282804.1	ENSG00000282804
ENSG00000111913.20	RIPOR2
ENSG00000288887.2	ENSG00000288887
ENSG00000217083.1	MTCO2P33
ENSG00000214975.4	PPIAP29
ENSG00000286633.1	ENSG00000286633
ENSG00000220517.2	ASS1P1
ENSG00000244618.3	RN7SL334P
ENSG00000229313.1	ENSG00000229313
ENSG00000223623.1	ENSG00000223623
ENSG00000168405.18	CMAHP
ENSG00000285801.1	ENSG00000285801
ENSG00000219682.4	ENSG00000219682
ENSG00000262400.1	ENSG00000262400
ENSG00000217805.2	ENSG00000217805
ENSG00000219681.2	ENSG00000219681
ENSG00000271108.1	KATNBL1P5
ENSG00000216718.7	RPL21P68
ENSG00000213972.3	ENSG00000213972
ENSG00000079691.19	CARMIL1
ENSG00000207286.1	Y_RNA
ENSG00000207490.1	RNU6-987P
ENSG00000286933.1	ENSG00000286933
ENSG00000079689.15	SCGN
ENSG00000290217.1	ENSG00000290217
ENSG00000217408.2	PRELID1P2
ENSG00000164508.6	H2AC1
ENSG00000146047.7	H2BC1
ENSG00000178762.5	H2BC2P
ENSG00000291193.1	ENSG00000291193
ENSG00000216436.2	H2AC2P
ENSG00000146039.11	SLC17A4
ENSG00000124568.12	SLC17A1
ENSG00000124564.17	SLC17A3
ENSG00000242387.1	H2AC3P
ENSG00000277410.1	H2BP5
ENSG00000112337.11	SLC17A2
ENSG00000112343.11	TRIM38
ENSG00000272558.1	ENSG00000272558
ENSG00000272462.4	LINC02980
ENSG00000272810.1	ENSG00000272810
ENSG00000224447.1	H3P26
ENSG00000124610.5	H1-1
ENSG00000275714.2	H3C1
ENSG00000278637.2	H4C1
ENSG00000278705.3	H4C2
ENSG00000286522.2	H3C2
ENSG00000278463.2	H2AC4
ENSG00000276410.4	H2BC3
ENSG00000234816.2	H2AC5P
ENSG00000287080.2	H3C3
ENSG00000187837.4	H1-2
ENSG00000180596.9	H2BC4
ENSG00000010704.19	HFE
ENSG00000197061.5	H4C3
ENSG00000187475.6	H1-6
ENSG00000291336.1	ENSG00000291336
ENSG00000180573.10	H2AC6
ENSG00000168298.7	H1-4
ENSG00000291338.1	ENSG00000291338
ENSG00000289117.2	ENSG00000289117
ENSG00000158373.9	H2BC5
ENSG00000283064.1	ENSG00000283064
ENSG00000217159.2	LARP1P1
ENSG00000274290.3	H2BC6
ENSG00000277157.2	H4C4
ENSG00000216331.2	H1-12P
ENSG00000282988.2	ENSG00000282988
ENSG00000197409.8	H3C4
ENSG00000196866.3	H2AC7
ENSG00000277224.3	H2BC7
ENSG00000217275.2	ENSG00000217275
ENSG00000276966.3	H4C5
ENSG00000273802.3	H2BC8
ENSG00000277075.3	H2AC8
ENSG00000277720.1	H3C5P
ENSG00000274750.3	H3C6
ENSG00000218281.1	H2AC9P
ENSG00000124575.7	H1-3
ENSG00000274618.2	H4C6
ENSG00000275663.2	H4C7
ENSG00000277775.2	H3C7
ENSG00000275713.3	H2BC9
ENSG00000273983.2	H3C8
ENSG00000290789.1	ENSG00000290789
ENSG00000218690.3	H2AC10P
ENSG00000278588.2	H2BC10
ENSG00000158406.6	H4C8
ENSG00000289447.2	ENSG00000289447
ENSG00000220875.1	H3C9P
ENSG00000287050.1	ENSG00000287050
ENSG00000186470.14	BTN3A2
ENSG00000124508.17	BTN2A2
ENSG00000026950.17	BTN3A1
ENSG00000291104.1	BTN2A3P
ENSG00000124549.17	BTN2A3P
ENSG00000111801.16	BTN3A3
ENSG00000112763.17	BTN2A1
ENSG00000290055.1	ENSG00000290055
ENSG00000284688.1	BTN1A1P1
ENSG00000124557.14	BTN1A1
ENSG00000199289.1	RNU6-502P
ENSG00000228223.3	HCG11
ENSG00000182952.5	HMGN4
ENSG00000284607.1	ENSG00000284607
ENSG00000146109.5	ABT1
ENSG00000275846.1	ENSG00000275846
ENSG00000271071.1	ENSG00000271071
ENSG00000181315.11	ZNF322
ENSG00000285571.1	ENSG00000285571
ENSG00000261584.1	ENSG00000261584
ENSG00000291342.1	ENSG00000291342
ENSG00000290474.1	GUSBP2
ENSG00000241549.9	GUSBP2
ENSG00000243307.2	POM121L6P
ENSG00000224843.8	LINC00240
ENSG00000287966.3	LARRPM
ENSG00000272312.1	ENSG00000272312
ENSG00000220581.1	VN1R12P
ENSG00000216762.1	VN1R13P
ENSG00000219770.1	VN1R11P
ENSG00000222800.1	RNU2-62P
ENSG00000272468.1	ENSG00000272468
ENSG00000124635.9	H2BC11
ENSG00000196787.4	H2AC11
ENSG00000290032.1	ENSG00000290032
ENSG00000276180.2	H4C9
ENSG00000197903.8	H2BC12
ENSG00000274997.2	H2AC12
ENSG00000265565.1	MIR3143
ENSG00000290009.1	ENSG00000290009
ENSG00000174572.3	RPL10P2
ENSG00000112812.16	PRSS16
ENSG00000270935.1	ENSG00000270935
ENSG00000158553.5	POM121L2
ENSG00000220758.4	VN1R10P
ENSG00000291112.1	ENSG00000291112
ENSG00000204789.6	ZNF204P
ENSG00000124613.9	ZNF391
ENSG00000271755.1	ENSG00000271755
ENSG00000237154.2	MCFD2P1
ENSG00000096654.16	ZNF184
ENSG00000285849.1	ENSG00000285849
ENSG00000286652.1	ENSG00000286652
ENSG00000285703.1	ENSG00000285703
ENSG00000278332.1	ENSG00000278332
ENSG00000270666.1	ENSG00000270666
ENSG00000218347.2	HNRNPA1P1
ENSG00000219738.2	CD83P1
ENSG00000206671.1	RNU6-471P
ENSG00000216676.2	RPL8P1
ENSG00000287674.1	ENSG00000287674
ENSG00000281706.5	LINC01012
ENSG00000216915.2	GPR89P
ENSG00000287252.3	ENSG00000287252
ENSG00000218069.2	RSL24D1P1
ENSG00000217862.2	H4C10P
ENSG00000185130.6	H2BC13
ENSG00000196747.5	H2AC13
ENSG00000278828.2	H3C10
ENSG00000276368.2	H2AC14
ENSG00000273703.2	H2BC14
ENSG00000197238.5	H4C11
ENSG00000273542.2	H4C12
ENSG00000275221.2	H2AC15
ENSG00000233822.6	H2BC15
ENSG00000217646.1	H2BC16P
ENSG00000276903.2	H2AC16
ENSG00000184357.5	H1-5
ENSG00000275379.2	H3C11
ENSG00000275126.2	H4C13
ENSG00000197153.5	H3C12
ENSG00000278677.2	H2AC17
ENSG00000274641.2	H2BC17
ENSG00000238610.1	RNU7-26P
ENSG00000168131.4	OR2B2
ENSG00000168126.3	OR2W6P
ENSG00000124657.1	OR2B6
ENSG00000214374.2	RPLP2P1
ENSG00000216629.1	OR2W4P
ENSG00000217539.2	IQCB2P
ENSG00000269293.5	ZSCAN16-AS1
ENSG00000199851.2	U3
ENSG00000217315.1	OR2W2P
ENSG00000187763.3	OR2B7P
ENSG00000182477.5	OR2B8P
ENSG00000220721.3	OR1F12P
ENSG00000272009.1	ENSG00000272009
ENSG00000197279.5	ZNF165
ENSG00000291008.1	ENSG00000291008
ENSG00000219891.4	ZSCAN12P1
ENSG00000196812.6	ZSCAN16
ENSG00000290891.1	ENSG00000290891
ENSG00000219392.3	ZNF602P
ENSG00000261839.1	ENSG00000261839
ENSG00000198315.11	ZKSCAN8
ENSG00000226314.9	ZKSCAN8P1
ENSG00000280107.1	ENSG00000280107
ENSG00000216901.1	ZNF603P
ENSG00000218016.2	ZKSCAN8P2
ENSG00000176933.5	TOB2P1
ENSG00000137185.13	ZSCAN9
ENSG00000187626.9	ZKSCAN4
ENSG00000189134.4	NKAPL
ENSG00000197062.12	ZSCAN26
ENSG00000276302.1	ENSG00000276302
ENSG00000137338.6	PGBD1
ENSG00000273712.1	ENSG00000273712
ENSG00000270326.1	SMIM15P2
ENSG00000235109.8	ZSCAN31
ENSG00000289467.2	ENSG00000289467
ENSG00000290051.1	ENSG00000290051
ENSG00000189298.14	ZKSCAN3
ENSG00000158691.15	ZSCAN12
ENSG00000251877.1	RNU2-45P
ENSG00000187987.10	ZSCAN23
ENSG00000231162.4	COX11P1
ENSG00000219262.1	OR2E1P
ENSG00000287804.3	ENSG00000287804
ENSG00000286819.2	ENSG00000286819
ENSG00000198704.10	GPX6
ENSG00000224586.7	GPX5
ENSG00000232040.4	SCAND3
ENSG00000246350.1	ZBED9-AS1
ENSG00000271440.1	ENSG00000271440
ENSG00000287279.1	ENSG00000287279
ENSG00000235570.1	LINC00533
ENSG00000237425.1	RPSAP2
ENSG00000235559.1	NOP56P1
ENSG00000225173.2	ENSG00000225173
ENSG00000225595.2	LINC01623
ENSG00000213916.2	RPL13P
ENSG00000233366.1	ZNF90P2
ENSG00000224157.1	HCG14
ENSG00000204713.11	TRIM27
ENSG00000212240.1	RNU6-930P
ENSG00000204709.4	LINC01556
ENSG00000228666.1	KRT18P1
ENSG00000263426.2	RN7SL471P
ENSG00000227214.2	HCG15
ENSG00000244349.1	ENSG00000244349
ENSG00000197935.7	ZNF311
ENSG00000223677.1	OR2AD1P
ENSG00000277661.4	OR2W1-AS1
ENSG00000204704.3	OR2W1
ENSG00000236909.1	OR2P1P
ENSG00000228364.1	SAR1AP1
ENSG00000204703.5	OR2B3
ENSG00000204702.6	OR2J1
ENSG00000204701.3	OR2J3
ENSG00000227206.1	ENSG00000227206
ENSG00000290479.1	ENSG00000290479
ENSG00000203492.5	OR2N1P
ENSG00000284656.1	ENSG00000284656
ENSG00000204700.5	OR2J2
ENSG00000224233.1	OR2J4P
ENSG00000290478.1	ENSG00000290478
ENSG00000230598.3	OR2H4P
ENSG00000290496.1	LINC03003
ENSG00000213911.2	OR2G1P
ENSG00000204697.3	OR2U1P
ENSG00000242524.1	OR2U2P
ENSG00000197171.7	LINC03003
ENSG00000204695.4	OR14J1
ENSG00000230056.1	DDX6P1
ENSG00000243729.5	OR5V1
ENSG00000112462.8	OR12D3
ENSG00000280236.3	OR12D2
ENSG00000251608.2	OR12D1
ENSG00000204694.13	OR11A1
ENSG00000206474.8	OR10C1
ENSG00000277881.1	ENSG00000277881
ENSG00000204688.10	OR2H1
ENSG00000225797.2	UBDP1
ENSG00000230164.1	MAS1LP1
ENSG00000289203.1	ENSG00000289203
ENSG00000204687.4	MAS1L
ENSG00000213900.2	RPS17P1
ENSG00000229274.2	LINC02829
ENSG00000224582.7	LINC01015
ENSG00000229281.1	GPR53P
ENSG00000237988.6	OR2I1P
ENSG00000213886.4	UBD
ENSG00000204681.11	GABBR1
ENSG00000232173.2	OR2H5P
ENSG00000227609.2	TMEM183AP1
ENSG00000201330.1	SNORD32B
ENSG00000231301.1	RPL13AP
ENSG00000204657.4	OR2H2
ENSG00000235238.1	SUMO2P1
ENSG00000204655.12	MOG
ENSG00000204644.10	ZFP57
ENSG00000233916.1	ZDHHC20P1
ENSG00000204642.14	HLA-F
ENSG00000225864.1	ENSG00000225864
ENSG00000214922.9	HLA-F-AS1
ENSG00000239257.1	RPL23AP1
ENSG00000273340.1	MICE
ENSG00000227758.1	HCG9P5
ENSG00000199290.1	Y_RNA
ENSG00000235821.1	IFITM4P
ENSG00000272236.1	ENSG00000272236
ENSG00000285761.1	ENSG00000285761
ENSG00000270896.1	ENSG00000270896
ENSG00000290710.1	HLA-V
ENSG00000176998.4	HCG4
ENSG00000181126.14	HLA-V
ENSG00000261548.1	HLA-P
ENSG00000213880.3	RPL7AP7
ENSG00000237042.1	MICG
ENSG00000204632.13	HLA-G
ENSG00000229142.1	HCG4P8
ENSG00000290870.1	ENSG00000290870
ENSG00000285799.2	ENSG00000285799
ENSG00000281831.1	HCP5B
ENSG00000230521.1	ENSG00000230521
ENSG00000206341.7	HLA-H
ENSG00000231130.1	HLA-T
ENSG00000233677.1	DDX39BP1
ENSG00000235963.1	MCCD1P1
ENSG00000227262.3	HCG4B
ENSG00000230795.3	HLA-K
ENSG00000228078.1	HLA-U
ENSG00000206503.14	HLA-A
ENSG00000227766.1	ENSG00000227766
ENSG00000235290.1	HLA-W
ENSG00000229390.1	MICD
ENSG00000204625.10	HCG9
ENSG00000204623.11	POLR1HASP
ENSG00000238024.1	DDX39BP2
ENSG00000224312.1	MCCD1P2
ENSG00000290574.1	ENSG00000290574
ENSG00000237669.1	ENSG00000237669
ENSG00000204622.12	HLA-J
ENSG00000232757.1	ETF1P1
ENSG00000278104.1	ENSG00000278104
ENSG00000275856.1	ENSG00000275856
ENSG00000066379.15	POLR1H
ENSG00000278773.1	ENSG00000278773
ENSG00000204619.8	PPP1R11
ENSG00000204618.10	RNF39
ENSG00000204616.11	TRIM31
ENSG00000231226.1	TRIM31-AS1
ENSG00000252228.1	ENSG00000252228
ENSG00000204614.9	TRIM40
ENSG00000204613.11	TRIM10
ENSG00000204610.14	TRIM15
ENSG00000234127.9	TRIM26
ENSG00000233892.1	PAIP1P1
ENSG00000270604.5	HCG17
ENSG00000236475.1	TRIM26BP
ENSG00000291097.1	HLA-L
ENSG00000243753.8	HLA-L
ENSG00000280128.1	ENSG00000280128
ENSG00000231074.11	HCG18
ENSG00000204599.16	TRIM39
ENSG00000248167.7	TRIM39-RPP21
ENSG00000241370.6	RPP21
ENSG00000224372.1	HLA-N
ENSG00000224486.1	ENSG00000224486
ENSG00000236405.1	UBQLN1P1
ENSG00000226577.1	MICC
ENSG00000286301.1	ENSG00000286301
ENSG00000288805.1	ENSG00000288805
ENSG00000229068.1	TMPOP1
ENSG00000224936.1	SUCLA2P1
ENSG00000236603.2	RANP1
ENSG00000204592.9	HLA-E
ENSG00000235781.1	LINC02569
ENSG00000204590.13	GNL1
ENSG00000204576.12	PRR3
ENSG00000290047.1	ENSG00000290047
ENSG00000204574.14	ABCF1
ENSG00000216101.3	MIR877
ENSG00000204569.10	PPP1R10
ENSG00000204568.12	MRPS18B
ENSG00000137343.18	ATAT1
ENSG00000228415.3	PTMAP1
ENSG00000204564.12	C6orf136
ENSG00000204560.10	DHX16
ENSG00000146112.12	PPP1R18
ENSG00000137404.15	NRM
ENSG00000230449.1	RPL7P4
ENSG00000137337.16	MDC1
ENSG00000224328.1	MDC1-AS1
ENSG00000196230.14	TUBB
ENSG00000272540.1	ENSG00000272540
ENSG00000137312.15	FLOT1
ENSG00000201988.2	Y_RNA
ENSG00000272273.3	IER3-AS1
ENSG00000137331.12	IER3
ENSG00000228022.6	HCG20
ENSG00000263608.2	RN7SL353P
ENSG00000214894.7	LINC00243
ENSG00000237923.2	LINC02570
ENSG00000202241.1	RN7SKP186
ENSG00000237775.1	DDR1-DT
ENSG00000204580.14	DDR1
ENSG00000284370.1	MIR4640
ENSG00000213780.11	GTF2H4
ENSG00000288473.1	ENSG00000288473
ENSG00000137411.19	VARS2
ENSG00000196260.5	SFTA2
ENSG00000252761.1	Y_RNA
ENSG00000168631.14	MUCL3
ENSG00000233529.1	HCG21
ENSG00000275906.1	NAPGP2
ENSG00000204544.5	MUC21
ENSG00000261272.1	MUC22
ENSG00000228789.9	HCG22
ENSG00000222895.1	RNU6-1133P
ENSG00000204542.3	C6orf15
ENSG00000204540.11	PSORS1C1
ENSG00000204539.4	CDSN
ENSG00000204538.4	PSORS1C2
ENSG00000238211.1	POLR2LP1
ENSG00000204536.15	CCHCR1
ENSG00000137310.13	TCF19
ENSG00000204531.21	POU5F1
ENSG00000204528.3	PSORS1C3
ENSG00000272501.1	ENSG00000272501
ENSG00000206344.8	HCG27
ENSG00000271821.1	ENSG00000271821
ENSG00000255726.1	ENSG00000255726
ENSG00000255899.1	ENSG00000255899
ENSG00000204525.18	HLA-C
ENSG00000288813.1	ENSG00000288813
ENSG00000214892.4	USP8P1
ENSG00000227939.1	RPL3P2
ENSG00000231402.1	WASF5P
ENSG00000256166.1	LINC02571
ENSG00000229836.1	ENSG00000229836
ENSG00000234745.14	HLA-B
ENSG00000277402.1	MIR6891
ENSG00000271581.1	ENSG00000271581
ENSG00000228432.2	DHFRP2
ENSG00000285647.1	ENSG00000285647
ENSG00000201658.1	RNU6-283P
ENSG00000230994.1	FGFR3P1
ENSG00000223702.1	ZDHHC20P2
ENSG00000225851.1	HLA-S
ENSG00000272221.1	ENSG00000272221
ENSG00000204520.14	MICA
ENSG00000288587.1	ENSG00000288587
ENSG00000199332.1	Y_RNA
ENSG00000230174.1	LINC01149
ENSG00000233902.1	ENSG00000233902
ENSG00000206337.12	HCP5
ENSG00000286940.1	MICB-DT
ENSG00000204516.10	MICB
ENSG00000201680.1	Y_RNA
ENSG00000256851.1	ENSG00000256851
ENSG00000219797.2	PPIAP9
ENSG00000225499.1	RPL15P4
ENSG00000204511.3	MCCD1
ENSG00000198563.14	DDX39B
ENSG00000254870.5	ATP6V1G2-DDX39B
ENSG00000201785.1	SNORD117
ENSG00000265236.1	SNORD84
ENSG00000234006.1	DDX39B-AS1
ENSG00000213760.11	ATP6V1G2
ENSG00000204498.11	NFKBIL1
ENSG00000289406.1	ENSG00000289406
ENSG00000226979.9	LTA
ENSG00000232810.5	TNF
ENSG00000227507.3	LTB
ENSG00000204482.11	LST1
ENSG00000204475.10	NCR3
ENSG00000230622.1	UQCRHP1
ENSG00000204472.13	AIF1
ENSG00000289375.1	ENSG00000289375
ENSG00000204469.13	PRRC2A
ENSG00000291302.1	ENSG00000291302
ENSG00000200816.1	SNORA38
ENSG00000289282.1	ENSG00000289282
ENSG00000274494.1	MIR6832
ENSG00000204463.14	BAG6
ENSG00000204444.11	APOM
ENSG00000204439.4	C6orf47
ENSG00000227198.1	C6orf47-AS1
ENSG00000204438.11	GPANK1
ENSG00000201207.1	Y_RNA
ENSG00000204435.15	CSNK2B
ENSG00000263020.6	ENSG00000263020
ENSG00000240053.9	LY6G5B
ENSG00000204428.12	LY6G5C
ENSG00000204427.12	ABHD16A
ENSG00000204422.7	ENSG00000204422
ENSG00000266776.1	MIR4646
ENSG00000204424.10	LY6G6F
ENSG00000250641.1	LY6G6F-LY6G6D
ENSG00000255552.9	LY6G6E
ENSG00000244355.8	LY6G6D
ENSG00000204420.10	MPIG6B
ENSG00000204421.3	LY6G6C
ENSG00000213722.10	DDAH2
ENSG00000213719.8	CLIC1
ENSG00000204410.16	MSH5
ENSG00000255152.8	MSH5-SAPCD1
ENSG00000252743.1	RNU6-850P
ENSG00000228727.10	SAPCD1
ENSG00000235663.1	SAPCD1-AS1
ENSG00000204396.11	VWA7
ENSG00000204394.13	VARS1
ENSG00000201555.1	Y_RNA
ENSG00000204392.11	LSM2
ENSG00000204390.10	HSPA1L
ENSG00000204389.10	HSPA1A
ENSG00000289637.1	ENSG00000289637
ENSG00000289829.1	ENSG00000289829
ENSG00000204388.7	HSPA1B
ENSG00000285565.1	ENSG00000285565
ENSG00000204387.14	SNHG32
ENSG00000201823.1	SNORD48
ENSG00000201754.1	SNORD52
ENSG00000204386.12	NEU1
ENSG00000204385.13	SLC44A4
ENSG00000237080.3	EHMT2-AS1
ENSG00000204371.12	EHMT2
ENSG00000166278.16	C2
ENSG00000204366.4	ZBTB12
ENSG00000244255.5	ENSG00000244255
ENSG00000281756.1	C2-AS1
ENSG00000243649.10	CFB
ENSG00000204356.14	NELFE
ENSG00000284446.1	MIR1236
ENSG00000204351.13	SKIC2
ENSG00000204348.10	DXO
ENSG00000204344.16	STK19
ENSG00000244731.10	C4A
ENSG00000233627.2	C4A-AS1
ENSG00000290788.1	ENSG00000290788
ENSG00000204338.9	CYP21A1P
ENSG00000248290.1	TNXA
ENSG00000250535.1	STK19B
ENSG00000224389.9	C4B
ENSG00000229776.1	C4B-AS1
ENSG00000231852.9	CYP21A2
ENSG00000168477.21	TNXB
ENSG00000252512.1	RNA5SP206
ENSG00000284829.1	ENSG00000284829
ENSG00000286974.1	ENSG00000286974
ENSG00000213676.13	ATF6B
ENSG00000204315.4	FKBPL
ENSG00000204314.12	PRRT1
ENSG00000285085.1	ENSG00000285085
ENSG00000284954.1	ENSG00000284954
ENSG00000221988.13	PPT2
ENSG00000258388.7	PPT2-EGFL8
ENSG00000241404.7	EGFL8
ENSG00000204310.13	AGPAT1
ENSG00000284469.1	MIR6721
ENSG00000204308.8	RNF5
ENSG00000277264.1	MIR6833
ENSG00000204305.16	AGER
ENSG00000273333.2	ENSG00000273333
ENSG00000204304.12	PBX2
ENSG00000213654.10	GPSM3
ENSG00000204301.6	NOTCH4
ENSG00000225914.5	TSBP1-AS1
ENSG00000204296.13	TSBP1
ENSG00000237285.1	HNRNPA1P2
ENSG00000223335.1	RNU6-603P
ENSG00000204290.11	BTNL2
ENSG00000204287.14	HLA-DRA
ENSG00000196301.3	HLA-DRB9
ENSG00000198502.6	HLA-DRB5
ENSG00000251916.1	RNU1-61P
ENSG00000290878.1	HLA-DRB6
ENSG00000229391.8	HLA-DRB6
ENSG00000196126.12	HLA-DRB1
ENSG00000196735.13	HLA-DQA1
ENSG00000179344.17	HLA-DQB1
ENSG00000223534.1	HLA-DQB1-AS1
ENSG00000235040.1	MTCO3P1
ENSG00000232080.5	ENSG00000232080
ENSG00000226030.1	HLA-DQB3
ENSG00000237541.4	HLA-DQA2
ENSG00000263649.1	MIR3135B
ENSG00000232629.9	HLA-DQB2
ENSG00000241106.8	HLA-DOB
ENSG00000250264.1	ENSG00000250264
ENSG00000204267.19	TAP2
ENSG00000204264.12	PSMB8
ENSG00000204261.9	PSMB8-AS1
ENSG00000240065.8	PSMB9
ENSG00000168394.13	TAP1
ENSG00000234515.1	PPP1R2P1
ENSG00000289559.2	ENSG00000289559
ENSG00000289047.2	ENSG00000289047
ENSG00000235301.1	HLA-Z
ENSG00000242574.9	HLA-DMB
ENSG00000248993.1	ENSG00000248993
ENSG00000204257.15	HLA-DMA
ENSG00000204256.14	BRD2
ENSG00000223837.2	ENSG00000223837
ENSG00000263756.1	ENSG00000263756
ENSG00000204252.14	HLA-DOA
ENSG00000231389.8	HLA-DPA1
ENSG00000223865.11	HLA-DPB1
ENSG00000224796.1	RPL32P1
ENSG00000231461.1	HLA-DPA2
ENSG00000228688.1	COL11A2P1
ENSG00000291111.1	ENSG00000291111
ENSG00000224557.10	HLA-DPB2
ENSG00000237398.1	HLA-DPA3
ENSG00000230313.1	HCG24
ENSG00000204248.12	COL11A2
ENSG00000204231.11	RXRB
ENSG00000202441.2	RNY4P10
ENSG00000112473.19	SLC39A7
ENSG00000204228.4	HSD17B8
ENSG00000288751.1	ENSG00000288751
ENSG00000199036.1	MIR219A1
ENSG00000204227.5	RING1
ENSG00000225463.1	ZNF70P1
ENSG00000223457.1	HTATSF1P1
ENSG00000272217.1	ENSG00000272217
ENSG00000289975.1	ENSG00000289975
ENSG00000232940.8	HCG25
ENSG00000223501.9	VPS52
ENSG00000231500.7	RPS18
ENSG00000235863.4	B3GALT4
ENSG00000227057.10	WDR46
ENSG00000284517.1	MIR6873
ENSG00000204220.12	PFDN6
ENSG00000284064.1	MIR6834
ENSG00000237441.10	RGL2
ENSG00000289100.1	ENSG00000289100
ENSG00000231925.14	TAPBP
ENSG00000236104.3	ZBTB22
ENSG00000204209.13	DAXX
ENSG00000285064.2	ENSG00000285064
ENSG00000286920.2	SMIM40
ENSG00000229596.3	MYL12BP3
ENSG00000228285.2	LYPLA2P1
ENSG00000225644.1	RPL35AP4
ENSG00000237649.8	KIFC1
ENSG00000204194.1	RPL12P1
ENSG00000112511.18	PHF1
ENSG00000112514.18	CUTA
ENSG00000197283.18	SYNGAP1
ENSG00000274259.2	SYNGAP1-AS1
ENSG00000284256.1	MIR5004
ENSG00000213588.6	ZBTB9
ENSG00000204188.7	GGNBP1
ENSG00000242014.3	RN7SL26P
ENSG00000276746.1	Metazoa_SRP
ENSG00000030110.14	BAK1
ENSG00000197251.4	LINC00336
ENSG00000096433.11	ITPR3
ENSG00000137288.10	UQCC2
ENSG00000266509.1	MIR3934
ENSG00000161896.12	IP6K3
ENSG00000161904.13	LEMD2
ENSG00000096395.11	MLN
ENSG00000287089.1	ENSG00000287089
ENSG00000249346.8	LINC01016
ENSG00000271362.1	ENSG00000271362
ENSG00000233183.3	ENSG00000233183
ENSG00000276824.1	MIR7159
ENSG00000221697.1	MIR1275
ENSG00000124493.14	GRM4
ENSG00000271231.1	KRT18P9
ENSG00000214810.4	CYCSP55
ENSG00000288879.2	ENSG00000288879
ENSG00000137309.21	HMGA1
ENSG00000276404.1	MIR6835
ENSG00000186577.14	SMIM29
ENSG00000225339.4	ENSG00000225339
ENSG00000220583.1	RPL35P2
ENSG00000272325.2	NUDT3
ENSG00000270800.4	RPS10-NUDT3
ENSG00000124614.17	RPS10
ENSG00000124507.11	PACSIN1
ENSG00000124664.11	SPDEF
ENSG00000196114.3	IFITM3P3
ENSG00000196821.10	ILRUN
ENSG00000216636.1	RPL7P25
ENSG00000265123.2	RN7SL200P
ENSG00000220643.1	ENSG00000220643
ENSG00000272288.8	ILRUN-AS1
ENSG00000186328.4	ENSG00000186328
ENSG00000217130.1	ENSG00000217130
ENSG00000124562.10	SNRPC
ENSG00000065060.18	BLTP3A
ENSG00000206717.1	Y_RNA
ENSG00000252106.2	RNY3P15
ENSG00000064995.19	TAF11
ENSG00000064999.16	ANKS1A
ENSG00000187762.5	HSPE1P11
ENSG00000286550.1	ENSG00000286550
ENSG00000273870.1	ENSG00000273870
ENSG00000124678.20	TCP11
ENSG00000146197.9	SCUBE3
ENSG00000272374.1	SCUBE3-AS1
ENSG00000065029.15	ZNF76
ENSG00000217004.1	ENSG00000217004
ENSG00000023892.12	DEF6
ENSG00000112033.14	PPARD
ENSG00000227154.4	MKRN6P
ENSG00000112039.6	FANCE
ENSG00000198755.11	RPL10A
ENSG00000276712.1	MIR7111
ENSG00000007866.22	TEAD3
ENSG00000112041.13	TULP1
ENSG00000228559.2	ENSG00000228559
ENSG00000219023.1	ENSG00000219023
ENSG00000289456.1	ENSG00000289456
ENSG00000096060.15	FKBP5
ENSG00000218749.1	RPL36P9
ENSG00000287458.1	ENSG00000287458
ENSG00000212579.1	ENSG00000212579
ENSG00000265527.1	MIR5690
ENSG00000232909.1	ENSG00000232909
ENSG00000157343.9	ARMC12
ENSG00000288747.2	ENSG00000288747
ENSG00000220734.1	ENSG00000220734
ENSG00000196748.10	CLPSL2
ENSG00000204140.10	CLPSL1
ENSG00000137392.10	CLPS
ENSG00000197753.11	LHFPL5
ENSG00000096063.16	SRPK1
ENSG00000112053.14	SLC26A8
ENSG00000271304.2	DPRXP2
ENSG00000112062.12	MAPK14
ENSG00000237719.1	ENSG00000237719
ENSG00000156711.17	MAPK13
ENSG00000246982.7	BRPF3-AS1
ENSG00000096070.19	BRPF3
ENSG00000180316.13	PNPLA1
ENSG00000189325.7	BNIP5
ENSG00000010030.14	ETV7
ENSG00000224666.3	ETV7-AS1
ENSG00000179165.12	PXT1
ENSG00000112078.14	KCTD20
ENSG00000240733.3	RN7SL502P
ENSG00000112079.9	STK38
ENSG00000239964.3	RN7SL748P
ENSG00000112081.17	SRSF3
ENSG00000263894.1	MIR3925
ENSG00000238554.1	RNU1-88P
ENSG00000251864.1	Y_RNA
ENSG00000281450.1	PANDAR
ENSG00000213500.3	LAP3P2
ENSG00000124762.14	CDKN1A
ENSG00000285244.1	DINOL
ENSG00000255587.9	RAB44
ENSG00000220349.4	ENSG00000220349
ENSG00000124772.12	CPNE5
ENSG00000285888.1	ENSG00000285888
ENSG00000287891.2	ENSG00000287891
ENSG00000137168.8	PPIL1
ENSG00000198663.17	C6orf89
ENSG00000232598.2	ENSG00000232598
ENSG00000164530.15	PI16
ENSG00000137409.21	MTCH1
ENSG00000146192.15	FGD2
ENSG00000226976.3	COX6A1P2
ENSG00000216412.4	RPL12P2
ENSG00000137193.14	PIM1
ENSG00000172738.13	TMEM217
ENSG00000286105.2	TMEM217B
ENSG00000065491.8	TBC1D22B
ENSG00000275550.1	ENSG00000275550
ENSG00000286672.1	ENSG00000286672
ENSG00000112130.17	RNF8
ENSG00000239953.3	RN7SL273P
ENSG00000137200.13	CMTR1
ENSG00000198937.9	CCDC167
ENSG00000204110.7	LINC02520
ENSG00000229559.2	ENSG00000229559
ENSG00000227920.3	ENSG00000227920
ENSG00000263926.1	MIR4462
ENSG00000279942.1	ENSG00000279942
ENSG00000112139.17	MDGA1
ENSG00000225945.1	ZFAND3-DT
ENSG00000156639.12	ZFAND3
ENSG00000243313.2	RN7SL285P
ENSG00000200597.1	RNVU1-33
ENSG00000218521.1	ENSG00000218521
ENSG00000183826.19	BTBD9
ENSG00000200706.1	ENSG00000200706
ENSG00000226533.1	BTBD9-AS1
ENSG00000199938.1	Y_RNA
ENSG00000217227.1	TFGP1
ENSG00000124767.7	GLO1
ENSG00000236355.2	DNAH8-DT
ENSG00000124721.18	DNAH8
ENSG00000244297.3	RN7SL465P
ENSG00000219273.1	ENSG00000219273
ENSG00000212586.1	ENSG00000212586
ENSG00000231150.5	DNAH8-AS1
ENSG00000220076.1	ENSG00000220076
ENSG00000220556.4	ENSG00000220556
ENSG00000112164.6	GLP1R
ENSG00000112167.11	SAYSD1
ENSG00000217165.1	ANKRD18EP
ENSG00000164626.9	KCNK5
ENSG00000124780.14	KCNK17
ENSG00000095981.11	KCNK16
ENSG00000164627.18	KIF6
ENSG00000218986.1	ENSG00000218986
ENSG00000231276.2	E2F4P1
ENSG00000252990.1	RNU1-54P
ENSG00000146122.17	DAAM2
ENSG00000281969.1	ENSG00000281969
ENSG00000235033.7	DAAM2-AS1
ENSG00000124615.20	MOCS1
ENSG00000220586.2	TUBBP9
ENSG00000180211.5	ENSG00000180211
ENSG00000227131.1	ENSG00000227131
ENSG00000204091.8	TDRG1
ENSG00000226070.2	LINC00951
ENSG00000156564.10	LRFN2
ENSG00000252767.1	RNU6-250P
ENSG00000236075.1	ENSG00000236075
ENSG00000226454.3	ENSG00000226454
ENSG00000237947.1	ENSG00000237947
ENSG00000124602.10	UNC5CL
ENSG00000124596.17	OARD1
ENSG00000112212.12	TSPO2
ENSG00000124701.6	APOBEC2
ENSG00000001167.15	NFYA
ENSG00000287678.1	ENSG00000287678
ENSG00000161912.19	ADCY10P1
ENSG00000290554.1	ADCY10P1
ENSG00000161911.12	TREML1
ENSG00000290034.1	ENSG00000290034
ENSG00000095970.17	TREM2
ENSG00000112195.9	TREML2
ENSG00000290563.1	ENSG00000290563
ENSG00000184106.9	TREML3P
ENSG00000188056.12	TREML4
ENSG00000212176.1	RNA5SP207
ENSG00000225690.1	TREML5P
ENSG00000274256.1	ENSG00000274256
ENSG00000278745.1	ENSG00000278745
ENSG00000124731.13	TREM1
ENSG00000218809.1	ENSG00000218809
ENSG00000206745.1	RNU6-643P
ENSG00000213461.3	RPL32P15
ENSG00000096264.14	NCR2
ENSG00000279284.1	ENSG00000279284
ENSG00000280371.1	ENSG00000280371
ENSG00000234753.7	FOXP4-AS1
ENSG00000226917.6	LINC01276
ENSG00000137166.18	FOXP4
ENSG00000266494.1	MIR4641
ENSG00000112559.15	MDFI
ENSG00000230913.1	NPM1P51
ENSG00000112561.19	TFEB
ENSG00000231102.1	ENSG00000231102
ENSG00000096088.16	PGC
ENSG00000269387.1	ENSG00000269387
ENSG00000137218.10	FRS3
ENSG00000124593.16	ENSG00000124593
ENSG00000278224.7	PRICKLE4
ENSG00000214736.8	TOMM6
ENSG00000164663.15	USP49
ENSG00000268745.1	ENSG00000268745
ENSG00000288721.1	ENSG00000288721
ENSG00000206977.1	ENSG00000206977
ENSG00000227516.1	ENSG00000227516
ENSG00000124641.16	MED20
ENSG00000207371.1	Y_RNA
ENSG00000112578.10	BYSL
ENSG00000112576.13	CCND3
ENSG00000206875.1	RNU6-761P
ENSG00000223946.1	ENSG00000223946
ENSG00000137413.17	TAF8
ENSG00000188112.10	C6orf132
ENSG00000287363.4	GUCA1ANB
ENSG00000290147.1	ENSG00000290147
ENSG00000048545.18	GUCA1A
ENSG00000112599.9	GUCA1B
ENSG00000289216.1	ENSG00000289216
ENSG00000048544.6	MRPS10
ENSG00000124496.13	TRERF1
ENSG00000237107.3	RPL36AP5
ENSG00000024048.11	UBR2
ENSG00000206848.1	RNU6-890P
ENSG00000112619.8	PRPH2
ENSG00000213435.3	ATP6V0CP3
ENSG00000124659.7	TBCC
ENSG00000112624.14	BICRAL
ENSG00000146223.16	RPL7L1
ENSG00000221821.4	C6orf226
ENSG00000288010.1	ENSG00000288010
ENSG00000171611.10	PTCRA
ENSG00000287825.3	ENSG00000287825
ENSG00000137161.18	CNPY3
ENSG00000231113.2	LINC02976
ENSG00000181524.6	RPL24P4
ENSG00000124713.6	GNMT
ENSG00000124587.14	PEX6
ENSG00000290049.1	ENSG00000290049
ENSG00000112640.16	PPP2R5D
ENSG00000124733.5	MEA1
ENSG00000124702.19	KLHDC3
ENSG00000124541.7	RRP36
ENSG00000272223.1	ENSG00000272223
ENSG00000240625.3	RN7SL403P
ENSG00000044090.13	CUL7
ENSG00000137171.15	KLC4
ENSG00000288564.1	ENSG00000288564
ENSG00000112651.12	MRPL2
ENSG00000272170.1	KLC4-AS1
ENSG00000112655.16	PTK7
ENSG00000112658.8	SRF
ENSG00000112659.14	CUL9
ENSG00000245261.1	ENSG00000245261
ENSG00000112667.13	DNPH1
ENSG00000146216.14	TTBK1
ENSG00000137204.15	SLC22A7
ENSG00000146215.14	CRIP3
ENSG00000171467.16	ZNF318
ENSG00000219222.1	RPL12P47
ENSG00000220614.1	ENSG00000220614
ENSG00000179157.4	RPS2P28
ENSG00000226558.1	ENSG00000226558
ENSG00000287055.1	ENSG00000287055
ENSG00000287266.1	ENSG00000287266
ENSG00000124574.15	ABCC10
ENSG00000276770.1	MIR6780B
ENSG00000171462.15	DLK2
ENSG00000207076.1	RNU6-1113P
ENSG00000137221.14	TJAP1
ENSG00000204052.5	LRRC73
ENSG00000171453.20	POLR1C
ENSG00000137207.12	YIPF3
ENSG00000271754.1	ENSG00000271754
ENSG00000124571.18	XPO5
ENSG00000219470.1	ENSG00000219470
ENSG00000252218.1	ENSG00000252218
ENSG00000170734.12	POLH
ENSG00000203362.2	POLH-AS1
ENSG00000172432.19	GTPBP2
ENSG00000124688.14	MAD2L1BP
ENSG00000172426.16	RSPH9
ENSG00000096080.12	MRPS18A
ENSG00000218107.1	ENSG00000218107
ENSG00000236961.1	ENSG00000236961
ENSG00000112715.26	VEGFA
ENSG00000272114.1	ENSG00000272114
ENSG00000283573.1	ENSG00000283573
ENSG00000283215.2	LINC02537
ENSG00000223469.1	ENSG00000223469
ENSG00000289313.1	LINC01512
ENSG00000237686.8	SCIRT
ENSG00000289609.2	ENSG00000289609
ENSG00000181577.16	LINC03040
ENSG00000231881.2	ENSG00000231881
ENSG00000183239.5	RPL29P16
ENSG00000287562.1	ENSG00000287562
ENSG00000180992.7	MRPL14
ENSG00000137216.19	TMEM63B
ENSG00000137225.13	CAPN11
ENSG00000265439.2	RN7SL811P
ENSG00000262179.3	MYMX
ENSG00000112759.19	SLC29A1
ENSG00000096384.20	HSP90AB1
ENSG00000157593.20	SLC35B2
ENSG00000284427.1	MIR4647
ENSG00000146232.17	NFKBIE
ENSG00000178233.18	TMEM151B
ENSG00000272442.2	ENSG00000272442
ENSG00000146221.10	TCTE1
ENSG00000124608.5	AARS2
ENSG00000249481.7	SPATS1
ENSG00000096401.8	CDC5L
ENSG00000266619.1	MIR4642
ENSG00000237530.2	ENSG00000237530
ENSG00000279076.1	ENSG00000279076
ENSG00000286417.1	ENSG00000286417
ENSG00000196284.18	SUPT3H
ENSG00000270900.1	NUDT19P4
ENSG00000276156.1	ENSG00000276156
ENSG00000277769.1	RBM22P4
ENSG00000219384.1	ENSG00000219384
ENSG00000207769.1	MIR586
ENSG00000124813.23	RUNX2
ENSG00000271857.1	ENSG00000271857
ENSG00000261080.1	RUNX2-AS1
ENSG00000112782.19	CLIC5
ENSG00000212468.1	RNU6-754P
ENSG00000231769.4	ENSG00000231769
ENSG00000001561.7	ENPP4
ENSG00000112796.10	ENPP5
ENSG00000229349.2	ACTG1P9
ENSG00000172348.16	RCAN2
ENSG00000226541.1	RPL36P10
ENSG00000236466.2	RCAN2-DT
ENSG00000146233.8	CYP39A1
ENSG00000153291.16	SLC25A27
ENSG00000242973.6	TDRD6-AS1
ENSG00000180113.16	TDRD6
ENSG00000146070.17	PLA2G7
ENSG00000230062.7	ANKRD66
ENSG00000236164.1	ENSG00000236164
ENSG00000112818.11	MEP1A
ENSG00000069122.19	ADGRF5
ENSG00000225730.1	ADGRF5-AS1
ENSG00000153292.16	ADGRF1
ENSG00000146072.6	TNFRSF21
ENSG00000271328.1	B3GNTL1P2
ENSG00000287485.1	ENSG00000287485
ENSG00000270761.2	CD2AP-DT
ENSG00000198087.7	CD2AP
ENSG00000199762.1	Y_RNA
ENSG00000216813.1	ENSG00000216813
ENSG00000164393.10	ADGRF2
ENSG00000153294.12	ADGRF4
ENSG00000252711.1	RN7SKP116
ENSG00000226594.1	ENSG00000226594
ENSG00000216616.1	ENSG00000216616
ENSG00000124818.16	OPN5
ENSG00000200340.1	RNU1-105P
ENSG00000244694.8	PTCHD4
ENSG00000286811.1	ENSG00000286811
ENSG00000226068.1	HNRNPA3P4
ENSG00000216835.3	RBMXP1
ENSG00000278736.1	ENSG00000278736
ENSG00000287137.1	ENSG00000287137
ENSG00000271162.1	ENSG00000271162
ENSG00000218337.1	ENSG00000218337
ENSG00000274867.1	ENSG00000274867
ENSG00000217631.1	ENSG00000217631
ENSG00000252457.1	RNU7-65P
ENSG00000277043.1	EEF1A1P42
ENSG00000146085.8	MMUT
ENSG00000031691.7	CENPQ
ENSG00000203972.10	GLYATL3
ENSG00000197261.12	C6orf141
ENSG00000216998.1	CYP2AC1P
ENSG00000112077.18	RHAG
ENSG00000124490.14	CRISP2
ENSG00000235122.4	ENSG00000235122
ENSG00000279127.1	ENSG00000279127
ENSG00000096006.12	CRISP3
ENSG00000170950.6	PGK2
ENSG00000226707.1	ENSG00000226707
ENSG00000124812.15	CRISP1
ENSG00000290804.1	ENSG00000290804
ENSG00000214643.8	DEFB133
ENSG00000177684.4	DEFB114
ENSG00000214642.1	DEFB113
ENSG00000203970.4	DEFB110
ENSG00000180872.7	DEFB112
ENSG00000226733.4	ENSG00000226733
ENSG00000286405.1	ENSG00000286405
ENSG00000233470.1	ENSG00000233470
ENSG00000230472.5	ENSG00000230472
ENSG00000008197.5	TFAP2D
ENSG00000008196.13	TFAP2B
ENSG00000060303.5	RPS17P5
ENSG00000216913.2	ENSG00000216913
ENSG00000230204.1	FTH1P5
ENSG00000270306.1	ENSG00000270306
ENSG00000232702.3	ENSG00000232702
ENSG00000212532.1	ENSG00000212532
ENSG00000214641.3	ENSG00000214641
ENSG00000228689.8	ENSG00000228689
ENSG00000170927.15	PKHD1
ENSG00000240641.3	RN7SL580P
ENSG00000207604.3	MIR206
ENSG00000225613.2	LINCMD1
ENSG00000199080.1	MIR133B
ENSG00000112115.7	IL17A
ENSG00000112116.11	IL17F
ENSG00000218363.1	SLC25A20P1
ENSG00000112118.20	MCM3
ENSG00000170915.9	PAQR8
ENSG00000096093.16	EFHC1
ENSG00000289276.1	ENSG00000289276
ENSG00000065308.5	TRAM2
ENSG00000225791.7	TRAM2-AS1
ENSG00000270382.1	ENSG00000270382
ENSG00000291006.1	ENSG00000291006
ENSG00000216775.5	ENSG00000216775
ENSG00000096092.6	TMEM14A
ENSG00000220377.1	GSTA8P
ENSG00000271227.1	SREK1IP1P2
ENSG00000237674.1	GSTA7P
ENSG00000244067.3	GSTA2
ENSG00000217228.1	GSTA12P
ENSG00000243955.6	GSTA1
ENSG00000223622.2	GSTA6P
ENSG00000182793.12	GSTA5
ENSG00000230375.1	GSTA11P
ENSG00000230845.2	GSTA10P
ENSG00000174156.15	GSTA3
ENSG00000291036.1	ENSG00000291036
ENSG00000243236.8	GSTA9P
ENSG00000288014.1	ENSG00000288014
ENSG00000170899.11	GSTA4
ENSG00000202198.1	7SK
ENSG00000283293.1	RN7SK
ENSG00000112144.16	CILK1
ENSG00000288614.1	ENSG00000288614
ENSG00000112146.17	FBXO9
ENSG00000288646.1	ENSG00000288646
ENSG00000242865.3	RN7SL244P
ENSG00000261745.2	ENSG00000261745
ENSG00000137270.11	GCM1
ENSG00000253026.1	RNU6-464P
ENSG00000219074.1	SOD1P1
ENSG00000218713.1	ENSG00000218713
ENSG00000206908.1	RNU1-136P
ENSG00000219163.2	HMGB1P20
ENSG00000012660.14	ELOVL5
ENSG00000264056.1	MIR5685
ENSG00000217527.1	RPS16P5
ENSG00000271367.1	ENSG00000271367
ENSG00000219863.5	RPL31P28
ENSG00000218049.1	RPL31P33
ENSG00000218261.1	RPA3P2
ENSG00000271338.1	ENSG00000271338
ENSG00000253010.1	RN7SKP256
ENSG00000271373.1	NANOGP3
ENSG00000001084.13	GCLC
ENSG00000249379.2	GCLC-AS1
ENSG00000231683.6	ENSG00000231683
ENSG00000235899.4	LINC01564
ENSG00000124743.6	KLHL31
ENSG00000227885.4	ENSG00000227885
ENSG00000137269.15	LRRC1
ENSG00000271218.1	ENSG00000271218
ENSG00000146147.15	MLIP
ENSG00000235050.6	MLIP-AS1
ENSG00000218143.2	ERHP2
ENSG00000287745.1	ENSG00000287745
ENSG00000137251.16	TINAG
ENSG00000228231.2	TINAG-AS1
ENSG00000213335.4	CLNS1AP1
ENSG00000216347.1	RPL10P10
ENSG00000220773.1	RPSAP44
ENSG00000220635.2	KRASP1
ENSG00000251946.1	RNU6-1023P
ENSG00000224984.1	ENSG00000224984
ENSG00000168143.9	FAM83B
ENSG00000261116.1	ENSG00000261116
ENSG00000137252.10	HCRTR2
ENSG00000187871.2	GFRAL
ENSG00000146151.14	HMGCLL1
ENSG00000220725.1	ENSG00000220725
ENSG00000112175.8	BMP5
ENSG00000214604.3	NPM1P36
ENSG00000124749.18	COL21A1
ENSG00000219095.1	DHFRP6
ENSG00000227602.1	ENSG00000227602
ENSG00000220666.2	RCC2P7
ENSG00000151914.22	DST
ENSG00000231441.2	DST-AS1
ENSG00000216854.2	RPL17P26
ENSG00000200224.2	RNU6-626P
ENSG00000151917.18	BEND6
ENSG00000219790.3	OSTCP6
ENSG00000218980.2	FTH1P15
ENSG00000276576.1	MRPL30P1
ENSG00000168116.14	KIAA1586
ENSG00000112200.17	ZNF451
ENSG00000226803.9	ZNF451-AS1
ENSG00000112208.11	BAG2
ENSG00000112210.12	RAB23
ENSG00000146143.19	PRIM2
ENSG00000212017.2	MIR548U
ENSG00000266579.1	ENSG00000266579
ENSG00000272541.1	ENSG00000272541
ENSG00000286723.1	ENSG00000286723
ENSG00000271761.1	ENSG00000271761
ENSG00000272316.1	ENSG00000272316
ENSG00000239650.4	GUSBP4
ENSG00000283352.1	ENSG00000283352
ENSG00000218189.4	POM121L14P
ENSG00000290555.1	LINC00680
ENSG00000215190.10	LINC00680
ENSG00000225096.3	ENSG00000225096
ENSG00000214563.2	GAPDHP15
ENSG00000216687.2	ENSG00000216687
ENSG00000214561.3	RBBP4P4
ENSG00000275046.1	ENSG00000275046
ENSG00000283453.3	PRIM2BP
ENSG00000290597.1	ENSG00000290597
ENSG00000277172.1	GAPDHP41
ENSG00000275773.1	ENSG00000275773
ENSG00000287598.1	ENSG00000287598
ENSG00000274844.1	ENSG00000274844
ENSG00000276290.1	RBBP4P3
ENSG00000220030.1	ENSG00000220030
ENSG00000250686.2	KHDRBS2-OT1
ENSG00000112232.10	KHDRBS2
ENSG00000287679.1	ENSG00000287679
ENSG00000216859.1	DHFRP5
ENSG00000217067.2	ENSG00000217067
ENSG00000262566.1	ENSG00000262566
ENSG00000217477.2	ENSG00000217477
ENSG00000198225.5	FKBP1C
ENSG00000219940.2	SPTLC1P3
ENSG00000218520.5	ENSG00000218520
ENSG00000146166.17	LGSN
ENSG00000289911.1	ENSG00000289911
ENSG00000218617.1	ENSG00000218617
ENSG00000218274.2	ENSG00000218274
ENSG00000218048.2	ENSG00000218048
ENSG00000225121.2	EEF1B2P5
ENSG00000112245.13	PTP4A1
ENSG00000213312.3	RPL7AP34
ENSG00000266680.1	ENSG00000266680
ENSG00000285976.2	ENSG00000285976
ENSG00000262651.1	ENSG00000262651
ENSG00000213309.3	RPL9P18
ENSG00000118482.12	PHF3
ENSG00000188107.15	EYS
ENSG00000218813.1	ENSG00000218813
ENSG00000236345.3	SCAT8
ENSG00000219653.1	GCNT1P4
ENSG00000232120.1	ENSG00000232120
ENSG00000217811.1	HNRNPDP2
ENSG00000243828.2	ENSG00000243828
ENSG00000214558.5	ZC3H11C
ENSG00000220483.4	SLC25A51P1
ENSG00000233859.2	ADH5P4
ENSG00000218890.1	NUFIP1P1
ENSG00000270521.1	ENSG00000270521
ENSG00000238949.1	RNU7-66P
ENSG00000212229.1	ENSG00000212229
ENSG00000271111.1	ENSG00000271111
ENSG00000251965.1	RNA5SP208
ENSG00000201015.1	RNU6-280P
ENSG00000206672.1	Y_RNA
ENSG00000227706.4	ENSG00000227706
ENSG00000286680.1	ENSG00000286680
ENSG00000287557.1	ENSG00000287557
ENSG00000270509.1	ENSG00000270509
ENSG00000285838.2	ENSG00000285838
ENSG00000223504.1	ENSG00000223504
ENSG00000286564.1	ENSG00000286564
ENSG00000226497.1	LINC02549
ENSG00000288088.1	ENSG00000288088
ENSG00000218834.1	ENSG00000218834
ENSG00000230910.6	ADGRB3-DT
ENSG00000135298.15	ADGRB3
ENSG00000288712.1	ENSG00000288712
ENSG00000289611.1	ENSG00000289611
ENSG00000168216.13	LMBRD1
ENSG00000219085.1	NPM1P37
ENSG00000219881.1	GAPDHP42
ENSG00000082293.13	COL19A1
ENSG00000216365.2	RPL37P15
ENSG00000112280.18	COL9A1
ENSG00000253809.1	ENSG00000253809
ENSG00000287300.1	ENSG00000287300
ENSG00000237643.3	LINC01610
ENSG00000224349.2	FAM135A-AS1
ENSG00000082269.17	FAM135A
ENSG00000238386.1	RNU7-48P
ENSG00000154079.6	SDHAF4
ENSG00000271967.1	ENSG00000271967
ENSG00000232389.1	ENSG00000232389
ENSG00000218870.1	SLC25A6P6
ENSG00000112305.15	SMAP1
ENSG00000262803.1	ENSG00000262803
ENSG00000217767.2	NDUFAB1P1
ENSG00000112309.11	B3GAT2
ENSG00000287939.1	ENSG00000287939
ENSG00000219669.1	BECN1P2
ENSG00000221345.2	U3
ENSG00000218350.1	LYPLA1P3
ENSG00000207180.1	RNU6-411P
ENSG00000233237.9	LINC00472
ENSG00000287380.1	ENSG00000287380
ENSG00000276127.1	ENSG00000276127
ENSG00000119900.9	OGFRL1
ENSG00000230597.1	ENSG00000230597
ENSG00000199094.3	MIR30C2
ENSG00000279289.1	ENSG00000279289
ENSG00000207827.1	MIR30A
ENSG00000223765.3	LINC01626
ENSG00000285963.1	ENSG00000285963
ENSG00000219575.1	NGRNP2
ENSG00000218014.1	KRT19P1
ENSG00000202069.1	RNU4-66P
ENSG00000079841.20	RIMS1
ENSG00000218732.1	ENSG00000218732
ENSG00000217483.1	ENSG00000217483
ENSG00000181514.6	ENSG00000181514
ENSG00000285844.2	KCNQ5-DT
ENSG00000185760.18	KCNQ5
ENSG00000266180.1	MIR4282
ENSG00000232422.1	KNOP1P4
ENSG00000220515.2	PGAM1P10
ENSG00000229154.2	KCNQ5-AS1
ENSG00000234025.1	RBPMS2P1
ENSG00000251360.2	KHDC1P1
ENSG00000243501.5	ENSG00000243501
ENSG00000256980.5	KHDC1L
ENSG00000135314.14	KHDC1
ENSG00000229852.4	KHDC1-AS1
ENSG00000239626.1	RPSAP41
ENSG00000234882.1	EIF3EP1
ENSG00000223389.1	SDCBP2P1
ENSG00000226840.1	PAICSP3
ENSG00000203909.4	DPPA5
ENSG00000203908.4	KHDC3L
ENSG00000203907.10	OOEP
ENSG00000231332.2	OOEP-AS1
ENSG00000235174.1	RPL39P3
ENSG00000290002.1	ENSG00000290002
ENSG00000224221.1	RPS6P8
ENSG00000080007.8	DDX43
ENSG00000164430.17	CGAS
ENSG00000135297.17	MTO1
ENSG00000207023.1	RNU6-975P
ENSG00000271986.2	RN7SL827P
ENSG00000156508.19	EEF1A1
ENSG00000229862.5	EEF1A1-AS1
ENSG00000223967.1	ENSG00000223967
ENSG00000289286.1	ENSG00000289286
ENSG00000119899.13	SLC17A5
ENSG00000218459.1	RPS27P15
ENSG00000231652.2	CD109-AS1
ENSG00000156535.15	CD109
ENSG00000279790.1	ENSG00000279790
ENSG00000217268.1	TXNP7
ENSG00000223786.1	ENSG00000223786
ENSG00000217178.1	FAM136FP
ENSG00000272243.6	ENSG00000272243
ENSG00000218483.1	ENSG00000218483
ENSG00000224583.1	ENSG00000224583
ENSG00000219736.1	ENSG00000219736
ENSG00000111799.22	COL12A1
ENSG00000112695.13	COX7A2
ENSG00000112697.17	TMEM30A
ENSG00000225793.5	TMEM30A-DT
ENSG00000118407.15	FILIP1
ENSG00000203489.3	HMGB1P39
ENSG00000237174.7	ENSG00000237174
ENSG00000221332.2	U3
ENSG00000263533.1	MIR4463
ENSG00000238156.1	ENSG00000238156
ENSG00000217680.1	UBE2V1P15
ENSG00000201291.1	RNU1-34P
ENSG00000219722.1	RPL26P20
ENSG00000220730.2	H3P27
ENSG00000252137.1	RNU6-1338P
ENSG00000112701.18	SENP6
ENSG00000217488.2	ENSG00000217488
ENSG00000252498.1	RNU6-1016P
ENSG00000200091.1	RN7SKP163
ENSG00000285401.1	ENSG00000285401
ENSG00000196586.17	MYO6
ENSG00000252156.1	RNU6-155P
ENSG00000223169.1	RNA5SP209
ENSG00000112706.12	IMPG1
ENSG00000200040.1	Y_RNA
ENSG00000222652.1	RNU6-248P
ENSG00000238697.1	RNU6-261P
ENSG00000236635.3	LINC02540
ENSG00000272445.1	RNU6-84P
ENSG00000280511.1	ENSG00000280511
ENSG00000231762.1	ENSG00000231762
ENSG00000271945.3	ENSG00000271945
ENSG00000276064.1	ENSG00000276064
ENSG00000135312.7	HTR1B
ENSG00000219253.1	RPS6P7
ENSG00000269964.4	MEI4
ENSG00000230309.1	ENSG00000230309
ENSG00000229495.1	ENSG00000229495
ENSG00000146243.14	IRAK1BP1
ENSG00000146247.15	PHIP
ENSG00000217512.1	ENSG00000217512
ENSG00000286340.3	ENSG00000286340
ENSG00000118418.16	HMGN3
ENSG00000270362.2	HMGN3-AS1
ENSG00000220154.2	ENSG00000220154
ENSG00000201464.1	Y_RNA
ENSG00000286042.1	LCAL1
ENSG00000217786.1	ENSG00000217786
ENSG00000218029.3	ENSG00000218029
ENSG00000262048.1	ENSG00000262048
ENSG00000231533.2	ENSG00000231533
ENSG00000218748.1	DBIP1
ENSG00000135338.14	LCA5
ENSG00000287811.3	ENSG00000287811
ENSG00000261970.1	ENSG00000261970
ENSG00000272137.1	ENSG00000272137
ENSG00000279659.1	ENSG00000279659
ENSG00000198478.8	SH3BGRL2
ENSG00000235357.4	LINC01621
ENSG00000220918.1	ENSG00000220918
ENSG00000285586.1	ENSG00000285586
ENSG00000233835.1	ENSG00000233835
ENSG00000118402.6	ELOVL4
ENSG00000287816.1	ENSG00000287816
ENSG00000218582.2	GAPDHP63
ENSG00000220311.1	RPL35AP18
ENSG00000112742.10	TTK
ENSG00000288071.1	ENSG00000288071
ENSG00000218418.2	ENSG00000218418
ENSG00000217377.1	AK4P5
ENSG00000083123.15	BCKDHB
ENSG00000272129.1	ENSG00000272129
ENSG00000219547.1	RPL17P25
ENSG00000279022.1	ENSG00000279022
ENSG00000233967.7	ENSG00000233967
ENSG00000260645.2	ENSG00000260645
ENSG00000219361.1	RPSAP72
ENSG00000181705.2	ENSG00000181705
ENSG00000216352.1	ENSG00000216352
ENSG00000112773.16	TENT5A
ENSG00000226089.2	ENSG00000226089
ENSG00000277797.1	ENSG00000277797
ENSG00000212336.1	RNA5SP210
ENSG00000232031.1	ENSG00000232031
ENSG00000206886.1	SNORA70
ENSG00000219702.1	ENSG00000219702
ENSG00000224995.1	LINC01526
ENSG00000226453.4	LINC02542
ENSG00000260574.1	ENSG00000260574
ENSG00000005700.15	IBTK
ENSG00000223044.1	RNU6-130P
ENSG00000220537.1	ENSG00000220537
ENSG00000286875.1	ENSG00000286875
ENSG00000146242.9	TPBG
ENSG00000118420.17	UBE3D
ENSG00000220091.2	LAP3P1
ENSG00000227215.1	ENSG00000227215
ENSG00000083097.15	DOP1A
ENSG00000013375.17	PGM3
ENSG00000013392.8	RWDD2A
ENSG00000065833.9	ME1
ENSG00000219951.4	ENSG00000219951
ENSG00000146250.7	PRSS35
ENSG00000065609.15	SNAP91
ENSG00000237874.2	ENSG00000237874
ENSG00000287705.1	ENSG00000287705
ENSG00000203877.9	RIPPLY2
ENSG00000065615.14	CYB5R4
ENSG00000228679.1	ENSG00000228679
ENSG00000230852.2	LINC02857
ENSG00000135324.6	MRAP2
ENSG00000135315.12	CEP162
ENSG00000231776.5	LINC01611
ENSG00000226309.1	SMARCE1P2
ENSG00000112837.17	TBX18
ENSG00000228290.7	TBX18-AS1
ENSG00000219604.1	ENSG00000219604
ENSG00000287294.1	ENSG00000287294
ENSG00000216523.1	ENSG00000216523
ENSG00000220291.1	ENSG00000220291
ENSG00000216902.3	RPL31P32
ENSG00000217060.1	ENSG00000217060
ENSG00000213211.2	KRT18P64
ENSG00000234155.1	LINC02535
ENSG00000216439.1	DUTP5
ENSG00000214460.3	TPT1P6
ENSG00000135318.12	NT5E
ENSG00000280232.1	ENSG00000280232
ENSG00000135317.14	SNX14
ENSG00000271793.2	ENSG00000271793
ENSG00000135316.20	SYNCRIP
ENSG00000203875.13	SNHG5
ENSG00000220563.1	PKMP3
ENSG00000275072.1	SNORD50B
ENSG00000217334.1	ENSG00000217334
ENSG00000198738.4	SMIM11P1
ENSG00000222686.1	RNU4-72P
ENSG00000200427.1	Y_RNA
ENSG00000218766.1	ENSG00000218766
ENSG00000288021.1	ENSG00000288021
ENSG00000202103.1	RNU4-12P
ENSG00000220069.1	RPL7P27
ENSG00000217272.1	RAB1AP2
ENSG00000220831.4	NDUFA5P9
ENSG00000219500.1	ENSG00000219500
ENSG00000243124.3	RN7SL643P
ENSG00000218561.1	ENSG00000218561
ENSG00000219190.1	ENSG00000219190
ENSG00000217769.4	ENSG00000217769
ENSG00000220240.1	ENSG00000220240
ENSG00000168830.8	HTR1E
ENSG00000214457.3	RPL7P29
ENSG00000217169.2	MTHFD2P2
ENSG00000217776.1	ENSG00000217776
ENSG00000252697.1	RN7SKP209
ENSG00000135346.9	CGA
ENSG00000215477.2	RCN1P1
ENSG00000272008.1	ENSG00000272008
ENSG00000188994.14	ZNF292
ENSG00000218313.1	ENSG00000218313
ENSG00000164411.12	GJB7
ENSG00000216990.2	HSPD1P10
ENSG00000111850.11	SMIM8
ENSG00000203872.7	C6orf163
ENSG00000279616.1	ENSG00000279616
ENSG00000272514.6	CFAP206
ENSG00000213204.8	ENSG00000213204
ENSG00000216324.1	ENSG00000216324
ENSG00000218793.1	ENSG00000218793
ENSG00000218698.1	ST13P16
ENSG00000164414.19	SLC35A1
ENSG00000206715.1	RNU6-444P
ENSG00000146282.19	RARS2
ENSG00000135336.16	ORC3
ENSG00000135334.9	AKIRIN2
ENSG00000238628.1	ENSG00000238628
ENSG00000207131.1	Y_RNA
ENSG00000240997.3	RN7SL183P
ENSG00000271114.1	ENSG00000271114
ENSG00000286278.1	ENSG00000286278
ENSG00000118434.9	SPACA1
ENSG00000118432.13	CNR1
ENSG00000279565.1	ENSG00000279565
ENSG00000234426.3	ENSG00000234426
ENSG00000220131.1	ENSG00000220131
ENSG00000220267.1	ACTBP8
ENSG00000286871.1	ENSG00000286871
ENSG00000111880.16	RNGTT
ENSG00000222145.1	SNORA73
ENSG00000289931.1	ENSG00000289931
ENSG00000280277.1	ENSG00000280277
ENSG00000220130.1	ENSG00000220130
ENSG00000220960.1	ENSG00000220960
ENSG00000223001.1	RNU2-61P
ENSG00000271931.1	PNRC1-DT
ENSG00000146278.11	PNRC1
ENSG00000264017.2	RN7SL336P
ENSG00000154548.9	SRSF12
ENSG00000288009.1	ENSG00000288009
ENSG00000146281.6	PM20D2
ENSG00000146276.13	GABRR1
ENSG00000111886.11	GABRR2
ENSG00000220418.1	TUBB3P1
ENSG00000198833.7	UBE2J1
ENSG00000025039.15	RRAGD
ENSG00000218965.1	NACAP7
ENSG00000135299.18	ANKRD6
ENSG00000239316.3	RN7SL11P
ENSG00000237027.1	ENSG00000237027
ENSG00000083099.11	LYRM2
ENSG00000112159.13	MDN1
ENSG00000228124.1	MDN1-AS1
ENSG00000220871.1	DNAJC19P6
ENSG00000217653.1	PIMREGP3
ENSG00000118412.13	CASP8AP2
ENSG00000199630.1	Y_RNA
ENSG00000218300.1	RPL22P14
ENSG00000219240.2	ENSG00000219240
ENSG00000135355.4	GJA10
ENSG00000252891.1	Y_RNA
ENSG00000112182.16	BACH2
ENSG00000226455.1	ENSG00000226455
ENSG00000222078.1	RN7SKP110
ENSG00000287789.1	ENSG00000287789
ENSG00000218730.1	ENSG00000218730
ENSG00000260271.4	ENSG00000260271
ENSG00000266760.1	MIR4464
ENSG00000289988.1	ENSG00000289988
ENSG00000135341.19	MAP3K7
ENSG00000224605.1	ENSG00000224605
ENSG00000263734.1	MIR4643
ENSG00000224944.2	CASC6
ENSG00000262095.1	MTATP6P25
ENSG00000219087.2	MTND4LP19
ENSG00000220340.1	MTCO1P56
ENSG00000240961.3	RN7SL415P
ENSG00000219867.1	ENSG00000219867
ENSG00000285961.1	ENSG00000285961
ENSG00000220553.1	RPL5P19
ENSG00000200492.2	U3
ENSG00000261038.1	ENSG00000261038
ENSG00000288101.1	ENSG00000288101
ENSG00000220908.2	LINC02531
ENSG00000221455.2	U3
ENSG00000219387.2	ATF1P1
ENSG00000235099.1	ENSG00000235099
ENSG00000213187.3	COPS5P1
ENSG00000135333.15	EPHA7
ENSG00000287683.1	ENSG00000287683
ENSG00000289081.1	ENSG00000289081
ENSG00000288085.1	ENSG00000288085
ENSG00000280451.1	ENSG00000280451
ENSG00000252249.1	ENSG00000252249
ENSG00000229600.1	ENSG00000229600
ENSG00000231143.1	ENSG00000231143
ENSG00000220370.1	ENSG00000220370
ENSG00000279403.1	ENSG00000279403
ENSG00000270484.1	ENSG00000270484
ENSG00000216853.1	MTCYBP36
ENSG00000289178.2	ENSG00000289178
ENSG00000219627.1	CYCSP17
ENSG00000261366.1	MANEA-DT
ENSG00000172469.17	MANEA
ENSG00000219549.1	ENSG00000219549
ENSG00000287578.1	ENSG00000287578
ENSG00000219941.1	KRT18P50
ENSG00000172461.11	FUT9
ENSG00000233797.4	UFL1-AS1
ENSG00000242560.3	RN7SL797P
ENSG00000014123.10	UFL1
ENSG00000112214.11	FHL5
ENSG00000213183.3	RPS7P8
ENSG00000207309.1	RNU4-70P
ENSG00000219139.1	TYMSP1
ENSG00000217331.1	ENSG00000217331
ENSG00000216518.1	EEF1GP6
ENSG00000224384.1	ENSG00000224384
ENSG00000112218.9	GPR63
ENSG00000123545.6	NDUFAF4
ENSG00000263479.2	RN7SL509P
ENSG00000186231.17	KLHL32
ENSG00000146263.12	MMS22L
ENSG00000271860.9	ENSG00000271860
ENSG00000226207.1	ENSG00000226207
ENSG00000238367.1	MIR2113
ENSG00000220505.2	EIF4EBP2P3
ENSG00000236920.2	ENSG00000236920
ENSG00000187472.4	ENSG00000187472
ENSG00000283010.1	ENSG00000283010
ENSG00000289501.1	ENSG00000289501
ENSG00000184486.10	POU3F2
ENSG00000112234.9	FBXL4
ENSG00000271042.1	ENSG00000271042
ENSG00000265226.1	MIR548AI
ENSG00000232699.3	BDH2P1
ENSG00000146267.12	FAXC
ENSG00000132423.12	COQ3
ENSG00000132424.17	PNISR
ENSG00000228506.4	PNISR-AS1
ENSG00000123552.18	USP45
ENSG00000279170.3	TSTD3
ENSG00000274603.1	Y_RNA
ENSG00000112237.13	CCNC
ENSG00000219755.1	ENSG00000219755
ENSG00000112238.12	PRDM13
ENSG00000199303.1	Y_RNA
ENSG00000152034.11	MCHR2
ENSG00000229315.7	MCHR2-AS1
ENSG00000219257.2	NPM1P38
ENSG00000275716.1	ENSG00000275716
ENSG00000213177.3	PRDX2P4
ENSG00000216378.1	ENSG00000216378
ENSG00000112246.10	SIM1
ENSG00000228082.1	SIM1-AS1
ENSG00000112249.14	ASCC3
ENSG00000220695.1	ENSG00000220695
ENSG00000260000.3	ENSG00000260000
ENSG00000270987.1	ENSG00000270987
ENSG00000164418.22	GRIK2
ENSG00000218475.2	ACTG1P18
ENSG00000287397.1	ENSG00000287397
ENSG00000218536.1	ENSG00000218536
ENSG00000287499.1	ENSG00000287499
ENSG00000219757.1	ENSG00000219757
ENSG00000217120.1	ENSG00000217120
ENSG00000202283.1	ENSG00000202283
ENSG00000288084.1	ENSG00000288084
ENSG00000216817.1	R3HDM2P2
ENSG00000214428.3	NPM1P10
ENSG00000287616.1	ENSG00000287616
ENSG00000218173.1	ENSG00000218173
ENSG00000085382.12	HACE1
ENSG00000252944.1	RNU6-897P
ENSG00000227535.2	ENSG00000227535
ENSG00000271099.1	ENSG00000271099
ENSG00000203809.7	LIN28B-AS1
ENSG00000187772.8	LIN28B
ENSG00000290011.1	ENSG00000290011
ENSG00000212147.1	RNU6-1106P
ENSG00000112276.14	BVES
ENSG00000203808.13	BVES-AS1
ENSG00000132429.10	POPDC3
ENSG00000085377.15	PREP
ENSG00000231628.1	ENSG00000231628
ENSG00000216639.1	RPL7AP35
ENSG00000219902.1	RPL35P3
ENSG00000286084.3	ENSG00000286084
ENSG00000237567.2	LINC02836
ENSG00000219088.1	ENSG00000219088
ENSG00000284999.1	ENSG00000284999
ENSG00000200198.1	RN7SKP211
ENSG00000057657.17	PRDM1
ENSG00000057663.16	ATG5
ENSG00000269919.1	ENSG00000269919
ENSG00000273744.1	U4
ENSG00000244710.3	RN7SL47P
ENSG00000252444.1	RNU6-344P
ENSG00000233941.1	ENSG00000233941
ENSG00000112297.18	CRYBG1
ENSG00000207499.1	Y_RNA
ENSG00000202386.1	RNA5SP211
ENSG00000282408.1	ENSG00000282408
ENSG00000200314.1	Y_RNA
ENSG00000130347.13	RTN4IP1
ENSG00000200295.1	RNU6-527P
ENSG00000130348.11	QRSL1
ENSG00000216977.1	RPL21P65
ENSG00000229654.1	LINC02526
ENSG00000289020.1	ENSG00000289020
ENSG00000235142.12	LINC02532
ENSG00000202285.1	RNU6-117P
ENSG00000207577.1	MIR587
ENSG00000272398.6	CD24
ENSG00000130349.10	MTRES1
ENSG00000178409.14	BEND3
ENSG00000252125.1	RNU6-1299P
ENSG00000164494.12	PDSS2
ENSG00000276620.1	ENSG00000276620
ENSG00000220237.1	RPS24P12
ENSG00000112320.12	SOBP
ENSG00000234206.5	ENSG00000234206
ENSG00000289433.1	ENSG00000289433
ENSG00000280135.1	ENSG00000280135
ENSG00000146285.15	SCML4
ENSG00000025796.14	SEC63
ENSG00000238420.1	RNU6-437P
ENSG00000232778.1	RPL23AP50
ENSG00000272476.1	ENSG00000272476
ENSG00000224987.1	ENSG00000224987
ENSG00000253090.2	SNORA73
ENSG00000231112.1	MTHFD2P3
ENSG00000225093.1	RPL3P7
ENSG00000081087.16	OSTM1
ENSG00000238490.1	Y_RNA
ENSG00000225174.2	OSTM1-AS1
ENSG00000112333.12	NR2E1
ENSG00000279398.1	ENSG00000279398
ENSG00000112335.15	SNX3
ENSG00000233511.1	ENSG00000233511
ENSG00000212525.1	RNA5SP212
ENSG00000286562.1	ENSG00000286562
ENSG00000230248.1	ENSG00000230248
ENSG00000206974.1	RNU6-1144P
ENSG00000135537.17	AFG1L
ENSG00000238055.1	RPL36AP24
ENSG00000279498.1	ENSG00000279498
ENSG00000238079.1	ENSG00000238079
ENSG00000227072.1	ENSG00000227072
ENSG00000200799.1	RNU6-770P
ENSG00000287044.1	ENSG00000287044
ENSG00000271608.1	ENSG00000271608
ENSG00000118689.15	FOXO3
ENSG00000228976.1	SUMO2P8
ENSG00000203801.8	LINC00222
ENSG00000219565.2	ZPR1P1
ENSG00000286511.1	ENSG00000286511
ENSG00000231559.1	ENSG00000231559
ENSG00000118690.13	ARMC2
ENSG00000218872.1	ENSG00000218872
ENSG00000228834.1	ATP5MFP2
ENSG00000230290.1	ARMC2-AS1
ENSG00000080546.14	SESN1
ENSG00000271730.1	ENSG00000271730
ENSG00000199944.1	RNU6-653P
ENSG00000183137.16	CEP57L1
ENSG00000203799.14	CCDC162P
ENSG00000233908.1	ENSG00000233908
ENSG00000219700.1	PTCHD3P3
ENSG00000201023.1	RNY3P11
ENSG00000218632.3	RPL7P28
ENSG00000135535.17	CD164
ENSG00000260273.2	ENSG00000260273
ENSG00000185250.16	PPIL6
ENSG00000135587.9	SMPD2
ENSG00000135596.18	MICAL1
ENSG00000112365.6	ZBTB24
ENSG00000223537.3	ZBTB24-DT
ENSG00000155085.16	AK9
ENSG00000112367.12	FIG4
ENSG00000146360.9	GPR6
ENSG00000286691.1	ENSG00000286691
ENSG00000112290.13	WASF1
ENSG00000168438.15	CDC40
ENSG00000053328.9	METTL24
ENSG00000287268.1	ENSG00000287268
ENSG00000203797.12	DDO
ENSG00000004809.14	SLC22A16
ENSG00000241162.3	RN7SL617P
ENSG00000260188.1	ENSG00000260188
ENSG00000289847.1	ENSG00000289847
ENSG00000219559.1	ENSG00000219559
ENSG00000270934.1	ENSG00000270934
ENSG00000155111.15	CDK19
ENSG00000213150.2	ENSG00000213150
ENSG00000217041.1	ENSG00000217041
ENSG00000219150.2	ENSG00000219150
ENSG00000200522.1	RNU6-957P
ENSG00000212587.1	SNORA40C
ENSG00000199360.1	RNU6-1115P
ENSG00000213149.3	CNN2P9
ENSG00000271607.1	RBISP4
ENSG00000123505.19	AMD1
ENSG00000219329.1	ENSG00000219329
ENSG00000155115.7	GTF3C6
ENSG00000197498.13	RPF2
ENSG00000218803.1	GSTM2P1
ENSG00000112394.18	SLC16A10
ENSG00000200926.1	RNU6-960P
ENSG00000231046.1	MFSD4B-DT
ENSG00000173214.7	MFSD4B
ENSG00000271789.1	ENSG00000271789
ENSG00000009413.17	REV3L
ENSG00000272356.1	ENSG00000272356
ENSG00000220392.1	FCF1P5
ENSG00000229276.1	REV3L-IT1
ENSG00000218676.1	BRD7P4
ENSG00000231889.9	TRAF3IP2-AS1
ENSG00000220506.2	ENSG00000220506
ENSG00000286616.1	ENSG00000286616
ENSG00000056972.21	TRAF3IP2
ENSG00000255389.1	ENSG00000255389
ENSG00000010810.18	FYN
ENSG00000289256.2	ENSG00000289256
ENSG00000227012.3	LINC02527
ENSG00000112761.22	CCN6
ENSG00000074935.14	TUBE1
ENSG00000203778.8	FAM229B
ENSG00000112769.20	LAMA4
ENSG00000237234.7	ENSG00000237234
ENSG00000207044.1	RNU6-1226P
ENSG00000270661.1	ENSG00000270661
ENSG00000271208.1	ENSG00000271208
ENSG00000226440.7	LAMA4-AS1
ENSG00000281613.2	ENSG00000281613
ENSG00000216663.3	ENSG00000216663
ENSG00000251258.2	RFPL4B
ENSG00000219773.1	RPSAP45
ENSG00000215807.4	KRT18P65
ENSG00000217770.1	FEM1AP3
ENSG00000286914.1	ENSG00000286914
ENSG00000232299.1	ENSG00000232299
ENSG00000225580.2	PA2G4P5
ENSG00000271498.1	ENSG00000271498
ENSG00000201386.1	RNU6-1163P
ENSG00000288560.1	ENSG00000288560
ENSG00000218490.1	FCF1P10
ENSG00000287728.2	ENSG00000287728
ENSG00000216904.2	SOCS5P5
ENSG00000289961.1	ENSG00000289961
ENSG00000223811.1	ENSG00000223811
ENSG00000232316.2	LINC02518
ENSG00000236347.1	ENSG00000236347
ENSG00000218208.1	RPS27AP11
ENSG00000288916.1	ENSG00000288916
ENSG00000230943.4	LINC02541
ENSG00000289925.1	ENSG00000289925
ENSG00000231912.2	ENSG00000231912
ENSG00000219758.6	ENSG00000219758
ENSG00000289198.1	ENSG00000289198
ENSG00000277443.3	MARCKS
ENSG00000227502.4	MROCKI
ENSG00000175967.4	LINC02880
ENSG00000196591.12	HDAC2
ENSG00000228624.8	HDAC2-AS2
ENSG00000216723.1	NUDT19P3
ENSG00000249853.9	HS3ST5
ENSG00000216471.3	RPSAP43
ENSG00000212333.1	RNA5SP213
ENSG00000218089.1	DNAJA1P4
ENSG00000232395.1	LNCPOIR
ENSG00000226079.2	ENSG00000226079
ENSG00000287097.1	ENSG00000287097
ENSG00000251882.1	RNU6-475P
ENSG00000219619.2	ENSG00000219619
ENSG00000228777.2	LINC02534
ENSG00000289376.2	ENSG00000289376
ENSG00000111816.8	FRK
ENSG00000287933.1	ENSG00000287933
ENSG00000186743.2	TPI1P3
ENSG00000178425.14	NT5DC1
ENSG00000123500.10	COL10A1
ENSG00000218428.1	NIP7P3
ENSG00000236326.1	ENSG00000236326
ENSG00000187189.11	TSPYL4
ENSG00000111817.19	DSE
ENSG00000233558.1	ENSG00000233558
ENSG00000189241.8	TSPYL1
ENSG00000285446.1	ENSG00000285446
ENSG00000217241.1	CBX3P9
ENSG00000218153.2	KRT18P22
ENSG00000244158.1	CALHM6-AS1
ENSG00000188820.13	CALHM6
ENSG00000234117.2	ENSG00000234117
ENSG00000173626.10	TRAPPC3L
ENSG00000178033.6	CALHM5
ENSG00000164451.14	CALHM4
ENSG00000289304.2	ENSG00000289304
ENSG00000111832.13	RWDD1
ENSG00000111834.13	RSPH4A
ENSG00000153975.10	ZUP1
ENSG00000196911.12	KPNA5
ENSG00000183807.8	FAM162B
ENSG00000173612.10	GPRC6A
ENSG00000185002.10	RFX6
ENSG00000217089.1	RPS29P13
ENSG00000200248.1	RNA5SP214
ENSG00000287253.1	ENSG00000287253
ENSG00000170162.14	VGLL2
ENSG00000047936.11	ROS1
ENSG00000251814.1	RN7SKP18
ENSG00000222713.1	RN7SKP51
ENSG00000282218.1	ENSG00000282218
ENSG00000219703.1	RAP1BP3
ENSG00000226181.1	ENSG00000226181
ENSG00000164465.19	DCBLD1
ENSG00000207461.1	RNU6-253P
ENSG00000047932.14	GOPC
ENSG00000218233.1	NEPNP
ENSG00000289372.2	ENSG00000289372
ENSG00000153989.8	NUS1
ENSG00000196376.11	SLC35F1
ENSG00000230202.1	RPL29P4
ENSG00000216809.1	ENSG00000216809
ENSG00000111860.14	CEP85L
ENSG00000169075.7	BRD7P3
ENSG00000198523.6	PLN
ENSG00000286339.1	ENSG00000286339
ENSG00000217330.1	SSXP10
ENSG00000225549.3	SELENOKP3
ENSG00000111877.18	MCM9
ENSG00000111875.8	ASF1A
ENSG00000253194.2	ENSG00000253194
ENSG00000111879.20	FAM184A
ENSG00000222649.1	Y_RNA
ENSG00000207982.1	MIR548B
ENSG00000220139.1	ENSG00000220139
ENSG00000111885.7	MAN1A1
ENSG00000216316.1	RPL13AP15
ENSG00000200732.1	RNU6-194P
ENSG00000287100.3	ENSG00000287100
ENSG00000265725.1	MIR3144
ENSG00000286540.1	ENSG00000286540
ENSG00000206857.1	RNU6-214P
ENSG00000200310.1	RNA5SP215
ENSG00000216710.1	COX6A1P3
ENSG00000287992.1	ENSG00000287992
ENSG00000146350.14	TBC1D32
ENSG00000206598.1	RNU6-1286P
ENSG00000207403.1	Y_RNA
ENSG00000220447.1	ENSG00000220447
ENSG00000272714.1	ENSG00000272714
ENSG00000152661.9	GJA1
ENSG00000199458.1	RNU4-35P
ENSG00000219784.2	ENSG00000219784
ENSG00000201379.1	RNU4-76P
ENSG00000222659.1	RNU2-8P
ENSG00000290064.1	ENSG00000290064
ENSG00000220326.2	ENSG00000220326
ENSG00000218180.2	SLC25A5P7
ENSG00000219135.1	RPL23AP48
ENSG00000217139.2	ENSG00000217139
ENSG00000289871.1	ENSG00000289871
ENSG00000220184.2	HMGB3P18
ENSG00000199932.1	RNU1-18P
ENSG00000025156.13	HSF2
ENSG00000279453.1	ENSG00000279453
ENSG00000111897.7	SERINC1
ENSG00000275339.1	ENSG00000275339
ENSG00000135549.16	PKIB
ENSG00000279114.1	ENSG00000279114
ENSG00000277408.1	ENSG00000277408
ENSG00000287258.1	ENSG00000287258
ENSG00000272472.1	ENSG00000272472
ENSG00000287818.1	ENSG00000287818
ENSG00000240606.3	RN7SL564P
ENSG00000164434.12	FABP7
ENSG00000172594.13	SMPDL3A
ENSG00000232362.1	ATP5MGP2
ENSG00000285652.1	ENSG00000285652
ENSG00000146352.13	CLVS2
ENSG00000186439.15	TRDN
ENSG00000235535.9	TRDN-AS1
ENSG00000285691.2	ENSG00000285691
ENSG00000285941.1	ENSG00000285941
ENSG00000188580.16	NKAIN2
ENSG00000237321.1	ENSG00000237321
ENSG00000236548.3	RNF217-AS1
ENSG00000146373.17	RNF217
ENSG00000111907.21	TPD52L1
ENSG00000111906.18	HDDC2
ENSG00000286299.1	ENSG00000286299
ENSG00000226409.3	ENSG00000226409
ENSG00000237742.8	HEY2-AS1
ENSG00000224506.3	LINC02523
ENSG00000135547.9	HEY2
ENSG00000111912.20	NCOA7
ENSG00000232131.1	NCOA7-AS1
ENSG00000222445.1	RN7SKP56
ENSG00000111911.7	HINT3
ENSG00000251920.1	RNA5SP216
ENSG00000066651.20	TRMT11
ENSG00000213133.4	PPP1R14BP5
ENSG00000286215.1	ENSG00000286215
ENSG00000203760.9	CENPW
ENSG00000207632.1	MIR588
ENSG00000201613.1	RNU6-200P
ENSG00000275953.1	YAP1P3
ENSG00000217325.2	PRELID1P1
ENSG00000217404.2	RPS4XP9
ENSG00000287731.1	ENSG00000287731
ENSG00000146374.14	RSPO3
ENSG00000118518.17	RNF146
ENSG00000093144.19	ECHDC1
ENSG00000251768.1	RNA5SP217
ENSG00000213131.3	YWHAZP4
ENSG00000220744.1	RPL5P18
ENSG00000220522.2	ENSG00000220522
ENSG00000220694.2	RPL17P23
ENSG00000189367.15	KIAA0408
ENSG00000255330.9	ENSG00000255330
ENSG00000214338.11	SOGA3
ENSG00000184530.9	C6orf58
ENSG00000219284.2	ENSG00000219284
ENSG00000218187.2	ENSG00000218187
ENSG00000260212.1	ENSG00000260212
ENSG00000219699.2	ENSG00000219699
ENSG00000281248.1	LINC02536
ENSG00000172673.12	THEMIS
ENSG00000274493.1	MRPS17P5
ENSG00000152894.15	PTPRK
ENSG00000227945.1	PTPRK-AS1
ENSG00000224733.1	ENSG00000224733
ENSG00000289190.2	ENSG00000289190
ENSG00000213130.3	EEF1DP5
ENSG00000206982.1	Y_RNA
ENSG00000220110.1	RPL21P64
ENSG00000202200.1	Y_RNA
ENSG00000196569.14	LAMA2
ENSG00000220884.2	MESTP1
ENSG00000219642.2	BMPR1AP1
ENSG00000252554.1	RNU6-861P
ENSG00000226149.6	ENSG00000226149
ENSG00000233351.1	ENSG00000233351
ENSG00000146376.11	ARHGAP18
ENSG00000218689.2	RPL5P21
ENSG00000219666.2	ENSG00000219666
ENSG00000218725.2	B3GALNT2P1
ENSG00000219302.2	ENSG00000219302
ENSG00000203756.8	TMEM244
ENSG00000198945.8	L3MBTL3
ENSG00000227678.8	ENSG00000227678
ENSG00000164483.17	SAMD3
ENSG00000164484.12	TMEM200A
ENSG00000202438.1	Y_RNA
ENSG00000229923.2	ENSG00000229923
ENSG00000256162.2	SMLR1
ENSG00000079819.20	EPB41L2
ENSG00000288977.1	ENSG00000288977
ENSG00000118507.19	AKAP7
ENSG00000218857.1	ENSG00000218857
ENSG00000290067.1	ENSG00000290067
ENSG00000289262.1	ENSG00000289262
ENSG00000219776.2	RPL21P67
ENSG00000118520.16	ARG1
ENSG00000112282.18	MED23
ENSG00000154269.15	ENPP3
ENSG00000252560.1	RNU4-18P
ENSG00000180658.4	OR2A4
ENSG00000236761.6	CTAGE9
ENSG00000216917.2	RPL15P9
ENSG00000266807.1	MIR548H5
ENSG00000197594.14	ENPP1
ENSG00000219532.2	SELENOKP2
ENSG00000200895.1	RN7SKP245
ENSG00000237115.2	ENSG00000237115
ENSG00000228495.3	LINC01013
ENSG00000118523.6	CCN2
ENSG00000265669.1	MIR548AJ1
ENSG00000280155.1	ENSG00000280155
ENSG00000223912.1	EEF1A1P36
ENSG00000079931.15	MOXD1
ENSG00000079950.14	STX7
ENSG00000225343.1	RPL21P66
ENSG00000237110.3	TAAR9
ENSG00000146385.2	TAAR8
ENSG00000235998.1	TAAR7P
ENSG00000146383.7	TAAR6
ENSG00000135569.5	TAAR5
ENSG00000237449.1	TAAR4P
ENSG00000286663.1	ENSG00000286663
ENSG00000290584.1	TAAR3P
ENSG00000179073.7	TAAR3P
ENSG00000146378.6	TAAR2
ENSG00000146399.3	TAAR1
ENSG00000218194.1	HLFP1
ENSG00000112299.8	VNN1
ENSG00000218991.1	CCNG1P1
ENSG00000093134.17	VNN3P
ENSG00000112303.14	VNN2
ENSG00000234484.1	ENSG00000234484
ENSG00000271488.1	RBM11P1
ENSG00000146409.12	SLC18B1
ENSG00000112306.8	RPS12
ENSG00000206754.1	SNORD101
ENSG00000221500.1	SNORD100
ENSG00000200534.1	SNORA33
ENSG00000220557.1	HMGB1P13
ENSG00000279960.1	ENSG00000279960
ENSG00000231023.9	LINC00326
ENSG00000213122.4	RPL23AP46
ENSG00000286438.1	ENSG00000286438
ENSG00000220113.2	MTCYBP4
ENSG00000112319.21	EYA4
ENSG00000223542.1	ENSG00000223542
ENSG00000234567.1	ENSG00000234567
ENSG00000227954.7	TARID
ENSG00000238059.1	HSPE1P21
ENSG00000272428.1	ENSG00000272428
ENSG00000218213.1	FTH1P26
ENSG00000223586.6	LINC01312
ENSG00000118526.7	TCF21
ENSG00000028839.10	TBPL1
ENSG00000288529.1	ENSG00000288529
ENSG00000146411.6	SLC2A12
ENSG00000278744.1	ENSG00000278744
ENSG00000287413.1	ENSG00000287413
ENSG00000216753.3	HMGA1P7
ENSG00000266875.2	RN7SL408P
ENSG00000118515.12	SGK1
ENSG00000276703.1	RPS29P32
ENSG00000200058.1	RNA5SP218
ENSG00000201309.1	Y_RNA
ENSG00000286887.1	ENSG00000286887
ENSG00000220378.3	KRT8P42
ENSG00000236700.8	LINC01010
ENSG00000287974.1	ENSG00000287974
ENSG00000290029.1	ENSG00000290029
ENSG00000213118.4	CHCHD2P4
ENSG00000231971.6	CT69
ENSG00000232310.10	LINC03002
ENSG00000218772.2	FAM8A6P
ENSG00000229722.1	ENSG00000229722
ENSG00000227723.1	ENSG00000227723
ENSG00000236389.1	ENSG00000236389
ENSG00000213117.4	MEMO1P2
ENSG00000118514.14	ALDH8A1
ENSG00000240056.2	ENSG00000240056
ENSG00000112339.15	HBS1L
ENSG00000283409.1	MIR3662
ENSG00000232876.1	ENSG00000232876
ENSG00000118513.20	MYB
ENSG00000236703.1	MYB-AS1
ENSG00000207689.1	MIR548A2
ENSG00000224374.1	ENSG00000224374
ENSG00000135541.22	AHI1
ENSG00000234084.1	ENSG00000234084
ENSG00000287094.1	ENSG00000287094
ENSG00000201012.1	Y_RNA
ENSG00000231028.11	AHI1-DT
ENSG00000226540.2	GAPDHP73
ENSG00000233534.3	LINC02524
ENSG00000217482.2	HMGB1P17
ENSG00000236378.1	ENSG00000236378
ENSG00000171408.14	PDE7B
ENSG00000286313.2	ENSG00000286313
ENSG00000288054.1	ENSG00000288054
ENSG00000237596.7	PDE7B-AS1
ENSG00000213111.5	COX5BP2
ENSG00000277973.1	ENSG00000277973
ENSG00000146410.12	MTFR2
ENSG00000029363.17	BCLAF1
ENSG00000289312.1	ENSG00000289312
ENSG00000216519.2	ENSG00000216519
ENSG00000260418.1	ENSG00000260418
ENSG00000135525.19	MAP7
ENSG00000220660.2	ENSG00000220660
ENSG00000216613.2	ENSG00000216613
ENSG00000218424.2	NDUFS5P1
ENSG00000271765.1	RN7SKP299
ENSG00000272189.1	MAP7-AS1
ENSG00000197442.11	MAP3K5
ENSG00000234263.2	MAP3K5-AS1
ENSG00000212242.1	RNA5SP219
ENSG00000286646.2	MAP3K5-AS2
ENSG00000112357.14	PEX7
ENSG00000201807.1	ENSG00000201807
ENSG00000213109.4	RPL7AP37
ENSG00000182747.5	SLC35D3
ENSG00000207247.1	Y_RNA
ENSG00000230350.1	RPL35AP3
ENSG00000225391.5	NHEG1
ENSG00000235399.1	ENSG00000235399
ENSG00000016402.14	IL20RA
ENSG00000164485.15	IL22RA2
ENSG00000027697.16	IFNGR1
ENSG00000177468.7	OLIG3
ENSG00000213108.3	BTF3L4P3
ENSG00000230533.5	LINC03004
ENSG00000283265.1	ENSG00000283265
ENSG00000220412.1	PTPN11P3
ENSG00000234956.7	LINC02539
ENSG00000207300.1	Y_RNA
ENSG00000237499.7	WAKMAR2
ENSG00000118503.18	TNFAIP3
ENSG00000287393.1	ENSG00000287393
ENSG00000226004.2	SIMALR
ENSG00000229922.5	LINC02865
ENSG00000219463.1	RPSAP42
ENSG00000112378.12	PERP
ENSG00000112379.9	ARFGEF3
ENSG00000254440.3	PBOV1
ENSG00000262543.2	SMIM28
ENSG00000218499.1	ENSG00000218499
ENSG00000215878.3	MARCKSL1P2
ENSG00000051620.11	HEBP2
ENSG00000135540.12	NHSL1
ENSG00000266555.1	MIR3145
ENSG00000274594.1	ENSG00000274594
ENSG00000216802.1	MTCH1P1
ENSG00000225177.6	NHSL1-AS1
ENSG00000279968.3	CCDC28A-AS1
ENSG00000024862.18	CCDC28A
ENSG00000203734.13	ECT2L
ENSG00000225415.2	ACKR4P1
ENSG00000220600.2	ENSG00000220600
ENSG00000135597.19	REPS1
ENSG00000146386.8	ABRACL
ENSG00000112406.5	HECA
ENSG00000231329.8	ENSG00000231329
ENSG00000272446.5	ENSG00000272446
ENSG00000164440.15	TXLNB
ENSG00000226571.2	ENSG00000226571
ENSG00000218565.2	ENSG00000218565
ENSG00000164442.11	CITED2
ENSG00000238099.3	LINC01625
ENSG00000219806.1	ATP5PBP6
ENSG00000205695.3	ENSG00000205695
ENSG00000231426.7	FILNC1
ENSG00000225148.1	ENSG00000225148
ENSG00000287820.1	ENSG00000287820
ENSG00000236013.8	LINC02941
ENSG00000288714.1	ENSG00000288714
ENSG00000252107.1	RNA5SP220
ENSG00000263514.1	MIR3668
ENSG00000234147.4	ENSG00000234147
ENSG00000264390.1	MIR4465
ENSG00000217684.2	RPS3AP24
ENSG00000216548.2	ENSG00000216548
ENSG00000275138.1	ENSG00000275138
ENSG00000286452.1	ENSG00000286452
ENSG00000259828.1	ENSG00000259828
ENSG00000222764.1	RN7SKP106
ENSG00000218351.2	RPS3AP23
ENSG00000135577.5	NMBR
ENSG00000270983.1	ENSG00000270983
ENSG00000236822.1	NMBR-AS1
ENSG00000203733.6	GJE1
ENSG00000009844.16	VTA1
ENSG00000237494.1	LINC02919
ENSG00000112414.15	ADGRG6
ENSG00000236366.3	ENSG00000236366
ENSG00000287084.2	ENSG00000287084
ENSG00000233138.1	ENSG00000233138
ENSG00000010818.11	HIVEP2
ENSG00000237851.1	ENSG00000237851
ENSG00000232618.2	HIVEP2-DT
ENSG00000229017.7	LINC01277
ENSG00000227192.1	ENSG00000227192
ENSG00000146416.19	AIG1
ENSG00000225752.1	ENSG00000225752
ENSG00000217495.2	ENSG00000217495
ENSG00000216642.1	ENSG00000216642
ENSG00000217648.1	PARLP2
ENSG00000270655.1	ENSG00000270655
ENSG00000189007.16	ADAT2
ENSG00000218896.1	TUBB8P2
ENSG00000223203.1	RNA5SP221
ENSG00000034693.15	PEX3
ENSG00000278206.1	ENSG00000278206
ENSG00000229036.7	VDAC1P8
ENSG00000001036.14	FUCA2
ENSG00000112419.15	PHACTR2
ENSG00000235740.2	PHACTR2-AS1
ENSG00000257065.1	ENSG00000257065
ENSG00000135521.9	LTV1
ENSG00000280148.1	ENSG00000280148
ENSG00000270890.1	ENSG00000270890
ENSG00000118491.10	ZC2HC1B
ENSG00000118495.21	PLAGL1
ENSG00000283122.1	HYMAI
ENSG00000276680.1	ENSG00000276680
ENSG00000217231.2	ENSG00000217231
ENSG00000169976.7	SF3B5
ENSG00000219297.1	MRPL42P3
ENSG00000288836.1	ENSG00000288836
ENSG00000135604.11	STX11
ENSG00000217027.1	TPT1P4
ENSG00000216475.1	ENSG00000216475
ENSG00000152818.20	UTRN
ENSG00000225311.1	ENSG00000225311
ENSG00000219409.2	ENSG00000219409
ENSG00000217195.1	ENSG00000217195
ENSG00000220739.2	ENSG00000220739
ENSG00000289850.1	ENSG00000289850
ENSG00000285598.1	ENSG00000285598
ENSG00000112425.16	EPM2A
ENSG00000201119.1	RNU1-33P
ENSG00000217612.2	ENSG00000217612
ENSG00000270638.1	ENSG00000270638
ENSG00000270828.1	ENSG00000270828
ENSG00000288551.1	ENSG00000288551
ENSG00000288056.1	ENSG00000288056
ENSG00000280184.2	ENSG00000280184
ENSG00000118496.5	FBXO30
ENSG00000235652.11	EPM2A-DT
ENSG00000146414.17	SHPRH
ENSG00000152822.15	GRM1
ENSG00000187103.3	FUNDC2P3
ENSG00000222971.1	RNA5SP222
ENSG00000216811.2	ENSG00000216811
ENSG00000118508.5	RAB32
ENSG00000237468.2	ADGB-DT
ENSG00000118492.19	ADGB
ENSG00000273719.1	ENSG00000273719
ENSG00000207431.2	RNU6-906P
ENSG00000228283.3	KATNBL1P6
ENSG00000233452.9	STXBP5-AS1
ENSG00000227748.2	ENSG00000227748
ENSG00000289851.1	ENSG00000289851
ENSG00000272397.1	ENSG00000272397
ENSG00000196634.3	LUADT1
ENSG00000164506.16	STXBP5
ENSG00000273997.1	ENSG00000273997
ENSG00000220494.4	YAP1P1
ENSG00000203727.4	SAMD5
ENSG00000227681.5	ENSG00000227681
ENSG00000226249.1	ENSG00000226249
ENSG00000287976.1	ENSG00000287976
ENSG00000234675.1	ENSG00000234675
ENSG00000230205.1	ENSG00000230205
ENSG00000287473.1	ENSG00000287473
ENSG00000224658.1	ENSG00000224658
ENSG00000111961.19	SASH1
ENSG00000207345.1	RNU6-1222P
ENSG00000215223.3	CYP51A1P3
ENSG00000217824.1	SNRPEP6
ENSG00000231368.1	RPSAP40
ENSG00000111962.8	UST
ENSG00000227660.1	UST-AS1
ENSG00000236591.1	UST-AS2
ENSG00000219487.2	ENSG00000219487
ENSG00000289359.1	ENSG00000289359
ENSG00000228408.6	ENSG00000228408
ENSG00000055208.20	TAB2
ENSG00000225924.2	TAB2-AS1
ENSG00000283608.1	ENSG00000283608
ENSG00000241391.3	RN7SL234P
ENSG00000216265.1	FABP12P1
ENSG00000177688.7	SUMO4
ENSG00000178199.14	ZC3H12D
ENSG00000219553.2	ENSG00000219553
ENSG00000289045.1	ENSG00000289045
ENSG00000131013.4	PPIL4
ENSG00000252244.1	RNU7-3P
ENSG00000235168.1	ENSG00000235168
ENSG00000055211.14	GINM1
ENSG00000281021.1	ENSG00000281021
ENSG00000233330.1	ENSG00000233330
ENSG00000220848.5	RPS18P9
ENSG00000202343.1	ENSG00000202343
ENSG00000186625.14	KATNA1
ENSG00000207292.1	Y_RNA
ENSG00000131023.13	LATS1
ENSG00000278899.1	ENSG00000278899
ENSG00000120253.14	NUP43
ENSG00000120265.21	PCMT1
ENSG00000219433.2	BTBD10P2
ENSG00000231760.5	ENSG00000231760
ENSG00000285889.1	ENSG00000285889
ENSG00000285991.1	ENSG00000285991
ENSG00000120256.11	LRP11
ENSG00000273132.1	ENSG00000273132
ENSG00000268592.3	RAET1E-AS1
ENSG00000217733.2	CCT7P1
ENSG00000164520.12	RAET1E
ENSG00000223701.3	RAET1E-AS1
ENSG00000216906.2	ENSG00000216906
ENSG00000203722.8	RAET1G
ENSG00000216621.8	ENSG00000216621
ENSG00000131015.5	ULBP2
ENSG00000215094.3	ENSG00000215094
ENSG00000111981.5	ULBP1
ENSG00000219298.1	ENSG00000219298
ENSG00000231120.3	BTF3P10
ENSG00000290917.1	RAET1K
ENSG00000218358.4	RAET1K
ENSG00000155918.8	RAET1L
ENSG00000216444.1	RAET1M
ENSG00000235972.1	ENSG00000235972
ENSG00000213091.2	PHB1P1
ENSG00000131019.11	ULBP3
ENSG00000198729.5	PPP1R14C
ENSG00000238594.1	ENSG00000238594
ENSG00000201628.1	RNU4-7P
ENSG00000009765.15	IYD
ENSG00000220598.1	SSR1P1
ENSG00000219622.1	ENSG00000219622
ENSG00000120278.17	PLEKHG1
ENSG00000232891.1	ENSG00000232891
ENSG00000224029.1	ENSG00000224029
ENSG00000226599.1	ENSG00000226599
ENSG00000213089.4	PDCL3P5
ENSG00000120254.16	MTHFD1L
ENSG00000218996.1	ARL4AP5
ENSG00000202119.1	RNU6-302P
ENSG00000232290.1	ENSG00000232290
ENSG00000223598.1	ENSG00000223598
ENSG00000219747.1	RPL32P16
ENSG00000231883.1	ENSG00000231883
ENSG00000238616.1	RNU6-300P
ENSG00000213087.3	ENSG00000213087
ENSG00000131016.17	AKAP12
ENSG00000252431.1	RNU6-1247P
ENSG00000252487.1	RNY4P20
ENSG00000223039.1	RN7SKP268
ENSG00000181472.5	ZBTB2
ENSG00000252615.1	Y_RNA
ENSG00000155906.20	RMND1
ENSG00000219395.2	HSPA8P15
ENSG00000146476.11	ARMT1
ENSG00000120262.10	CCDC170
ENSG00000207422.1	RNU6-813P
ENSG00000091831.25	ESR1
ENSG00000233823.1	ENSG00000233823
ENSG00000287914.1	ENSG00000287914
ENSG00000284615.1	ENSG00000284615
ENSG00000131018.25	SYNE1
ENSG00000234577.1	SYNE1-AS1
ENSG00000226193.1	ENSG00000226193
ENSG00000202044.1	RNA5SP223
ENSG00000233464.2	NANOGP11
ENSG00000120279.7	MYCT1
ENSG00000218792.2	HSPD1P16
ENSG00000146469.13	VIP
ENSG00000224893.7	LINC02840
ENSG00000217372.2	TUBB4BP7
ENSG00000220745.2	C11orf98P2
ENSG00000112029.10	FBXO5
ENSG00000227627.5	ENSG00000227627
ENSG00000112031.16	MTRF1L
ENSG00000091844.8	RGS17
ENSG00000201939.1	RNA5SP224
ENSG00000213121.2	ENSG00000213121
ENSG00000218426.5	ENSG00000218426
ENSG00000237312.2	ENSG00000237312
ENSG00000222806.1	RNA5SP225
ENSG00000217160.2	MTCO2P31
ENSG00000242246.2	ENSG00000242246
ENSG00000218776.4	MTATP6P31
ENSG00000217044.1	MTCO3P31
ENSG00000220733.1	MTND3P20
ENSG00000220514.1	MTND4LP20
ENSG00000216713.1	MTND4P13
ENSG00000199246.1	RNU6-896P
ENSG00000217085.2	HMGB3P19
ENSG00000112038.18	OPRM1
ENSG00000074706.14	IPCEF1
ENSG00000288520.1	ENSG00000288520
ENSG00000237593.1	RPL17P24
ENSG00000153721.19	CNKSR3
ENSG00000286553.1	ENSG00000286553
ENSG00000287260.2	ENSG00000287260
ENSG00000275419.1	ENSG00000275419
ENSG00000220181.1	MTRES1P1
ENSG00000219146.1	RPS4XP8
ENSG00000231316.1	RPL31P29
ENSG00000205625.2	ENSG00000205625
ENSG00000213079.10	SCAF8
ENSG00000200594.1	RNU6-824P
ENSG00000146426.19	TIAM2
ENSG00000218757.1	ENSG00000218757
ENSG00000264814.1	MIR1273C
ENSG00000238963.2	U8
ENSG00000274451.1	ENSG00000274451
ENSG00000235381.1	ENSG00000235381
ENSG00000029639.11	TFB1M
ENSG00000171217.5	CLDN20
ENSG00000232529.1	ENSG00000232529
ENSG00000074771.4	NOX3
ENSG00000238789.1	RNU7-152P
ENSG00000287092.1	ENSG00000287092
ENSG00000221456.1	MIR1202
ENSG00000285797.1	ENSG00000285797
ENSG00000212295.1	SNORD28B
ENSG00000289830.1	ENSG00000289830
ENSG00000227360.2	ENSG00000227360
ENSG00000220347.1	H3P28
ENSG00000271265.1	ENSG00000271265
ENSG00000049618.25	ARID1B
ENSG00000271551.2	ENSG00000271551
ENSG00000271899.1	MIR4466
ENSG00000270487.1	ENSG00000270487
ENSG00000218596.2	ENSG00000218596
ENSG00000288910.1	ENSG00000288910
ENSG00000233044.1	ENSG00000233044
ENSG00000215712.11	TMEM242
ENSG00000217783.2	LDHAL6FP
ENSG00000271040.1	TMEM242-DT
ENSG00000213078.3	ENSG00000213078
ENSG00000218631.1	ENSG00000218631
ENSG00000286482.2	ENSG00000286482
ENSG00000175048.17	ZDHHC14
ENSG00000266617.1	MIR3692
ENSG00000130340.17	SNX9
ENSG00000234361.1	ENSG00000234361
ENSG00000229502.5	ENSG00000229502
ENSG00000236324.1	SNX9-AS1
ENSG00000220867.1	HSPE1P26
ENSG00000252658.1	RNU6-786P
ENSG00000078269.15	SYNJ2
ENSG00000285642.1	ENSG00000285642
ENSG00000233496.1	SYNJ2-IT1
ENSG00000122335.17	SERAC1
ENSG00000272047.4	GTF2H5
ENSG00000130338.13	TULP4
ENSG00000188451.8	SRP72P2
ENSG00000274023.1	ENSG00000274023
ENSG00000287591.1	ENSG00000287591
ENSG00000238019.1	ENSG00000238019
ENSG00000243373.3	RN7SL173P
ENSG00000219188.1	CACYBPP3
ENSG00000146433.10	TMEM181
ENSG00000218226.1	TATDN2P2
ENSG00000278571.1	MIR7161
ENSG00000146425.11	DYNLT1
ENSG00000164674.17	SYTL3
ENSG00000219249.2	AMZ2P2
ENSG00000265558.1	MIR3918
ENSG00000092820.19	EZR
ENSG00000233893.2	EZR-AS1
ENSG00000243775.2	OSTCP1
ENSG00000285159.1	ENSG00000285159
ENSG00000203711.16	LINC02901
ENSG00000213076.3	ENSG00000213076
ENSG00000223191.1	RNU6-293P
ENSG00000130363.13	RSPH3
ENSG00000271913.9	TAGAP-AS1
ENSG00000164691.18	TAGAP
ENSG00000226032.2	ENSG00000226032
ENSG00000288845.1	ENSG00000288845
ENSG00000285492.2	ENSG00000285492
ENSG00000224478.3	ENSG00000224478
ENSG00000233682.3	FNDC1-AS1
ENSG00000164694.17	FNDC1
ENSG00000235086.1	FNDC1-IT1
ENSG00000231178.3	ENSG00000231178
ENSG00000234777.3	LINC02529
ENSG00000286533.1	ENSG00000286533
ENSG00000216480.2	RPL21P69
ENSG00000276413.1	ENSG00000276413
ENSG00000237927.1	ENSG00000237927
ENSG00000291237.1	SOD2
ENSG00000220305.1	HNRNPH1P1
ENSG00000251988.1	RNU4ATAC18P
ENSG00000146457.16	WTAP
ENSG00000285427.1	SOD2-OT1
ENSG00000120437.9	ACAT2
ENSG00000120438.12	TCP1
ENSG00000207392.1	SNORA20
ENSG00000206910.1	SNORA29
ENSG00000112110.10	MRPL18
ENSG00000146453.13	PNLDC1
ENSG00000236823.2	ENSG00000236823
ENSG00000130368.7	MAS1
ENSG00000197081.16	IGF2R
ENSG00000268257.2	AIRN
ENSG00000213073.5	CHP1P2
ENSG00000175003.15	SLC22A1
ENSG00000216516.1	ENSG00000216516
ENSG00000112499.13	SLC22A2
ENSG00000230234.1	ENSG00000230234
ENSG00000146477.6	SLC22A3
ENSG00000287656.1	ENSG00000287656
ENSG00000213071.12	LPAL2
ENSG00000290613.1	LPAL2
ENSG00000198670.13	LPA
ENSG00000243831.1	ENSG00000243831
ENSG00000224477.5	ENSG00000224477
ENSG00000122194.20	PLG
ENSG00000287558.1	ENSG00000287558
ENSG00000276960.1	ENSG00000276960
ENSG00000274903.1	ENSG00000274903
ENSG00000224371.6	ENSG00000224371
ENSG00000292246.1	ENSG00000292246
ENSG00000220913.2	ENSG00000220913
ENSG00000233342.2	ENSG00000233342
ENSG00000231863.2	ENSG00000231863
ENSG00000272841.1	MAP3K4-AS1
ENSG00000085511.20	MAP3K4
ENSG00000026652.15	AGPAT4
ENSG00000185345.25	PRKN
ENSG00000286498.1	ENSG00000286498
ENSG00000286805.1	ENSG00000286805
ENSG00000227913.1	KRT8P44
ENSG00000112530.13	PACRG
ENSG00000217557.1	ENSG00000217557
ENSG00000285610.1	ENSG00000285610
ENSG00000225437.6	PACRG-AS2
ENSG00000285553.1	ENSG00000285553
ENSG00000225683.6	PACRG-AS3
ENSG00000281692.3	PACRG-AS1
ENSG00000285564.2	ENSG00000285564
ENSG00000285726.1	ENSG00000285726
ENSG00000217514.1	ENSG00000217514
ENSG00000270419.2	CAHM
ENSG00000112531.17	QKI
ENSG00000228692.2	ENSG00000228692
ENSG00000235538.5	ENSG00000235538
ENSG00000285858.1	ENSG00000285858
ENSG00000266128.2	RN7SL366P
ENSG00000288696.3	ENSG00000288696
ENSG00000286573.1	ENSG00000286573
ENSG00000260422.1	ENSG00000260422
ENSG00000230627.1	ENSG00000230627
ENSG00000288584.1	ENSG00000288584
ENSG00000288648.1	ENSG00000288648
ENSG00000226739.1	ENSG00000226739
ENSG00000287550.1	ENSG00000287550
ENSG00000227455.3	ENSG00000227455
ENSG00000287877.1	ENSG00000287877
ENSG00000217878.2	ENSG00000217878
ENSG00000112539.15	C6orf118
ENSG00000112541.19	PDE10A
ENSG00000199523.1	RNA5SP226
ENSG00000206681.1	RNU6-730P
ENSG00000236627.1	ENSG00000236627
ENSG00000223942.2	ENSG00000223942
ENSG00000281832.1	LINC00602
ENSG00000216624.3	GAPDHP72
ENSG00000287824.1	ENSG00000287824
ENSG00000231297.3	ENSG00000231297
ENSG00000276643.1	ENSG00000276643
ENSG00000164458.10	TBXT
ENSG00000288638.1	LNCDAT
ENSG00000201292.1	RNU6-153P
ENSG00000280991.1	ENSG00000280991
ENSG00000233365.2	ENSG00000233365
ENSG00000213536.2	GNG5P1
ENSG00000280850.3	ENSG00000280850
ENSG00000176381.6	PRR18
ENSG00000287189.2	ENSG00000287189
ENSG00000198818.10	SFT2D1
ENSG00000233231.1	HNRNPA1P49
ENSG00000286760.3	ENSG00000286760
ENSG00000060762.20	MPC1
ENSG00000261420.1	MPC1-DT
ENSG00000280057.1	ENSG00000280057
ENSG00000071242.12	RPS6KA2
ENSG00000232082.1	RPS6KA2-IT1
ENSG00000222958.1	MIR1913
ENSG00000235272.3	RAMACL
ENSG00000287690.1	ENSG00000287690
ENSG00000235008.1	ENSG00000235008
ENSG00000249141.1	ENSG00000249141
ENSG00000231654.1	RPS6KA2-AS1
ENSG00000026297.17	RNASET2
ENSG00000227598.1	ENSG00000227598
ENSG00000285730.1	ENSG00000285730
ENSG00000265828.1	MIR3939
ENSG00000213066.14	CEP43
ENSG00000272980.5	ENSG00000272980
ENSG00000112486.18	CCR6
ENSG00000284825.1	ENSG00000284825
ENSG00000284914.1	ENSG00000284914
ENSG00000291286.1	ENSG00000291286
ENSG00000120436.4	GPR31
ENSG00000286674.1	ENSG00000286674
ENSG00000166984.14	TCP10L2
ENSG00000291241.1	ENSG00000291241
ENSG00000216966.1	ENSG00000216966
ENSG00000280707.3	HPAT5
ENSG00000231720.1	ENSG00000231720
ENSG00000228648.1	ENSG00000228648
ENSG00000112494.10	UNC93A
ENSG00000120440.15	TTLL2
ENSG00000217447.1	ENSG00000217447
ENSG00000290751.1	TCP10L3
ENSG00000203690.14	TCP10L3
ENSG00000287297.1	ENSG00000287297
ENSG00000272549.1	LINC02538
ENSG00000287594.3	ENSG00000287594
ENSG00000203688.6	LINC02487
ENSG00000289838.1	ENSG00000289838
ENSG00000213065.2	ENSG00000213065
ENSG00000146521.12	LINC01558
ENSG00000269155.2	ENSG00000269155
ENSG00000285212.2	ENSG00000285212
ENSG00000198221.12	AFDN-DT
ENSG00000130396.22	AFDN
ENSG00000235994.4	ENSG00000235994
ENSG00000229921.7	KIF25-AS1
ENSG00000125337.21	KIF25
ENSG00000153303.18	FRMD1
ENSG00000234768.1	ENSG00000234768
ENSG00000287056.1	ENSG00000287056
ENSG00000237987.1	ENSG00000237987
ENSG00000228361.2	ENSG00000228361
ENSG00000234647.2	ENSG00000234647
ENSG00000230711.2	CTAGE13P
ENSG00000164488.12	DACT2
ENSG00000224417.2	ENSG00000224417
ENSG00000260771.1	ENSG00000260771
ENSG00000112562.20	SMOC2
ENSG00000235815.1	ENSG00000235815
ENSG00000289090.1	ENSG00000289090
ENSG00000280665.1	ENSG00000280665
ENSG00000225879.2	ENSG00000225879
ENSG00000285917.1	ENSG00000285917
ENSG00000279810.1	ENSG00000279810
ENSG00000229720.1	ENSG00000229720
ENSG00000234519.2	ENSG00000234519
ENSG00000286826.1	ENSG00000286826
ENSG00000223485.5	LINC01615
ENSG00000261039.3	LINC02544
ENSG00000226445.2	THBS2-AS1
ENSG00000186340.17	THBS2
ENSG00000233085.5	ENSG00000233085
ENSG00000224999.1	VTA1P1
ENSG00000226194.6	LINC02519
ENSG00000285887.1	ENSG00000285887
ENSG00000285733.1	ENSG00000285733
ENSG00000272848.2	ENSG00000272848
ENSG00000184465.16	WDR27
ENSG00000185127.7	C6orf120
ENSG00000130024.15	PHF10
ENSG00000227704.3	ENSG00000227704
ENSG00000232640.1	ENSG00000232640
ENSG00000184786.6	DYNLT2
ENSG00000130023.16	ERMARD
ENSG00000266896.1	ENSG00000266896
ENSG00000229214.2	LINC00242
ENSG00000231690.5	LINC00574
ENSG00000236173.1	ENSG00000236173
ENSG00000287823.1	ENSG00000287823
ENSG00000288162.1	ENSG00000288162
ENSG00000289623.2	ENSG00000289623
ENSG00000287407.1	ENSG00000287407
ENSG00000232197.3	ENSG00000232197
ENSG00000230960.3	ENSG00000230960
ENSG00000288959.1	ENSG00000288959
ENSG00000273100.1	ENSG00000273100
ENSG00000218716.1	RPL12P23
ENSG00000271820.1	ENSG00000271820
ENSG00000227508.6	LINC01624
ENSG00000198719.9	DLL1
ENSG00000112584.14	FAM120B
ENSG00000271234.1	ENSG00000271234
ENSG00000266245.1	MIR4644
ENSG00000261003.1	ENSG00000261003
ENSG00000288970.1	ENSG00000288970
ENSG00000288829.1	ENSG00000288829
ENSG00000008018.9	PSMB1
ENSG00000112592.15	TBP
ENSG00000071994.11	PDCD2
ENSG00000287411.1	ENSG00000287411
ENSG00000230423.3	ENSG00000230423
ENSG00000217874.2	OR4F7P
ENSG00000273640.1	WBP1LP8
ENSG00000234986.1	ENSG00000234986
ENSG00000225532.1	ENSG00000225532
ENSG00000219814.2	RPL23AP47
ENSG00000280279.1	LINC02887
ENSG00000280136.2	ENSG00000280136
ENSG00000277613.1	U6
ENSG00000268320.4	SCGB1C2
ENSG00000272636.5	DOC2B
ENSG00000273172.1	LINC02091
ENSG00000181031.16	RPH3AL
ENSG00000262920.5	ENSG00000262920
ENSG00000262061.7	RPH3AL-AS1
ENSG00000262294.1	RPH3AL-AS2
ENSG00000262558.1	ENSG00000262558
ENSG00000241525.4	ENSG00000241525
ENSG00000187624.9	C17orf97
ENSG00000183688.4	RFLNB
ENSG00000263015.1	ENSG00000263015
ENSG00000141252.21	VPS53
ENSG00000263300.1	ENSG00000263300
ENSG00000262905.1	ENSG00000262905
ENSG00000262708.1	ENSG00000262708
ENSG00000244097.1	RPS4XP17
ENSG00000167695.15	TLCD3A
ENSG00000179409.11	GEMIN4
ENSG00000231784.8	DBIL5P
ENSG00000167699.14	GLOD4
ENSG00000262228.3	ENSG00000262228
ENSG00000171861.11	MRM3
ENSG00000262434.1	ENSG00000262434
ENSG00000277491.1	ENSG00000277491
ENSG00000167693.17	NXN
ENSG00000262133.1	ENSG00000262133
ENSG00000262003.1	ENSG00000262003
ENSG00000263017.1	ENSG00000263017
ENSG00000177370.5	TIMM22
ENSG00000159842.16	ABR
ENSG00000264429.1	MIR3183
ENSG00000278794.1	Metazoa_SRP
ENSG00000275997.1	ENSG00000275997
ENSG00000235361.1	ABR-AS1
ENSG00000262213.1	ENSG00000262213
ENSG00000205899.4	BHLHA9
ENSG00000184811.4	TRARG1
ENSG00000108953.17	YWHAE
ENSG00000280408.1	ENSG00000280408
ENSG00000167193.8	CRK
ENSG00000262777.1	ENSG00000262777
ENSG00000197879.17	MYO1C
ENSG00000132376.20	INPP5K
ENSG00000236618.3	PITPNA-AS1
ENSG00000174238.16	PITPNA
ENSG00000167703.15	SLC43A2
ENSG00000243704.3	RN7SL105P
ENSG00000074660.17	SCARF1
ENSG00000167705.12	RILP
ENSG00000174231.18	PRPF8
ENSG00000277597.2	ENSG00000277597
ENSG00000185561.10	TLCD2
ENSG00000186594.16	MIR22HG
ENSG00000283824.1	MIR22
ENSG00000167716.19	WDR81
ENSG00000262791.1	ENSG00000262791
ENSG00000167711.14	SERPINF2
ENSG00000132386.11	SERPINF1
ENSG00000186532.12	SMYD4
ENSG00000132383.12	RPA1
ENSG00000108958.4	ENSG00000108958
ENSG00000185924.7	RTN4RL1
ENSG00000262445.3	ENSG00000262445
ENSG00000228133.3	ENSG00000228133
ENSG00000262869.1	ENSG00000262869
ENSG00000108963.19	DPH1
ENSG00000287553.1	ENSG00000287553
ENSG00000262664.3	OVCA2
ENSG00000262533.1	ENSG00000262533
ENSG00000263050.1	DPH1-AS1
ENSG00000267200.1	MIR132
ENSG00000267195.1	MIR212
ENSG00000177374.13	HIC1
ENSG00000070366.14	SMG6
ENSG00000280333.1	ENSG00000280333
ENSG00000262810.1	ENSG00000262810
ENSG00000279040.1	ENSG00000279040
ENSG00000279562.1	ENSG00000279562
ENSG00000279340.1	ENSG00000279340
ENSG00000262402.1	MCUR1P1
ENSG00000265777.2	RN7SL624P
ENSG00000236838.2	ENSG00000236838
ENSG00000236457.1	ENSG00000236457
ENSG00000225084.1	ENSG00000225084
ENSG00000278941.1	SMG6-IT1
ENSG00000280242.1	ENSG00000280242
ENSG00000167720.13	SRR
ENSG00000262333.1	HNRNPA1P16
ENSG00000167721.11	TSR1
ENSG00000275084.4	SNORD91B
ENSG00000212163.6	SNORD91A
ENSG00000289388.1	ENSG00000289388
ENSG00000141258.13	SGSM2
ENSG00000274758.1	ENSG00000274758
ENSG00000263345.1	SGSM2-AS1
ENSG00000070444.15	MNT
ENSG00000262456.1	ENSG00000262456
ENSG00000127804.13	METTL16
ENSG00000279872.1	ENSG00000279872
ENSG00000280280.1	ENSG00000280280
ENSG00000243049.3	RN7SL33P
ENSG00000262953.1	EIF4A1P9
ENSG00000007168.14	PAFAH1B1
ENSG00000262480.2	SAMD11P1
ENSG00000279432.1	ENSG00000279432
ENSG00000239884.3	RN7SL608P
ENSG00000272770.1	ENSG00000272770
ENSG00000272911.1	ENSG00000272911
ENSG00000132361.18	CLUH
ENSG00000273606.1	MIR6776
ENSG00000262050.2	ENSG00000262050
ENSG00000277200.2	CCDC92B
ENSG00000221200.1	MIR1253
ENSG00000272920.1	hsa-mir-1253
ENSG00000132359.17	RAP1GAP2
ENSG00000262884.1	ENSG00000262884
ENSG00000262628.1	OR1D5
ENSG00000184166.3	OR1D2
ENSG00000142163.8	OR1E3
ENSG00000183024.4	OR1G1
ENSG00000261848.5	ENSG00000261848
ENSG00000262085.2	OR1P1
ENSG00000172150.4	OR1A2
ENSG00000172146.4	OR1A1
ENSG00000290747.1	ENSG00000290747
ENSG00000255095.3	OR1D4
ENSG00000262106.1	OR1D3P
ENSG00000221882.5	OR3A2
ENSG00000180090.6	OR3A1
ENSG00000290820.1	ENSG00000290820
ENSG00000180068.11	OR3A4P
ENSG00000285760.1	ENSG00000285760
ENSG00000267129.1	OR1AC1P
ENSG00000180042.5	OR1R1P
ENSG00000180016.2	OR1E1
ENSG00000159961.3	OR3A3
ENSG00000127780.3	OR1E2
ENSG00000280268.1	ENSG00000280268
ENSG00000141255.13	SPATA22
ENSG00000108381.11	ASPA
ENSG00000167723.15	TRPV3
ENSG00000196689.13	TRPV1
ENSG00000263338.1	ENSG00000263338
ENSG00000262304.2	ENSG00000262304
ENSG00000261916.1	ENSG00000261916
ENSG00000197417.9	SHPK
ENSG00000262248.1	ENSG00000262248
ENSG00000040531.16	CTNS
ENSG00000262903.1	CTNS-AS1
ENSG00000213977.8	TAX1BP3
ENSG00000257950.3	P2RX5-TAX1BP3
ENSG00000240898.1	RPL21P125
ENSG00000127774.7	EMC6
ENSG00000083454.23	P2RX5
ENSG00000083457.12	ITGAE
ENSG00000262692.1	ENSG00000262692
ENSG00000177602.5	HASPIN
ENSG00000262358.1	ENSG00000262358
ENSG00000074356.17	NCBP3
ENSG00000004660.15	CAMKK1
ENSG00000108405.4	P2RX1
ENSG00000074370.18	ATP2A3
ENSG00000263312.1	LINC01975
ENSG00000074755.15	ZZEF1
ENSG00000252456.1	RNA5SP434
ENSG00000167740.10	CYB5D2
ENSG00000185722.18	ANKFY1
ENSG00000263165.1	ENSG00000263165
ENSG00000251812.1	Y_RNA
ENSG00000263219.1	RYKP1
ENSG00000274363.1	ENSG00000274363
ENSG00000132388.13	UBE2G1
ENSG00000261868.1	MFSD1P1
ENSG00000263882.2	RN7SL774P
ENSG00000182557.8	SPNS3
ENSG00000262823.1	ENSG00000262823
ENSG00000229782.1	SPNS2-AS1
ENSG00000183018.9	SPNS2
ENSG00000132382.15	MYBBP1A
ENSG00000167741.11	GGT6
ENSG00000262921.1	ENSG00000262921
ENSG00000262519.1	TXNP4
ENSG00000188176.12	SMTNL2
ENSG00000261863.1	LINC01996
ENSG00000222429.1	RNU6-955P
ENSG00000161905.13	ALOX15
ENSG00000141456.16	PELP1
ENSG00000235085.3	ENSG00000235085
ENSG00000244184.1	PELP1-DT
ENSG00000213939.4	ENSG00000213939
ENSG00000141480.18	ARRB2
ENSG00000161920.11	MED11
ENSG00000261898.2	ENSG00000261898
ENSG00000161921.17	CXCL16
ENSG00000141497.14	ZMYND15
ENSG00000142484.7	TM4SF5
ENSG00000182853.12	VMO1
ENSG00000280254.1	ENSG00000280254
ENSG00000182327.8	GLTPD2
ENSG00000142507.10	PSMB6
ENSG00000262165.2	C17orf114
ENSG00000129219.14	PLD2
ENSG00000141503.17	MINK1
ENSG00000230201.5	ATP6V0CP1
ENSG00000264113.2	RN7SL784P
ENSG00000108556.10	CHRNE
ENSG00000205710.4	C17orf107
ENSG00000185245.9	GP1BA
ENSG00000108528.14	SLC25A11
ENSG00000108523.16	RNF167
ENSG00000108518.8	PFN1
ENSG00000108515.18	ENO3
ENSG00000091640.8	SPAG7
ENSG00000108509.21	CAMTA2
ENSG00000262429.1	ENSG00000262429
ENSG00000274300.1	MIR6864
ENSG00000278517.1	MIR6865
ENSG00000234203.1	ENSG00000234203
ENSG00000262678.1	CAMTA2-AS1
ENSG00000262227.2	ENSG00000262227
ENSG00000196388.9	INCA1
ENSG00000129250.12	KIF1C
ENSG00000227495.1	KIF1C-AS1
ENSG00000132517.15	SLC52A1
ENSG00000262495.1	ENSG00000262495
ENSG00000262693.1	ZFP3-DT
ENSG00000180787.6	ZFP3
ENSG00000234327.10	ZNF232-AS1
ENSG00000167840.14	ZNF232
ENSG00000129204.17	USP6
ENSG00000262855.1	ENSG00000262855
ENSG00000180626.10	ZNF594
ENSG00000261879.9	ZNF594-DT
ENSG00000161929.15	SCIMP
ENSG00000263164.1	ENSG00000263164
ENSG00000029725.17	RABEP1
ENSG00000108559.13	NUP88
ENSG00000263220.1	ENSG00000263220
ENSG00000129197.15	RPAIN
ENSG00000263272.1	ENSG00000263272
ENSG00000108561.8	C1QBP
ENSG00000005100.13	DHX33
ENSG00000262099.1	DHX33-DT
ENSG00000072849.11	DERL2
ENSG00000167842.16	MIS12
ENSG00000091592.17	NLRP1
ENSG00000286190.2	ENSG00000286190
ENSG00000282980.1	ENSG00000282980
ENSG00000286356.1	ENSG00000286356
ENSG00000262961.1	ENSG00000262961
ENSG00000284837.1	ENSG00000284837
ENSG00000285471.1	ENSG00000285471
ENSG00000179314.16	WSCD1
ENSG00000262231.2	ENSG00000262231
ENSG00000206618.1	RNU6-1264P
ENSG00000262609.1	BTF3P14
ENSG00000285593.1	ENSG00000285593
ENSG00000129221.16	AIPL1
ENSG00000262818.1	ENSG00000262818
ENSG00000129195.16	PIMREG
ENSG00000091622.16	PITPNM3
ENSG00000274860.1	Metazoa_SRP
ENSG00000198920.11	KIAA0753
ENSG00000200914.1	RNA5SP435
ENSG00000282936.2	ENSG00000282936
ENSG00000129235.11	TXNDC17
ENSG00000108590.11	MED31
ENSG00000256806.6	C17orf100
ENSG00000261996.1	ENSG00000261996
ENSG00000264468.1	MIR4520-1
ENSG00000283301.1	MIR4520-2
ENSG00000290366.1	ENSG00000290366
ENSG00000274114.3	ALOX15P1
ENSG00000141485.17	SLC13A5
ENSG00000262990.1	ENSG00000262990
ENSG00000244283.1	RPL23AP73
ENSG00000132530.17	XAF1
ENSG00000279296.1	PRAL
ENSG00000177294.7	FBXO39
ENSG00000167858.13	TEKT1
ENSG00000291084.1	ALOX12P2
ENSG00000215067.12	ALOX12-AS1
ENSG00000262943.10	ALOX12P2
ENSG00000262503.1	ENSG00000262503
ENSG00000263316.1	ENSG00000263316
ENSG00000267047.1	ENSG00000267047
ENSG00000262089.1	ENSG00000262089
ENSG00000108839.12	ALOX12
ENSG00000219200.12	RNASEK
ENSG00000161939.19	RNASEK-C17orf49
ENSG00000258315.5	C17orf49
ENSG00000267532.5	MIR497HG
ENSG00000284112.1	MIR195
ENSG00000284027.1	MIR497
ENSG00000161940.11	BCL6B
ENSG00000174327.7	SLC16A13
ENSG00000174326.15	SLC16A11
ENSG00000262067.1	ENSG00000262067
ENSG00000132514.14	CLEC10A
ENSG00000161944.17	ASGR2
ENSG00000289977.1	ENSG00000289977
ENSG00000213876.4	RPL7AP64
ENSG00000141505.12	ASGR1
ENSG00000132535.22	DLG4
ENSG00000279812.1	ENSG00000279812
ENSG00000072778.20	ACADVL
ENSG00000199053.3	MIR324
ENSG00000004975.12	DVL2
ENSG00000040633.13	PHF23
ENSG00000170296.10	GABARAP
ENSG00000262526.2	ENSG00000262526
ENSG00000279641.1	ENSG00000279641
ENSG00000175826.12	CTDNEP1
ENSG00000262302.1	ENSG00000262302
ENSG00000170291.16	ELP5
ENSG00000181885.18	CLDN7
ENSG00000202251.1	Y_RNA
ENSG00000181856.15	SLC2A4
ENSG00000263342.1	ENSG00000263342
ENSG00000006047.13	YBX2
ENSG00000132507.18	EIF5A
ENSG00000132522.16	GPS2
ENSG00000261915.6	ENSG00000261915
ENSG00000215041.10	NEURL4
ENSG00000224647.2	ENSG00000224647
ENSG00000072818.12	ACAP1
ENSG00000213859.8	KCTD11
ENSG00000263171.1	ENSG00000263171
ENSG00000182896.13	TMEM95
ENSG00000174292.13	TNK1
ENSG00000187838.17	PLSCR3
ENSG00000262481.5	TMEM256-PLSCR3
ENSG00000205544.4	TMEM256
ENSG00000169992.10	NLGN2
ENSG00000262880.1	ENSG00000262880
ENSG00000181323.8	SPEM1
ENSG00000184560.8	SPEM2
ENSG00000283439.4	SPEM3
ENSG00000286007.1	ENSG00000286007
ENSG00000181284.3	TMEM102
ENSG00000262624.1	ENSG00000262624
ENSG00000161958.11	FGF11
ENSG00000263301.1	ENSG00000263301
ENSG00000272884.1	ENSG00000272884
ENSG00000170175.11	CHRNB1
ENSG00000174282.12	ZBTB4
ENSG00000259224.3	SLC35G6
ENSG00000181222.19	POLR2A
ENSG00000201489.1	Y_RNA
ENSG00000239697.12	TNFSF12
ENSG00000248871.1	TNFSF12-TNFSF13
ENSG00000276384.1	ENSG00000276384
ENSG00000161955.17	TNFSF13
ENSG00000161956.14	SENP3
ENSG00000277957.1	SENP3-EIF4A1
ENSG00000161960.16	EIF4A1
ENSG00000264772.6	ENSG00000264772
ENSG00000209582.1	SNORA48
ENSG00000238917.1	SNORD10
ENSG00000277985.1	SNORA67
ENSG00000129226.14	CD68
ENSG00000233223.5	ENSG00000233223
ENSG00000129255.16	MPDU1
ENSG00000129194.8	SOX15
ENSG00000129245.13	FXR2
ENSG00000129214.15	SHBG
ENSG00000141504.12	SAT2
ENSG00000129244.9	ATP1B2
ENSG00000141510.18	TP53
ENSG00000141499.18	WRAP53
ENSG00000108947.5	EFNB3
ENSG00000183914.15	DNAH2
ENSG00000240480.1	RPL29P2
ENSG00000132510.11	KDM6B
ENSG00000288929.2	ENSG00000288929
ENSG00000288748.1	ENSG00000288748
ENSG00000167874.7	TMEM88
ENSG00000183011.14	NAA38
ENSG00000182224.12	CYB5D1
ENSG00000280046.1	ENSG00000280046
ENSG00000170004.19	CHD3
ENSG00000252835.1	SCARNA21
ENSG00000179859.10	RNF227
ENSG00000170049.10	KCNAB3
ENSG00000262730.1	ENSG00000262730
ENSG00000170043.12	TRAPPC1
ENSG00000170037.14	CNTROB
ENSG00000262492.1	ENSG00000262492
ENSG00000132518.7	GUCY2D
ENSG00000279174.1	ENSG00000279174
ENSG00000179593.16	ALOX15B
ENSG00000263427.1	ENSG00000263427
ENSG00000275011.1	ALOXE3P1
ENSG00000179477.11	ALOX12B
ENSG00000214999.3	ENSG00000214999
ENSG00000264005.1	MIR4314
ENSG00000179148.10	ALOXE3
ENSG00000179111.9	HES7
ENSG00000288993.1	ENSG00000288993
ENSG00000179094.16	PER1
ENSG00000284117.1	MIR6883
ENSG00000263620.1	ENSG00000263620
ENSG00000220205.10	VAMP2
ENSG00000179029.15	TMEM107
ENSG00000200463.1	SNORD118
ENSG00000266824.1	ENSG00000266824
ENSG00000283160.1	MIR4521
ENSG00000196544.8	BORCS6
ENSG00000279152.1	ENSG00000279152
ENSG00000271002.1	ENSG00000271002
ENSG00000178999.13	AURKB
ENSG00000178977.4	LINC00324
ENSG00000178971.17	CTC1
ENSG00000178921.14	PFAS
ENSG00000269947.1	ENSG00000269947
ENSG00000125434.11	SLC25A35
ENSG00000108961.14	RANGRF
ENSG00000271029.1	ENSG00000271029
ENSG00000198844.12	ARHGEF15
ENSG00000226871.1	ENSG00000226871
ENSG00000289984.1	ENSG00000289984
ENSG00000212206.1	ENSG00000212206
ENSG00000266279.1	ENSG00000266279
ENSG00000184650.11	ODF4
ENSG00000184619.8	KRBA2
ENSG00000265749.6	ENSG00000265749
ENSG00000263809.1	ENSG00000263809
ENSG00000161970.15	RPL26
ENSG00000288750.1	ENSG00000288750
ENSG00000189051.6	RNF222
ENSG00000166579.16	NDEL1
ENSG00000133026.14	MYH10
ENSG00000252363.1	RNU7-43P
ENSG00000270606.1	PPIAP52
ENSG00000244604.1	ENSG00000244604
ENSG00000161973.11	CCDC42
ENSG00000183318.12	SPDYE4
ENSG00000185156.6	MFSD6L
ENSG00000276231.5	PIK3R6
ENSG00000141506.15	PIK3R5
ENSG00000266389.1	PIK3R5-DT
ENSG00000265975.1	ENSG00000265975
ENSG00000065320.9	NTN1
ENSG00000262966.2	ENSG00000262966
ENSG00000273816.1	ENSG00000273816
ENSG00000170310.15	STX8
ENSG00000263708.2	ENSG00000263708
ENSG00000225751.2	ENSG00000225751
ENSG00000262815.1	ENSG00000262815
ENSG00000263051.1	ENSG00000263051
ENSG00000271851.1	ENSG00000271851
ENSG00000166596.15	CFAP52
ENSG00000241654.1	RPL19P18
ENSG00000265349.1	ENSG00000265349
ENSG00000154914.17	USP43
ENSG00000262296.1	ENSG00000262296
ENSG00000282882.2	ENSG00000282882
ENSG00000184544.12	DHRS7C
ENSG00000278944.1	ENSG00000278944
ENSG00000214978.8	GSG1L2
ENSG00000283025.1	ENSG00000283025
ENSG00000065325.13	GLP2R
ENSG00000265593.1	NPM1P45
ENSG00000109047.8	RCVRN
ENSG00000007237.19	GAS7
ENSG00000242692.1	RPS27AP1
ENSG00000273388.1	ENSG00000273388
ENSG00000006788.14	MYH13
ENSG00000264067.1	ENSG00000264067
ENSG00000272736.5	ENSG00000272736
ENSG00000272975.1	MYHAS
ENSG00000133020.4	MYH8
ENSG00000264424.1	MYH4
ENSG00000109061.10	MYH1
ENSG00000125414.19	MYH2
ENSG00000214970.8	ENSG00000214970
ENSG00000109063.15	MYH3
ENSG00000261433.1	ENSG00000261433
ENSG00000133028.12	SCO1
ENSG00000263388.1	ENSG00000263388
ENSG00000170222.12	ADPRM
ENSG00000187824.9	TMEM220
ENSG00000264176.1	MAGOH2P
ENSG00000263400.8	TMEM220-AS1
ENSG00000285220.1	ENSG00000285220
ENSG00000264016.3	ENSG00000264016
ENSG00000240813.2	ENSG00000240813
ENSG00000266114.1	ENSG00000266114
ENSG00000284876.1	ENSG00000284876
ENSG00000263429.4	TMEM238L
ENSG00000279542.1	ENSG00000279542
ENSG00000233670.7	PIRT
ENSG00000289964.1	ENSG00000289964
ENSG00000263508.6	ENSG00000263508
ENSG00000207242.1	RNU6-1065P
ENSG00000244753.2	RPL15P21
ENSG00000243346.3	RN7SL601P
ENSG00000285541.1	ENSG00000285541
ENSG00000188803.15	SHISA6
ENSG00000264727.1	ENSG00000264727
ENSG00000007174.18	DNAH9
ENSG00000263684.2	ENSG00000263684
ENSG00000266368.1	ENSG00000266368
ENSG00000154957.14	ZNF18
ENSG00000289910.1	ENSG00000289910
ENSG00000241185.2	RPL21P122
ENSG00000065559.15	MAP2K4
ENSG00000252707.1	RNU11-2P
ENSG00000266297.1	MIR744
ENSG00000263648.1	ENSG00000263648
ENSG00000265400.1	ENSG00000265400
ENSG00000286617.1	ENSG00000286617
ENSG00000179136.8	LINC00670
ENSG00000287462.1	ENSG00000287462
ENSG00000141052.18	MYOCD
ENSG00000227274.1	MYOCD-AS1
ENSG00000265489.1	ARHGAP44-AS1
ENSG00000006740.18	ARHGAP44
ENSG00000265503.1	MIR1269B
ENSG00000280168.1	ENSG00000280168
ENSG00000277621.1	ENSG00000277621
ENSG00000263707.1	ENSG00000263707
ENSG00000006744.19	ELAC2
ENSG00000273098.3	ENSG00000273098
ENSG00000234634.2	LINC02093
ENSG00000153976.3	HS3ST3A1
ENSG00000221698.1	MIR548H3
ENSG00000236088.12	COX10-DT
ENSG00000265494.1	ENSG00000265494
ENSG00000233852.1	ENSG00000233852
ENSG00000266744.1	ENSG00000266744
ENSG00000141028.6	CDRT15P1
ENSG00000006695.12	COX10
ENSG00000252305.1	SNORA74
ENSG00000223510.7	CDRT15
ENSG00000262786.1	ENSG00000262786
ENSG00000125430.9	HS3ST3B1
ENSG00000266709.1	ENSG00000266709
ENSG00000266378.1	ENSG00000266378
ENSG00000230647.3	ENSG00000230647
ENSG00000230897.1	RPS18P12
ENSG00000226130.1	ENSG00000226130
ENSG00000205325.4	ENSG00000205325
ENSG00000238212.3	LINC02096
ENSG00000226156.1	RPL23AP76
ENSG00000232058.1	ENSG00000232058
ENSG00000259944.1	CDRT7
ENSG00000287307.1	ENSG00000287307
ENSG00000265163.1	CDRT8
ENSG00000109099.16	PMP22
ENSG00000265110.1	MIR4731
ENSG00000279660.1	ENSG00000279660
ENSG00000265445.1	ENSG00000265445
ENSG00000286792.1	ENSG00000286792
ENSG00000237377.2	ENSG00000237377
ENSG00000125409.13	TEKT3
ENSG00000200437.1	RNU6-799P
ENSG00000279567.1	ENSG00000279567
ENSG00000266667.1	ENSG00000266667
ENSG00000239888.3	RN7SL792P
ENSG00000239704.12	CDRT4
ENSG00000259024.7	TVP23C-CDRT4
ENSG00000234324.1	RPL9P2
ENSG00000175106.17	TVP23C
ENSG00000223878.1	PPIAP53
ENSG00000266538.1	ENSG00000266538
ENSG00000241322.11	FBXW10B
ENSG00000251537.4	ENSG00000251537
ENSG00000252129.1	SNORA74
ENSG00000223544.1	ENSG00000223544
ENSG00000221926.13	TRIM16
ENSG00000266261.1	ENSG00000266261
ENSG00000108452.1	ZNF29P
ENSG00000255104.9	ZNF286A-TBC1D26
ENSG00000187607.16	ZNF286A
ENSG00000233966.1	UBE2SP1
ENSG00000214946.15	TBC1D26
ENSG00000233002.2	TBC1D26-AS1
ENSG00000267227.1	ENSG00000267227
ENSG00000233193.1	ENSG00000233193
ENSG00000227255.1	CDRT15P2
ENSG00000235430.1	ZSWIM5P1
ENSG00000251829.1	RNA5SP436
ENSG00000227018.1	IL6STP1
ENSG00000179277.9	MEIS3P1
ENSG00000265519.1	ENSG00000265519
ENSG00000276855.1	ENSG00000276855
ENSG00000233090.1	ENSG00000233090
ENSG00000237057.3	LINC02087
ENSG00000227790.8	SPECC1P1
ENSG00000290377.1	ENSG00000290377
ENSG00000170425.4	ADORA2B
ENSG00000214941.8	ZSWIM7
ENSG00000011295.16	TTC19
ENSG00000275413.1	ENSG00000275413
ENSG00000141027.23	NCOR1
ENSG00000227782.2	ENSG00000227782
ENSG00000243686.2	RPLP1P11
ENSG00000233979.1	RPL22P21
ENSG00000252383.1	RNU6-314P
ENSG00000199674.1	RNU6-862P
ENSG00000239221.3	RN7SL442P
ENSG00000108474.17	PIGL
ENSG00000221355.1	MIR1288
ENSG00000166582.11	CENPV
ENSG00000170315.14	UBB
ENSG00000265401.1	ENSG00000265401
ENSG00000265095.1	FTLP12
ENSG00000264739.1	ENSG00000264739
ENSG00000187688.15	TRPV2
ENSG00000239203.1	ENSG00000239203
ENSG00000175061.20	SNHG29
ENSG00000277108.1	SNORD49B
ENSG00000277370.1	SNORD49A
ENSG00000266651.1	ENSG00000266651
ENSG00000277512.1	SNORD65
ENSG00000181350.12	LRRC75A
ENSG00000286743.1	ENSG00000286743
ENSG00000141040.15	ZNF287
ENSG00000266803.1	ENSG00000266803
ENSG00000235554.1	SRSF6P2
ENSG00000197566.10	ZNF624
ENSG00000264765.1	ENSG00000264765
ENSG00000264359.1	NEK4P2
ENSG00000231458.2	RNASEH1P2
ENSG00000170160.19	CCDC144A
ENSG00000266302.6	ENSG00000266302
ENSG00000252446.1	RNU6-405P
ENSG00000276088.1	RN7SL620P
ENSG00000226478.3	UPF3AP1
ENSG00000290976.1	ENSG00000290976
ENSG00000266129.1	SRP68P1
ENSG00000272815.1	ENSG00000272815
ENSG00000264673.1	ENSG00000264673
ENSG00000288235.1	FAM106C
ENSG00000188933.17	USP32P1
ENSG00000264729.1	ENSG00000264729
ENSG00000264892.1	NOS2P4
ENSG00000290977.1	ENSG00000290977
ENSG00000226145.8	KRT16P6
ENSG00000227300.13	KRT16P2
ENSG00000290978.1	ENSG00000290978
ENSG00000131885.18	KRT17P1
ENSG00000290979.1	ENSG00000290979
ENSG00000291277.1	ENSG00000291277
ENSG00000290980.1	ENSG00000290980
ENSG00000205312.9	KRT17P4
ENSG00000229749.1	COTL1P1
ENSG00000283033.1	ENSG00000283033
ENSG00000265853.1	ENSG00000265853
ENSG00000290698.1	ENSG00000290698
ENSG00000128438.11	TBC1D27P
ENSG00000240505.9	TNFRSF13B
ENSG00000230709.1	ENSG00000230709
ENSG00000230969.2	LINC02090
ENSG00000260328.1	ENSG00000260328
ENSG00000287114.1	ENSG00000287114
ENSG00000287910.1	ENSG00000287910
ENSG00000133030.22	MPRIP
ENSG00000225442.2	MPRIP-AS1
ENSG00000263624.1	ENSG00000263624
ENSG00000206859.1	RNU6-767P
ENSG00000243370.3	RN7SL775P
ENSG00000278864.1	ENSG00000278864
ENSG00000179598.6	PLD6
ENSG00000264187.1	ENSG00000264187
ENSG00000154803.13	FLCN
ENSG00000266498.1	ENSG00000266498
ENSG00000226359.1	ACTG1P24
ENSG00000141030.13	COPS3
ENSG00000205309.14	NT5M
ENSG00000215030.5	RPL13P12
ENSG00000290056.1	ENSG00000290056
ENSG00000227158.1	ENSG00000227158
ENSG00000230865.1	TSEN15P1
ENSG00000201741.1	Y_RNA
ENSG00000141026.6	MED9
ENSG00000108551.5	RASD1
ENSG00000286430.1	ENSG00000286430
ENSG00000133027.18	PEMT
ENSG00000265511.1	ENSG00000265511
ENSG00000206730.1	RNU6-468P
ENSG00000264666.3	ENSG00000264666
ENSG00000279200.1	ENSG00000279200
ENSG00000223979.2	SMCR2
ENSG00000273948.1	ENSG00000273948
ENSG00000274836.1	ENSG00000274836
ENSG00000108557.20	RAI1
ENSG00000237328.1	RAI1-AS1
ENSG00000226746.2	SMCR5
ENSG00000264167.1	ENSG00000264167
ENSG00000072310.18	SREBF1
ENSG00000274111.1	MIR6777
ENSG00000207839.1	MIR33B
ENSG00000175662.18	TOM1L2
ENSG00000197815.4	ENSG00000197815
ENSG00000171962.19	DRC3
ENSG00000171953.16	ATPAF2
ENSG00000230273.1	BRI3P3
ENSG00000232344.2	ENSG00000232344
ENSG00000280198.1	ENSG00000280198
ENSG00000141034.10	GID4
ENSG00000108591.10	DRG2
ENSG00000279428.1	ENSG00000279428
ENSG00000091536.20	MYO15A
ENSG00000266677.1	ENSG00000266677
ENSG00000091542.9	ALKBH5
ENSG00000131899.12	LLGL1
ENSG00000177731.16	FLII
ENSG00000177427.13	MIEF2
ENSG00000260647.1	ENSG00000260647
ENSG00000177302.15	TOP3A
ENSG00000228000.1	RPL7AP65
ENSG00000237382.2	RPL21P121
ENSG00000176994.11	SMCR8
ENSG00000176974.21	SHMT1
ENSG00000283772.1	MIR6778
ENSG00000214860.5	EVPLL
ENSG00000264177.1	ENSG00000264177
ENSG00000267441.1	ENSG00000267441
ENSG00000275206.1	ENSG00000275206
ENSG00000204471.3	TBC1D3P4
ENSG00000220161.4	LINC02076
ENSG00000290655.1	ENSG00000290655
ENSG00000266162.1	YWHAEP2
ENSG00000205266.11	KRT17P5
ENSG00000290656.1	ENSG00000290656
ENSG00000186831.12	KRT17P2
ENSG00000290657.1	ENSG00000290657
ENSG00000214856.12	KRT16P1
ENSG00000229526.2	KRT16P4
ENSG00000227919.1	ENSG00000227919
ENSG00000267492.1	ENSG00000267492
ENSG00000230662.1	TNPO1P2
ENSG00000171916.17	LGALS9C
ENSG00000290658.1	ENSG00000290658
ENSG00000167494.10	NOS2P2
ENSG00000273018.7	FAM106A
ENSG00000290659.1	ENSG00000290659
ENSG00000233327.12	USP32P2
ENSG00000227689.1	SRP68P2
ENSG00000291090.1	CCDC144BP
ENSG00000154874.18	CCDC144BP
ENSG00000227077.3	ENSG00000227077
ENSG00000276532.1	Metazoa_SRP
ENSG00000189375.12	TBC1D28
ENSG00000262262.1	ENSG00000262262
ENSG00000287058.1	ENSG00000287058
ENSG00000174977.8	PAIP1P2
ENSG00000290687.1	ZNF286B
ENSG00000249459.12	ZNF286B
ENSG00000240445.6	FOXO3B
ENSG00000224126.2	UBE2SP2
ENSG00000291110.1	TRIM16L
ENSG00000265693.1	ENSG00000265693
ENSG00000108448.24	TRIM16L
ENSG00000171931.13	FBXW10
ENSG00000171928.14	TVP23B
ENSG00000265478.2	ENSG00000265478
ENSG00000250111.3	ENSG00000250111
ENSG00000141127.15	PRPSAP2
ENSG00000274747.1	RN7SL627P
ENSG00000289213.2	ENSG00000289213
ENSG00000264273.1	ENSG00000264273
ENSG00000235672.1	ENSG00000235672
ENSG00000212618.1	ENSG00000212618
ENSG00000154025.16	SLC5A10
ENSG00000196893.3	ENSG00000196893
ENSG00000188522.16	FAM83G
ENSG00000263045.1	ENSG00000263045
ENSG00000154016.14	GRAP
ENSG00000279825.1	ENSG00000279825
ENSG00000265185.6	SNORD3B-1
ENSG00000262074.7	SNORD3B-2
ENSG00000230197.6	ENSG00000230197
ENSG00000265746.1	KYNUP2
ENSG00000263394.1	ENSG00000263394
ENSG00000228157.4	ENSG00000228157
ENSG00000262202.4	ENSG00000262202
ENSG00000277947.1	SNORD3D
ENSG00000281000.1	SNORD3D
ENSG00000189152.11	GRAPL
ENSG00000262319.1	ENSG00000262319
ENSG00000266664.1	ENSG00000266664
ENSG00000197665.7	ENSG00000197665
ENSG00000262292.2	GRAPLDR
ENSG00000266311.6	ENSG00000266311
ENSG00000261987.2	KYNUP1
ENSG00000263934.5	SNORD3A
ENSG00000264940.5	SNORD3C
ENSG00000236022.6	ENSG00000236022
ENSG00000263206.1	KYNUP3
ENSG00000072134.16	EPN2
ENSG00000281856.1	ENSG00000281856
ENSG00000235397.1	EPN2-AS1
ENSG00000108641.20	B9D1
ENSG00000221540.1	MIR1180
ENSG00000286799.1	ENSG00000286799
ENSG00000166484.20	MAPK7
ENSG00000166482.12	MFAP4
ENSG00000287196.1	ENSG00000287196
ENSG00000128482.16	RNF112
ENSG00000265126.1	ENSG00000265126
ENSG00000235979.9	ENSG00000235979
ENSG00000227078.1	LINC02094
ENSG00000283675.1	ENSG00000283675
ENSG00000189343.7	RPS2P46
ENSG00000231477.2	ENSG00000231477
ENSG00000142494.13	SLC47A1
ENSG00000228331.2	RPL17P43
ENSG00000266079.5	SNORA59B
ENSG00000262769.1	ENSG00000262769
ENSG00000290454.1	ENSG00000290454
ENSG00000228983.10	SLC47A1P1
ENSG00000263107.1	ENSG00000263107
ENSG00000266179.2	ENSG00000266179
ENSG00000271900.1	ENSG00000271900
ENSG00000227225.1	MTND1P14
ENSG00000242752.3	NMTRQ-TTG12-1
ENSG00000228725.3	MTND2P12
ENSG00000224254.2	MTCO1P39
ENSG00000231625.5	SLC47A1P2
ENSG00000290544.1	ENSG00000290544
ENSG00000072210.19	ALDH3A2
ENSG00000264932.3	ENSG00000264932
ENSG00000275982.1	Y_RNA
ENSG00000252349.1	ENSG00000252349
ENSG00000180638.19	SLC47A2
ENSG00000262681.2	ENSG00000262681
ENSG00000264785.1	ENSG00000264785
ENSG00000108602.18	ALDH3A1
ENSG00000230607.3	ENSG00000230607
ENSG00000083290.20	ULK2
ENSG00000231096.1	NDUFB4P3
ENSG00000279251.1	ENSG00000279251
ENSG00000276406.1	ENSG00000276406
ENSG00000270091.1	ENSG00000270091
ENSG00000108599.15	AKAP10
ENSG00000266126.1	ENSG00000266126
ENSG00000261033.1	SPECC1-DT
ENSG00000128487.19	SPECC1
ENSG00000225681.2	ENSG00000225681
ENSG00000225014.1	KCTD9P1
ENSG00000212186.1	RNU6-258P
ENSG00000263494.1	ENSG00000263494
ENSG00000252971.1	RNU6-1057P
ENSG00000154898.16	CCDC144CP
ENSG00000276577.1	RNU6-467P
ENSG00000266839.3	ENSG00000266839
ENSG00000278701.1	Metazoa_SRP
ENSG00000214832.5	UPF3AP2
ENSG00000291194.1	ENSG00000291194
ENSG00000237911.2	SRP68P3
ENSG00000287490.1	ENSG00000287490
ENSG00000287751.1	FAM106B
ENSG00000189423.14	USP32P3
ENSG00000291195.1	ENSG00000291195
ENSG00000230528.8	NOS2P3
ENSG00000170298.16	LGALS9B
ENSG00000229586.2	TNPO1P3
ENSG00000263976.1	YWHAEP3
ENSG00000230088.1	KRT16P5
ENSG00000291196.1	KRT16P3
ENSG00000214822.9	KRT16P3
ENSG00000266925.1	ENSG00000266925
ENSG00000231645.4	KRT17P6
ENSG00000291197.1	ENSG00000291197
ENSG00000291198.1	ENSG00000291198
ENSG00000205215.9	KRT17P7
ENSG00000266042.1	ENSG00000266042
ENSG00000260907.1	ENSG00000260907
ENSG00000265916.1	ENSG00000265916
ENSG00000235203.2	TBC1D3P3
ENSG00000267075.1	ENSG00000267075
ENSG00000230339.2	ENSG00000230339
ENSG00000263946.1	ENSG00000263946
ENSG00000235323.2	COTL1P2
ENSG00000264422.1	ENSG00000264422
ENSG00000214819.2	CDRT15L2
ENSG00000231258.2	ZSWIM5P2
ENSG00000188013.6	MEIS3P2
ENSG00000232889.2	ENSG00000232889
ENSG00000226096.1	ENSG00000226096
ENSG00000235546.2	ENSG00000235546
ENSG00000227685.1	LINC02088
ENSG00000266364.1	ENSG00000266364
ENSG00000236504.2	ENSG00000236504
ENSG00000264874.1	ENSG00000264874
ENSG00000290430.1	ENSG00000290430
ENSG00000226521.8	ENSG00000226521
ENSG00000187870.7	RNFT1P3
ENSG00000218454.2	HNRNPA1P19
ENSG00000213671.3	OLA1P2
ENSG00000226549.3	SCDP1
ENSG00000264215.1	ENSG00000264215
ENSG00000264662.1	ENSG00000264662
ENSG00000226981.2	ABHD17AP6
ENSG00000291074.1	CCDC144NL
ENSG00000266369.1	ENSG00000266369
ENSG00000233098.10	CCDC144NL-AS1
ENSG00000205212.8	CCDC144NL
ENSG00000252483.1	RNU6-1178P
ENSG00000265790.1	RNASEH1P1
ENSG00000265099.1	ENSG00000265099
ENSG00000244456.2	SPECC1P2
ENSG00000264660.2	ENSG00000264660
ENSG00000266009.1	ENSG00000266009
ENSG00000263729.1	ENSG00000263729
ENSG00000124422.12	USP22
ENSG00000263986.1	ENSG00000263986
ENSG00000236819.2	LINC01563
ENSG00000109016.18	DHRS7B
ENSG00000178307.10	TMEM11
ENSG00000235530.7	TMEM11-DT
ENSG00000263815.2	RN7SL426P
ENSG00000274180.1	NATD1
ENSG00000266563.1	EIF1P5
ENSG00000289453.2	ENSG00000289453
ENSG00000034152.20	MAP2K3
ENSG00000184185.10	KCNJ12
ENSG00000212719.15	LINC02693
ENSG00000287671.1	ENSG00000287671
ENSG00000265881.1	PDLIM1P2
ENSG00000265043.1	ENSG00000265043
ENSG00000264023.1	ENSG00000264023
ENSG00000244582.2	RPL21P120
ENSG00000265265.1	ENSG00000265265
ENSG00000266466.1	ENSG00000266466
ENSG00000266673.1	ENSG00000266673
ENSG00000266050.3	ENSG00000266050
ENSG00000264245.1	ENSG00000264245
ENSG00000263375.1	ENSG00000263375
ENSG00000291022.1	ENSG00000291022
ENSG00000260157.4	ENSG00000260157
ENSG00000264617.1	ENSG00000264617
ENSG00000274748.1	ENSG00000274748
ENSG00000260458.3	KCNJ18
ENSG00000283566.2	ENSG00000283566
ENSG00000265233.1	ENSG00000265233
ENSG00000265019.1	NCOR1P2
ENSG00000290919.1	UBBP4
ENSG00000263563.8	UBBP4
ENSG00000263725.1	FTLP13
ENSG00000263609.2	LINC02002
ENSG00000264956.2	ENSG00000264956
ENSG00000266691.1	ENSG00000266691
ENSG00000178130.9	FAM27E5
ENSG00000266806.1	ENSG00000266806
ENSG00000276399.1	FLJ36000
ENSG00000261020.1	ENSG00000261020
ENSG00000266885.2	ENSG00000266885
ENSG00000283879.1	MTND6P35
ENSG00000266529.1	MTCYBP13
ENSG00000243655.2	ENSG00000243655
ENSG00000264168.2	MTND1P15
ENSG00000263914.1	MTND2P13
ENSG00000240103.2	ENSG00000240103
ENSG00000241225.2	NMTRS-TGA3-1
ENSG00000263483.1	MTATP6P3
ENSG00000264316.1	MTCO3P13
ENSG00000284300.1	ENSG00000284300
ENSG00000284328.1	ENSG00000284328
ENSG00000284263.1	ENSG00000284263
ENSG00000275480.1	ENSG00000275480
ENSG00000264930.1	ENSG00000264930
ENSG00000264970.2	WEE1P2
ENSG00000264262.1	ENSG00000264262
ENSG00000264431.1	ENSG00000264431
ENSG00000263433.1	ENSG00000263433
ENSG00000264734.1	ENSG00000264734
ENSG00000264172.1	PDLIM1P3
ENSG00000266736.1	GTF2IP6
ENSG00000264837.1	VN1R71P
ENSG00000265646.2	TUFMP1
ENSG00000285822.1	ENSG00000285822
ENSG00000265246.1	ENSG00000265246
ENSG00000239223.3	RPL34P31
ENSG00000213664.4	RPS16P8
ENSG00000265453.1	ENSG00000265453
ENSG00000263583.1	MIR4522
ENSG00000109046.15	WSB1
ENSG00000266313.2	ENSG00000266313
ENSG00000265683.1	SYPL1P2
ENSG00000266356.1	ENSG00000266356
ENSG00000290422.1	TBC1D3P5
ENSG00000266433.7	TBC1D3P5
ENSG00000141068.16	KSR1
ENSG00000265801.1	ENSG00000265801
ENSG00000263368.1	MSANTD3P1
ENSG00000266853.1	ITM2BP1
ENSG00000266728.5	ENSG00000266728
ENSG00000266872.1	ENSG00000266872
ENSG00000168961.17	LGALS9
ENSG00000265788.3	NOS2P1
ENSG00000290973.1	ENSG00000290973
ENSG00000265041.1	ENSG00000265041
ENSG00000266771.1	ENSG00000266771
ENSG00000264240.1	CPDP1
ENSG00000264689.1	ENSG00000264689
ENSG00000263604.1	ENSG00000263604
ENSG00000265833.1	ENSG00000265833
ENSG00000266416.1	ENSG00000266416
ENSG00000266786.1	LGALS9DP
ENSG00000007171.19	NOS2
ENSG00000266202.1	ENSG00000266202
ENSG00000266527.1	ENSG00000266527
ENSG00000232859.10	LYRM9
ENSG00000260019.2	LINC01992
ENSG00000286589.1	ENSG00000286589
ENSG00000251818.1	ENSG00000251818
ENSG00000266190.1	ENSG00000266190
ENSG00000202389.1	SNORA70
ENSG00000087095.13	NLK
ENSG00000252283.1	Vault
ENSG00000240873.1	RPS29P22
ENSG00000288923.1	ENSG00000288923
ENSG00000287721.1	ENSG00000287721
ENSG00000267644.1	ENSG00000267644
ENSG00000290671.1	PYY2
ENSG00000237575.5	PYY2
ENSG00000267259.1	ERVE-1
ENSG00000266830.1	ENSG00000266830
ENSG00000265060.3	PPY2P
ENSG00000290672.1	PPY2P
ENSG00000263788.1	ENSG00000263788
ENSG00000264486.1	ENSG00000264486
ENSG00000260777.2	ENSG00000260777
ENSG00000266306.2	ENSG00000266306
ENSG00000264029.1	ENSG00000264029
ENSG00000265480.6	KRT18P55
ENSG00000109084.14	TMEM97
ENSG00000109083.14	IFT20
ENSG00000109079.10	TNFAIP1
ENSG00000004142.12	POLDIP2
ENSG00000244045.13	TMEM199
ENSG00000258924.4	ENSG00000258924
ENSG00000284532.1	MIR4723
ENSG00000265618.1	ENSG00000265618
ENSG00000274529.6	SEBOX
ENSG00000273171.1	ENSG00000273171
ENSG00000004139.14	SARM1
ENSG00000109072.14	VTN
ENSG00000277450.1	ENSG00000277450
ENSG00000279532.1	ENSG00000279532
ENSG00000076351.13	SLC46A1
ENSG00000265254.1	ENSG00000265254
ENSG00000265541.1	H3P41
ENSG00000263870.1	ENSG00000263870
ENSG00000167524.17	RSKR
ENSG00000263266.2	RPS7P1
ENSG00000007216.16	SLC13A2
ENSG00000109101.8	FOXN1
ENSG00000109103.12	UNC119
ENSG00000087111.22	PIGS
ENSG00000109107.14	ALDOC
ENSG00000265168.1	ENSG00000265168
ENSG00000076382.17	SPAG5
ENSG00000258472.10	ENSG00000258472
ENSG00000227543.5	SPAG5-AS1
ENSG00000265287.2	ENSG00000265287
ENSG00000007202.16	BLTP2
ENSG00000264044.1	ENSG00000264044
ENSG00000132581.10	SDF2
ENSG00000240494.2	RPS12P28
ENSG00000109111.15	SUPT6H
ENSG00000265205.1	ENSG00000265205
ENSG00000167525.16	PROCA1
ENSG00000109113.20	RAB34
ENSG00000198242.14	RPL23A
ENSG00000238423.1	SNORD42B
ENSG00000264577.1	ENSG00000264577
ENSG00000238578.1	SNORD4A
ENSG00000238649.1	SNORD42A
ENSG00000238597.1	SNORD4B
ENSG00000160606.11	TLCD1
ENSG00000160602.14	NEK8
ENSG00000267729.1	ENSG00000267729
ENSG00000265073.1	ENSG00000265073
ENSG00000076604.16	TRAF4
ENSG00000265474.1	ENSG00000265474
ENSG00000265840.1	ENSG00000265840
ENSG00000173065.14	FAM222B
ENSG00000243053.2	RPL31P58
ENSG00000238516.1	Y_RNA
ENSG00000264138.1	ENSG00000264138
ENSG00000132591.12	ERAL1
ENSG00000264066.7	ENSG00000264066
ENSG00000284565.1	MIR451A
ENSG00000283364.1	MIR451B
ENSG00000283819.1	MIR144
ENSG00000284085.1	MIR4732
ENSG00000132589.16	FLOT2
ENSG00000264304.1	ENSG00000264304
ENSG00000266642.2	ENSG00000266642
ENSG00000167536.14	DHRS13
ENSG00000109118.14	PHF12
ENSG00000265845.2	ENSG00000265845
ENSG00000265908.1	ENSG00000265908
ENSG00000179761.12	PIPOX
ENSG00000063015.21	SEZ6
ENSG00000263613.1	ENSG00000263613
ENSG00000238007.1	ENSG00000238007
ENSG00000263781.3	ENSG00000263781
ENSG00000196535.20	MYO18A
ENSG00000263709.1	ENSG00000263709
ENSG00000264050.1	ENSG00000264050
ENSG00000178082.6	TWF1P1
ENSG00000108255.8	CRYBA1
ENSG00000108256.9	NUFIP2
ENSG00000264808.2	ENSG00000264808
ENSG00000239256.1	RPL35AP35
ENSG00000266111.2	ENSG00000266111
ENSG00000222363.1	RNU4-34P
ENSG00000160551.12	TAOK1
ENSG00000284162.1	MIR4523
ENSG00000253064.1	RNU6-711P
ENSG00000202205.1	RNU6-1034P
ENSG00000168792.5	ABHD15
ENSG00000264031.1	ABHD15-AS1
ENSG00000167543.16	TP53I13
ENSG00000290082.1	ENSG00000290082
ENSG00000264290.1	ENSG00000264290
ENSG00000108262.16	GIT1
ENSG00000198720.13	ANKRD13B
ENSG00000264647.1	ENSG00000264647
ENSG00000167549.19	CORO6
ENSG00000264007.1	ENSG00000264007
ENSG00000141298.19	SSH2
ENSG00000263370.1	ENSG00000263370
ENSG00000222858.1	RNU6-920P
ENSG00000265625.1	ENSG00000265625
ENSG00000240531.1	RPL21P123
ENSG00000263657.1	ENSG00000263657
ENSG00000265713.1	ENSG00000265713
ENSG00000252657.1	SNORA70
ENSG00000240074.1	RPL9P30
ENSG00000263477.1	ENSG00000263477
ENSG00000239129.1	ENSG00000239129
ENSG00000176927.16	EFCAB5
ENSG00000264435.1	ENSG00000264435
ENSG00000207011.1	RNY4P13
ENSG00000267482.1	ENSG00000267482
ENSG00000265289.1	ENSG00000265289
ENSG00000266876.1	ENSG00000266876
ENSG00000265394.1	ENSG00000265394
ENSG00000126653.18	NSRP1
ENSG00000266919.3	hsa-mir-423
ENSG00000283935.1	MIR423
ENSG00000284399.1	MIR3184
ENSG00000265739.1	ENSG00000265739
ENSG00000266987.1	ENSG00000266987
ENSG00000108576.10	SLC6A4
ENSG00000264125.1	ENSG00000264125
ENSG00000266120.1	ENSG00000266120
ENSG00000252112.1	SNORD63
ENSG00000108578.15	BLMH
ENSG00000222679.1	RNU6-1267P
ENSG00000182271.13	TMIGD1
ENSG00000207132.1	Y_RNA
ENSG00000201255.1	RNU6-990P
ENSG00000108582.12	CPD
ENSG00000108587.16	GOSR1
ENSG00000264958.2	ALOX12P1
ENSG00000263860.1	ENSG00000263860
ENSG00000279431.1	ENSG00000279431
ENSG00000266733.8	TBC1D29P
ENSG00000290404.1	ENSG00000290404
ENSG00000266775.1	ENSG00000266775
ENSG00000259928.1	ENSG00000259928
ENSG00000231870.4	KRT17P3
ENSG00000231421.8	ENSG00000231421
ENSG00000214719.13	ENSG00000214719
ENSG00000290395.1	ENSG00000290395
ENSG00000248121.9	SMURF2P1
ENSG00000273609.1	ENSG00000273609
ENSG00000264943.1	SH3GL1P2
ENSG00000250462.9	LRRC37BP1
ENSG00000290450.1	ENSG00000290450
ENSG00000241631.3	RN7SL316P
ENSG00000290928.1	ENSG00000290928
ENSG00000279337.1	ENSG00000279337
ENSG00000265443.1	ENSG00000265443
ENSG00000263603.1	ENSG00000263603
ENSG00000264538.8	SUZ12P1
ENSG00000280069.1	ENSG00000280069
ENSG00000176390.12	CRLF3
ENSG00000265791.1	ENSG00000265791
ENSG00000266490.1	ENSG00000266490
ENSG00000276250.1	ENSG00000276250
ENSG00000242439.1	ENSG00000242439
ENSG00000176208.9	ATAD5
ENSG00000265334.1	ENSG00000265334
ENSG00000212190.1	RNU6-298P
ENSG00000263531.1	ENSG00000263531
ENSG00000172171.11	TEFM
ENSG00000275185.1	ENSG00000275185
ENSG00000184060.11	ADAP2
ENSG00000230113.1	ENSG00000230113
ENSG00000266274.2	RN7SL138P
ENSG00000265743.1	LINC02978
ENSG00000286194.1	ENSG00000286194
ENSG00000181481.14	RNF135
ENSG00000264456.1	ENSG00000264456
ENSG00000264743.2	DPRXP4
ENSG00000266340.1	ENSG00000266340
ENSG00000264148.1	ENSG00000264148
ENSG00000291063.1	ENSG00000291063
ENSG00000266865.9	ENSG00000266865
ENSG00000265798.7	ENSG00000265798
ENSG00000290858.1	ENSG00000290858
ENSG00000264107.1	MIR4733HG
ENSG00000265444.1	MIR4733
ENSG00000196712.20	NF1
ENSG00000266371.1	ENSG00000266371
ENSG00000126861.5	OMG
ENSG00000185862.7	EVI2B
ENSG00000265118.5	ENSG00000265118
ENSG00000126860.12	EVI2A
ENSG00000263535.2	AK4P1
ENSG00000131242.18	RAB11FIP4
ENSG00000239595.3	RN7SL79P
ENSG00000264862.2	RN7SL45P
ENSG00000278977.1	ENSG00000278977
ENSG00000284424.1	MIR4724
ENSG00000207614.1	MIR193A
ENSG00000278546.1	ENSG00000278546
ENSG00000221038.1	RNU6ATAC7P
ENSG00000228768.3	MIR365BHG
ENSG00000265976.1	MIR4725
ENSG00000283978.1	MIR365B
ENSG00000266877.1	ENSG00000266877
ENSG00000266448.1	ENSG00000266448
ENSG00000202026.1	RNU6-1134P
ENSG00000265863.1	GPR160P2
ENSG00000263567.1	ENSG00000263567
ENSG00000265046.1	ENSG00000265046
ENSG00000172301.11	COPRS
ENSG00000108651.10	UTP6
ENSG00000263990.1	ENSG00000263990
ENSG00000178691.11	SUZ12
ENSG00000253058.1	RNA5SP437
ENSG00000264300.1	ENSG00000264300
ENSG00000185158.13	LRRC37B
ENSG00000264497.1	ENSG00000264497
ENSG00000266777.1	SH3GL1P1
ENSG00000278867.1	ENSG00000278867
ENSG00000264164.1	ENSG00000264164
ENSG00000290974.1	ENSG00000290974
ENSG00000266379.7	ENSG00000266379
ENSG00000263369.7	ENSG00000263369
ENSG00000290975.1	ENSG00000290975
ENSG00000265574.1	WDR45BP1
ENSG00000277511.2	ENSG00000277511
ENSG00000214708.4	ENSG00000214708
ENSG00000126858.19	RHOT1
ENSG00000265293.2	ARGFXP2
ENSG00000280033.1	ENSG00000280033
ENSG00000280020.1	ENSG00000280020
ENSG00000266282.1	UBL5P2
ENSG00000287506.1	ENSG00000287506
ENSG00000141314.13	RHBDL3
ENSG00000263674.1	ENSG00000263674
ENSG00000265794.5	ENSG00000265794
ENSG00000108666.11	C17orf75
ENSG00000265139.1	ENSG00000265139
ENSG00000263749.2	OOSP1P2
ENSG00000283774.1	MIR632
ENSG00000010244.19	ZNF207
ENSG00000274341.1	ENSG00000274341
ENSG00000278668.1	ENSG00000278668
ENSG00000266385.1	ENSG00000266385
ENSG00000279762.3	ENSG00000279762
ENSG00000264083.1	ENSG00000264083
ENSG00000264373.1	ENSG00000264373
ENSG00000108671.11	PSMD11
ENSG00000202100.1	Y_RNA
ENSG00000176749.9	CDK5R1
ENSG00000176658.17	MYO1D
ENSG00000266718.2	ENSG00000266718
ENSG00000280245.1	ENSG00000280245
ENSG00000265222.1	ENSG00000265222
ENSG00000263717.1	ENSG00000263717
ENSG00000279781.1	ENSG00000279781
ENSG00000266599.1	ENSG00000266599
ENSG00000265337.1	ENSG00000265337
ENSG00000264458.1	ENSG00000264458
ENSG00000201178.1	Y_RNA
ENSG00000236377.2	ENSG00000236377
ENSG00000290320.1	H2BN1
ENSG00000006042.12	TMEM98
ENSG00000141316.13	SPACA3
ENSG00000108684.15	ASIC2
ENSG00000264598.1	ENSG00000264598
ENSG00000280349.1	ENSG00000280349
ENSG00000266535.1	ENSG00000266535
ENSG00000265544.1	AA06
ENSG00000265697.1	ENSG00000265697
ENSG00000265125.5	ENSG00000265125
ENSG00000265115.1	ENSG00000265115
ENSG00000264643.1	ENSG00000264643
ENSG00000265689.1	ENSG00000265689
ENSG00000283381.1	ENSG00000283381
ENSG00000283417.1	ENSG00000283417
ENSG00000279668.4	ENSG00000279668
ENSG00000265356.2	ENSG00000265356
ENSG00000263435.1	ENSG00000263435
ENSG00000279674.1	ENSG00000279674
ENSG00000226049.3	TLK2P1
ENSG00000263485.1	ENSG00000263485
ENSG00000265775.1	ENSG00000265775
ENSG00000252370.1	RNA5SP438
ENSG00000264791.1	ENSG00000264791
ENSG00000263571.3	ENSG00000263571
ENSG00000261156.6	LINC01989
ENSG00000264990.1	ENSG00000264990
ENSG00000108691.10	CCL2
ENSG00000108688.11	CCL7
ENSG00000172156.4	CCL11
ENSG00000108700.5	CCL8
ENSG00000265614.1	ENSG00000265614
ENSG00000181374.8	CCL13
ENSG00000108702.4	CCL1
ENSG00000225582.2	ENSG00000225582
ENSG00000197322.4	TMEM132E-DT
ENSG00000181291.8	TMEM132E
ENSG00000278860.1	ENSG00000278860
ENSG00000264174.1	ENSG00000264174
ENSG00000264622.1	ENSG00000264622
ENSG00000132141.14	CCT6B
ENSG00000285559.1	ENSG00000285559
ENSG00000198783.6	ZNF830
ENSG00000005156.12	LIG3
ENSG00000092871.17	RFFL
ENSG00000267618.5	ENSG00000267618
ENSG00000273687.1	ENSG00000273687
ENSG00000267457.1	ENSG00000267457
ENSG00000243423.1	ENSG00000243423
ENSG00000185379.21	RAD51D
ENSG00000253084.3	RNU6-840P
ENSG00000252328.1	Vault
ENSG00000073598.6	FNDC8
ENSG00000073536.18	NLE1
ENSG00000141161.12	UNC45B
ENSG00000267782.1	ENSG00000267782
ENSG00000266981.1	ENSG00000266981
ENSG00000267744.1	ENSG00000267744
ENSG00000164729.8	SLC35G3
ENSG00000266947.3	ENSG00000266947
ENSG00000289211.1	ENSG00000289211
ENSG00000166750.10	SLFN5
ENSG00000267364.4	ENSG00000267364
ENSG00000267271.1	ENSG00000267271
ENSG00000172716.17	SLFN11
ENSG00000267315.1	UFM1P2
ENSG00000267711.1	ENSG00000267711
ENSG00000267547.1	ENSG00000267547
ENSG00000267745.1	ENSG00000267745
ENSG00000267648.1	ENSG00000267648
ENSG00000267102.1	ENSG00000267102
ENSG00000172123.13	SLFN12
ENSG00000154760.14	SLFN13
ENSG00000267312.1	ENSG00000267312
ENSG00000205045.12	SLFN12L
ENSG00000267554.1	ENSG00000267554
ENSG00000267349.1	ENSG00000267349
ENSG00000267046.1	E2F3P1
ENSG00000267369.1	TAF5LP1
ENSG00000267074.1	ENSG00000267074
ENSG00000255987.1	TOMM20P2
ENSG00000286030.2	ENSG00000286030
ENSG00000267035.1	ENSG00000267035
ENSG00000236320.4	SLFN14
ENSG00000267359.1	ENSG00000267359
ENSG00000267625.1	ENSG00000267625
ENSG00000242660.1	ENSG00000242660
ENSG00000267321.4	SNHG30
ENSG00000207297.1	SNORD7
ENSG00000108733.11	PEX12
ENSG00000006125.18	AP2B1
ENSG00000267592.1	ENSG00000267592
ENSG00000270885.2	RASL10B
ENSG00000270765.7	GAS2L2
ENSG00000271447.6	MMP28
ENSG00000271392.1	ENSG00000271392
ENSG00000270806.2	C17orf50
ENSG00000270829.1	ENSG00000270829
ENSG00000270647.7	TAF15
ENSG00000270871.1	ENSG00000270871
ENSG00000270894.1	ENSG00000270894
ENSG00000270379.6	HEATR9
ENSG00000271268.1	ENSG00000271268
ENSG00000270240.2	ENSG00000270240
ENSG00000271503.7	CCL5
ENSG00000271394.1	7SK
ENSG00000270977.2	ENSG00000270977
ENSG00000271013.1	LRRC37A9P
ENSG00000278023.7	RDM1
ENSG00000275722.5	LYZL6
ENSG00000291030.1	ENSG00000291030
ENSG00000273736.2	ENSG00000273736
ENSG00000275152.5	CCL16
ENSG00000276409.5	CCL14
ENSG00000275431.1	ENSG00000275431
ENSG00000275688.4	CCL15-CCL14
ENSG00000275718.2	CCL15
ENSG00000275944.1	ENSG00000275944
ENSG00000278690.1	ENSG00000278690
ENSG00000274736.5	CCL23
ENSG00000275385.2	CCL18
ENSG00000277089.4	CCL3-AS1
ENSG00000277632.2	CCL3
ENSG00000275302.2	CCL4
ENSG00000276014.1	RN7SL301P
ENSG00000276241.1	ENSG00000276241
ENSG00000289485.1	ENSG00000289485
ENSG00000282738.1	ENSG00000282738
ENSG00000274808.6	TBC1D3B
ENSG00000274767.1	ENSG00000274767
ENSG00000276085.1	CCL3L3
ENSG00000276070.5	CCL4L2
ENSG00000278097.1	ENSG00000278097
ENSG00000276755.1	ENSG00000276755
ENSG00000278395.1	ENSG00000278395
ENSG00000274933.6	TBC1D3I
ENSG00000261499.2	ENSG00000261499
ENSG00000265889.1	Y_RNA
ENSG00000260287.4	TBC1D3G
ENSG00000274226.6	TBC1D3H
ENSG00000277029.1	RNU6-1192P
ENSG00000275954.5	TBC1D3F
ENSG00000274658.1	TBC1D3JP
ENSG00000289011.1	ENSG00000289011
ENSG00000273611.5	ZNHIT3
ENSG00000274164.1	RNA5SP439
ENSG00000278259.5	MYO19
ENSG00000277161.2	PIGW
ENSG00000278311.5	GGNBP2
ENSG00000274756.1	ENSG00000274756
ENSG00000278535.5	DHRS11
ENSG00000278619.5	MRM1
ENSG00000275720.1	ENSG00000275720
ENSG00000276508.1	ENSG00000276508
ENSG00000275613.2	ENSG00000275613
ENSG00000277268.2	LHX1-DT
ENSG00000273706.5	LHX1
ENSG00000276707.1	ENSG00000276707
ENSG00000275700.6	AATF
ENSG00000277911.1	ENSG00000277911
ENSG00000277589.1	ENSG00000277589
ENSG00000276326.1	MIR2909
ENSG00000277579.1	ENSG00000277579
ENSG00000278638.2	ENSG00000278638
ENSG00000278540.5	ACACA
ENSG00000274308.1	ENSG00000274308
ENSG00000275029.1	HMGB1P24
ENSG00000276810.1	ENSG00000276810
ENSG00000278505.5	C17orf78
ENSG00000276054.1	ENSG00000276054
ENSG00000276234.5	TADA2A
ENSG00000273965.1	ENSG00000273965
ENSG00000275839.1	ENSG00000275839
ENSG00000289110.1	ENSG00000289110
ENSG00000276023.5	DUSP14
ENSG00000275066.5	SYNRG
ENSG00000277688.1	ENSG00000277688
ENSG00000278053.5	DDX52
ENSG00000274620.1	MIR378J
ENSG00000277501.1	ENSG00000277501
ENSG00000274244.1	ENSG00000274244
ENSG00000275410.6	HNF1B
ENSG00000275173.1	ENSG00000275173
ENSG00000290810.1	YWHAEP7
ENSG00000276715.5	YWHAEP7
ENSG00000277341.1	RNU6-489P
ENSG00000273513.2	TBC1D3K
ENSG00000277488.1	5S_rRNA
ENSG00000274512.6	TBC1D3L
ENSG00000274419.7	TBC1D3D
ENSG00000278299.6	TBC1D3C
ENSG00000274615.1	NPEPPSP1
ENSG00000275006.1	Y_RNA
ENSG00000278599.6	TBC1D3E
ENSG00000274663.1	RNA5SP526
ENSG00000274611.4	TBC1D3
ENSG00000291088.1	NPEPPSP1
ENSG00000274487.5	NPEPPSP1
ENSG00000274284.1	Y_RNA
ENSG00000278845.5	MRPL45
ENSG00000277399.6	GPR179
ENSG00000274211.6	SOCS7
ENSG00000275832.5	ARHGAP23
ENSG00000276170.6	ENSG00000276170
ENSG00000277363.5	SRCIN1
ENSG00000274996.1	ENSG00000274996
ENSG00000273604.2	EPOP
ENSG00000275238.1	MIR4734
ENSG00000277969.2	ENSG00000277969
ENSG00000275532.2	ENSG00000275532
ENSG00000275023.5	MLLT6
ENSG00000275665.1	ENSG00000275665
ENSG00000273627.1	MIR4726
ENSG00000279119.1	ENSG00000279119
ENSG00000277972.2	CISD3
ENSG00000276036.1	RNA5SP440
ENSG00000277258.5	PCGF2
ENSG00000277182.2	ENSG00000277182
ENSG00000277791.5	PSMB3
ENSG00000274607.1	RNU6-866P
ENSG00000276293.5	PIP4K2B
ENSG00000273559.5	CWC25
ENSG00000274054.1	MIR4727
ENSG00000275489.2	C17orf98
ENSG00000125691.14	RPL23
ENSG00000252699.1	SNORA21B
ENSG00000199293.1	SNORA21
ENSG00000244086.1	ENSG00000244086
ENSG00000002834.19	LASP1
ENSG00000263466.1	ENSG00000263466
ENSG00000277057.1	MIR6779
ENSG00000265784.1	ENSG00000265784
ENSG00000263874.2	LASP1NB
ENSG00000204952.3	FBXO47
ENSG00000265428.1	ENSG00000265428
ENSG00000266588.1	ENSG00000266588
ENSG00000277426.1	ENSG00000277426
ENSG00000266013.1	LINC02079
ENSG00000214553.12	LRRC37A11P
ENSG00000290925.1	LRRC37A11P
ENSG00000266048.1	ENSG00000266048
ENSG00000263818.5	RDM1P5
ENSG00000161381.14	PLXDC1
ENSG00000286443.1	ENSG00000286443
ENSG00000141748.13	ARL5C
ENSG00000280177.1	ENSG00000280177
ENSG00000266101.1	ENSG00000266101
ENSG00000067191.17	CACNB1
ENSG00000108298.12	RPL19
ENSG00000141750.7	STAC2
ENSG00000265460.6	ENSG00000265460
ENSG00000108306.13	FBXL20
ENSG00000266469.2	ENSG00000266469
ENSG00000125686.12	MED1
ENSG00000167258.16	CDK12
ENSG00000222777.1	RNU6-233P
ENSG00000171532.5	NEUROD2
ENSG00000214546.4	ENSG00000214546
ENSG00000131771.14	PPP1R1B
ENSG00000131748.16	STARD3
ENSG00000173991.6	TCAP
ENSG00000141744.4	PNMT
ENSG00000161395.14	PGAP3
ENSG00000141736.14	ERBB2
ENSG00000265178.1	MIR4728
ENSG00000141741.12	MIEN1
ENSG00000141738.14	GRB7
ENSG00000161405.17	IKZF3
ENSG00000264663.1	KRT8P34
ENSG00000226117.1	ENSG00000226117
ENSG00000186075.13	ZPBP2
ENSG00000073605.19	GSDMB
ENSG00000172057.10	ORMDL3
ENSG00000204913.7	LRRC3C
ENSG00000264968.1	ENSG00000264968
ENSG00000167914.12	GSDMA
ENSG00000108344.15	PSMD3
ENSG00000265799.1	ENSG00000265799
ENSG00000108342.13	CSF3
ENSG00000008838.21	MED24
ENSG00000283721.1	MIR6884
ENSG00000238793.1	SNORD124
ENSG00000126351.13	THRA
ENSG00000126368.6	NR1D1
ENSG00000279199.1	ENSG00000279199
ENSG00000188895.12	MSL1
ENSG00000108349.17	CASC3
ENSG00000284144.1	MIR6866
ENSG00000108352.13	RAPGEFL1
ENSG00000274621.1	MIR6867
ENSG00000171475.14	WIPF2
ENSG00000094804.12	CDC6
ENSG00000131759.18	RARA
ENSG00000287644.1	ENSG00000287644
ENSG00000265666.1	RARA-AS1
ENSG00000278918.1	ENSG00000278918
ENSG00000183153.7	GJD3
ENSG00000266208.1	GJD3-AS1
ENSG00000264655.1	PPIAP54
ENSG00000252618.1	RNA5SP441
ENSG00000278346.1	ENSG00000278346
ENSG00000131747.15	TOP2A
ENSG00000222881.1	Y_RNA
ENSG00000240125.1	RPL23AP75
ENSG00000141753.7	IGFBP4
ENSG00000279806.1	ENSG00000279806
ENSG00000131746.13	TNS4
ENSG00000266088.6	ENSG00000266088
ENSG00000126353.3	CCR7
ENSG00000279775.1	ENSG00000279775
ENSG00000073584.20	SMARCE1
ENSG00000264058.2	ENSG00000264058
ENSG00000278834.2	ENSG00000278834
ENSG00000213424.9	KRT222
ENSG00000224244.1	KRT224P
ENSG00000167916.5	KRT24
ENSG00000291165.1	ENSG00000291165
ENSG00000229028.4	KRT223P
ENSG00000204897.7	KRT25
ENSG00000186393.6	KRT26
ENSG00000171446.7	KRT27
ENSG00000173908.9	KRT28
ENSG00000264488.1	ENSG00000264488
ENSG00000186395.9	KRT10
ENSG00000167920.12	KRT10-AS1
ENSG00000265359.1	ENSG00000265359
ENSG00000187242.6	KRT12
ENSG00000171431.4	KRT20
ENSG00000234477.1	ENSG00000234477
ENSG00000108244.17	KRT23
ENSG00000196859.8	KRT39
ENSG00000204889.11	KRT40
ENSG00000212899.3	KRTAP3-3
ENSG00000212900.3	KRTAP3-2
ENSG00000226776.1	KRTAP3-4P
ENSG00000212901.4	KRTAP3-1
ENSG00000221852.5	KRTAP1-5
ENSG00000204887.5	KRTAP1-4
ENSG00000221880.4	KRTAP1-3
ENSG00000188581.9	KRTAP1-1
ENSG00000212725.4	KRTAP2-1
ENSG00000214518.4	KRTAP2-2
ENSG00000212724.3	KRTAP2-3
ENSG00000213417.3	KRTAP2-4
ENSG00000237230.1	KRTAP2-5P
ENSG00000240871.7	KRTAP4-7
ENSG00000287602.1	ENSG00000287602
ENSG00000204880.9	KRTAP4-8
ENSG00000241241.1	KRTAP4-16
ENSG00000212722.9	KRTAP4-9
ENSG00000212721.4	KRTAP4-11
ENSG00000213416.4	KRTAP4-12
ENSG00000198090.4	KRTAP4-6
ENSG00000198271.5	KRTAP4-5
ENSG00000171396.12	KRTAP4-4
ENSG00000196156.5	KRTAP4-3
ENSG00000244537.3	KRTAP4-2
ENSG00000198443.8	KRTAP4-1
ENSG00000251439.1	KRTAP4-17P
ENSG00000240542.6	KRTAP9-1
ENSG00000248807.1	KRTAP9-12P
ENSG00000239886.5	KRTAP9-2
ENSG00000204873.5	KRTAP9-3
ENSG00000187272.7	KRTAP9-8
ENSG00000241595.2	KRTAP9-4
ENSG00000198083.9	KRTAP9-9
ENSG00000212659.2	KRTAP9-6
ENSG00000229351.1	KRTAP9-11P
ENSG00000180386.8	KRTAP9-7
ENSG00000237183.1	KRTAP9-10P
ENSG00000212658.1	KRTAP29-1
ENSG00000212657.2	KRTAP16-1
ENSG00000186860.5	KRTAP17-1
ENSG00000233014.1	TBC1D3P7
ENSG00000108516.5	ENSG00000108516
ENSG00000006059.4	KRT33A
ENSG00000131738.11	KRT33B
ENSG00000131737.7	KRT34
ENSG00000094796.5	KRT31
ENSG00000234859.5	ENSG00000234859
ENSG00000225438.1	KRT41P
ENSG00000108417.4	KRT37
ENSG00000171360.4	KRT38
ENSG00000236473.1	KRT43P
ENSG00000108759.4	KRT32
ENSG00000223125.1	RNU2-32P
ENSG00000197079.9	KRT35
ENSG00000126337.14	KRT36
ENSG00000171401.15	KRT13
ENSG00000229732.1	ENSG00000229732
ENSG00000171346.16	KRT15
ENSG00000283796.1	MIR6510
ENSG00000171345.13	KRT19
ENSG00000226629.1	LINC00974
ENSG00000171403.10	KRT9
ENSG00000186847.6	KRT14
ENSG00000186832.9	KRT16
ENSG00000128422.18	KRT17
ENSG00000289252.1	ENSG00000289252
ENSG00000290861.1	KRT42P
ENSG00000214514.9	KRT42P
ENSG00000278954.1	ENSG00000278954
ENSG00000173812.11	EIF1
ENSG00000184502.4	GAST
ENSG00000173805.16	HAP1
ENSG00000201920.1	RNA5SP442
ENSG00000239542.3	RN7SL399P
ENSG00000173801.17	JUP
ENSG00000141696.13	P3H4
ENSG00000141756.20	FKBP10
ENSG00000141698.17	NT5C3B
ENSG00000161594.7	KLHL10
ENSG00000259623.1	ENSG00000259623
ENSG00000178502.6	KLHL11
ENSG00000131473.17	ACLY
ENSG00000274630.1	ENSG00000274630
ENSG00000204815.10	ODAD4
ENSG00000173786.17	CNP
ENSG00000168259.17	DNAJC7
ENSG00000168256.18	NKIRAS2
ENSG00000187595.18	ZNF385C
ENSG00000267221.3	C17orf113
ENSG00000108771.13	DHX58
ENSG00000108773.11	KAT2A
ENSG00000267261.5	ENSG00000267261
ENSG00000260325.2	HSPB9
ENSG00000108774.15	RAB5C
ENSG00000267658.1	RAB5C-AS1
ENSG00000089558.9	KCNH4
ENSG00000161610.1	HCRT
ENSG00000167925.17	GHDC
ENSG00000173757.11	STAT5B
ENSG00000280295.1	ENSG00000280295
ENSG00000267758.1	ENSG00000267758
ENSG00000236194.3	ENSG00000236194
ENSG00000278829.1	ENSG00000278829
ENSG00000126561.18	STAT5A
ENSG00000168610.16	STAT3
ENSG00000177469.13	CAVIN1
ENSG00000289579.1	ENSG00000289579
ENSG00000238704.1	RNU7-97P
ENSG00000033627.18	ATP6V0A1
ENSG00000264314.1	MIR548AT
ENSG00000267222.1	ENSG00000267222
ENSG00000267632.1	ENSG00000267632
ENSG00000283929.1	MIR5010
ENSG00000267185.1	PTP4A2P1
ENSG00000108784.10	NAGLU
ENSG00000266929.1	ENSG00000266929
ENSG00000108785.7	HSD17B1P1
ENSG00000266962.3	HSD17B1-AS1
ENSG00000108786.11	HSD17B1
ENSG00000068120.15	COASY
ENSG00000108788.12	MLX
ENSG00000131470.15	PSMC3IP
ENSG00000287710.1	ENSG00000287710
ENSG00000141699.11	RETREG3
ENSG00000280183.1	ENSG00000280183
ENSG00000131462.9	TUBG1
ENSG00000267189.1	ATP5MGP7
ENSG00000267132.1	HMGB3P27
ENSG00000037042.9	TUBG2
ENSG00000068137.15	PLEKHH3
ENSG00000184451.5	CCR10
ENSG00000267042.1	ENSG00000267042
ENSG00000108797.12	CNTNAP1
ENSG00000267765.1	ENSG00000267765
ENSG00000108799.13	EZH1
ENSG00000275273.1	MIR6780A
ENSG00000239671.1	ENSG00000239671
ENSG00000273650.1	ENSG00000273650
ENSG00000214578.5	HMGN2P15
ENSG00000197291.9	RAMP2-AS1
ENSG00000131477.11	RAMP2
ENSG00000131475.7	VPS25
ENSG00000126562.17	WNK4
ENSG00000183978.8	COA3
ENSG00000176563.10	CNTD1
ENSG00000126581.13	BECN1
ENSG00000278447.1	MIR6781
ENSG00000131467.12	PSME3
ENSG00000131480.9	AOC2
ENSG00000131471.7	AOC3
ENSG00000291070.1	AOC4P
ENSG00000260105.7	AOC4P
ENSG00000213373.7	LINC00671
ENSG00000252039.1	RNU6-287P
ENSG00000131482.10	G6PC1
ENSG00000212149.1	ENSG00000212149
ENSG00000266967.7	AARSD1
ENSG00000108825.18	PTGES3L-AARSD1
ENSG00000267060.7	PTGES3L
ENSG00000198863.8	RUNDC1
ENSG00000131469.15	RPL27
ENSG00000068079.8	IFI35
ENSG00000108828.16	VAT1
ENSG00000108830.11	RND2
ENSG00000012048.25	BRCA1
ENSG00000240828.1	RPL21P4
ENSG00000198496.12	NBR2
ENSG00000285057.1	ENSG00000285057
ENSG00000267681.1	ENSG00000267681
ENSG00000267002.4	ENSG00000267002
ENSG00000267595.1	BRCA1P1
ENSG00000267340.1	ENSG00000267340
ENSG00000188554.15	NBR1
ENSG00000184988.8	TMEM106A
ENSG00000236383.9	CCDC200
ENSG00000274585.1	RNU2-1
ENSG00000275616.1	U2
ENSG00000273709.1	U2
ENSG00000274432.1	U2
ENSG00000278048.1	U2
ENSG00000276596.1	U2
ENSG00000277903.1	U2
ENSG00000278774.1	U2
ENSG00000274862.1	U2
ENSG00000274062.1	U2
ENSG00000274452.1	U2
ENSG00000275219.1	U2
ENSG00000278591.1	U2
ENSG00000188825.16	LINC00910
ENSG00000279602.2	ENSG00000279602
ENSG00000277084.1	RNU2-4P
ENSG00000288909.2	ENSG00000288909
ENSG00000252882.1	RNU6-1137P
ENSG00000175906.5	ARL4D
ENSG00000251763.1	RNU6-470P
ENSG00000267151.5	MIR2117HG
ENSG00000284344.1	MIR2117
ENSG00000252279.1	RNU6-406P
ENSG00000252729.1	RNU6-971P
ENSG00000237888.1	RPL29P31
ENSG00000067596.12	DHX8
ENSG00000175832.13	ETV4
ENSG00000278109.1	Metazoa_SRP
ENSG00000005102.14	MEOX1
ENSG00000267440.2	LINC02594
ENSG00000267253.1	WHSC1L2P
ENSG00000167941.3	SOST
ENSG00000108861.9	DUSP3
ENSG00000231256.8	CFAP97D1
ENSG00000267604.1	ENSG00000267604
ENSG00000161647.19	MPP3
ENSG00000161649.14	CD300LG
ENSG00000108852.16	MPP2
ENSG00000282199.1	ENSG00000282199
ENSG00000267496.4	FAM215A
ENSG00000267166.5	ENSG00000267166
ENSG00000267420.1	ENSG00000267420
ENSG00000261514.2	LINC01976
ENSG00000108849.8	PPY
ENSG00000131096.11	PYY
ENSG00000161653.11	NAGS
ENSG00000091947.10	TMEM101
ENSG00000221044.2	U3
ENSG00000161654.10	LSM12
ENSG00000141349.10	G6PC3
ENSG00000108840.16	HDAC5
ENSG00000267638.1	ENSG00000267638
ENSG00000212446.1	RNU6-131P
ENSG00000125319.15	HROB
ENSG00000161664.7	ASB16
ENSG00000267080.8	ASB16-AS1
ENSG00000168591.16	TMUB2
ENSG00000087152.16	ATXN7L3
ENSG00000267394.2	ATXN7L3-AS1
ENSG00000108312.16	UBTF
ENSG00000275107.1	MIR6782
ENSG00000260793.4	ENSG00000260793
ENSG00000288877.2	ENSG00000288877
ENSG00000267691.1	SHC1P2
ENSG00000004939.16	SLC4A1
ENSG00000285486.1	ENSG00000285486
ENSG00000239702.3	RN7SL507P
ENSG00000267750.6	RUNDC3A-AS1
ENSG00000221496.2	U3
ENSG00000252628.2	RNU6-453P
ENSG00000108309.14	RUNDC3A
ENSG00000013306.16	SLC25A39
ENSG00000288961.2	ENSG00000288961
ENSG00000267211.1	ENSG00000267211
ENSG00000030582.19	GRN
ENSG00000161682.15	FAM171A2
ENSG00000267634.1	RPL7L1P5
ENSG00000005961.19	ITGA2B
ENSG00000186566.13	GPATCH8
ENSG00000240589.3	RN7SL258P
ENSG00000283045.1	ENSG00000283045
ENSG00000180340.7	FZD2
ENSG00000271222.1	ENSG00000271222
ENSG00000267384.3	SMCO4P1
ENSG00000266979.1	LINC01180
ENSG00000180336.18	MEIOC
ENSG00000180329.14	CCDC43
ENSG00000267160.1	ENSG00000267160
ENSG00000279879.1	ENSG00000279879
ENSG00000161692.18	DBF4B
ENSG00000264251.2	RN7SL819P
ENSG00000240305.1	RPL6P26
ENSG00000073670.14	ADAM11
ENSG00000267505.1	ENSG00000267505
ENSG00000267405.1	ENSG00000267405
ENSG00000182963.11	GJC1
ENSG00000131097.7	HIGD1B
ENSG00000108883.13	EFTUD2
ENSG00000264540.2	RN7SL405P
ENSG00000167131.17	CCDC103
ENSG00000131095.14	GFAP
ENSG00000214447.6	FAM187A
ENSG00000186185.14	KIF18B
ENSG00000278223.1	MIR6783
ENSG00000267334.1	KIF18B-DT
ENSG00000136448.13	NMT1
ENSG00000131094.4	C1QL1
ENSG00000289024.1	ENSG00000289024
ENSG00000267788.1	ENSG00000267788
ENSG00000172992.13	DCAKD
ENSG00000200888.1	Y_RNA
ENSG00000161714.12	PLCD3
ENSG00000277249.1	MIR6784
ENSG00000181513.15	ACBD4
ENSG00000276728.2	ENSG00000276728
ENSG00000186834.4	HEXIM1
ENSG00000224505.4	HEXIM2-AS1
ENSG00000168517.11	HEXIM2
ENSG00000267288.2	ENSG00000267288
ENSG00000267121.7	FMNL1-DT
ENSG00000184922.15	FMNL1
ENSG00000233175.2	FMNL1-AS1
ENSG00000233483.4	EFCAB15P
ENSG00000267278.6	MAP3K14-AS1
ENSG00000184361.13	SPATA32
ENSG00000006062.18	MAP3K14
ENSG00000199953.1	RNA5SP443
ENSG00000267446.1	ENSG00000267446
ENSG00000159314.13	ARHGAP27
ENSG00000267344.1	ENSG00000267344
ENSG00000225190.12	PLEKHM1
ENSG00000236234.1	ENSG00000236234
ENSG00000284055.1	MIR4315-1
ENSG00000291175.1	ENSG00000291175
ENSG00000214425.11	LRRC37A4P
ENSG00000278770.1	Metazoa_SRP
ENSG00000266918.1	ENSG00000266918
ENSG00000131484.4	ENSG00000131484
ENSG00000267198.1	ENSG00000267198
ENSG00000267246.1	ENSG00000267246
ENSG00000266504.1	RDM1P1
ENSG00000264070.1	DND1P1
ENSG00000285668.1	ENSG00000285668
ENSG00000280022.1	ENSG00000280022
ENSG00000263503.1	MAPK8IP1P2
ENSG00000204652.6	RPS26P8
ENSG00000204650.14	LINC02210
ENSG00000263715.7	LINC02210-CRHR1
ENSG00000265547.1	ENSG00000265547
ENSG00000265964.1	ENSG00000265964
ENSG00000120088.16	CRHR1
ENSG00000264589.5	MAPT-AS1
ENSG00000185294.7	SPPL2C
ENSG00000186868.18	MAPT
ENSG00000279685.2	MAPT-IT1
ENSG00000262881.1	ENSG00000262881
ENSG00000274883.1	Metazoa_SRP
ENSG00000256762.1	STH
ENSG00000120071.15	KANSL1
ENSG00000262372.1	ENSG00000262372
ENSG00000214401.6	KANSL1-AS1
ENSG00000238723.1	Y_RNA
ENSG00000262500.1	MAPK8IP1P1
ENSG00000262539.1	ENSG00000262539
ENSG00000291018.1	ENSG00000291018
ENSG00000261575.5	ENSG00000261575
ENSG00000228696.11	ARL17B
ENSG00000289729.1	ENSG00000289729
ENSG00000176681.15	LRRC37A
ENSG00000265411.1	RN7SL656P
ENSG00000260075.1	NSFP1
ENSG00000185829.19	ARL17A
ENSG00000266497.1	RDM1P2
ENSG00000238083.10	LRRC37A2
ENSG00000265315.1	RN7SL199P
ENSG00000232300.1	FAM215B
ENSG00000073969.19	NSF
ENSG00000213326.4	RPS7P11
ENSG00000108379.11	WNT3
ENSG00000158955.11	WNT9B
ENSG00000262031.1	LINC01974
ENSG00000261886.1	GOSR2-DT
ENSG00000210709.1	RNU6ATAC3P
ENSG00000108433.17	GOSR2
ENSG00000262633.2	ENSG00000262633
ENSG00000264999.1	MIR5089
ENSG00000179673.5	RPRML
ENSG00000291209.1	ENSG00000291209
ENSG00000262879.7	ENSG00000262879
ENSG00000263142.6	LRRC37A17P
ENSG00000277198.1	RN7SL270P
ENSG00000289730.1	ENSG00000289730
ENSG00000004897.12	CDC27
ENSG00000239291.1	ENSG00000239291
ENSG00000262265.2	ENSG00000262265
ENSG00000261872.1	ENSG00000261872
ENSG00000198336.9	MYL4
ENSG00000259207.10	ITGB3
ENSG00000259753.1	ENSG00000259753
ENSG00000238419.1	RNU7-186P
ENSG00000276790.1	ENSG00000276790
ENSG00000263293.3	EFCAB13-DT
ENSG00000178852.16	EFCAB13
ENSG00000253347.1	ENSG00000253347
ENSG00000291120.1	MRPL45P2
ENSG00000228782.10	ENSG00000228782
ENSG00000141279.18	NPEPPS
ENSG00000206734.1	Y_RNA
ENSG00000263766.6	KPNB1-DT
ENSG00000108424.11	KPNB1
ENSG00000264558.1	ENSG00000264558
ENSG00000198933.11	TBKBP1
ENSG00000073861.3	TBX21
ENSG00000006025.13	OSBPL7
ENSG00000159111.13	MRPL10
ENSG00000141294.10	LRRC46
ENSG00000141295.14	SCRN2
ENSG00000189120.5	SP6
ENSG00000264243.1	ENSG00000264243
ENSG00000266821.1	ENSG00000266821
ENSG00000264920.4	SP2-DT
ENSG00000167182.16	SP2
ENSG00000234494.8	SP2-AS1
ENSG00000266601.1	ENSG00000266601
ENSG00000108439.11	PNPO
ENSG00000263798.2	ENSG00000263798
ENSG00000264019.1	ENSG00000264019
ENSG00000167183.3	PRR15L
ENSG00000108465.15	CDK5RAP3
ENSG00000264701.1	ENSG00000264701
ENSG00000289599.2	ENSG00000289599
ENSG00000005243.10	COPZ2
ENSG00000207947.3	MIR152
ENSG00000263412.3	NFE2L1-DT
ENSG00000082641.16	NFE2L1
ENSG00000266341.1	ENSG00000266341
ENSG00000278765.1	ENSG00000278765
ENSG00000108468.15	CBX1
ENSG00000206954.1	RNU6-1201P
ENSG00000002919.15	SNX11
ENSG00000141293.16	SKAP1
ENSG00000221739.1	MIR1203
ENSG00000263787.1	SKAP1-AS1
ENSG00000207306.1	RNU6-1152P
ENSG00000235300.4	SKAP1-AS2
ENSG00000266222.1	ENSG00000266222
ENSG00000200538.2	U3
ENSG00000264451.1	ENSG00000264451
ENSG00000206805.1	Y_RNA
ENSG00000120094.9	HOXB1
ENSG00000173917.11	HOXB2
ENSG00000230148.8	HOXB-AS1
ENSG00000120093.12	HOXB3
ENSG00000233101.10	HOXB-AS3
ENSG00000239552.2	HOXB-AS2
ENSG00000182742.6	HOXB4
ENSG00000257178.5	ENSG00000257178
ENSG00000284038.1	MIR10A
ENSG00000120075.6	HOXB5
ENSG00000108511.10	HOXB6
ENSG00000260027.5	HOXB7
ENSG00000120068.7	HOXB8
ENSG00000170689.10	HOXB9
ENSG00000242207.1	HOXB-AS4
ENSG00000210741.1	MIR196A1
ENSG00000272763.1	LINC03057
ENSG00000244649.5	LINC02086
ENSG00000244559.1	ENSG00000244559
ENSG00000242067.1	RPL9P28
ENSG00000241788.2	COX6B1P2
ENSG00000159182.5	PRAC1
ENSG00000229637.4	PRAC2
ENSG00000273750.1	ENSG00000273750
ENSG00000277542.1	ENSG00000277542
ENSG00000263602.1	MIR3185
ENSG00000159184.8	HOXB13
ENSG00000242407.1	ENSG00000242407
ENSG00000170703.16	TTLL6
ENSG00000244514.3	RN7SL125P
ENSG00000136436.15	CALCOCO2
ENSG00000248278.1	SUMO2P17
ENSG00000212565.1	ENSG00000212565
ENSG00000248895.1	ENSG00000248895
ENSG00000159199.14	ATP5MC1
ENSG00000270781.1	ENSG00000270781
ENSG00000159202.18	UBE2Z
ENSG00000159210.10	SNF8
ENSG00000230532.1	ENSG00000230532
ENSG00000289021.1	ENSG00000289021
ENSG00000200903.1	RNU1-42P
ENSG00000238804.1	ENSG00000238804
ENSG00000159224.4	GIP
ENSG00000250838.1	ENSG00000250838
ENSG00000159217.10	IGF2BP1
ENSG00000251461.3	ENSG00000251461
ENSG00000255851.2	Metazoa_SRP
ENSG00000252636.1	RNU6-826P
ENSG00000251550.1	ENSG00000251550
ENSG00000248883.2	B4GALNT2P1
ENSG00000167080.9	B4GALNT2
ENSG00000240995.2	ENSG00000240995
ENSG00000167083.7	GNGT2
ENSG00000108798.9	ABI3
ENSG00000173868.12	PHOSPHO1
ENSG00000177369.11	FLJ40194
ENSG00000273500.1	MIR6129
ENSG00000198740.9	ZNF652
ENSG00000248714.7	ZNF652-AS1
ENSG00000262039.1	ENSG00000262039
ENSG00000250948.1	ENSG00000250948
ENSG00000186244.7	ENSG00000186244
ENSG00000167085.14	PHB1
ENSG00000250186.3	ENSG00000250186
ENSG00000207127.1	Y_RNA
ENSG00000229944.3	EIF4EP2
ENSG00000249497.1	LINC02075
ENSG00000279036.1	ENSG00000279036
ENSG00000064300.9	NGFR
ENSG00000249906.1	NGFR-AS1
ENSG00000277478.1	MIR6165
ENSG00000250310.2	ENSG00000250310
ENSG00000182575.8	NXPH3
ENSG00000121067.19	SPOP
ENSG00000121073.15	SLC35B1
ENSG00000250751.1	ENSG00000250751
ENSG00000121104.8	FAM117A
ENSG00000136504.15	KAT7
ENSG00000235183.3	SRP14P3
ENSG00000262837.1	ENSG00000262837
ENSG00000176358.16	TAC4
ENSG00000204584.1	ENSG00000204584
ENSG00000248954.1	ENSG00000248954
ENSG00000254039.1	ENSG00000254039
ENSG00000249176.1	ENSG00000249176
ENSG00000199492.1	RNU6-1313P
ENSG00000108813.12	DLX4
ENSG00000064195.7	DLX3
ENSG00000248172.1	ENSG00000248172
ENSG00000246640.2	PICART1
ENSG00000005884.18	ITGA3
ENSG00000276851.1	ENSG00000276851
ENSG00000005882.12	PDK2
ENSG00000275025.1	ENSG00000275025
ENSG00000250282.1	ENSG00000250282
ENSG00000167100.15	SAMD14
ENSG00000108819.11	PPP1R9B
ENSG00000236472.1	ENSG00000236472
ENSG00000253730.1	ENSG00000253730
ENSG00000261959.1	ENSG00000261959
ENSG00000108823.17	SGCA
ENSG00000188662.8	H1-9P
ENSG00000108821.14	COL1A1
ENSG00000249406.3	ENSG00000249406
ENSG00000263176.1	ENSG00000263176
ENSG00000249838.1	SUMO2P7
ENSG00000167105.8	TMEM92
ENSG00000251179.1	TMEM92-AS1
ENSG00000015532.10	XYLT2
ENSG00000279792.1	ENSG00000279792
ENSG00000108826.16	MRPL27
ENSG00000154920.15	EME1
ENSG00000108829.10	LRRC59
ENSG00000206824.1	Y_RNA
ENSG00000253102.1	ENSG00000253102
ENSG00000167107.13	ACSF2
ENSG00000262759.1	MRPS21P9
ENSG00000136457.10	CHAD
ENSG00000275897.1	ENSG00000275897
ENSG00000136444.10	RSAD1
ENSG00000249451.1	ENSG00000249451
ENSG00000136449.16	MYCBPAP
ENSG00000250286.2	ENSG00000250286
ENSG00000049283.19	EPN3
ENSG00000006282.22	SPATA20
ENSG00000250107.1	CACNA1G-AS1
ENSG00000006283.18	CACNA1G
ENSG00000250976.1	ENSG00000250976
ENSG00000251239.1	ENSG00000251239
ENSG00000108846.16	ABCC3
ENSG00000154945.7	ANKRD40
ENSG00000262967.1	ENSG00000262967
ENSG00000201340.1	Y_RNA
ENSG00000108848.16	LUC7L3
ENSG00000278963.1	ENSG00000278963
ENSG00000167117.10	ANKRD40CL
ENSG00000278672.1	MIR8059
ENSG00000285829.1	ENSG00000285829
ENSG00000290053.1	ENSG00000290053
ENSG00000248702.1	ENSG00000248702
ENSG00000173714.8	WFIKKN2
ENSG00000261976.2	ENSG00000261976
ENSG00000243521.2	RPL5P33
ENSG00000141232.5	TOB1
ENSG00000229980.5	TOB1-AS1
ENSG00000262006.1	ENSG00000262006
ENSG00000247011.3	ENSG00000247011
ENSG00000251665.1	ENSG00000251665
ENSG00000008294.22	SPAG9
ENSG00000249870.1	ENSG00000249870
ENSG00000239672.8	NME1
ENSG00000011052.21	NME1-NME2
ENSG00000243678.12	NME2
ENSG00000011258.16	MBTD1
ENSG00000279089.1	ENSG00000279089
ENSG00000264895.1	ENSG00000264895
ENSG00000011260.14	UTP18
ENSG00000249383.2	LINC02071
ENSG00000249982.1	ENSG00000249982
ENSG00000249658.1	ENSG00000249658
ENSG00000267452.3	LINC02073
ENSG00000187504.6	RPL7P48
ENSG00000154975.14	CA10
ENSG00000279743.1	ENSG00000279743
ENSG00000263317.1	LINC01982
ENSG00000226364.1	LINC02089
ENSG00000227011.4	LINC02876
ENSG00000262902.1	MTCO1P40
ENSG00000285939.2	ENSG00000285939
ENSG00000263252.1	ENSG00000263252
ENSG00000262271.1	ENSG00000262271
ENSG00000262518.1	ENSG00000262518
ENSG00000262384.1	ENSG00000262384
ENSG00000233380.1	RPS2P48
ENSG00000141200.8	KIF2B
ENSG00000263189.1	ENSG00000263189
ENSG00000261965.1	ISCA1P3
ENSG00000288036.1	ENSG00000288036
ENSG00000263199.1	ENSG00000263199
ENSG00000263125.1	ARL2BPP8
ENSG00000251809.1	RN7SKP14
ENSG00000141198.16	TOM1L1
ENSG00000166260.13	COX11
ENSG00000279059.1	ENSG00000279059
ENSG00000275710.1	ENSG00000275710
ENSG00000166263.13	STXBP4
ENSG00000108924.14	HLF
ENSG00000263096.1	ENSG00000263096
ENSG00000262079.1	ENSG00000262079
ENSG00000108960.9	MMD
ENSG00000261873.3	SMIM36
ENSG00000236319.2	ENSG00000236319
ENSG00000262135.1	GARS1P1
ENSG00000200107.1	RNU6-1249P
ENSG00000289016.1	ENSG00000289016
ENSG00000166292.12	TMEM100
ENSG00000141179.14	PCTP
ENSG00000262052.1	ENSG00000262052
ENSG00000153930.13	ANKFN1
ENSG00000261882.1	ENSG00000261882
ENSG00000279606.1	ENSG00000279606
ENSG00000243058.1	RPL39P33
ENSG00000183691.6	NOG
ENSG00000214226.9	C17orf67
ENSG00000283209.1	ENSG00000283209
ENSG00000153933.10	DGKE
ENSG00000121060.19	TRIM25
ENSG00000212469.1	RNU6-1158P
ENSG00000262408.1	ENSG00000262408
ENSG00000262112.1	ENSG00000262112
ENSG00000284542.1	MIR3614
ENSG00000274213.2	ENSG00000274213
ENSG00000121058.5	COIL
ENSG00000262298.1	ENSG00000262298
ENSG00000262623.1	ENSG00000262623
ENSG00000121064.13	SCPEP1
ENSG00000263120.1	ENSG00000263120
ENSG00000261192.1	RNF126P1
ENSG00000263004.3	AKAP1-DT
ENSG00000121057.13	AKAP1
ENSG00000263089.1	ENSG00000263089
ENSG00000285785.1	ENSG00000285785
ENSG00000286732.1	ENSG00000286732
ENSG00000153944.12	MSI2
ENSG00000279555.1	ENSG00000279555
ENSG00000279281.1	ENSG00000279281
ENSG00000266100.1	ENSG00000266100
ENSG00000280028.1	ENSG00000280028
ENSG00000263499.1	ENSG00000263499
ENSG00000242889.3	RN7SL449P
ENSG00000238447.1	RNU7-134P
ENSG00000166329.3	CCDC182
ENSG00000265542.5	ENSG00000265542
ENSG00000222976.1	RN7SKP94
ENSG00000181610.13	MRPS23
ENSG00000180891.13	CUEDC1
ENSG00000264914.1	ENSG00000264914
ENSG00000278642.1	ENSG00000278642
ENSG00000136451.9	VEZF1
ENSG00000280233.1	ENSG00000280233
ENSG00000266086.3	ENSG00000266086
ENSG00000264112.1	ENSG00000264112
ENSG00000136450.13	SRSF1
ENSG00000279069.2	ENSG00000279069
ENSG00000285930.1	ENSG00000285930
ENSG00000266290.1	DYNLL2-DT
ENSG00000264364.3	DYNLL2
ENSG00000279207.1	ENSG00000279207
ENSG00000141194.7	OR4D1
ENSG00000229590.3	MSX2P1
ENSG00000255713.2	OR4D2
ENSG00000121053.6	EPX
ENSG00000278627.1	ENSG00000278627
ENSG00000011143.19	MKS1
ENSG00000167419.11	LPO
ENSG00000287337.1	ENSG00000287337
ENSG00000286788.1	ENSG00000286788
ENSG00000005381.9	MPO
ENSG00000005379.17	TSPOAP1
ENSG00000265148.7	TSPOAP1-AS1
ENSG00000265206.6	MIR142HG
ENSG00000284353.1	MIR142
ENSG00000264399.1	MIR4736
ENSG00000213246.7	SUPT4H1
ENSG00000285897.1	ENSG00000285897
ENSG00000108375.13	RNF43
ENSG00000176160.11	HSF5
ENSG00000266648.1	SETP3
ENSG00000108389.10	MTMR4
ENSG00000289147.2	ENSG00000289147
ENSG00000264672.6	SEPTIN4-AS1
ENSG00000108387.16	SEPTIN4
ENSG00000121101.16	TEX14
ENSG00000212195.2	U3
ENSG00000290039.1	ENSG00000290039
ENSG00000266826.3	IGBP1C
ENSG00000199426.1	RNU1-108P
ENSG00000266561.2	ENSG00000266561
ENSG00000206917.1	RNU1-52P
ENSG00000200997.1	RNVU1-34
ENSG00000108384.16	RAD51C
ENSG00000274198.1	ENSG00000274198
ENSG00000175175.6	PPM1E
ENSG00000276601.1	Metazoa_SRP
ENSG00000251865.1	RNU6-518P
ENSG00000241462.1	ENSG00000241462
ENSG00000275680.1	Metazoa_SRP
ENSG00000263938.1	ENSG00000263938
ENSG00000108395.14	TRIM37
ENSG00000263558.2	RN7SL716P
ENSG00000224738.2	ENSG00000224738
ENSG00000182628.13	SKA2
ENSG00000252212.1	RNU2-58P
ENSG00000211514.1	MIR454
ENSG00000207996.1	MIR301A
ENSG00000068489.13	PRR11
ENSG00000266537.1	SPDYE22P
ENSG00000265303.1	ENSG00000265303
ENSG00000265415.1	PRR11-AS1
ENSG00000167447.13	SMG8
ENSG00000153982.11	GDPD1
ENSG00000207235.1	Y_RNA
ENSG00000271063.1	SNRPGP17
ENSG00000175155.11	YPEL2
ENSG00000278863.1	ENSG00000278863
ENSG00000263857.1	MIR4729
ENSG00000266002.1	ENSG00000266002
ENSG00000265313.8	LINC01476
ENSG00000200889.1	RNU4-13P
ENSG00000108406.10	DHX40
ENSG00000273702.1	ENSG00000273702
ENSG00000141367.13	CLTC
ENSG00000141378.15	PTRH2
ENSG00000062716.13	VMP1
ENSG00000284190.1	MIR21
ENSG00000201524.1	RNU6-450P
ENSG00000108423.15	TUBD1
ENSG00000270264.1	NDUFB8P2
ENSG00000108443.14	RPS6KB1
ENSG00000241913.1	RPS29P21
ENSG00000267318.1	ENSG00000267318
ENSG00000189050.16	RNFT1
ENSG00000267104.2	TBC1D3P1-DHX40P1
ENSG00000267302.5	RNFT1-DT
ENSG00000266992.1	DHX40P1
ENSG00000238283.3	TBC1D3P1
ENSG00000287664.1	ENSG00000287664
ENSG00000275860.1	ENSG00000275860
ENSG00000274378.1	ENSG00000274378
ENSG00000068097.16	HEATR6
ENSG00000264049.1	MIR4737
ENSG00000267526.1	ENSG00000267526
ENSG00000267416.2	HEATR6-DT
ENSG00000261040.9	WFDC21P
ENSG00000280852.2	ENSG00000280852
ENSG00000267295.1	ENSG00000267295
ENSG00000267248.5	ENSG00000267248
ENSG00000277532.1	ENSG00000277532
ENSG00000286435.1	ENSG00000286435
ENSG00000267095.1	ENSG00000267095
ENSG00000167434.10	CA4
ENSG00000170832.13	USP32
ENSG00000252577.1	SCARNA20
ENSG00000241157.1	RPL32P32
ENSG00000275562.1	SEPTIN7P12
ENSG00000271626.1	H3P42
ENSG00000141371.13	CHCT1
ENSG00000213228.5	RPL12P38
ENSG00000062725.10	APPBP2
ENSG00000270553.1	ENSG00000270553
ENSG00000259349.4	APPBP2-DT
ENSG00000267678.1	ENSG00000267678
ENSG00000267772.1	LINC01999
ENSG00000266943.1	RPSAP66
ENSG00000170836.13	PPM1D
ENSG00000200013.1	RNU6-623P
ENSG00000141376.24	BCAS3
ENSG00000239932.3	RN7SL606P
ENSG00000224011.1	RPL36AP46
ENSG00000252534.1	Y_RNA
ENSG00000267083.1	KRT18P61
ENSG00000254114.1	HMGN1P28
ENSG00000264322.2	RN7SL448P
ENSG00000267207.1	BCAS3-AS1
ENSG00000267449.1	ENSG00000267449
ENSG00000227694.1	RPL23AP74
ENSG00000286997.1	ENSG00000286997
ENSG00000273982.1	ENSG00000273982
ENSG00000267131.1	ENSG00000267131
ENSG00000266934.1	ENSG00000266934
ENSG00000267280.6	TBX2-AS1
ENSG00000289926.1	ENSG00000289926
ENSG00000121068.14	TBX2
ENSG00000187013.4	LINC02875
ENSG00000121075.11	TBX4
ENSG00000267137.1	ENSG00000267137
ENSG00000253506.3	NACA2
ENSG00000136492.10	BRIP1
ENSG00000108506.14	INTS2
ENSG00000202361.1	Y_RNA
ENSG00000108510.10	MED13
ENSG00000279133.1	ENSG00000279133
ENSG00000242398.3	RN7SL800P
ENSG00000285879.1	ENSG00000285879
ENSG00000200842.1	Y_RNA
ENSG00000289293.1	ENSG00000289293
ENSG00000207123.1	Y_RNA
ENSG00000266066.1	POLRMTP1
ENSG00000266365.1	ENSG00000266365
ENSG00000266647.1	ENSG00000266647
ENSG00000290800.1	TBC1D3P2
ENSG00000188755.11	TBC1D3P2
ENSG00000263887.7	USP32P4
ENSG00000242123.1	RPL36AP47
ENSG00000172421.10	EFCAB3
ENSG00000239809.1	ENSG00000239809
ENSG00000251981.1	RNU7-52P
ENSG00000239527.1	RPS23P7
ENSG00000087995.16	METTL2A
ENSG00000146872.19	TLK2
ENSG00000239246.3	ENSG00000239246
ENSG00000264546.1	ENSG00000264546
ENSG00000277463.1	ENSG00000277463
ENSG00000274565.1	ENSG00000274565
ENSG00000011028.14	MRC2
ENSG00000207382.1	Y_RNA
ENSG00000279713.1	ENSG00000279713
ENSG00000199697.1	RNU6-446P
ENSG00000265702.2	ENSG00000265702
ENSG00000173838.12	MARCHF10
ENSG00000287457.1	ENSG00000287457
ENSG00000265000.1	MARCHF10-DT
ENSG00000264907.1	PRELID3BP3
ENSG00000283538.3	ENSG00000283538
ENSG00000207552.1	MIR633
ENSG00000265262.1	TRMT112P3
ENSG00000170921.16	TANC2
ENSG00000270324.1	ENSG00000270324
ENSG00000272164.1	ENSG00000272164
ENSG00000272383.1	ENSG00000272383
ENSG00000264513.1	ENSG00000264513
ENSG00000264529.1	DNAJB6P8
ENSG00000233635.2	ENSG00000233635
ENSG00000263501.1	ENSG00000263501
ENSG00000271919.1	ENSG00000271919
ENSG00000226797.2	ENSG00000226797
ENSG00000263644.1	ENSG00000263644
ENSG00000271749.1	ENSG00000271749
ENSG00000265282.1	ENSG00000265282
ENSG00000008283.16	CYB561
ENSG00000265971.1	ENSG00000265971
ENSG00000228979.4	PPIAP55
ENSG00000159640.17	ACE
ENSG00000264813.6	ENSG00000264813
ENSG00000224353.2	ACE3P
ENSG00000173826.15	KCNH6
ENSG00000136485.16	DCAF7
ENSG00000288894.1	ENSG00000288894
ENSG00000200560.1	RNU6-288P
ENSG00000136463.9	TACO1
ENSG00000270587.1	FAM136DP
ENSG00000198909.8	MAP3K3
ENSG00000263883.1	EEF1DP7
ENSG00000266173.7	STRADA
ENSG00000136490.9	LIMD2
ENSG00000279369.1	ENSG00000279369
ENSG00000125695.12	ENSG00000125695
ENSG00000108588.15	CCDC47
ENSG00000198231.14	DDX42
ENSG00000108592.17	FTSJ3
ENSG00000087191.14	PSMC5
ENSG00000108604.18	SMARCD2
ENSG00000240280.7	TCAM1P
ENSG00000213218.11	CSH2
ENSG00000136487.18	GH2
ENSG00000259533.2	ENSG00000259533
ENSG00000136488.15	CSH1
ENSG00000259333.1	ENSG00000259333
ENSG00000204414.14	CSHL1
ENSG00000259384.7	GH1
ENSG00000285947.1	ENSG00000285947
ENSG00000007312.14	CD79B
ENSG00000007314.12	SCN4A
ENSG00000263489.1	ENSG00000263489
ENSG00000264954.2	PRR29-AS1
ENSG00000224383.8	PRR29
ENSG00000108622.11	ICAM2
ENSG00000178607.17	ERN1
ENSG00000286629.1	ENSG00000286629
ENSG00000289957.1	ENSG00000289957
ENSG00000266402.5	SNHG25
ENSG00000199753.1	SNORD104
ENSG00000281311.1	ENSG00000281311
ENSG00000277887.1	SNORA50C
ENSG00000136478.9	TEX2
ENSG00000256358.1	RPL31P57
ENSG00000261371.6	PECAM1
ENSG00000239823.2	Y_RNA
ENSG00000265031.1	ENSG00000265031
ENSG00000271605.6	MILR1
ENSG00000256525.8	POLG2
ENSG00000256826.1	ATP5MFP4
ENSG00000108654.16	DDX5
ENSG00000284564.1	MIR3064
ENSG00000284368.1	MIR5047
ENSG00000258890.8	CEP95
ENSG00000108854.16	SMURF2
ENSG00000271779.1	ENSG00000271779
ENSG00000270714.1	MICOS10P2
ENSG00000215769.8	ARHGAP27P1-BPTFP1-KPNA2P3
ENSG00000266820.1	KPNA2P3
ENSG00000265298.1	ENSG00000265298
ENSG00000263647.1	BPTFP1
ENSG00000265982.1	ENSG00000265982
ENSG00000291117.1	ENSG00000291117
ENSG00000278581.1	MIR6080
ENSG00000214176.12	PLEKHM1P1
ENSG00000284172.1	MIR4315-2
ENSG00000252242.1	RNU7-115P
ENSG00000272400.1	ENSG00000272400
ENSG00000176809.11	LRRC37A3
ENSG00000264840.1	RN7SL404P
ENSG00000272134.1	ENSG00000272134
ENSG00000272220.1	ENSG00000272220
ENSG00000265218.1	ENSG00000265218
ENSG00000266644.1	ENSG00000266644
ENSG00000271974.1	RDM1P4
ENSG00000264057.2	ENSG00000264057
ENSG00000290457.1	ENSG00000290457
ENSG00000266155.2	ENSG00000266155
ENSG00000280299.1	ENSG00000280299
ENSG00000272346.2	ENSG00000272346
ENSG00000265912.1	ENSG00000265912
ENSG00000272006.1	ENSG00000272006
ENSG00000232457.4	SLC16A6P1
ENSG00000291140.1	AMZ2P1
ENSG00000214174.11	AMZ2P1
ENSG00000120063.10	GNA13
ENSG00000266598.1	ENSG00000266598
ENSG00000108370.17	RGS9
ENSG00000265883.1	ENSG00000265883
ENSG00000263520.1	LINC02563
ENSG00000168646.14	AXIN2
ENSG00000266076.1	ENSG00000266076
ENSG00000154240.18	CEP112
ENSG00000271587.1	ENSG00000271587
ENSG00000270870.1	ENSG00000270870
ENSG00000266707.1	PSMD7P1
ENSG00000091583.11	APOH
ENSG00000252653.1	RNA5SP444
ENSG00000284242.1	ENSG00000284242
ENSG00000154229.12	PRKCA
ENSG00000244044.3	RN7SL735P
ENSG00000264630.5	PRKCA-AS1
ENSG00000289587.2	ENSG00000289587
ENSG00000252685.1	RNU6-928P
ENSG00000251698.1	RNA5SP445
ENSG00000229330.2	ENSG00000229330
ENSG00000207943.1	MIR634
ENSG00000075429.9	CACNG5
ENSG00000251764.1	RNA5SP446
ENSG00000289877.1	ENSG00000289877
ENSG00000075461.6	CACNG4
ENSG00000264491.1	ENSG00000264491
ENSG00000265664.1	ENSG00000265664
ENSG00000108878.5	CACNG1
ENSG00000198265.12	HELZ
ENSG00000264421.1	ENSG00000264421
ENSG00000213180.4	RPL36AP48
ENSG00000285877.1	ENSG00000285877
ENSG00000266473.1	HELZ-AS1
ENSG00000200619.1	RNA5SP447
ENSG00000207410.1	ENSG00000207410
ENSG00000264093.1	ENSG00000264093
ENSG00000197170.10	PSMD12
ENSG00000154217.16	PITPNC1
ENSG00000290052.1	ENSG00000290052
ENSG00000201547.1	Y_RNA
ENSG00000244610.3	RN7SL756P
ENSG00000263690.2	MIR548D2
ENSG00000207688.2	MIR548AA2
ENSG00000264754.1	ENSG00000264754
ENSG00000279917.1	ENSG00000279917
ENSG00000279361.1	ENSG00000279361
ENSG00000288109.1	ENSG00000288109
ENSG00000130935.10	NOL11
ENSG00000200394.1	SNORA38B
ENSG00000266858.1	RPSAP67
ENSG00000213179.4	RPL17P41
ENSG00000171634.19	BPTF
ENSG00000266717.1	ENSG00000266717
ENSG00000279573.1	ENSG00000279573
ENSG00000279880.1	ENSG00000279880
ENSG00000265052.2	RN7SL622P
ENSG00000186665.10	C17orf58
ENSG00000182481.10	KPNA2
ENSG00000266117.1	FBXO36P1
ENSG00000265055.2	ENSG00000265055
ENSG00000291214.1	ENSG00000291214
ENSG00000237854.6	LINC00674
ENSG00000267023.6	LRRC37A16P
ENSG00000278730.1	ENSG00000278730
ENSG00000290646.1	ENSG00000290646
ENSG00000274561.1	ENSG00000274561
ENSG00000277476.1	ENSG00000277476
ENSG00000267352.1	SH3GL1P3
ENSG00000267708.1	RDM1P3
ENSG00000278740.1	ENSG00000278740
ENSG00000267731.1	ENSG00000267731
ENSG00000267472.1	ARHGAP27P2
ENSG00000196704.14	AMZ2
ENSG00000290793.1	ENSG00000290793
ENSG00000274712.3	ENSG00000274712
ENSG00000265100.2	ENSG00000265100
ENSG00000141337.13	ARSG
ENSG00000108932.13	SLC16A6
ENSG00000267009.6	ENSG00000267009
ENSG00000070540.13	WIPI1
ENSG00000207561.1	MIR635
ENSG00000108946.17	PRKAR1A
ENSG00000108950.12	FAM20A
ENSG00000267461.1	ENSG00000267461
ENSG00000267659.5	LINC01482
ENSG00000283376.1	ENSG00000283376
ENSG00000267250.1	ENSG00000267250
ENSG00000141338.15	ABCA8
ENSG00000231749.3	ABCA9-AS1
ENSG00000154258.17	ABCA9
ENSG00000154262.13	ABCA6
ENSG00000267361.1	SEC24AP1
ENSG00000265331.1	MIR4524B
ENSG00000283385.1	MIR4524A
ENSG00000154263.18	ABCA10
ENSG00000278873.1	PRO1804
ENSG00000285931.1	ENSG00000285931
ENSG00000154265.16	ABCA5
ENSG00000267203.1	SNRPGP4
ENSG00000252352.1	ENSG00000252352
ENSG00000108984.16	MAP2K6
ENSG00000278972.1	ENSG00000278972
ENSG00000267653.1	ENSG00000267653
ENSG00000227517.7	LINC01483
ENSG00000267184.1	ENSG00000267184
ENSG00000237560.9	LINC01497
ENSG00000199801.1	Y_RNA
ENSG00000230258.6	ENSG00000230258
ENSG00000267603.1	LINC01028
ENSG00000153822.15	KCNJ16
ENSG00000267365.2	KCNJ2-AS1
ENSG00000123700.5	KCNJ2
ENSG00000289371.1	ENSG00000289371
ENSG00000267170.1	CALM2P1
ENSG00000267109.1	ENSG00000267109
ENSG00000267471.1	ENSG00000267471
ENSG00000271239.1	ENSG00000271239
ENSG00000271101.1	ENSG00000271101
ENSG00000260785.2	CASC17
ENSG00000238759.1	RNU7-155P
ENSG00000225818.1	ENSG00000225818
ENSG00000228118.3	MYL6P5
ENSG00000286387.1	ENSG00000286387
ENSG00000283517.1	ENSG00000283517
ENSG00000228639.8	ROCR
ENSG00000256124.6	LINC01152
ENSG00000288605.1	ENSG00000288605
ENSG00000234899.11	SOX9-AS1
ENSG00000226101.2	LINC02097
ENSG00000125398.8	SOX9
ENSG00000227036.10	LINC00511
ENSG00000264026.2	LINC02003
ENSG00000263680.2	ENSG00000263680
ENSG00000243514.2	RPL32P33
ENSG00000263893.2	ENSG00000263893
ENSG00000133195.12	SLC39A11
ENSG00000200783.1	RN7SKP180
ENSG00000252274.1	ENSG00000252274
ENSG00000264196.1	ENSG00000264196
ENSG00000266501.1	ATG12P1
ENSG00000265469.1	POLR3KP2
ENSG00000264860.1	ENSG00000264860
ENSG00000180616.9	SSTR2
ENSG00000166685.13	COG1
ENSG00000277728.1	ENSG00000277728
ENSG00000133193.13	FAM104A
ENSG00000141219.16	C17orf80
ENSG00000265010.1	ENSG00000265010
ENSG00000187959.9	CPSF4L
ENSG00000179604.10	CDC42EP4
ENSG00000069188.17	SDK2
ENSG00000264985.4	ENSG00000264985
ENSG00000264750.1	ENSG00000264750
ENSG00000265935.1	ENSG00000265935
ENSG00000263574.2	ENSG00000263574
ENSG00000177338.14	LINC00469
ENSG00000234721.3	LINC02092
ENSG00000265927.1	ENSG00000265927
ENSG00000266765.1	ENSG00000266765
ENSG00000288006.1	ENSG00000288006
ENSG00000285648.1	ENSG00000285648
ENSG00000266357.6	LINC02074
ENSG00000172809.13	RPL38
ENSG00000246731.3	MGC16275
ENSG00000141540.11	TTYH2
ENSG00000264272.1	ENSG00000264272
ENSG00000171595.14	DNAI2
ENSG00000266106.1	ENSG00000266106
ENSG00000196169.15	KIF19
ENSG00000204347.4	BTBD17
ENSG00000257008.7	GPR142
ENSG00000200021.1	RNA5SP448
ENSG00000170412.18	GPRC5C
ENSG00000167851.15	CD300A
ENSG00000178789.9	CD300LB
ENSG00000289070.2	ENSG00000289070
ENSG00000167850.4	CD300C
ENSG00000236770.1	ENSG00000236770
ENSG00000284690.3	CD300H
ENSG00000204345.1	CD300LD
ENSG00000182352.8	CD300LD-AS1
ENSG00000261222.4	ENSG00000261222
ENSG00000186407.7	CD300E
ENSG00000264659.2	ENSG00000264659
ENSG00000172794.20	RAB37
ENSG00000186074.19	CD300LF
ENSG00000266036.1	SLC9A3R1-AS1
ENSG00000284186.1	MIR3615
ENSG00000109062.12	NHERF1
ENSG00000109065.12	NAT9
ENSG00000109066.14	TMEM104
ENSG00000161509.14	GRIN2C
ENSG00000161513.12	FDXR
ENSG00000172782.13	FADS6
ENSG00000182040.9	USH1G
ENSG00000183034.13	OTOP2
ENSG00000182938.7	OTOP3
ENSG00000167861.16	HID1
ENSG00000263586.1	HID1-AS1
ENSG00000109089.7	CDR2L
ENSG00000167862.10	MRPL58
ENSG00000252545.1	RNU6-362P
ENSG00000180901.11	KCTD2
ENSG00000167863.12	ATP5PD
ENSG00000239607.3	RN7SL573P
ENSG00000270993.1	ENSG00000270993
ENSG00000232724.1	TRIM80P
ENSG00000170190.16	SLC16A5
ENSG00000206713.1	Y_RNA
ENSG00000125449.7	ARMC7
ENSG00000125458.7	NT5C
ENSG00000279035.1	ENSG00000279035
ENSG00000189159.16	JPT1
ENSG00000265800.1	ENSG00000265800
ENSG00000263786.1	ENSG00000263786
ENSG00000252042.1	Y_RNA
ENSG00000188612.12	SUMO2
ENSG00000125450.11	NUP85
ENSG00000125447.18	GGA3
ENSG00000125445.11	MRPS7
ENSG00000125457.15	MIF4GD
ENSG00000263843.1	MIF4GD-DT
ENSG00000125454.12	SLC25A19
ENSG00000177885.15	GRB2
ENSG00000228007.1	RPL36AP7
ENSG00000265987.1	ENSG00000265987
ENSG00000264853.1	ENSG00000264853
ENSG00000265342.1	ENSG00000265342
ENSG00000264511.1	MIR3678
ENSG00000223217.1	RNU6-938P
ENSG00000202332.1	Y_RNA
ENSG00000177728.17	TMEM94
ENSG00000284595.1	MIR6785
ENSG00000177303.10	CASKIN2
ENSG00000182173.14	TSEN54
ENSG00000073350.14	LLGL2
ENSG00000266714.11	MYO15B
ENSG00000108469.15	RECQL5
ENSG00000204323.5	SMIM5
ENSG00000259120.3	SMIM6
ENSG00000161526.15	SAP30BP
ENSG00000264829.1	ENSG00000264829
ENSG00000264270.1	ENSG00000264270
ENSG00000132470.14	ITGB4
ENSG00000108479.13	GALK1
ENSG00000132475.10	H3-3B
ENSG00000283853.1	MIR4738
ENSG00000132478.10	UNK
ENSG00000266980.1	ENSG00000266980
ENSG00000092929.13	UNC13D
ENSG00000132471.12	WBP2
ENSG00000132481.7	TRIM47
ENSG00000267801.1	ENSG00000267801
ENSG00000141569.12	TRIM65
ENSG00000267342.1	ENSG00000267342
ENSG00000204316.13	MRPL38
ENSG00000267426.5	ENSG00000267426
ENSG00000188878.20	FBF1
ENSG00000161533.12	ACOX1
ENSG00000267615.1	ENSG00000267615
ENSG00000261408.7	TEN1-CDK3
ENSG00000257949.7	TEN1
ENSG00000250506.9	CDK3
ENSG00000167880.8	EVPL
ENSG00000167881.15	SRP68
ENSG00000186919.13	ZACN
ENSG00000182687.4	GALR2
ENSG00000182473.22	EXOC7
ENSG00000279382.1	ENSG00000279382
ENSG00000275360.1	MIR6868
ENSG00000129654.8	FOXJ1
ENSG00000267128.2	RNF157-AS1
ENSG00000141576.16	RNF157
ENSG00000267376.1	ATP5MGP6
ENSG00000228218.1	ATF4P3
ENSG00000185262.9	UBALD2
ENSG00000129646.16	QRICH2
ENSG00000161542.17	PRPSAP1
ENSG00000251779.1	Y_RNA
ENSG00000207169.1	RNU6-24P
ENSG00000267518.1	ENSG00000267518
ENSG00000176170.14	SPHK1
ENSG00000175931.13	UBE2O
ENSG00000242931.1	RPL7P49
ENSG00000129673.10	AANAT
ENSG00000129667.13	RHBDF2
ENSG00000161544.10	CYGB
ENSG00000214140.11	PRCD
ENSG00000267546.2	ENSG00000267546
ENSG00000267543.1	ENSG00000267543
ENSG00000272386.1	ENSG00000272386
ENSG00000163597.17	SNHG16
ENSG00000274091.1	SNORD1C
ENSG00000199961.1	SNORD1B
ENSG00000278261.1	SNORD1A
ENSG00000284526.2	ENSG00000284526
ENSG00000070731.11	ST6GALNAC2
ENSG00000267078.1	ENSG00000267078
ENSG00000267084.1	ENSG00000267084
ENSG00000286750.1	ENSG00000286750
ENSG00000070526.15	ST6GALNAC1
ENSG00000199735.1	RNU6-227P
ENSG00000261335.1	ENSG00000261335
ENSG00000182534.14	MXRA7
ENSG00000212418.1	RNY4P36
ENSG00000277382.1	ENSG00000277382
ENSG00000070495.15	JMJD6
ENSG00000274051.1	ENSG00000274051
ENSG00000181038.14	METTL23
ENSG00000267168.1	ENSG00000267168
ENSG00000161547.17	SRSF2
ENSG00000092931.12	MFSD11
ENSG00000283805.1	MIR636
ENSG00000200257.1	RNU6-97P
ENSG00000267065.2	LINC02080
ENSG00000287836.1	ENSG00000287836
ENSG00000267535.2	LINC00868
ENSG00000167889.13	MGAT5B
ENSG00000267568.6	ENSG00000267568
ENSG00000267521.1	ENSG00000267521
ENSG00000280122.1	ENSG00000280122
ENSG00000276202.1	Metazoa_SRP
ENSG00000234912.12	SNHG20
ENSG00000129657.16	SEC14L1
ENSG00000275143.1	SCARNA16
ENSG00000284250.1	MIR6516
ENSG00000222808.1	RNU4-47P
ENSG00000262870.1	CYCSP40
ENSG00000263718.3	SEPTIN9-DT
ENSG00000265121.1	ENSG00000265121
ENSG00000184640.20	SEPTIN9
ENSG00000266998.2	ENSG00000266998
ENSG00000287257.1	ENSG00000287257
ENSG00000264060.1	MIR4316
ENSG00000200651.1	Y_RNA
ENSG00000279801.1	ENSG00000279801
ENSG00000267263.1	ENSG00000267263
ENSG00000267016.1	ENSG00000267016
ENSG00000267665.3	ENSG00000267665
ENSG00000267506.7	ENSG00000267506
ENSG00000286534.1	ENSG00000286534
ENSG00000267466.1	ENSG00000267466
ENSG00000279572.1	ENSG00000279572
ENSG00000285535.2	ENSG00000285535
ENSG00000267790.1	LINC01987
ENSG00000204283.4	LINC01973
ENSG00000238898.1	RNU1-80P
ENSG00000078687.18	TNRC6C
ENSG00000279600.1	ENSG00000279600
ENSG00000267463.1	UBE2V2P2
ENSG00000238658.1	RNU6-625P
ENSG00000141524.19	TMC6
ENSG00000167895.16	TMC8
ENSG00000187997.12	C17orf99
ENSG00000267679.1	EIF5AP2
ENSG00000108639.8	SYNGR2
ENSG00000167900.12	TK1
ENSG00000183077.16	AFMID
ENSG00000267624.1	ENSG00000267624
ENSG00000089685.15	BIRC5
ENSG00000204278.14	TMEM235
ENSG00000283914.1	ENSG00000283914
ENSG00000267676.1	THA1P
ENSG00000279886.1	ENSG00000279886
ENSG00000204277.1	LINC01993
ENSG00000267737.1	ENSG00000267737
ENSG00000184557.4	SOCS3
ENSG00000266970.3	SOCS3-DT
ENSG00000243870.3	RN7SL236P
ENSG00000087157.19	PGS1
ENSG00000200063.1	ENSG00000200063
ENSG00000187775.17	DNAH17
ENSG00000267432.6	DNAH17-AS1
ENSG00000267770.1	ENSG00000267770
ENSG00000243426.3	RN7SL454P
ENSG00000267123.7	SCAT1
ENSG00000289922.1	ENSG00000289922
ENSG00000108669.18	CYTH1
ENSG00000279570.1	ENSG00000279570
ENSG00000252391.1	RNU6-638P
ENSG00000055483.20	USP36
ENSG00000287539.1	ENSG00000287539
ENSG00000267355.2	RPL9P29
ENSG00000035862.13	TIMP2
ENSG00000267601.1	ENSG00000267601
ENSG00000178404.11	CEP295NL
ENSG00000279339.1	ENSG00000279339
ENSG00000267491.1	ENSG00000267491
ENSG00000108679.13	LGALS3BP
ENSG00000171302.17	CANT1
ENSG00000265096.3	C1QTNF1-AS1
ENSG00000173918.15	C1QTNF1
ENSG00000167280.17	ENGASE
ENSG00000167281.20	RBFOX3
ENSG00000266711.1	ENSG00000266711
ENSG00000263278.2	ENSG00000263278
ENSG00000266665.1	MIR4739
ENSG00000267719.1	LINC02078
ENSG00000182156.10	ENPP7
ENSG00000173894.11	CBX2
ENSG00000141570.11	CBX8
ENSG00000262768.2	ENSG00000262768
ENSG00000262772.2	LINC01977
ENSG00000141582.15	CBX4
ENSG00000262343.1	ENSG00000262343
ENSG00000262585.1	LINC01979
ENSG00000262188.4	LINC01978
ENSG00000167291.16	TBC1D16
ENSG00000275516.1	ENSG00000275516
ENSG00000262172.1	ENSG00000262172
ENSG00000261978.1	ENSG00000261978
ENSG00000141519.15	CCDC40
ENSG00000289689.1	ENSG00000289689
ENSG00000265561.2	MIR1268B
ENSG00000171298.14	GAA
ENSG00000141543.12	EIF4A3
ENSG00000279259.1	ENSG00000279259
ENSG00000275479.1	ENSG00000275479
ENSG00000141527.19	CARD14
ENSG00000262580.5	ENSG00000262580
ENSG00000181523.13	SGSH
ENSG00000181045.15	SLC26A11
ENSG00000173821.20	RNF213
ENSG00000262979.1	ENSG00000262979
ENSG00000276863.1	ENSG00000276863
ENSG00000280248.1	ENSG00000280248
ENSG00000263069.6	RNF213-AS1
ENSG00000173818.17	ENDOV
ENSG00000264961.1	MIR4730
ENSG00000260369.2	ENSG00000260369
ENSG00000279273.1	ENSG00000279273
ENSG00000171246.7	NPTX1
ENSG00000290024.1	ENSG00000290024
ENSG00000262000.1	ENSG00000262000
ENSG00000271340.1	ENSG00000271340
ENSG00000213128.3	RPL32P31
ENSG00000141564.16	RPTOR
ENSG00000289764.2	ENSG00000289764
ENSG00000232083.3	RPL31P7
ENSG00000262833.1	ENSG00000262833
ENSG00000287403.1	ENSG00000287403
ENSG00000262313.1	ENSG00000262313
ENSG00000262662.1	ENSG00000262662
ENSG00000261924.1	ENSG00000261924
ENSG00000240270.1	RPL12P37
ENSG00000176108.9	CHMP6
ENSG00000263218.2	ENSG00000263218
ENSG00000280351.2	ENSG00000280351
ENSG00000262873.2	ENSG00000262873
ENSG00000262098.1	ENSG00000262098
ENSG00000226137.5	BAIAP2-DT
ENSG00000175866.16	BAIAP2
ENSG00000181409.14	AATK
ENSG00000207736.1	MIR657
ENSG00000211563.4	MIR3065
ENSG00000283604.1	MIR338
ENSG00000221025.1	MIR1250
ENSG00000263167.1	ENSG00000263167
ENSG00000225180.8	PVALEF
ENSG00000141577.14	CEP131
ENSG00000262115.1	ENSG00000262115
ENSG00000167302.11	TEPSIN
ENSG00000260005.6	ENSG00000260005
ENSG00000224877.4	NDUFAF8
ENSG00000157637.13	SLC38A10
ENSG00000276101.1	ENSG00000276101
ENSG00000279187.1	ENSG00000279187
ENSG00000185168.7	LINC00482
ENSG00000185332.8	TMEM105
ENSG00000287431.1	RENO1
ENSG00000263154.1	ENSG00000263154
ENSG00000262223.10	LINC03048
ENSG00000274833.1	ENSG00000274833
ENSG00000262877.5	ENSG00000262877
ENSG00000289913.1	ENSG00000289913
ENSG00000266074.11	BAHCC1
ENSG00000279692.1	ENSG00000279692
ENSG00000266392.1	MIR4740
ENSG00000266189.1	MIR3186
ENSG00000263271.1	ENSG00000263271
ENSG00000278200.1	LINC01971
ENSG00000289140.1	ENSG00000289140
ENSG00000184009.13	ACTG1
ENSG00000229848.1	ENSG00000229848
ENSG00000289182.1	ENSG00000289182
ENSG00000186765.12	FSCN2
ENSG00000185504.17	FAAP100
ENSG00000182446.15	NPLOC4
ENSG00000207021.1	Y_RNA
ENSG00000182612.11	TSPAN10
ENSG00000185527.12	PDE6G
ENSG00000204237.5	OXLD1
ENSG00000185298.13	CCDC137
ENSG00000214087.9	ARL16
ENSG00000185359.14	HGS
ENSG00000277784.1	MIR6786
ENSG00000275902.1	ENSG00000275902
ENSG00000262049.2	ENSG00000262049
ENSG00000262814.8	MRPL12
ENSG00000262660.1	ENSG00000262660
ENSG00000183048.12	SLC25A10
ENSG00000215644.10	GCGR
ENSG00000225663.8	MCRIP1
ENSG00000182676.5	PPP1R27
ENSG00000185624.16	P4HB
ENSG00000262831.1	ENSG00000262831
ENSG00000278876.1	ENSG00000278876
ENSG00000262413.1	ENSG00000262413
ENSG00000141522.12	ARHGDIA
ENSG00000263731.1	ENSG00000263731
ENSG00000263859.1	ENSG00000263859
ENSG00000183684.8	ALYREF
ENSG00000141552.18	ANAPC11
ENSG00000183979.8	NPB
ENSG00000185813.11	PCYT2
ENSG00000187531.14	SIRT7
ENSG00000197063.11	MAFG
ENSG00000264769.1	ENSG00000264769
ENSG00000265688.2	MILIP
ENSG00000183010.17	PYCR1
ENSG00000263585.1	ENSG00000263585
ENSG00000185105.5	MYADML2
ENSG00000235296.2	ENSG00000235296
ENSG00000185269.12	NOTUM
ENSG00000264735.1	ENSG00000264735
ENSG00000169696.16	ASPSCR1
ENSG00000169689.15	CENPX
ENSG00000169683.8	LRRC45
ENSG00000169750.9	RAC3
ENSG00000169738.8	DCXR
ENSG00000279372.1	ENSG00000279372
ENSG00000264569.2	DCXR-DT
ENSG00000169733.12	RFNG
ENSG00000169727.14	GPS1
ENSG00000169718.18	DUS1L
ENSG00000169710.9	FASN
ENSG00000176155.21	CCDC57
ENSG00000265678.1	ENSG00000265678
ENSG00000266654.1	ENSG00000266654
ENSG00000264548.1	ENSG00000264548
ENSG00000141526.18	SLC16A3
ENSG00000284574.1	MIR6787
ENSG00000141551.15	CSNK1D
ENSG00000275888.1	ENSG00000275888
ENSG00000280407.3	ENSG00000280407
ENSG00000287737.3	ENSG00000287737
ENSG00000265692.1	LINC01970
ENSG00000260563.3	ENSG00000260563
ENSG00000173762.8	CD7
ENSG00000141574.8	SECTM1
ENSG00000182459.5	TEX19
ENSG00000278964.1	ENSG00000278964
ENSG00000181408.5	UTS2R
ENSG00000260011.2	ENSG00000260011
ENSG00000181396.13	OGFOD3
ENSG00000264812.1	ENSG00000264812
ENSG00000201239.1	Y_RNA
ENSG00000169660.17	HEXD
ENSG00000279066.1	HEXD-IT1
ENSG00000178927.19	CYBC1
ENSG00000287193.1	ENSG00000287193
ENSG00000265458.3	NARF-AS2
ENSG00000141562.19	NARF
ENSG00000279744.1	ENSG00000279744
ENSG00000266445.1	NARF-AS1
ENSG00000266236.1	NARF-IT1
ENSG00000141568.21	FOXK2
ENSG00000265136.1	ENSG00000265136
ENSG00000262652.1	ENSG00000262652
ENSG00000262147.1	ENSG00000262147
ENSG00000261845.2	ENSG00000261845
ENSG00000141580.16	WDR45B
ENSG00000279613.1	ENSG00000279613
ENSG00000141542.11	RAB40B
ENSG00000266107.1	MIR4525
ENSG00000289945.1	ENSG00000289945
ENSG00000263063.1	ENSG00000263063
ENSG00000141560.15	FN3KRP
ENSG00000263321.1	ENSG00000263321
ENSG00000167363.14	FN3K
ENSG00000262410.1	ENSG00000262410
ENSG00000141556.22	TBCD
ENSG00000263098.1	ENSG00000263098
ENSG00000141579.7	ZNF750
ENSG00000262663.1	ENSG00000262663
ENSG00000175711.9	B3GNTL1
ENSG00000262339.5	ENSG00000262339
ENSG00000176845.13	METRNL
ENSG00000274370.1	ENSG00000274370
ENSG00000261888.1	ENSG00000261888
ENSG00000288807.1	ENSG00000288807
ENSG00000279143.1	ENSG00000279143
ENSG00000262898.5	ENSG00000262898
ENSG00000262094.1	ENSG00000262094
ENSG00000232938.2	RPL23AP87
