gene_id	N61311_untreated	N61311_dex	N052611_untreated	N052611_dex	N080611_untreated	N080611_dex	N061011_untreated	N061011_dex
ENSG00000164366.4	8.27877271600797	8.33434697154364	8.44325837336106	8.49600000462482	8.38450091547393	8.34446818342049	8.44747641996916	8.60046724646671
ENSG00000260774.1	6.64821876902176	6.59090765639085	6.74861155170608	6.59853369009248	6.43935831587626	6.75267309804514	6.74702469803714	6.59898859408845
ENSG00000286001.1	6.80048767211086	6.70160896022124	6.74861155170608	6.75722721090719	6.81077545829778	6.66112256367871	6.59340998201429	6.59898859408845
ENSG00000073578.18	8.0299147144838	8.02599077399634	7.81497005132884	7.81943806550966	7.94959585241535	7.94726080750155	7.85962159047878	7.86210577694485
ENSG00000248925.3	6.43935831587626	6.43935831587626	6.59420680516964	6.59853369009248	6.65419024516067	6.59624643103017	6.74702469803714	6.59898859408845
ENSG00000249915.9	7.26424750246052	7.24532990394283	7.28957509974307	7.12701163853944	7.2742357569852	7.15141483343935	7.230272921022	7.28717967992664
ENSG00000250848.1	7.52923989641698	7.33463785012026	7.40126016169906	7.33954120017837	7.51099567843774	7.48116555352195	7.40794524758021	7.31508878620013
ENSG00000063438.20	6.80048767211086	6.7776134688375	6.81775463736341	6.85922707273188	6.96319099458342	7.04287267906183	7.03210343032744	6.82938173877161
ENSG00000214278.4	7.15611003539891	7.23165671836133	7.30279019145036	7.31266433276248	7.20562298294026	7.1345826213474	7.1052465005924	7.16361990109882
ENSG00000221990.5	6.98910180233029	6.8923522352928	7.108633685461	7.07131815276461	6.86784265543588	6.93331040795514	6.99168415881239	6.98928066440998
ENSG00000180104.16	8.38433156816901	8.41049773243296	8.31782161816045	8.24920336030472	8.38895546963466	8.42987619303785	8.40308165206878	8.46921039648651
ENSG00000066230.12	7.09475955628197	7.14350454528051	6.90214012777943	6.85922707273188	6.89362786770973	6.85322918326179	6.92445549075663	6.94186705247055
ENSG00000225138.8	7.92955587820145	7.86606472963437	7.43535750935192	7.66612010112175	7.36090700209148	7.2444858616082	7.50480766329044	7.44172872617975
ENSG00000112877.8	6.88107787728229	6.74204092910778	6.78494942059072	6.66435240536893	6.77856944871386	6.66112256367871	6.94789582579647	6.75813289054065
ENSG00000188818.13	6.80048767211086	6.80972966199624	6.78494942059072	6.71477957466235	6.81077545829778	6.78948382610015	6.74702469803714	6.82938173877161
ENSG00000247872.2	7.49196898311379	7.59259093712928	7.47882545550073	7.35264675280945	7.54959328369672	7.57397736363131	7.44144096185602	7.40572002503538
ENSG00000028310.18	7.87903900284121	7.89993177286897	7.94270691255159	7.94644659356849	8.01200987085907	8.1069019782067	8.01298582220099	7.92897752254266
ENSG00000071539.14	6.88107787728229	6.98280971378101	6.87587918695416	6.85922707273188	6.8403514729454	6.90818894211843	6.94789582579647	6.94186705247055
ENSG00000145506.14	7.02655928775741	7.38145303967408	6.84787938213258	7.17823401500456	6.74289715357801	7.33992354409416	7.29847011027295	7.72323672758876
ENSG00000113504.21	8.14295954710883	8.0954737560884	7.82247350612604	7.90327224297391	7.86981357676268	7.89823722768494	8.09133966874546	8.15707849028864
ENSG00000049656.14	8.76811446735688	8.87352860260762	8.61289295887716	8.79525083883113	8.73399792352559	8.91782371020523	8.74962650682354	8.84304278251533
ENSG00000286388.1	7.1261710930758	7.09460393922451	7.48936634673305	7.24105354332556	7.19107340526396	7.15141483343935	7.38485590504998	7.05327662428992
ENSG00000153395.10	8.75232597704331	8.82060248662524	8.38904400296594	8.4503474615651	8.57866979565501	9.00963440792201	8.38945413730409	8.63333957951632
ENSG00000291055.1	7.54732234933451	7.76517760927074	7.44642870137219	7.50665748875958	7.52079799556434	7.37752396094456	7.57354186617709	7.40572002503538
ENSG00000271119.1	6.58710938520095	6.59090765639085	6.74861155170608	6.71477957466235	6.65419024516067	6.66112256367871	6.7059310337478	6.71556510257389
ENSG00000291079.1	7.02655928775741	7.02259645964244	7.05438194769747	7.03108379795622	7.11320248327584	6.95716985536871	7.24442409608208	7.14651045137942
ENSG00000232615.4	7.36963937325821	7.28489170224431	7.21976318525012	7.21034358070588	7.38403630536324	7.37752396094456	7.38485590504998	7.3681050056998
ENSG00000288549.1	6.43935831587626	6.65358313805485	6.43935831587626	6.59853369009248	6.43935831587626	6.59624643103017	6.74702469803714	6.66499475927517
ENSG00000171421.13	7.33605180474466	7.59259093712928	7.41277844705169	7.43897863030172	7.50108663116043	7.65848352294689	7.39648013019841	7.48753095159613
ENSG00000145494.12	7.7413835475084	7.97723697395642	7.84467468387166	7.86596265754316	7.82763930614689	7.77718778579345	7.76239860022902	7.67860060940167
ENSG00000248994.2	6.73447480136818	6.7776134688375	6.74861155170608	6.66435240536893	6.77856944871386	6.88159019691735	6.7059310337478	6.79557899802678
ENSG00000170561.13	6.85599478395576	6.91664027450674	6.87587918695416	6.9149699960699	6.77856944871386	6.59624643103017	7.2158380607488	7.12894230165379
ENSG00000186493.14	6.98910180233029	6.93971032520683	7.07301585918763	7.16159600164277	6.77856944871386	6.71082973304335	7.43042048399668	7.57270868804437
ENSG00000289075.2	6.73447480136818	6.70160896022124	6.65824228849862	6.66435240536893	6.59133753825452	6.43935831587626	6.7059310337478	6.79557899802678
ENSG00000249541.1	7.43297652662458	7.42575936841455	7.52026877270809	7.4957285283425	7.41756713940696	7.38968347960865	7.54470548054276	7.35517524719191
ENSG00000251568.1	7.14131259564342	7.09460393922451	7.03512952892631	7.09044865010935	7.19107340526396	7.16782794342023	7.154911022967	7.09228017073694
ENSG00000286753.3	6.43935831587626	6.43935831587626	6.74861155170608	6.75722721090719	6.65419024516067	6.71082973304335	6.7059310337478	6.59898859408845
ENSG00000164151.12	8.58311615257465	8.65514150751643	8.56951899255376	8.62805798866346	8.8101557991795	8.6331512982497	8.58785659292721	8.75348710682062
ENSG00000133398.4	7.77038028493323	7.95840323827277	7.935984770437	7.91058512894345	7.65674929913366	7.89823722768494	7.90170530207688	7.94330664897457
ENSG00000271230.1	7.2889351845708	7.28489170224431	7.35352455666184	7.29887197002558	7.41756713940696	7.18384980236706	7.40794524758021	7.47630094354234
ENSG00000037474.15	8.18829448588273	8.11221983375721	8.09906091927491	8.17028637515345	8.42835549183071	8.42987619303785	8.10870001215132	8.22613715921755
ENSG00000145545.12	7.77038028493323	7.84522946153912	7.81497005132884	7.9250681263089	7.75343165017171	7.91246546544061	7.81584583690489	7.83102203381577
ENSG00000248677.2	6.43935831587626	6.43935831587626	6.70730724183813	6.59853369009248	6.77856944871386	6.66112256367871	6.43935831587626	6.59898859408845
ENSG00000112941.14	7.91088070518703	7.9197643734435	7.89477888006559	7.96047627989416	7.84893143532124	7.7930871569908	7.98137616765061	7.95040320913262
ENSG00000290510.1	6.43935831587626	6.65358313805485	6.59420680516964	6.71477957466235	6.59133753825452	6.43935831587626	6.7059310337478	6.59898859408845
ENSG00000078295.17	6.64821876902176	6.65358313805485	6.59420680516964	6.43935831587626	7.20562298294026	6.95716985536871	6.59340998201429	6.66499475927517
ENSG00000124275.15	8.0299147144838	7.9065820971097	7.87358598792138	7.79539814839956	8.00591985185651	8.04566220110687	8.01298582220099	8.0583185940852
ENSG00000124279.12	7.18475458628006	7.09460393922451	7.14232897471387	7.09044865010935	7.24756026874977	7.21481668735571	7.1706605785019	7.12894230165379
ENSG00000288002.1	6.76916552526763	6.74204092910778	6.43935831587626	6.43935831587626	6.91798309639808	6.66112256367871	6.7059310337478	6.66499475927517
ENSG00000247516.8	7.02655928775741	7.00307188601783	7.09108446280084	6.96464476970857	7.17621052194296	6.95716985536871	7.1052465005924	7.05327662428992
ENSG00000112902.12	10.0134344276001	9.63619727393513	9.44324266137821	9.07770234118144	10.5570342244571	10.4199774721598	10.2658535782503	10.1039903006346
ENSG00000250786.4	7.38053434470014	7.51787147673622	7.72871444430303	7.63816271278865	7.73793946192976	7.71955519815198	7.89480219740134	7.77435952733184
ENSG00000150756.14	7.52006402892478	7.40389744949579	7.55016197307786	7.36554313971766	7.39536274240844	7.35265173077004	7.34896630445935	7.12894230165379
ENSG00000150753.12	8.79914146004759	9.0533715079059	8.81394331231637	8.94062142824191	8.98779942596073	9.30175316360581	8.86556216744349	9.11806027820675
ENSG00000164237.9	8.42989763399034	8.02599077399634	8.29314790714876	7.6752671697904	8.33442952523508	7.86921823426047	8.20256497231548	7.7319343120311
ENSG00000259802.3	6.6950477566315	6.43935831587626	6.74861155170608	6.66435240536893	6.59133753825452	6.66112256367871	6.7059310337478	6.71556510257389
ENSG00000145495.17	9.31163603774183	9.25219679861055	9.39828696801359	9.41992097254717	9.43645894254549	9.2800416188383	9.47716170737543	9.41949832020316
ENSG00000244361.1	9.28396259613029	9.24523562480958	9.13564833132881	9.02752190141562	9.09884785716805	9.10671968662335	9.04091909454239	8.85339798776488
ENSG00000164236.12	9.26447564837554	9.27059075749598	9.57197121798591	9.518247134164	9.34590206306065	9.296957630126	9.32690851058298	9.50560727330223
ENSG00000251548.1	7.23871374446255	7.39275063909722	7.35352455666184	7.5386796252309	7.37255303911769	7.38968347960865	7.27193337104649	7.50957824954678
ENSG00000112977.16	9.89183794954481	9.8676409393493	10.0677328316687	9.86941089941405	9.81492080004321	9.76254904372232	10.0139165938881	9.87790271856334
ENSG00000243744.2	6.82925412814796	6.96172395444198	6.81775463736341	6.88799280253678	6.65419024516067	6.75267309804514	6.74702469803714	6.82938173877161
ENSG00000039139.11	7.26424750246052	7.24532990394283	7.59795691758673	7.22586302421196	7.51099567843774	7.69383250369366	7.473690062728	7.32867691594172
ENSG00000038382.23	10.4689025163408	10.2705936045739	10.529864022366	10.0885191422359	10.4057630235953	10.3936692741546	10.6519613366557	10.4630556528229
ENSG00000145569.6	6.6950477566315	7.00307188601783	6.70730724183813	6.98773058354613	6.43935831587626	6.59624643103017	6.43935831587626	6.79557899802678
ENSG00000250526.1	8.57587183772314	8.67300398253484	8.44325837336106	8.49150723908849	8.42835549183071	8.51420482874063	8.45183183932673	8.45065294908546
ENSG00000250182.3	7.07843383662775	7.17416839145007	6.99450908177647	7.14453248643456	6.9843346155731	6.88159019691735	7.1052465005924	7.16361990109882
ENSG00000261360.3	6.6950477566315	6.65358313805485	6.84787938213258	6.43935831587626	6.65419024516067	6.43935831587626	6.65711701827342	6.59898859408845
ENSG00000154124.6	7.80553511202083	7.80231252261367	7.6434846476837	7.77906373948945	7.68179846469262	7.70247920319046	7.67242820249571	7.87732084698278
ENSG00000154122.14	8.10647022090141	8.11774959575711	8.26287477355428	8.0281400779575	8.19703271078657	8.29437788994059	8.27474689705324	8.23171842826016
ENSG00000249485.1	8.41351725647478	8.31573587199899	8.33721404321627	8.33866927927742	8.41099554728992	8.1537052911248	8.41208574208337	8.22053022080322
ENSG00000250662.1	7.02655928775741	6.80972966199624	6.74861155170608	6.59853369009248	6.77856944871386	6.8227146949241	6.81581663390162	6.75813289054065
ENSG00000250247.1	6.98910180233029	7.25875213933517	7.108633685461	7.32621709880648	7.21987687823564	7.1995052785116	7.12223304218743	7.14651045137942
ENSG00000248699.1	7.02655928775741	7.14350454528051	7.37773757760165	7.16159600164277	7.17621052194296	7.49195645196654	7.08778312657617	7.34203568759579
ENSG00000183580.10	8.07427195590532	8.51076986048779	7.90175357110248	8.26546971698801	8.11093141227087	7.89105390319849	7.80084831253943	8.24280502154398
ENSG00000173545.5	7.79859690058102	7.9197643734435	7.84467468387166	7.88849986554341	7.96235606711256	8.05816921911942	7.84522578755965	8.08379413736791
ENSG00000154153.15	6.6950477566315	6.7776134688375	6.65824228849862	6.66435240536893	6.8403514729454	6.78948382610015	6.74702469803714	6.75813289054065
ENSG00000246214.3	6.73447480136818	6.65358313805485	6.74861155170608	6.66435240536893	6.70235148984962	6.75267309804514	6.65711701827342	6.71556510257389
ENSG00000145555.15	10.3636631871502	10.2190480465335	10.572344545537	10.6521389445324	10.9207678485664	11.4679386368961	10.5928668666976	10.7008013441356
ENSG00000243538.1	6.92727869079218	6.93971032520683	6.59420680516964	7.07131815276461	6.77856944871386	6.75267309804514	6.78317777422319	6.71556510257389
ENSG00000176788.9	10.1708853553974	10.2558927928819	9.96964033574488	9.70379767929798	10.4750831837762	10.5043353280707	10.114654940687	10.0713512651249
ENSG00000215196.5	6.96933030555932	6.93971032520683	7.14232897471387	6.85922707273188	6.9843346155731	7.02268748670147	6.99168415881239	6.88926596466494
ENSG00000250816.1	6.6950477566315	6.70160896022124	6.74861155170608	6.85922707273188	6.70235148984962	6.78948382610015	6.81581663390162	6.71556510257389
ENSG00000185296.8	6.88107787728229	7.04145533499291	6.84787938213258	6.71477957466235	6.89362786770973	6.90818894211843	7.03210343032744	6.8604197866415
ENSG00000223361.5	12.7919288528386	12.8952561130249	12.912547670994	13.2481475430347	13.2920794765714	12.9478236888061	12.6733422166993	12.8440542655375
ENSG00000269466.4	6.58710938520095	6.91664027450674	6.43935831587626	6.43935831587626	6.43935831587626	6.43935831587626	6.43935831587626	6.43935831587626
ENSG00000249937.9	6.6950477566315	6.70160896022124	6.78494942059072	6.71477957466235	6.74289715357801	6.8227146949241	6.84578904393387	6.75813289054065
ENSG00000240785.2	8.82646316328441	8.71147015539277	8.83706599533432	8.81650369304057	8.93896267341696	8.66796652108119	8.71456307157741	8.76087679576411
ENSG00000145526.12	6.64821876902176	6.43935831587626	6.65824228849862	6.59853369009248	6.77856944871386	6.66112256367871	6.7059310337478	6.71556510257389
ENSG00000214132.4	6.96933030555932	7.02259645964244	6.70730724183813	6.85922707273188	6.9411167951386	6.93331040795514	6.94789582579647	6.91631837934757
ENSG00000291102.1	7.04437464747588	7.00307188601783	6.87587918695416	6.96464476970857	7.02423010627822	6.90818894211843	7.06980315318122	6.91631837934757
ENSG00000213430.6	9.15327973790622	9.11609234786699	9.20986547529999	8.9940411827766	9.31064524473651	9.33720176746709	9.10625900848277	9.02738313671827
ENSG00000290530.1	6.64821876902176	6.65358313805485	6.70730724183813	6.43935831587626	6.59133753825452	6.59624643103017	6.7059310337478	6.59898859408845
ENSG00000249206.2	6.85599478395576	6.98280971378101	6.92694345216041	6.98773058354613	6.8403514729454	6.97993461237282	7.01226888740702	6.91631837934757
ENSG00000250332.1	8.26492382395191	8.59629104580153	8.47815904235688	8.55730778785526	8.6959725351359	8.92414156570665	8.33818487420542	8.7900324991038
ENSG00000226432.3	7.57380559050133	7.53712000475837	7.54030446467574	7.48466534449845	7.56830694149834	7.502619290972	7.56402775263437	7.62227113346484
ENSG00000040731.10	7.11066214356251	6.98280971378101	7.07301585918763	6.7945679420554	6.74289715357801	6.59624643103017	7.45232310044787	6.79557899802678
ENSG00000250099.1	6.58710938520095	6.7776134688375	6.59420680516964	6.82827584508646	6.43935831587626	6.71082973304335	6.65711701827342	6.88926596466494
ENSG00000251273.4	7.52006402892478	7.49820890347423	7.41277844705169	7.35264675280945	7.07919306364178	7.45918294560031	7.46307138551635	7.57270868804437
ENSG00000245662.4	9.11736702149809	9.11097377148787	9.43266936708921	9.44904274969784	9.24904196090883	9.42754450732773	9.21362234345761	9.44879398638583
ENSG00000251593.1	10.0463480135652	10.0230533764861	10.1896520654287	10.0842822660875	10.3099838330521	10.5033109462256	10.0469348772674	10.1109878679526
ENSG00000230571.2	6.94875647993495	7.11132852487279	6.90214012777943	6.94044784003456	6.9411167951386	6.78948382610015	6.94789582579647	7.03275316416137
ENSG00000248426.1	6.88107787728229	6.91664027450674	6.70730724183813	6.88799280253678	6.91798309639808	6.93331040795514	6.84578904393387	6.8604197866415
ENSG00000250337.10	7.19863772985699	7.09460393922451	7.32856396165289	7.09044865010935	7.37255303911769	7.16782794342023	7.05126089458285	6.8604197866415
ENSG00000162685.6	7.38053434470014	7.29763067505793	7.23426748932137	7.21034358070588	7.06144390694469	7.22980414512121	7.37306654578911	7.22805870833429
ENSG00000226400.2	6.92727869079218	6.80972966199624	6.84787938213258	6.59853369009248	6.8403514729454	6.71082973304335	6.7059310337478	6.82938173877161
ENSG00000249226.1	7.33605180474466	7.34659801429848	7.27612730333863	7.31266433276248	7.17621052194296	7.09953127654411	7.20110327591779	7.34203568759579
ENSG00000233787.3	6.58710938520095	6.65358313805485	6.70730724183813	6.71477957466235	6.43935831587626	6.43935831587626	6.74702469803714	6.71556510257389
ENSG00000250587.2	6.64821876902176	6.65358313805485	6.43935831587626	6.43935831587626	6.65419024516067	6.43935831587626	6.65711701827342	6.66499475927517
ENSG00000250118.1	6.85599478395576	6.8923522352928	6.65824228849862	6.94044784003456	6.9411167951386	6.8227146949241	6.8736476562819	6.94186705247055
ENSG00000289601.1	6.58710938520095	6.59090765639085	6.59420680516964	6.66435240536893	6.70235148984962	6.59624643103017	6.43935831587626	6.71556510257389
ENSG00000113361.13	8.6431217024879	8.00795014781586	10.1633049201246	9.06897964918231	9.08840210023362	8.72402335821737	10.1378078641298	8.92699765924311
ENSG00000113360.17	8.62225614200748	8.64430641121164	8.60900891745341	8.8059194590331	8.5863174055426	8.65260683577441	8.53188987664903	8.66144183438734
ENSG00000082213.18	7.67298833912015	7.71086387004231	7.80741358384332	8.00825750104161	7.82763930614689	7.89823722768494	7.65517527402342	7.8544179502028
ENSG00000133401.16	6.76916552526763	7.11132852487279	6.95050159174117	7.24105354332556	7.06144390694469	7.04287267906183	6.92445549075663	7.49862191757299
ENSG00000248878.1	7.1261710930758	7.04145533499291	7.05438194769747	6.96464476970857	7.19107340526396	7.15141483343935	7.1706605785019	6.94186705247055
ENSG00000224282.3	9.38151239575194	9.52460791959299	9.3585664607945	9.03949583344641	9.11950385442488	9.0816831971664	9.02125855068307	9.03341814102266
ENSG00000243914.1	7.57380559050133	7.62785634402111	7.46815828495789	7.47346354243093	7.33710086212212	7.27299680592007	7.34896630445935	7.25820899452454
ENSG00000214108.4	8.85323928239706	8.74213170925307	8.45645812600074	8.67188000891043	8.26273716123835	8.47051459230345	8.50297187331067	8.45065294908546
ENSG00000249774.1	9.43461086388809	9.35478101860192	9.15911173165571	9.13725583901747	8.95640045173388	9.11770208122966	9.03252778596988	9.04839002062018
ENSG00000113384.14	9.44230844572593	9.70316923259094	9.29911530726737	9.68330522719459	9.36105045412285	9.40550130786865	9.48730049057133	9.80535239924704
ENSG00000272086.2	6.98910180233029	7.09460393922451	6.95050159174117	6.98773058354613	6.89362786770973	6.8227146949241	6.8736476562819	7.07309757459527
ENSG00000150712.11	8.13781480581551	8.18739680967067	8.20535612129094	8.49150723908849	8.03605297951628	8.070543514736	8.26469194815268	8.46459623992219
ENSG00000056097.16	9.35928672640187	9.45633444040506	9.46207547951528	9.63947050862962	9.59077125416536	9.81000217975333	9.44421522650957	9.58673226808771
ENSG00000249142.1	8.15826221817368	8.10108220150691	8.13366018703028	8.1348184920743	8.13304510001667	8.08886318911581	8.07962232608934	8.19210081368291
ENSG00000113387.12	9.4594746585047	9.19308795096188	9.16684486795765	9.12050241903781	9.33058703702164	9.2076750358575	9.35606408363811	9.15987475250112
ENSG00000113389.16	8.93606634578843	9.74122533250217	9.67031391457827	10.3004188111814	10.0192213298297	10.9459329643753	9.81877457105785	10.5187009948028
ENSG00000251062.1	7.68081969377741	7.77271004383747	7.28957509974307	7.45062524252812	7.44982701895604	7.37752396094456	7.38485590504998	7.39336951568624
ENSG00000250672.1	7.17058439460064	7.31016218469815	7.23426748932137	7.21034358070588	7.20562298294026	7.04287267906183	7.154911022967	7.12894230165379
ENSG00000240376.1	11.9644055774469	12.0396037116956	11.8975780351835	11.6163609543702	11.6386233799087	11.5503739595321	11.609962084906	11.5781950500372
ENSG00000249572.3	6.76916552526763	6.80972966199624	6.65824228849862	6.71477957466235	6.77856944871386	6.8227146949241	6.78317777422319	6.88926596466494
ENSG00000113407.14	8.6670530370599	8.59629104580153	9.00034768204237	8.64815844871383	8.95640045173388	8.75655316414078	8.90002402287847	8.68895647863393
ENSG00000249360.1	7.19863772985699	7.54659591578931	7.21976318525012	7.09044865010935	7.32492677304778	7.44798233521901	7.28531745965193	7.30126033386385
ENSG00000151388.11	8.05230461342198	8.03786305649687	8.80054892967666	8.55302376670462	8.28226486638574	8.65260683577441	8.29461419602058	8.28617587717842
ENSG00000250914.1	7.42274436180699	7.40389744949579	7.53034106345312	7.50665748875958	7.71425625019853	7.502619290972	7.49455448047414	7.53110350692585
ENSG00000242110.9	6.64821876902176	6.65358313805485	6.65824228849862	6.59853369009248	6.74289715357801	6.43935831587626	6.59340998201429	6.59898859408845
ENSG00000250767.1	6.82925412814796	6.83922341908603	6.59420680516964	6.75722721090719	6.59133753825452	6.71082973304335	6.43935831587626	6.66499475927517
ENSG00000082196.21	6.58710938520095	6.74204092910778	6.74861155170608	6.66435240536893	6.65419024516067	6.59624643103017	6.74702469803714	6.71556510257389
ENSG00000290548.1	6.73447480136818	6.80972966199624	6.70730724183813	6.7945679420554	6.70235148984962	6.75267309804514	6.78317777422319	6.66499475927517
ENSG00000039560.14	9.8464770288985	10.0363741819458	10.0096926008181	10.4326847922754	10.085149313901	10.8638385261884	10.1505099548146	10.3937525983756
ENSG00000272323.1	6.43935831587626	6.59090765639085	6.65824228849862	6.59853369009248	6.65419024516067	6.43935831587626	6.65711701827342	6.66499475927517
ENSG00000205838.15	6.58710938520095	6.7776134688375	6.65824228849862	6.82827584508646	6.81077545829778	6.75267309804514	6.74702469803714	6.8604197866415
ENSG00000113456.20	8.27417369351725	8.70801911918323	8.28815366201231	8.74800873422777	8.26764819178643	8.75297780641009	8.19189505300651	8.80080379345103
ENSG00000113460.13	7.41238824137725	7.85221901848855	7.70389168969008	8.36380300633914	7.79118566849827	8.25279400122615	7.68938864382459	8.03227402989139
ENSG00000168724.18	8.53153608822402	8.7387596438413	8.78361504625256	9.15654709225558	8.55154324053547	8.87602151525034	8.67122332465594	8.98749091307929
ENSG00000152582.14	7.04437464747588	7.11132852487279	7.30279019145036	7.31266433276248	7.26101773105511	7.38968347960865	7.33664123728787	7.27283391984739
ENSG00000168685.15	6.94875647993495	7.05970936267722	7.09108446280084	6.98773058354613	6.9843346155731	7.2868549344026	6.74702469803714	6.94186705247055
ENSG00000164187.7	7.8594816048451	7.81680983412215	7.86642973277182	8.0281400779575	7.84188057790797	7.77718778579345	7.98776841473523	8.06473967964075
ENSG00000145604.17	7.71909075774064	8.08983849887901	8.12796323213583	8.44569124004405	7.95599399335361	8.43445610703703	7.83063603694373	8.49655168305215
ENSG00000152620.13	7.63287959510278	7.61915959597515	7.51008444991109	7.65688835387656	7.61353718986338	7.53387740100055	7.66383909367207	7.56247942439768
ENSG00000245711.2	6.64821876902176	6.65358313805485	6.59420680516964	6.66435240536893	6.65419024516067	6.59624643103017	6.65711701827342	6.59898859408845
ENSG00000164188.9	6.64821876902176	6.65358313805485	6.59420680516964	6.75722721090719	6.43935831587626	6.59624643103017	6.59340998201429	6.71556510257389
ENSG00000079215.15	7.18475458628006	7.17416839145007	6.97297967273664	6.75722721090719	7.02423010627822	7.08123610055129	6.94789582579647	6.75813289054065
ENSG00000285967.1	7.50143111481955	7.31016218469815	7.40126016169906	7.32621709880648	7.37255303911769	7.31384000488249	7.38485590504998	7.41789235457719
ENSG00000164190.19	8.90807545431443	8.85508584152178	9.06275394173773	8.99711910277762	9.08051522961713	8.94912229620664	8.98397666783147	9.15712629523582
ENSG00000244073.1	10.3825735827498	10.4149338089635	10.4430101350158	10.3004188111814	10.2342679820007	10.1255196545802	10.6367394766206	10.7282687274052
ENSG00000197603.16	8.16331997210664	8.20803992579713	8.38441951326385	8.11668125922711	8.39339434881237	8.29437788994059	8.42990427337695	8.31252853124417
ENSG00000271378.1	6.6950477566315	6.43935831587626	6.74861155170608	6.59853369009248	6.43935831587626	6.59624643103017	6.43935831587626	6.66499475927517
ENSG00000228212.1	7.60800394643117	7.48821493471538	7.71223310073222	7.82733273254756	7.89030440305121	7.99423679139767	8.09715487552138	7.88484987668438
ENSG00000113569.16	8.0578353284304	7.68667566748816	7.72050690154538	7.96047627989416	7.89705074552145	7.76914719723914	8.03154225923845	7.8544179502028
ENSG00000082068.9	8.09583497938652	8.11774959575711	8.02664925943111	8.06053677638145	8.16546499009928	7.98764365952469	8.04980569809878	8.22613715921755
ENSG00000248216.1	7.70395500220955	7.80958579722031	7.66111972875557	7.97433396014109	7.54959328369672	8.03301906744208	7.48418315538238	8.18053948215222
ENSG00000248587.8	7.00815477285245	7.14350454528051	6.95050159174117	7.10899739952712	7.02423010627822	7.04287267906183	7.18605069584968	7.14651045137942
ENSG00000168621.15	6.94875647993495	7.33463785012026	7.03512952892631	7.56963165650772	7.26101773105511	7.64944708244119	7.154911022967	7.8151377702856
ENSG00000164318.18	6.64821876902176	6.65358313805485	6.43935831587626	6.43935831587626	6.59133753825452	6.43935831587626	6.74702469803714	6.59898859408845
ENSG00000113594.10	8.0299147144838	8.14501891523541	7.8877598470217	8.29211160523288	7.96235606711256	7.95409218281053	8.26972968661156	8.53212517402509
ENSG00000244968.7	6.6950477566315	6.59090765639085	6.59420680516964	6.71477957466235	6.43935831587626	6.75267309804514	6.7059310337478	6.66499475927517
ENSG00000249740.4	6.88107787728229	6.74204092910778	6.81775463736341	6.71477957466235	6.70235148984962	6.88159019691735	6.84578904393387	6.71556510257389
ENSG00000145623.13	10.1651405226579	10.4291015453826	10.3472081736217	10.6368441768705	10.5261396608804	11.1366970032107	10.1842510129437	10.6336203433831
ENSG00000164327.14	8.18334081899439	8.39298980959287	8.47384820350297	8.44569124004405	8.43265863852243	8.55646227598409	8.40759170327775	8.5538710723008
ENSG00000082074.19	6.43935831587626	6.59090765639085	6.70730724183813	6.59853369009248	6.59133753825452	6.66112256367871	6.74702469803714	6.59898859408845
ENSG00000251215.1	7.6491186765162	7.62785634402111	7.6434846476837	7.64756992068165	7.5775261695505	7.75287839232026	7.64643508021	7.61256061542771
ENSG00000153071.15	11.1068179432129	11.1692930238482	11.263973723688	11.4679387571953	11.4604259146122	11.3495585668409	11.2635415717979	11.4751533116475
ENSG00000271334.6	6.43935831587626	6.65358313805485	6.59420680516964	6.59853369009248	6.59133753825452	6.66112256367871	6.74702469803714	6.43935831587626
ENSG00000250492.1	7.79161306754496	7.75759056734335	7.80741358384332	7.78726249992622	7.89705074552145	7.91951179134216	7.7932695457284	7.7319343120311
ENSG00000113638.14	7.57380559050133	7.56526380531823	7.48936634673305	7.59960123566234	7.58665669470262	7.51315796183049	7.62871859695107	7.50957824954678
ENSG00000171522.6	7.71155094230012	7.31016218469815	7.51008444991109	7.24105354332556	7.69001099865491	8.07668191413005	7.77020173600278	7.4298931698597
ENSG00000132356.12	9.02194434583822	9.61849984168388	9.0403892939108	9.56187441826708	8.88829989971754	9.55497388963351	9.06304729136475	9.6691621638659
ENSG00000145592.14	11.5227559983086	11.6282568486292	11.4407607056075	11.1581591810549	11.3242673621606	11.3444321709915	11.2808951368697	11.2176910281716
ENSG00000132357.14	8.01855522723602	8.37075772098646	8.02664925943111	8.4029997055338	8.09971787324824	8.27894784122235	8.01298582220099	8.23727429489038
ENSG00000112936.21	7.53832524413779	10.3083416384374	7.61642462857309	8.7772783144962	8.3482849188608	10.2880850077357	7.52497322330101	9.30813543004314
ENSG00000248120.1	7.00815477285245	7.04145533499291	6.90214012777943	6.98773058354613	7.09643284881219	7.02268748670147	7.01226888740702	6.91631837934757
ENSG00000039537.16	6.43935831587626	6.74204092910778	6.59420680516964	6.94044784003456	6.8403514729454	7.02268748670147	6.59340998201429	6.82938173877161
ENSG00000182836.11	6.43935831587626	6.80972966199624	6.59420680516964	6.43935831587626	6.59133753825452	7.21481668735571	6.65711701827342	6.79557899802678
ENSG00000083720.13	8.00708261705269	8.44056642674027	8.37511930196505	8.81298490316745	8.13850986341637	8.5099020212802	8.15930737887442	8.6414303458556
ENSG00000248668.3	6.6950477566315	6.65358313805485	6.59420680516964	6.66435240536893	6.43935831587626	6.59624643103017	6.59340998201429	6.66499475927517
ENSG00000205765.10	8.45407918126901	8.73537899644386	8.370443296528	8.70668072556735	8.50367605280457	8.72767738355001	8.48191097539623	8.82911046168424
ENSG00000151876.13	7.22560372627965	7.32249514707143	7.21976318525012	7.37823908357656	7.17621052194296	6.95716985536871	7.230272921022	7.18030257494647
ENSG00000249266.1	7.19863772985699	7.17416839145007	7.12570350423684	7.36554313971766	7.16101486394347	6.85322918326179	7.40794524758021	7.4298931698597
ENSG00000112964.14	7.3009847601845	7.39275063909722	7.24848656199303	7.28482816674212	6.9411167951386	6.8227146949241	7.28531745965193	7.28717967992664
ENSG00000248873.1	8.68388436688185	9.0533715079059	8.72437543394279	8.84087994853201	8.78415638392429	8.93356339926647	8.62260474882839	9.02132133225047
ENSG00000250860.1	6.90477164752875	6.80972966199624	7.01519640410775	6.9149699960699	6.89362786770973	6.95716985536871	7.01226888740702	6.96613105083845
ENSG00000198865.10	7.4530841931163	7.32249514707143	7.43535750935192	7.33954120017837	7.299997787177	7.27299680592007	7.36110563055957	7.35517524719191
ENSG00000250722.6	10.1845792884266	10.5772504250189	10.040389615197	10.5699575111432	9.58528051877173	9.94654287214909	10.2693484724825	10.5853496251367
ENSG00000286271.3	6.43935831587626	6.65358313805485	6.43935831587626	6.71477957466235	6.70235148984962	6.43935831587626	6.65711701827342	6.75813289054065
ENSG00000249092.1	6.80048767211086	6.86663834971125	6.70730724183813	6.7945679420554	6.70235148984962	6.66112256367871	6.74702469803714	6.75813289054065
ENSG00000249516.1	6.6950477566315	6.59090765639085	6.70730724183813	6.66435240536893	6.70235148984962	6.71082973304335	6.59340998201429	6.71556510257389
ENSG00000250711.1	6.58710938520095	6.59090765639085	6.65824228849862	6.66435240536893	6.59133753825452	6.71082973304335	6.59340998201429	6.71556510257389
ENSG00000287263.3	6.92727869079218	7.14350454528051	7.15854104139589	7.09044865010935	6.9411167951386	7.02268748670147	7.13877762248489	7.01145139339895
ENSG00000286656.2	6.76916552526763	6.74204092910778	6.78494942059072	6.66435240536893	6.65419024516067	6.78948382610015	6.7059310337478	6.82938173877161
ENSG00000177738.6	7.02655928775741	7.02259645964244	6.90214012777943	7.03108379795622	6.89362786770973	7.04287267906183	7.03210343032744	6.88926596466494
ENSG00000177721.5	6.6950477566315	6.86663834971125	6.74861155170608	6.71477957466235	6.74289715357801	6.43935831587626	6.81581663390162	6.66499475927517
ENSG00000215068.10	7.40190410202062	7.11132852487279	7.27612730333863	7.07131815276461	7.48093586964645	7.2588783846982	7.38485590504998	7.32867691594172
ENSG00000272144.1	6.43935831587626	6.59090765639085	6.65824228849862	6.71477957466235	6.77856944871386	6.43935831587626	6.59340998201429	6.43935831587626
ENSG00000172262.12	7.85288378024292	7.87973707513203	7.66982120414353	7.94644659356849	7.90375614907524	7.94038770362925	7.88785565950243	7.90713315431907
ENSG00000278487.1	6.6950477566315	6.83922341908603	6.97297967273664	6.71477957466235	6.70235148984962	6.8227146949241	6.78317777422319	6.8604197866415
ENSG00000177453.7	7.06165156972064	6.8923522352928	6.90214012777943	6.66435240536893	7.14546483287167	7.08123610055129	7.24442409608208	6.75813289054065
ENSG00000249779.1	6.76916552526763	6.65358313805485	6.74861155170608	6.43935831587626	6.77856944871386	6.66112256367871	6.78317777422319	6.66499475927517
ENSG00000247763.2	11.1020348823977	10.0807545368356	10.8840613618695	9.68330522719459	10.5598100721366	10.1650117173837	10.396193352598	9.34705394771738
ENSG00000112972.15	7.69630188053823	7.40389744949579	7.62552814576381	7.48466534449845	7.63105131876296	7.43663582560659	7.57354186617709	7.41789235457719
ENSG00000188850.9	6.43935831587626	6.43935831587626	6.70730724183813	6.66435240536893	6.59133753825452	6.59624643103017	6.65711701827342	6.59898859408845
ENSG00000151882.11	7.07843383662775	7.04145533499291	7.17436718409092	6.96464476970857	7.17621052194296	7.27299680592007	7.154911022967	7.05327662428992
ENSG00000151881.15	7.47273975491118	7.46788550087199	7.31578320203042	7.40306160487349	7.38403630536324	7.32698938300757	7.54470548054276	7.27283391984739
ENSG00000249492.3	6.58710938520095	6.74204092910778	6.65824228849862	6.59853369009248	6.65419024516067	6.66112256367871	6.65711701827342	6.59898859408845
ENSG00000172244.9	6.85599478395576	6.80972966199624	6.81775463736341	6.82827584508646	6.77856944871386	6.75267309804514	6.89977654313986	6.66499475927517
ENSG00000249855.1	6.88107787728229	6.83922341908603	6.87587918695416	6.85922707273188	6.77856944871386	6.66112256367871	6.8736476562819	6.79557899802678
ENSG00000172239.14	8.52777199916961	8.38414399277109	8.37511930196505	8.38355375067428	8.59770531040412	8.50125302940529	8.4561724393225	8.42230018274426
ENSG00000248092.8	7.48240614695841	7.53712000475837	7.55016197307786	7.5897156223468	7.68179846469262	7.42513829273537	7.7932695457284	7.46492723626823
ENSG00000112992.18	8.92493936515648	8.93032061459397	8.78361504625256	8.84432640469917	9.03766706038214	8.82950422179242	9.07125396157868	8.99680102071529
ENSG00000224993.3	8.99833398154462	9.07985484521226	8.86301328031826	8.66007268819075	8.86378439842377	8.74939281485308	8.70743773746501	8.76822570367433
ENSG00000070193.5	7.98965565915041	7.44707726361988	7.07301585918763	6.96464476970857	7.74571447980836	7.31384000488249	7.38485590504998	7.03275316416137
ENSG00000251141.6	7.07843383662775	6.91664027450674	6.99450908177647	7.03108379795622	7.06144390694469	6.93331040795514	6.92445549075663	6.94186705247055
ENSG00000112996.11	8.04116367647417	7.80958579722031	7.90868459005715	7.87352666107061	8.03605297951628	7.86921823426047	7.90856562304329	8.05186195708522
ENSG00000272335.1	7.06165156972064	7.18899186515845	7.15854104139589	7.22586302421196	7.14546483287167	7.08123610055129	7.2158380607488	7.09228017073694
ENSG00000170571.12	7.21224938124028	7.04145533499291	7.108633685461	7.17823401500456	8.01806780031752	8.22065466710266	6.97026181459213	6.8604197866415
ENSG00000151883.19	7.70395500220955	7.72667604685279	7.66982120414353	7.46211847900853	7.95599399335361	7.93347225594863	7.53489200646806	7.60275175302611
ENSG00000289056.2	7.04437464747588	6.93971032520683	6.78494942059072	6.88799280253678	6.9843346155731	7.04287267906183	7.05126089458285	6.88926596466494
ENSG00000152684.11	7.8594816048451	7.89993177286897	7.76880258900063	7.63816271278865	7.94959585241535	7.95409218281053	7.67242820249571	7.58282854979468
ENSG00000213949.10	8.23674875246296	8.70108993060885	8.46518272977956	8.57430387309023	8.7305857965785	8.94912229620664	8.19189505300651	8.81503190516802
ENSG00000164171.11	8.61874601296489	8.05544664853285	8.23183726740843	7.86596265754316	8.69947487683988	7.95409218281053	8.51130056949803	8.04536930301524
ENSG00000164172.20	8.42582231435161	8.2679490182561	8.56147516681124	8.31301946053282	8.64593755429401	8.24749574962576	8.56017490710618	8.16886621714788
ENSG00000247796.3	7.06165156972064	6.86663834971125	7.23426748932137	7.05155119182893	7.06144390694469	6.85322918326179	7.24442409608208	6.94186705247055
ENSG00000213940.4	8.12224592814166	8.22833783965721	8.19998993022217	8.18187984015923	8.26273716123835	8.17079426181621	8.18113013739764	8.23171842826016
ENSG00000285831.1	6.64821876902176	6.43935831587626	6.74861155170608	6.43935831587626	6.59133753825452	6.59624643103017	6.78317777422319	6.43935831587626
ENSG00000240052.1	10.3894780330315	10.4707823483441	9.80198304953063	9.75465673299873	9.80396921729102	9.85591644049822	9.81237228038042	9.74703872721224
ENSG00000134363.12	9.60518683789282	8.21823120566873	10.5091364955078	8.8374246245914	10.1798574635427	9.12859738604347	9.8091602477728	8.54086742252703
ENSG00000164258.12	8.1480822182849	8.00187314249238	8.18374712640244	7.98119985167366	8.10533794004156	7.95409218281053	8.03154225923845	7.83887705215951
ENSG00000217791.4	7.71155094230012	7.55597636827698	7.72050690154538	7.48466534449845	8.14936488059002	8.15942870054818	7.71430726161147	7.65083684186193
ENSG00000185305.12	8.01283322881979	8.10666413066704	8.30307635733182	8.25464946245226	8.18135214003151	7.78516739639465	8.07962232608934	8.33833386910333
ENSG00000169271.3	6.85599478395576	7.07741058769147	6.90214012777943	7.35264675280945	6.74289715357801	7.5235761604705	6.78317777422319	7.03275316416137
ENSG00000178996.14	9.80555925286482	9.56772934982619	9.83745633918904	9.95558249169991	9.895202493621	10.0571657844167	10.0537183118847	9.89262892095393
ENSG00000287367.2	6.43935831587626	6.43935831587626	6.74861155170608	6.75722721090719	6.43935831587626	6.71082973304335	6.43935831587626	6.43935831587626
ENSG00000232517.2	6.64821876902176	6.43935831587626	6.59420680516964	6.59853369009248	6.74289715357801	6.88159019691735	6.74702469803714	6.59898859408845
ENSG00000226810.3	7.50143111481955	7.31016218469815	7.6784475540936	7.36554313971766	7.46031916101711	7.48116555352195	7.56402775263437	7.44172872617975
ENSG00000164283.13	6.6950477566315	6.74204092910778	6.87587918695416	6.85922707273188	6.77856944871386	6.66112256367871	6.78317777422319	6.71556510257389
ENSG00000164294.14	10.0919121719379	9.61314694749733	10.0040394570704	9.50978118511178	9.91567151858994	9.4937505159589	10.1068529571339	9.6265867687935
ENSG00000067248.11	8.55389345600243	8.68360636581572	8.64734040416236	8.54008606864482	8.67832015942962	8.80906402339697	8.61112440822281	8.46459623992219
ENSG00000039123.16	8.66366081654668	8.68360636581572	8.6845849202979	8.77002098334493	8.55935168728202	8.62922532976403	8.71811141461087	8.7120925054733
ENSG00000271410.1	6.58710938520095	6.59090765639085	6.59420680516964	6.43935831587626	6.70235148984962	6.43935831587626	6.74702469803714	6.66499475927517
ENSG00000067113.17	8.88237824308768	8.61125356581869	8.75258170419509	8.44569124004405	8.85758515165156	8.05816921911942	9.25481139273745	8.41751261121546
ENSG00000250853.1	6.80048767211086	6.83922341908603	6.81775463736341	6.88799280253678	7.07919306364178	6.71082973304335	6.92445549075663	6.79557899802678
ENSG00000177058.12	7.60800394643117	7.54659591578931	7.6784475540936	7.68433149028365	7.61353718986338	7.65848352294689	7.62871859695107	7.5416801600786
ENSG00000248854.1	6.6950477566315	6.74204092910778	6.65824228849862	6.75722721090719	6.59133753825452	6.43935831587626	6.43935831587626	6.43935831587626
ENSG00000164509.16	7.69630188053823	7.27193565334964	7.17436718409092	6.98773058354613	7.04314031960162	6.95716985536871	7.12223304218743	6.71556510257389
ENSG00000134352.21	13.0203101834352	12.836717707219	13.0586473516853	13.3006558938416	12.6352644595419	12.9762452617132	13.2237438941511	13.3206563097263
ENSG00000264281.3	11.1589835990073	11.2714121638932	11.4129397190801	11.0295617597059	11.3089828721288	11.1884919406156	11.0912618644375	10.9535785894387
ENSG00000227908.5	6.64821876902176	6.70160896022124	6.59420680516964	6.59853369009248	6.65419024516067	6.43935831587626	6.59340998201429	6.43935831587626
ENSG00000243592.1	9.12703580958091	9.19308795096188	8.91654561956451	8.88500940566583	9.01018829352893	8.88253750552895	8.77363201269073	8.76455631712234
ENSG00000251435.1	7.31284912597803	7.40389744949579	7.51008444991109	7.46211847900853	7.31256185219234	7.47024249410971	7.33664123728787	7.40572002503538
ENSG00000248781.1	7.83284596275836	7.89993177286897	7.79980317571104	7.82733273254756	7.77624648061692	7.89823722768494	7.72247987380231	7.86210577694485
ENSG00000248727.6	6.64821876902176	6.74204092910778	6.84787938213258	6.7945679420554	6.70235148984962	6.59624643103017	6.7059310337478	6.79557899802678
ENSG00000226221.1	6.6950477566315	6.59090765639085	7.14232897471387	6.88799280253678	7.21987687823564	7.06236787266546	7.03210343032744	6.88926596466494
ENSG00000095015.6	7.64103263573616	7.5744605664324	7.84467468387166	7.71104619633136	7.42845531208544	7.59340550825574	7.76239860022902	7.58282854979468
ENSG00000155542.12	6.90477164752875	6.80972966199624	6.92694345216041	6.75722721090719	7.00465224079014	7.08123610055129	7.01226888740702	7.09228017073694
ENSG00000155545.20	7.92955587820145	7.85221901848855	7.92922206635735	7.78726249992622	7.76109202931333	7.77718778579345	7.81584583690489	7.86210577694485
ENSG00000250480.3	6.92727869079218	7.04145533499291	6.84787938213258	6.88799280253678	6.89362786770973	7.08123610055129	6.97026181459213	6.8604197866415
ENSG00000062194.16	8.50878508744372	8.40177407337012	8.66236488354606	8.48247426408445	8.54368746844172	8.57298670203543	8.58000746612736	8.45531765181185
ENSG00000248271.1	6.64821876902176	6.70160896022124	6.74861155170608	6.71477957466235	6.77856944871386	6.59624643103017	6.81581663390162	6.66499475927517
ENSG00000145632.15	7.99549418333944	7.54659591578931	8.45207336949404	7.83516984902588	8.27253970302693	7.90537417662272	7.97494782196698	7.5928419639991
ENSG00000240412.1	6.85599478395576	6.8923522352928	6.74861155170608	6.88799280253678	6.77856944871386	6.88159019691735	6.78317777422319	6.79557899802678
ENSG00000113448.21	7.52923989641698	8.04375387383245	7.23426748932137	7.25593362173179	8.01806780031752	8.5270277620234	7.27193337104649	7.31508878620013
ENSG00000251306.1	7.02655928775741	7.02259645964244	6.87587918695416	7.09044865010935	7.02423010627822	6.97993461237282	6.97026181459213	6.98928066440998
ENSG00000213896.4	7.66509522035338	7.67022199165375	7.49978479649954	7.70221924781346	7.4706875236321	7.6311221033865	7.59228848521555	7.53110350692585
ENSG00000214244.4	7.84624563766608	8.06124930019699	8.06341626803668	8.0412074448204	8.11093141227087	8.07668191413005	8.07962232608934	8.18053948215222
ENSG00000035499.13	6.80048767211086	6.65358313805485	6.59420680516964	6.66435240536893	6.77856944871386	6.75267309804514	6.84578904393387	6.43935831587626
ENSG00000049167.16	7.57380559050133	7.42575936841455	7.51008444991109	7.33954120017837	7.53049652038317	7.41348430139145	7.65517527402342	7.53110350692585
ENSG00000164182.12	7.65713909464603	7.66189258761927	7.58858841204689	7.51745639052461	7.63969203824786	7.71105292743666	7.54470548054276	7.5416801600786
ENSG00000188725.8	8.30601310289634	8.2630670078437	8.22131384117443	8.34878338909221	8.16012227349574	8.41138954076212	8.30442945904668	8.28617587717842
ENSG00000251279.3	6.6950477566315	6.59090765639085	6.43935831587626	6.66435240536893	6.77856944871386	6.75267309804514	6.78317777422319	6.66499475927517
ENSG00000130449.6	8.08510291865735	7.9197643734435	8.16174408210921	8.15268377873029	8.19703271078657	8.17079426181621	7.96198086873598	7.97142893434587
ENSG00000250461.1	7.43297652662458	7.33463785012026	7.36572076328742	7.33954120017837	7.37255303911769	7.32698938300757	7.29847011027295	7.38083371180933
ENSG00000213891.3	8.85029038050967	9.05604302067371	8.70282001316962	8.6990260707321	8.44122149723114	8.62922532976403	8.56017490710618	8.66144183438734
ENSG00000068796.19	8.21759817148985	8.24334254619805	8.28815366201231	8.05412926593012	8.30148850761659	8.25806946596233	8.08549559786007	8.15707849028864
ENSG00000086189.11	7.59956810832586	7.50809339359925	7.40126016169906	7.42717312377348	7.4706875236321	7.41348430139145	7.39648013019841	7.53110350692585
ENSG00000086200.17	7.94792425882723	7.80958579722031	8.00147196549371	7.85834589071616	7.87668645069667	7.98101219752136	7.98137616765061	7.80710639623428
ENSG00000268942.2	7.21224938124028	6.98280971378101	7.17436718409092	7.12701163853944	7.07919306364178	7.04287267906183	7.1052465005924	7.01145139339895
ENSG00000240436.1	6.90477164752875	6.70160896022124	6.65824228849862	6.66435240536893	6.59133753825452	6.66112256367871	6.43935831587626	6.59898859408845
ENSG00000217416.4	7.54732234933451	7.58356889364687	7.44642870137219	7.56963165650772	7.36090700209148	7.68511125196689	7.4192569214772	7.56247942439768
ENSG00000248185.1	6.43935831587626	6.65358313805485	6.65824228849862	6.75722721090719	6.70235148984962	6.59624643103017	6.65711701827342	6.79557899802678
ENSG00000164197.12	6.6950477566315	6.83922341908603	6.78494942059072	6.85922707273188	6.59133753825452	6.43935831587626	6.74702469803714	6.71556510257389
ENSG00000153006.16	7.8192775516661	7.9197643734435	7.79213787144315	7.97433396014109	7.7686966415592	7.95409218281053	7.78563618477975	8.08379413736791
ENSG00000153015.17	7.94183480894215	7.87973707513203	7.89477888006559	7.98119985167366	8.07120804896537	7.98764365952469	7.84522578755965	7.86973977394016
ENSG00000049192.15	7.21224938124028	7.29763067505793	7.43535750935192	7.24105354332556	7.49106777286467	7.30046544496281	7.25830639574145	6.88926596466494
ENSG00000248288.1	8.60815875893794	8.64067475853043	8.47815904235688	8.68746033261379	8.45817646505163	8.55646227598409	8.54003456426915	8.54521649443562
ENSG00000123219.13	6.92727869079218	6.91664027450674	6.97297967273664	6.82827584508646	6.77856944871386	6.66112256367871	7.01226888740702	6.71556510257389
ENSG00000113593.12	8.03555285264975	8.04375387383245	8.12223885824832	8.07324726887114	8.01200987085907	8.07668191413005	8.16480032327658	8.10872894644836
ENSG00000113595.15	7.75598276436193	7.6948027216387	7.76880258900063	7.95348325587438	7.82763930614689	7.85441524318614	7.88086502223893	8.0190288400822
ENSG00000113597.18	7.47273975491118	7.47810826308903	7.71223310073222	7.61907318227621	7.62233362512269	7.53387740100055	7.61973865045292	7.39336951568624
ENSG00000253251.3	6.90477164752875	6.74204092910778	6.65824228849862	6.59853369009248	6.74289715357801	6.43935831587626	6.78317777422319	6.66499475927517
ENSG00000197860.10	7.7413835475084	8.12325369656868	7.78441668685265	8.21600742452963	7.77624648061692	8.15942870054818	7.61973865045292	8.14517367778472
ENSG00000123213.23	7.71909075774064	8.30159248656664	7.75295238609057	7.97433396014109	7.77624648061692	8.34446818342049	7.81584583690489	8.08379413736791
ENSG00000112851.16	9.26447564837554	9.48795846787022	9.22226771690929	9.70379767929798	9.35889645853149	9.64395646530427	9.29481128300492	9.57251210198624
ENSG00000269961.1	6.43935831587626	6.7776134688375	6.43935831587626	6.59853369009248	6.43935831587626	6.59624643103017	6.65711701827342	6.66499475927517
ENSG00000153914.16	8.85618173082018	8.86433880957856	8.77335066724851	8.95020245611273	8.99343124550166	8.89225283174366	9.04091909454239	8.818565433407
ENSG00000234838.3	6.64821876902176	6.59090765639085	6.65824228849862	6.71477957466235	6.59133753825452	6.59624643103017	6.59340998201429	6.71556510257389
ENSG00000069020.19	8.51641343303544	8.03194214479003	8.60511329809757	8.02155059601731	8.59012443751461	8.26855291877165	8.40308165206878	8.00562961990465
ENSG00000249364.7	6.43935831587626	6.93971032520683	6.43935831587626	6.96464476970857	6.43935831587626	6.59624643103017	6.43935831587626	6.91631837934757
ENSG00000250978.5	6.43935831587626	7.21771925882314	6.43935831587626	7.24105354332556	6.43935831587626	7.06236787266546	6.43935831587626	7.28717967992664
ENSG00000250669.1	6.96933030555932	6.91664027450674	6.84787938213258	7.07131815276461	7.04314031960162	6.97993461237282	6.84578904393387	6.8604197866415
ENSG00000273860.1	6.90477164752875	6.96172395444198	6.78494942059072	6.85922707273188	6.91798309639808	6.8227146949241	6.81581663390162	6.88926596466494
ENSG00000213864.3	10.4206237377387	10.5790653630873	10.3649107849983	10.1438390257424	10.3253106899051	10.1148010205583	10.2482496735243	10.055472858075
ENSG00000145675.16	8.81741771675401	10.2840306046481	9.21732016266026	10.4293562933823	8.77757669509612	9.33953319190771	9.02690479808765	10.6604912020402
ENSG00000250289.1	6.64821876902176	6.70160896022124	6.43935831587626	6.59853369009248	6.70235148984962	6.59624643103017	6.74702469803714	6.79557899802678
ENSG00000145740.20	8.48562487284833	8.49051788464214	8.50372422706338	8.55730778785526	8.48319436760606	8.51420482874063	8.47338885266925	8.49655168305215
ENSG00000134057.15	7.06165156972064	7.31016218469815	7.20495732381457	7.16159600164277	7.26101773105511	7.06236787266546	7.12223304218743	7.05327662428992
ENSG00000280187.2	7.07843383662775	6.74204092910778	6.95050159174117	6.59853369009248	6.89362786770973	6.75267309804514	6.89977654313986	6.75813289054065
ENSG00000153044.10	7.11066214356251	6.93971032520683	6.90214012777943	6.82827584508646	6.86784265543588	6.75267309804514	7.03210343032744	6.79557899802678
ENSG00000134056.12	7.46296681662396	7.65349286842667	7.41277844705169	7.65688835387656	7.39536274240844	7.5837409700516	7.51494615070391	7.79901405289424
ENSG00000134058.12	7.6885904864755	7.9065820971097	7.9493890705598	8.0412074448204	7.76109202931333	7.99423679139767	7.90856562304329	8.06473967964075
ENSG00000183323.13	7.44308858615331	7.39275063909722	7.66982120414353	7.77080064623082	7.52079799556434	7.61244741220389	7.71430726161147	7.72323672758876
ENSG00000213830.3	9.19287996563068	9.47815245788686	9.14089709374853	9.29447056824026	8.7907038042571	9.43626533224003	8.93060762361629	9.12652548064645
ENSG00000215006.4	8.87949255071503	8.91560521724851	8.74558607498058	8.63210279882871	8.66402615908191	8.82950422179242	8.72165028165567	8.8940400072307
ENSG00000271045.1	6.80048767211086	6.7776134688375	6.90214012777943	6.94044784003456	6.91798309639808	6.93331040795514	6.89977654313986	6.82938173877161
ENSG00000085231.14	7.46296681662396	7.61038434521122	7.47882545550073	7.54911127969051	7.44982701895604	7.42513829273537	7.33664123728787	7.45340490326501
ENSG00000273841.6	7.72657547304852	7.9197643734435	7.98867305576415	8.14675831722519	8.04198643940983	8.1069019782067	7.75453677176359	8.0583185940852
ENSG00000152942.19	7.91714061190472	7.93925012603722	8.02664925943111	7.81148480287117	7.93018004533719	7.77718778579345	7.85244753991654	7.83102203381577
ENSG00000152939.17	6.6950477566315	6.74204092910778	6.70730724183813	6.75722721090719	6.89362786770973	6.66112256367871	6.74702469803714	6.79557899802678
ENSG00000244717.1	9.49872904944561	9.66233346640262	10.1454658314311	9.6355935784865	10.011100740401	9.75909784170663	9.96001762579524	9.83786840048802
ENSG00000197822.12	6.6950477566315	6.80972966199624	6.90214012777943	6.75722721090719	6.77856944871386	6.59624643103017	6.78317777422319	6.79557899802678
ENSG00000183474.16	7.15611003539891	7.00307188601783	7.14232897471387	7.10899739952712	7.04314031960162	7.16782794342023	6.97026181459213	6.82938173877161
ENSG00000205572.11	6.73447480136818	6.65358313805485	6.59420680516964	6.59853369009248	6.74289715357801	6.59624643103017	6.65711701827342	6.66499475927517
ENSG00000205571.15	6.85599478395576	6.80972966199624	6.87587918695416	6.85922707273188	7.12953635870483	7.08123610055129	6.84578904393387	6.75813289054065
ENSG00000291220.1	6.64821876902176	6.43935831587626	6.43935831587626	6.66435240536893	6.65419024516067	6.66112256367871	6.65711701827342	6.43935831587626
ENSG00000172058.16	6.80048767211086	6.70160896022124	6.78494942059072	6.75722721090719	6.77856944871386	6.66112256367871	6.78317777422319	6.71556510257389
ENSG00000172062.17	6.94875647993495	6.8923522352928	7.05438194769747	7.10899739952712	6.81077545829778	6.90818894211843	6.94789582579647	6.96613105083845
ENSG00000249437.8	6.73447480136818	6.70160896022124	6.65824228849862	6.59853369009248	6.70235148984962	6.43935831587626	6.65711701827342	6.43935831587626
ENSG00000289810.1	6.43935831587626	6.59090765639085	6.59420680516964	6.66435240536893	6.59133753825452	6.71082973304335	6.7059310337478	6.82938173877161
ENSG00000145736.15	6.82925412814796	6.93971032520683	6.90214012777943	6.96464476970857	6.8403514729454	7.02268748670147	6.84578904393387	6.79557899802678
ENSG00000145734.20	8.27417369351725	8.34812535753421	8.41191580161707	8.44569124004405	8.39339434881237	8.58117079408694	8.39401299943101	8.59211831465108
ENSG00000131844.17	7.92955587820145	8.1557544823047	7.95603180873754	8.21600742452963	8.03605297951628	8.10091963863362	7.98776841473523	8.22053022080322
ENSG00000285804.2	6.76916552526763	6.65358313805485	6.65824228849862	6.85922707273188	6.74289715357801	6.71082973304335	6.78317777422319	6.79557899802678
ENSG00000131711.15	10.6021388740882	9.96291277166008	10.5210174915626	10.1800022022236	10.5223491926933	10.1532785187315	11.1864403631868	10.7561099998321
ENSG00000113048.19	8.56858695197684	8.51478229293039	8.64355729193442	8.55730778785526	8.69246088758504	8.48377849719569	8.43872067087854	8.51446115903186
ENSG00000049883.15	7.81242842702839	7.56526380531823	7.80741358384332	7.78726249992622	7.49106777286467	7.56411203989563	7.7932695457284	7.70561692124889
ENSG00000251108.1	7.55623339430288	7.48821493471538	7.38958189154179	7.43897863030172	7.50108663116043	7.53387740100055	7.48418315538238	7.3681050056998
ENSG00000083312.19	9.97974121003613	9.97126511031137	9.9328999237173	10.1573399433854	10.1930586440701	10.2579927729343	10.2588380317464	10.2390825285714
ENSG00000242602.1	8.12745822336423	8.14501891523541	7.95603180873754	8.03469219569345	7.84188057790797	7.94726080750155	7.98137616765061	7.90713315431907
ENSG00000157107.14	8.24621259093973	8.31573587199899	8.22131384117443	8.56583362951297	8.13304510001667	8.23682998032501	8.32863345968827	8.6046217683828
ENSG00000248930.1	7.5824706789755	7.79498917829912	7.57912711229258	7.84295042916282	7.75343165017171	7.85441524318614	7.77020173600278	7.77435952733184
ENSG00000157111.13	6.6950477566315	6.83922341908603	6.90214012777943	6.88799280253678	6.81077545829778	6.90818894211843	6.97026181459213	7.03275316416137
ENSG00000249149.2	6.64821876902176	6.70160896022124	6.59420680516964	6.59853369009248	6.65419024516067	6.59624643103017	6.78317777422319	6.43935831587626
ENSG00000251493.5	7.47273975491118	7.21771925882314	7.35352455666184	7.16159600164277	7.50108663116043	7.32698938300757	7.36110563055957	7.56247942439768
ENSG00000145741.17	10.3064268104403	10.4401357826254	10.4178009887977	10.3552696309288	10.3586750965229	10.218525736274	10.243518419457	10.2706359614436
ENSG00000255883.1	7.84624563766608	8.15039873956335	7.82992484977011	7.85834589071616	7.70623858823703	8.04566220110687	7.83063603694373	8.01234874820284
ENSG00000164331.10	7.76320630521015	7.67848254651082	7.85197485447261	7.85834589071616	7.84188057790797	7.67631381289578	7.93559150993702	7.92174355293815
ENSG00000164338.10	7.33605180474466	7.35838284574864	7.24848656199303	7.43897863030172	7.3490918626578	7.54406502806642	7.32412257582945	7.31508878620013
ENSG00000214944.10	7.70395500220955	8.02000857201118	7.79980317571104	8.51823142003907	7.94316115186456	8.32965151908977	7.78563618477975	8.45531765181185
ENSG00000184084.7	7.02655928775741	6.8923522352928	6.84787938213258	6.71477957466235	6.81077545829778	6.8227146949241	6.84578904393387	6.79557899802678
ENSG00000171617.16	8.63273043161717	7.77271004383747	8.71722919690865	7.43897863030172	8.44122149723114	8.22065466710266	8.51957576368048	7.8151377702856
ENSG00000049860.14	9.8144274038573	9.69307055008995	10.0472748149918	10.2242746345796	10.1518538065454	10.1920195844181	10.0604695764153	10.0202017230039
ENSG00000164347.18	7.64103263573616	7.64502131481271	7.7609075524307	7.73707908320655	7.89030440305121	7.80094816099002	7.73058789344141	7.66943162961777
ENSG00000164346.10	8.70380266774035	8.74549523942413	9.05997827715749	8.95971628809057	8.92129759004362	8.78481575973321	9.00417820245221	8.98437333687997
ENSG00000250071.1	8.53528924512736	8.65514150751643	8.46518272977956	8.5270177025596	8.48319436760606	8.50125302940529	8.61878915035478	8.54521649443562
ENSG00000196390.6	7.22560372627965	7.23165671836133	7.41277844705169	7.14453248643456	7.36090700209148	7.36518253504343	7.154911022967	7.27283391984739
ENSG00000239517.1	6.58710938520095	6.43935831587626	6.70730724183813	6.43935831587626	6.65419024516067	6.71082973304335	6.59340998201429	6.43935831587626
ENSG00000182383.8	7.62465812806249	7.59259093712928	7.59795691758673	7.63816271278865	7.74571447980836	7.55414222814662	7.55441649012552	7.61256061542771
ENSG00000249157.1	6.85599478395576	6.65358313805485	6.65824228849862	6.82827584508646	6.81077545829778	6.88159019691735	6.84578904393387	6.66499475927517
ENSG00000176928.7	7.17058439460064	7.43648408248628	7.52026877270809	8.38355375067428	7.40653793477524	8.83288082614117	7.31140188978322	7.70561692124889
ENSG00000145700.10	6.6950477566315	6.80972966199624	6.74861155170608	6.59853369009248	6.59133753825452	6.59624643103017	6.7059310337478	6.43935831587626
ENSG00000113161.17	7.77038028493323	7.6948027216387	7.76880258900063	7.79539814839956	7.73793946192976	7.77718778579345	7.80084831253943	7.94330664897457
ENSG00000113163.19	8.8881311671446	9.2358992902411	8.88846974436876	9.22332142307154	8.61273623437813	8.65646360204324	8.98397666783147	9.23988167331401
ENSG00000242198.1	6.6950477566315	6.59090765639085	6.70730724183813	6.59853369009248	6.77856944871386	6.43935831587626	6.65711701827342	6.71556510257389
ENSG00000122008.16	8.20303486025301	8.21314624784568	8.21069867931273	8.24920336030472	8.30624815333993	8.21521482793115	8.18652459116081	8.18633398517082
ENSG00000189045.15	6.64821876902176	6.7776134688375	6.74861155170608	6.7945679420554	6.65419024516067	6.59624643103017	6.7059310337478	6.71556510257389
ENSG00000152359.15	7.23871374446255	7.09460393922451	7.05438194769747	7.0098403901942	7.09643284881219	6.85322918326179	6.97026181459213	7.11087928794033
ENSG00000228367.3	7.79859690058102	7.91319277585848	7.82992484977011	7.82733273254756	7.73793946192976	7.62182953188988	7.62871859695107	7.86973977394016
ENSG00000249777.1	6.94875647993495	7.07741058769147	6.90214012777943	7.03108379795622	6.86784265543588	6.78948382610015	7.08778312657617	7.01145139339895
ENSG00000254893.6	8.56492913901456	8.83952129665228	8.8821505641188	9.10638351359034	8.95061273302947	9.00370286422369	8.72869980484723	8.86367405125085
ENSG00000249014.2	7.85288378024292	7.53712000475837	7.9493890705598	7.5386796252309	7.94959585241535	7.74464773284164	7.89480219740134	7.72323672758876
ENSG00000251107.1	7.81242842702839	7.89993177286897	7.6434846476837	7.88103877916032	7.69001099865491	7.85441524318614	7.68938864382459	7.75759624383526
ENSG00000145703.17	7.41238824137725	7.04145533499291	6.97297967273664	6.85922707273188	7.04314031960162	7.06236787266546	6.99168415881239	6.94186705247055
ENSG00000250574.1	6.94875647993495	6.80972966199624	6.81775463736341	6.94044784003456	6.9843346155731	6.8227146949241	6.8736476562819	6.91631837934757
ENSG00000164220.7	9.31794469117736	8.95353770227606	9.40263134493502	8.96602200107681	9.81647842051359	9.59629566751554	9.17116816279536	8.89737218149859
ENSG00000181104.7	10.5476805661823	10.4189960652201	10.476963452782	10.6077192610266	10.7287823161645	11.2555825759726	10.4257001649791	10.7382098207416
ENSG00000164251.5	6.92727869079218	6.86663834971125	6.99450908177647	7.07131815276461	6.65419024516067	6.85322918326179	6.99168415881239	6.8604197866415
ENSG00000164252.13	7.74870880572759	7.83819450041638	7.49978479649954	7.57972670055716	7.73010550684785	7.5837409700516	7.73058789344141	7.64140692518333
ENSG00000132846.6	7.64103263573616	7.74994792739892	7.72871444430303	7.42717312377348	7.58665669470262	7.40166807788686	7.71430726161147	7.39336951568624
ENSG00000250802.7	6.80048767211086	6.91664027450674	6.78494942059072	6.94044784003456	7.02423010627822	6.71082973304335	6.84578904393387	6.71556510257389
ENSG00000113231.14	6.6950477566315	6.59090765639085	6.70730724183813	6.71477957466235	6.74289715357801	6.8227146949241	6.74702469803714	6.71556510257389
ENSG00000164253.14	7.94183480894215	8.05544664853285	8.18918568012148	8.05412926593012	7.87668645069667	7.94726080750155	8.10294154859053	7.9852325114109
ENSG00000244363.3	8.27877271600797	8.29684196439577	8.1505895374335	8.05412926593012	8.04788971536538	8.00731013991199	8.01298582220099	7.89232771945194
ENSG00000171530.15	8.3414281667562	8.35722737024201	8.50793608337051	8.38355375067428	8.54368746844172	8.45711177039893	8.44310606852594	8.44127203490402
ENSG00000213763.4	11.7122546765029	12.3246117807701	12.0226148224984	12.6166703006368	11.6095225172441	13.088390649447	11.791951081769	12.5674336510894
ENSG00000132842.15	9.02194434583822	8.98763528200268	9.04601484336089	9.21285212813668	9.08051522961713	9.13940703368716	8.98106609959385	9.10097175346728
ENSG00000245556.5	7.09475955628197	7.05970936267722	7.17436718409092	7.16159600164277	7.09643284881219	7.02268748670147	7.01226888740702	7.19658682376258
ENSG00000085365.18	8.57949903561554	8.4448044826006	8.52879131532269	8.55730778785526	8.57482907358064	8.4020440987344	8.66385959537318	8.56246826584081
ENSG00000145685.14	9.73721509976505	8.73198971990713	9.36080309832375	8.67969317550321	9.3908620310153	8.61340270592681	9.41686273744551	8.64947154518311
ENSG00000248909.1	6.98910180233029	6.83922341908603	7.05438194769747	6.98773058354613	7.07919306364178	7.1345826213474	7.06980315318122	6.88926596466494
ENSG00000254170.1	7.19863772985699	7.32249514707143	7.30279019145036	7.27052005651109	7.17621052194296	7.2588783846982	7.20110327591779	7.14651045137942
ENSG00000113273.17	8.81135331445567	8.68712164267951	8.8821505641188	8.90489946737513	9.15741665861431	9.1870270650663	8.92150493187141	9.14051935268764
ENSG00000132837.15	7.23871374446255	7.14350454528051	7.12570350423684	7.24105354332556	7.44982701895604	7.33992354409416	7.18605069584968	7.05327662428992
ENSG00000214890.3	7.33605180474466	7.09460393922451	7.32856396165289	7.28482816674212	7.37255303911769	7.15141483343935	7.44144096185602	7.25820899452454
ENSG00000132840.10	7.84624563766608	7.73449173685559	7.88069578471556	7.70221924781346	8.39781767574374	8.29947876100976	7.69776301465627	7.3681050056998
ENSG00000250330.1	6.82925412814796	6.86663834971125	6.84787938213258	6.71477957466235	6.81077545829778	6.71082973304335	6.84578904393387	6.98928066440998
ENSG00000152409.9	8.37161373376247	8.33434697154364	8.32755554436697	8.68358246858275	8.33442952523508	8.209750543373	8.48615088384481	8.44597112348344
ENSG00000213757.3	10.427347433782	10.4863469565155	10.3953727392073	10.2869844527477	10.2978249316853	10.2097449355361	10.2099532471182	10.1817961976554
ENSG00000152413.15	7.33605180474466	7.17416839145007	7.14232897471387	7.07131815276461	7.26101773105511	7.40166807788686	7.20110327591779	7.01145139339895
ENSG00000243160.1	9.75730048318475	9.74122533250217	9.72997119415882	9.43119356439301	9.74790279327119	9.64208068184927	9.38679461301571	9.30813543004314
ENSG00000164329.15	8.38010654815609	8.32972018886719	8.32269809262215	8.61584806656413	8.40661815607468	8.38314329819754	8.54003456426915	8.59211831465108
ENSG00000164309.15	7.839566571993	7.61038434521122	7.96920121745252	7.93936563628557	7.59570067362768	7.71105292743666	8.53596863275223	8.36861285426085
ENSG00000177034.18	8.0299147144838	8.07276881804544	8.00147196549371	8.02155059601731	7.93668938797086	7.90537417662272	8.26972968661156	8.06473967964075
ENSG00000113296.14	6.76916552526763	6.80972966199624	6.95050159174117	7.0098403901942	6.8403514729454	6.8227146949241	6.81581663390162	6.79557899802678
ENSG00000251050.1	6.64821876902176	6.65358313805485	6.59420680516964	6.59853369009248	6.59133753825452	6.66112256367871	6.59340998201429	6.43935831587626
ENSG00000249778.1	6.90477164752875	6.74204092910778	6.84787938213258	6.66435240536893	6.8403514729454	6.88159019691735	6.78317777422319	6.8604197866415
ENSG00000164300.17	8.11175216568132	8.17694152925787	8.10489811059936	8.06690929578227	8.18135214003151	7.91951179134216	8.19189505300651	8.12709093506362
ENSG00000288741.1	6.6950477566315	6.70160896022124	6.74861155170608	6.43935831587626	6.70235148984962	6.66112256367871	6.7059310337478	6.59898859408845
ENSG00000184188.6	8.74276217577989	8.90371652836947	8.5854588618835	9.17557190124192	8.43265863852243	9.38536042729963	8.50297187331067	8.97497750363136
ENSG00000227087.4	7.15611003539891	7.09460393922451	7.31578320203042	7.19447479440408	7.33710086212212	7.36518253504343	7.33664123728787	7.27283391984739
ENSG00000248569.1	7.41238824137725	7.40389744949579	7.42414244258766	7.33954120017837	7.51099567843774	7.33992354409416	7.44144096185602	7.28717967992664
ENSG00000220157.4	10.6290276968143	10.7872076743895	10.4377947172835	10.4666335740873	10.2354280878577	10.3257008235358	10.2588380317464	10.302728564992
ENSG00000039319.17	8.43800928521903	8.37075772098646	8.44767349068063	8.26546971698801	8.60147929111783	8.50558479049204	8.42990427337695	8.39817933493717
ENSG00000249042.6	6.80048767211086	6.65358313805485	6.78494942059072	6.66435240536893	6.81077545829778	6.59624643103017	6.7059310337478	6.66499475927517
ENSG00000152380.10	6.80048767211086	6.74204092910778	6.78494942059072	6.75722721090719	6.81077545829778	6.88159019691735	6.74702469803714	6.71556510257389
ENSG00000242706.2	7.04437464747588	6.91664027450674	6.99450908177647	6.9149699960699	6.86784265543588	6.90818894211843	6.92445549075663	6.98928066440998
ENSG00000228716.7	7.91714061190472	7.83819450041638	7.7609075524307	7.60938623084126	7.73793946192976	7.78516739639465	7.80837343534679	7.53110350692585
ENSG00000113318.11	7.95398093814888	7.6948027216387	7.72871444430303	7.62866455534041	7.82044737567963	7.7930871569908	7.90170530207688	7.95745534025701
ENSG00000251450.2	6.64821876902176	6.59090765639085	6.65824228849862	6.43935831587626	6.70235148984962	6.59624643103017	6.59340998201429	6.43935831587626
ENSG00000113319.13	7.91714061190472	7.67022199165375	7.68700039082928	7.31266433276248	8.47490927644503	8.00079211485345	7.67242820249571	7.34203568759579
ENSG00000247572.9	7.15611003539891	7.02259645964244	7.14232897471387	6.94044784003456	7.28722563583692	6.97993461237282	7.230272921022	7.14651045137942
ENSG00000131730.16	6.82925412814796	6.70160896022124	6.74861155170608	6.66435240536893	6.8403514729454	6.71082973304335	6.65711701827342	6.66499475927517
ENSG00000131732.12	8.23674875246296	8.10108220150691	7.99509041810467	7.79539814839956	8.30148850761659	8.03935786641897	8.14824539352677	7.97142893434587
ENSG00000172497.9	6.6950477566315	6.7776134688375	6.78494942059072	6.59853369009248	6.9411167951386	6.66112256367871	6.81581663390162	6.75813289054065
ENSG00000145687.17	8.38433156816901	8.14501891523541	8.35630993721088	8.02155059601731	8.45395880469065	7.96763213549531	8.44310606852594	8.08379413736791
ENSG00000214857.4	8.11701065449538	8.25816553416571	8.1505895374335	8.15858005660758	8.06542199132029	8.17643700071364	8.16480032327658	8.23171842826016
ENSG00000152348.16	7.17058439460064	6.98280971378101	7.07301585918763	7.21034358070588	7.14546483287167	7.18384980236706	7.01226888740702	7.21249796257827
ENSG00000251495.1	9.52067614251935	9.68289908563672	9.53299777960193	9.60418781983985	9.54811711675417	9.57085907102436	9.28783575278815	9.49269953593827
ENSG00000186468.13	11.0264192735056	11.1487018457195	10.878692361079	10.7062542453247	10.5185486694109	10.3429981796767	10.5156440450129	10.3729872481503
ENSG00000205464.13	7.06165156972064	7.02259645964244	7.17436718409092	7.10899739952712	7.19107340526396	7.04287267906183	7.1706605785019	7.18030257494647
ENSG00000249100.1	6.73447480136818	6.59090765639085	6.81775463736341	6.71477957466235	6.8403514729454	6.78948382610015	6.84578904393387	6.75813289054065
ENSG00000248400.2	9.47830448920461	9.36974902832348	9.60989315026611	9.28452720814902	9.77059670440475	9.35344033292631	9.54857553159491	9.36374447488044
ENSG00000271862.1	6.64821876902176	6.59090765639085	6.70730724183813	6.59853369009248	6.70235148984962	6.59624643103017	6.59340998201429	6.66499475927517
ENSG00000174695.10	9.2111293286135	9.26142428888856	9.23211004815177	9.34314728225637	9.14740826872871	9.40105060738869	8.94265015132868	9.28825978445823
ENSG00000152422.16	7.07843383662775	7.18899186515845	7.21976318525012	7.16159600164277	7.28722563583692	7.1345826213474	7.05126089458285	7.24328953958212
ENSG00000251552.1	6.94875647993495	7.05970936267722	6.87587918695416	6.96464476970857	6.96319099458342	7.00173781955444	6.92445549075663	6.96613105083845
ENSG00000038427.16	11.0668736123967	10.70654105898	11.1154928837685	10.5113812301634	11.0617058590885	10.8266990635829	11.2234144085416	11.129908019567
ENSG00000145681.11	7.09475955628197	7.43648408248628	8.9410218523301	9.10354222909941	7.74571447980836	8.29947876100976	8.66754660664733	9.10669159098702
ENSG00000242858.1	12.5634370123218	12.6912291966255	12.2757154751392	11.992576491658	12.1983547768856	12.0761551362269	12.1997661538623	12.0516346142621
ENSG00000164176.13	8.91934138999135	8.82060248662524	9.20737161781028	9.27199697901622	9.60350023485465	9.77285240430472	9.87819557191479	9.68621546913574
ENSG00000250320.7	6.94875647993495	6.7776134688375	6.74861155170608	6.85922707273188	6.77856944871386	7.02268748670147	6.81581663390162	6.88926596466494
ENSG00000250253.3	7.59956810832586	7.62785634402111	7.76880258900063	7.73707908320655	7.82763930614689	7.80875146873545	7.76239860022902	7.55213766364878
ENSG00000243859.3	10.0882716052923	10.2283487523853	10.0376261819355	9.98924358593371	10.1616566941078	9.95860110617751	10.0055408875244	9.88282845808165
ENSG00000251066.1	8.13781480581551	8.35268463053445	8.21069867931273	8.21600742452963	8.14936488059002	8.1069019782067	8.25455411677689	8.20923824473665
ENSG00000290550.1	6.82925412814796	6.91664027450674	6.78494942059072	6.82827584508646	6.89362786770973	6.95716985536871	6.8736476562819	6.82938173877161
ENSG00000280009.1	7.06165156972064	7.12761863691294	6.92694345216041	7.07131815276461	6.86784265543588	6.88159019691735	6.97026181459213	7.03275316416137
ENSG00000127184.13	9.40338941741606	9.27742606463798	9.37414805731536	9.2259264095279	9.06193402679269	9.19221807536911	9.18880769564009	9.03341814102266
ENSG00000145715.15	8.76497170766661	8.58495546792167	8.66609434350534	8.50493869825132	8.81337048034335	8.81249245413709	8.66016222818083	8.65347376234716
ENSG00000134480.16	7.5107952635334	7.67848254651082	7.63454750251705	7.66612010112175	7.74571447980836	7.76104446668259	7.29847011027295	7.70561692124889
ENSG00000164180.14	7.5824706789755	7.5744605664324	7.59795691758673	7.66612010112175	7.59570067362768	7.66743849015953	7.63761678562617	7.74911259867735
ENSG00000247828.10	7.42274436180699	7.36999908323021	7.6434846476837	7.39074271028615	7.66516905996988	7.65848352294689	7.45232310044787	7.41789235457719
ENSG00000240083.2	7.84624563766608	7.80231252261367	7.24848656199303	7.47346354243093	7.02423010627822	7.16782794342023	7.40794524758021	7.25820899452454
ENSG00000250705.1	6.88107787728229	6.80972966199624	6.70730724183813	6.85922707273188	6.70235148984962	6.78948382610015	6.7059310337478	6.43935831587626
ENSG00000081189.17	7.3009847601845	7.24532990394283	7.27612730333863	7.09044865010935	7.21987687823564	7.18384980236706	7.31140188978322	7.22805870833429
ENSG00000248309.9	6.80048767211086	6.83922341908603	6.65824228849862	6.7945679420554	6.86784265543588	6.78948382610015	6.97026181459213	6.96613105083845
ENSG00000153140.9	7.32453580139174	7.53712000475837	7.40126016169906	7.4957285283425	7.67351829167121	7.47024249410971	7.68094420379084	7.49862191757299
ENSG00000176055.10	7.18475458628006	7.09460393922451	7.14232897471387	7.09044865010935	7.23385110540525	7.04287267906183	7.154911022967	6.96613105083845
ENSG00000113356.13	7.18475458628006	7.02259645964244	7.32856396165289	7.25593362173179	7.37255303911769	7.2868549344026	7.230272921022	7.18030257494647
ENSG00000176018.13	8.06881871494655	7.97099376576087	7.76880258900063	7.86596265754316	8.04198643940983	8.03935786641897	7.89480219740134	7.92174355293815
ENSG00000249514.1	6.82925412814796	6.83922341908603	6.84787938213258	6.85922707273188	6.9843346155731	6.97993461237282	6.92445549075663	6.82938173877161
ENSG00000248323.8	6.90477164752875	6.8923522352928	7.07301585918763	6.96464476970857	6.8403514729454	6.90818894211843	6.84578904393387	7.01145139339895
ENSG00000113369.9	8.55019393107265	8.02599077399634	8.63595820177263	8.64015517745768	8.55154324053547	8.08886318911581	8.63020275349566	8.62110902484653
ENSG00000281357.5	6.64821876902176	6.59090765639085	6.43935831587626	6.59853369009248	6.70235148984962	6.66112256367871	6.59340998201429	6.59898859408845
ENSG00000248826.2	8.05230461342198	8.08983849887901	7.90175357110248	8.26546971698801	7.99979733816824	7.94726080750155	7.94224711233173	8.06473967964075
ENSG00000249776.5	6.58710938520095	6.70160896022124	6.43935831587626	6.59853369009248	6.65419024516067	6.43935831587626	6.65711701827342	6.59898859408845
ENSG00000249958.1	7.21224938124028	7.36999908323021	7.37773757760165	7.22586302421196	7.33710086212212	7.32698938300757	7.230272921022	7.47630094354234
ENSG00000213730.3	7.96599764984343	7.9065820971097	8.02664925943111	7.91058512894345	7.95599399335361	7.94038770362925	7.77794725101851	7.79085959083904
ENSG00000237187.9	8.19814131910634	7.82398544242565	7.95603180873754	7.86596265754316	8.24788516076232	8.0643727506272	8.26972968661156	8.01234874820284
ENSG00000175745.15	10.1419269464804	9.9332867603099	9.6136297286009	9.40627269119552	10.1858731460832	9.77456235784843	9.89494166067439	9.61276569725433
ENSG00000278905.1	6.76916552526763	6.74204092910778	6.65824228849862	6.59853369009248	6.81077545829778	6.88159019691735	6.7059310337478	6.59898859408845
ENSG00000113391.19	8.50111128203041	8.39298980959287	8.51213420647729	8.48247426408445	8.35286948741553	8.29437788994059	8.64526792559267	8.77188501516425
ENSG00000249353.2	6.98910180233029	7.00307188601783	7.09108446280084	6.85922707273188	7.02423010627822	6.71082973304335	7.03210343032744	6.91631837934757
ENSG00000185261.16	7.06165156972064	7.15901313005303	7.05438194769747	7.12701163853944	7.16101486394347	7.16782794342023	7.12223304218743	7.12894230165379
ENSG00000251544.1	7.81242842702839	7.76517760927074	7.99509041810467	7.85834589071616	7.93018004533719	7.88382346882906	7.60152565292806	7.67860060940167
ENSG00000254132.1	7.76320630521015	8.07276881804544	7.92241820840479	7.93223971071163	7.89030440305121	7.92651383395467	7.81584583690489	8.00562961990465
ENSG00000251340.1	9.63394022923979	9.96987645821375	9.9194372254023	10.442624099903	10.0979763752761	10.1624126691415	9.5848507964447	9.82768060002877
ENSG00000232578.4	7.00815477285245	6.93971032520683	7.03512952892631	6.9149699960699	7.07919306364178	7.21481668735571	6.81581663390162	6.94186705247055
ENSG00000133302.13	7.27669232675171	7.11132852487279	7.23426748932137	7.25593362173179	7.09643284881219	7.18384980236706	7.154911022967	7.47630094354234
ENSG00000175471.20	7.07843383662775	7.40389744949579	6.70730724183813	7.28482816674212	7.14546483287167	7.44798233521901	7.28531745965193	7.80710639623428
ENSG00000225165.3	8.0578353284304	8.18218049749399	8.07541853659001	8.15268377873029	8.08269511319578	8.02023627863695	8.03154225923845	8.07747700978797
ENSG00000198677.13	9.58105837530752	9.55288028706809	9.53497235418064	9.66441387018321	9.73311909329497	9.60403066203828	9.43165747602582	9.57046885718086
ENSG00000164291.17	7.55623339430288	8.00795014781586	7.73685703636698	8.24373295010106	7.74571447980836	8.1069019782067	7.68938864382459	8.24280502154398
ENSG00000178015.5	6.58710938520095	6.80972966199624	6.70730724183813	6.9149699960699	6.70235148984962	6.66112256367871	6.7059310337478	6.75813289054065
ENSG00000175449.15	6.6950477566315	6.74204092910778	6.84787938213258	6.82827584508646	6.74289715357801	6.75267309804514	6.7059310337478	6.71556510257389
ENSG00000145757.16	6.73447480136818	6.74204092910778	6.90214012777943	6.7945679420554	6.81077545829778	6.66112256367871	6.74702469803714	6.82938173877161
ENSG00000250240.6	6.73447480136818	6.65358313805485	6.74861155170608	6.85922707273188	6.8403514729454	6.8227146949241	6.84578904393387	6.75813289054065
ENSG00000164292.13	10.6660069304304	11.581607252713	11.2976696508614	12.0390157486142	11.3383162305281	12.4827582992002	10.7633132229033	11.9262913256515
ENSG00000173221.14	8.55758245546871	9.40544465922419	8.77678090880381	9.54126849989669	8.86068834526968	9.42535577259622	8.6490073553433	9.38023745318103
ENSG00000251348.1	6.73447480136818	6.83922341908603	6.92694345216041	6.94044784003456	6.91798309639808	7.31384000488249	6.74702469803714	7.09228017073694
ENSG00000251000.1	6.94875647993495	6.8923522352928	6.87587918695416	6.88799280253678	7.04314031960162	6.93331040795514	6.92445549075663	6.82938173877161
ENSG00000236882.9	6.58710938520095	6.70160896022124	6.78494942059072	6.75722721090719	6.77856944871386	6.85322918326179	6.59340998201429	6.88926596466494
ENSG00000118985.16	10.282238511384	10.4882806920327	10.2409304440756	10.2584794806213	10.7097588086985	10.9162710126279	10.1780625846208	10.4062957414052
ENSG00000251314.2	6.58710938520095	6.43935831587626	6.74861155170608	6.75722721090719	6.77856944871386	6.75267309804514	6.7059310337478	6.79557899802678
ENSG00000175426.11	6.58710938520095	6.74204092910778	6.59420680516964	6.66435240536893	6.74289715357801	6.71082973304335	6.65711701827342	6.66499475927517
ENSG00000153113.24	10.4947322260357	10.7189338857432	10.6474002824814	10.9728957299012	10.7402395786225	10.9962306737931	10.5882186374558	11.0704067639204
ENSG00000164307.13	8.73312904886374	8.44902848881835	8.7560657710279	8.68746033261379	8.72716487394862	8.71300046081427	8.68945466677039	8.59211831465108
ENSG00000248734.2	6.6950477566315	6.70160896022124	6.59420680516964	6.59853369009248	6.59133753825452	6.71082973304335	6.74702469803714	6.66499475927517
ENSG00000247121.8	6.76916552526763	6.65358313805485	6.65824228849862	6.9149699960699	6.70235148984962	6.75267309804514	6.84578904393387	6.79557899802678
ENSG00000164308.17	8.60815875893794	8.38857465552383	7.17436718409092	7.07131815276461	8.43694727086652	8.28411263040106	8.85600844399618	8.76087679576411
ENSG00000113441.16	8.50878508744372	8.9244536419788	8.50372422706338	8.92774044391676	8.49552252103502	8.69067542156705	8.63398529871988	9.21108096878074
ENSG00000213701.4	7.69630188053823	7.92629744092217	8.17828395006397	8.18763502939763	8.23788289567133	8.17643700071364	8.09133966874546	8.1391765171313
ENSG00000058729.11	7.6885904864755	7.68667566748816	7.73685703636698	7.65688835387656	7.84893143532124	7.78516739639465	7.70606875678137	7.58282854979468
ENSG00000286828.1	6.58710938520095	6.59090765639085	6.43935831587626	6.43935831587626	6.65419024516067	6.43935831587626	6.7059310337478	6.75813289054065
ENSG00000249761.1	6.96933030555932	7.05970936267722	6.97297967273664	6.94044784003456	7.20562298294026	7.11729994506885	7.05126089458285	7.12894230165379
ENSG00000251389.1	6.43935831587626	6.65358313805485	6.65824228849862	6.59853369009248	6.65419024516067	6.75267309804514	6.65711701827342	6.66499475927517
ENSG00000249977.1	6.98910180233029	7.02259645964244	6.74861155170608	6.66435240536893	6.65419024516067	6.8227146949241	6.74702469803714	6.88926596466494
ENSG00000251193.1	6.96933030555932	7.23165671836133	6.92694345216041	7.17823401500456	6.9411167951386	6.95716985536871	6.92445549075663	7.11087928794033
ENSG00000249101.1	6.98910180233029	6.96172395444198	7.07301585918763	6.7945679420554	7.02423010627822	6.95716985536871	7.13877762248489	7.01145139339895
ENSG00000238000.1	8.28791966240273	8.15039873956335	8.19998993022217	7.84295042916282	8.01806780031752	7.85441524318614	8.01920454216644	7.80710639623428
ENSG00000176183.8	8.0578353284304	8.43204774806586	8.18374712640244	8.47337720394141	7.89030440305121	8.70560056751784	8.03766208755717	8.44127203490402
ENSG00000250221.1	6.58710938520095	6.65358313805485	6.59420680516964	6.7945679420554	6.65419024516067	6.71082973304335	6.65711701827342	6.43935831587626
ENSG00000249448.1	8.90807545431443	8.89172228778665	8.88846974436876	8.91799864596635	9.0857781818834	9.0418047213151	8.98688102200447	9.07200921737767
ENSG00000251102.1	7.99549418333944	7.98962152577388	7.76880258900063	7.88103877916032	8.04198643940983	7.94726080750155	8.03766208755717	8.06473967964075
ENSG00000251553.1	7.32453580139174	7.20350296362254	7.12570350423684	7.5386796252309	7.24756026874977	7.502619290972	7.1706605785019	7.31508878620013
ENSG00000174136.13	8.65343137132532	8.19259068988042	8.74207440853949	8.07955113110666	8.64593755429401	8.17643700071364	8.48615088384481	7.84667536170827
ENSG00000246763.7	7.56506047187438	7.15901313005303	7.57912711229258	6.94044784003456	7.5775261695505	7.2588783846982	7.38485590504998	6.88926596466494
ENSG00000153922.12	8.0467474954807	8.01399515912775	7.96920121745252	7.98802457655724	8.22779811446108	8.20426156033965	8.00044651460633	8.13314905527914
ENSG00000248489.4	7.06165156972064	7.00307188601783	6.92694345216041	6.88799280253678	6.9843346155731	6.66112256367871	6.84578904393387	6.94186705247055
ENSG00000227762.4	6.73447480136818	6.70160896022124	6.43935831587626	6.66435240536893	6.74289715357801	6.59624643103017	6.65711701827342	6.66499475927517
ENSG00000270232.1	7.19863772985699	7.38145303967408	7.14232897471387	7.29887197002558	7.24756026874977	7.27299680592007	7.1052465005924	7.30126033386385
ENSG00000270230.1	8.4778110268723	8.6976116756493	9.03474048767	9.40627269119552	9.24202509700834	9.16606547895913	8.65645444180601	8.61700665595817
ENSG00000271687.1	8.77124983338676	8.83638662858181	9.23944612588585	9.21809668428746	9.34590206306065	9.44277043655008	8.86556216744349	8.97497750363136
ENSG00000270906.1	8.30151445447047	8.29684196439577	8.87580162725857	9.16745054433403	8.89737950650417	8.81932309661598	8.54812830546111	8.7900324991038
ENSG00000271480.1	7.02655928775741	7.11132852487279	6.92694345216041	7.03108379795622	7.12953635870483	7.04287267906183	7.03210343032744	7.01145139339895
ENSG00000270388.1	11.2477154167382	11.5693633921689	11.5628111729949	11.7245345166185	11.2019266727045	11.0574214583815	11.2831932156227	11.3981420562745
ENSG00000270307.1	11.307607602078	11.5259058581705	11.5594638049758	11.7776785201858	11.4658495461467	11.2501096301816	11.2459761903359	11.2565161008065
ENSG00000270225.1	11.2824705216517	11.859211065402	11.8650313461713	12.1782360058215	12.1079587960419	12.0219251723794	11.4712743727122	11.5887035119529
ENSG00000271207.1	12.2546144332628	12.4962678538272	12.4763257860263	12.6555031485459	13.009790833035	12.7939431976265	12.6621404348108	12.6811603526147
ENSG00000275374.1	6.76916552526763	6.74204092910778	6.70730724183813	6.7945679420554	6.59133753825452	6.75267309804514	6.65711701827342	6.66499475927517
ENSG00000174132.9	7.19863772985699	7.43648408248628	7.37773757760165	7.33954120017837	7.14546483287167	7.38968347960865	7.12223304218743	7.25820899452454
ENSG00000145730.21	10.9763218259012	10.7997038522122	11.4624319922418	11.6016971549088	11.3665365721107	11.4020374305461	11.4540440347235	11.4670382491517
ENSG00000175749.11	7.79161306754496	7.85221901848855	7.6434846476837	7.91058512894345	7.66516905996988	7.61244741220389	7.57354186617709	7.52040412488887
ENSG00000145723.17	6.98910180233029	6.91664027450674	7.07301585918763	6.96464476970857	7.07919306364178	7.06236787266546	7.05126089458285	7.01145139339895
ENSG00000145725.21	8.55758245546871	8.41483712510302	8.53292222405515	8.49600000462482	8.52783139914239	8.45711177039893	8.64526792559267	8.49655168305215
ENSG00000181751.10	7.3009847601845	7.42575936841455	7.37773757760165	7.54911127969051	7.37255303911769	7.40166807788686	7.34896630445935	7.55213766364878
ENSG00000112874.10	7.55623339430288	7.49820890347423	7.75295238609057	7.68433149028365	7.59570067362768	7.47024249410971	7.75453677176359	7.58282854979468
ENSG00000232159.3	7.25159134826769	7.09460393922451	7.20495732381457	7.22586302421196	7.16101486394347	7.02268748670147	7.28531745965193	7.22805870833429
ENSG00000251204.1	7.76320630521015	7.5275460819255	7.66982120414353	7.46211847900853	7.89030440305121	7.67631381289578	7.73058789344141	7.45340490326501
ENSG00000250145.1	6.96933030555932	6.86663834971125	7.03512952892631	6.82827584508646	6.8403514729454	6.93331040795514	7.03210343032744	6.82938173877161
ENSG00000250273.1	7.14131259564342	7.04145533499291	7.18983193912691	7.21034358070588	7.09643284881219	7.2444858616082	7.230272921022	7.22805870833429
ENSG00000184349.14	7.54732234933451	7.49820890347423	7.61642462857309	7.46211847900853	7.3490918626578	7.41348430139145	7.31140188978322	7.66943162961777
ENSG00000248827.1	8.07969993310128	8.03194214479003	8.12796323213583	7.99480871648771	8.15475565314993	8.1537052911248	8.07962232608934	8.05186195708522
ENSG00000145743.18	7.8594816048451	7.94567078327275	7.85197485447261	8.07955113110666	7.86981357676268	7.75287839232026	7.99412504120244	8.23727429489038
ENSG00000244245.1	10.8219086919967	10.8304766474939	10.6474002824814	10.5949123900873	10.5022830081497	10.4930266318546	10.6581825075412	10.5641540424962
ENSG00000151422.14	8.2556038630699	8.30632487509087	8.34201541621616	8.36876985253002	8.3482849188608	8.33954879842997	8.52369353283741	8.32807577091589
ENSG00000249476.2	6.43935831587626	6.65358313805485	6.59420680516964	6.75722721090719	6.43935831587626	6.43935831587626	6.65711701827342	6.59898859408845
ENSG00000198961.10	9.78615220210462	9.62027962660314	9.72997119415882	9.83948329644573	9.62327317537504	9.72588422974142	9.90098247320566	9.78442446067664
ENSG00000248867.1	7.15611003539891	7.20350296362254	7.05438194769747	7.07131815276461	7.20562298294026	7.31384000488249	7.18605069584968	7.27283391984739
ENSG00000112893.10	9.07048669965685	9.11353544396444	9.17197629262631	9.20758759749713	9.18457073003284	9.01259052818983	9.21607947235698	9.28324609879845
ENSG00000186952.15	7.06165156972064	6.86663834971125	7.05438194769747	6.9149699960699	6.86784265543588	6.59624643103017	7.20110327591779	6.8604197866415
ENSG00000164209.17	8.92493936515648	9.00159410536329	8.86301328031826	9.02752190141562	8.84510026487984	8.99176173078283	8.78378919255668	8.88062840863375
ENSG00000251627.1	7.07843383662775	6.96172395444198	7.03512952892631	6.88799280253678	7.00465224079014	6.88159019691735	6.92445549075663	6.91631837934757
ENSG00000145777.15	7.54732234933451	6.83922341908603	7.56957062449411	6.82827584508646	7.62233362512269	6.88159019691735	7.84522578755965	6.8604197866415
ENSG00000134987.13	8.63966708158241	8.28728588501806	8.49949853814633	8.21038579268428	8.81657746313958	8.46606257889973	9.00703982950455	8.31252853124417
ENSG00000250728.1	6.98910180233029	7.00307188601783	6.81775463736341	7.05155119182893	6.96319099458342	6.85322918326179	6.84578904393387	6.8604197866415
ENSG00000214784.4	11.1908630407328	11.2414157328328	10.9469715431068	10.9804806505754	10.8001074851348	10.8168504600778	10.8992515432663	10.8213154194824
ENSG00000152495.11	7.22560372627965	6.93971032520683	6.99450908177647	6.88799280253678	7.12953635870483	7.00173781955444	7.24442409608208	6.91631837934757
ENSG00000164211.13	7.81242842702839	7.47810826308903	7.56957062449411	7.48466534449845	7.52079799556434	7.6311221033865	7.69776301465627	7.6876865873111
ENSG00000246859.3	7.26424750246052	7.12761863691294	7.38958189154179	7.09044865010935	7.17621052194296	7.21481668735571	7.24442409608208	7.14651045137942
ENSG00000134986.14	7.41238824137725	7.18899186515845	7.43535750935192	7.07131815276461	7.23385110540525	7.21481668735571	7.40794524758021	7.03275316416137
ENSG00000224032.9	7.8725586470527	7.87973707513203	7.73685703636698	7.72847454025851	7.5775261695505	7.45918294560031	7.74661514479561	7.72323672758876
ENSG00000134982.18	8.53903153940062	8.70455906127731	8.56147516681124	8.64815844871383	8.63863180648189	8.60541904039174	8.53596863275223	8.87048142487168
ENSG00000250045.2	7.02655928775741	7.11132852487279	7.108633685461	7.05155119182893	7.38403630536324	7.2444858616082	7.13877762248489	7.11087928794033
ENSG00000153037.15	7.50143111481955	7.56526380531823	7.53034106345312	7.50665748875958	7.46031916101711	7.64032726805419	7.57354186617709	7.48753095159613
ENSG00000129625.13	9.46326094061525	9.54914336773289	9.60239010157975	9.812339770653	9.754424019133	9.67546869896466	9.48730049057133	9.78793401097071
ENSG00000249947.2	6.98910180233029	7.18899186515845	7.15854104139589	6.88799280253678	7.17621052194296	7.1345826213474	6.94789582579647	6.96613105083845
ENSG00000172795.17	7.83284596275836	7.9197643734435	7.65234145533654	8.0149232431288	7.82044737567963	7.727987484491	7.82326641368976	8.02567042734841
ENSG00000171444.19	8.8881311671446	8.88568495964597	8.37977799325249	8.18187984015923	8.7441820137253	8.59335127857105	8.36640909799934	8.70057508941549
ENSG00000047188.16	8.15318303719619	8.35268463053445	8.13933002562177	8.12880343654527	8.15475565314993	8.20426156033965	8.21839587865356	8.25924892037978
ENSG00000164219.10	7.6491186765162	7.61038434521122	7.68700039082928	7.78726249992622	7.70623858823703	7.86184186426594	7.84522578755965	7.84667536170827
ENSG00000243304.3	6.58710938520095	6.65358313805485	6.70730724183813	6.71477957466235	6.65419024516067	6.71082973304335	6.59340998201429	6.59898859408845
ENSG00000164221.13	7.1261710930758	7.21771925882314	7.30279019145036	7.41520286082544	7.31256185219234	7.45918294560031	7.27193337104649	7.24328953958212
ENSG00000145780.8	8.05230461342198	8.19259068988042	8.06341626803668	8.07324726887114	8.10533794004156	8.05193250916527	8.03154225923845	7.95040320913262
ENSG00000251201.8	6.43935831587626	6.43935831587626	6.65824228849862	6.71477957466235	6.70235148984962	6.66112256367871	6.59340998201429	6.66499475927517
ENSG00000249249.2	6.64821876902176	6.59090765639085	6.74861155170608	6.75722721090719	6.59133753825452	6.66112256367871	6.74702469803714	6.82938173877161
ENSG00000134970.14	9.11493915701844	9.06667721379118	9.13301642120073	9.51190246788344	8.94188458683041	9.31840837563835	9.12998066469702	9.21636226697084
ENSG00000251118.1	7.73400608171363	7.5744605664324	7.83732495842324	7.5897156223468	7.78374251085235	7.65848352294689	7.64643508021	7.56247942439768
ENSG00000129596.5	6.85599478395576	6.96172395444198	6.95050159174117	7.55942754482302	6.74289715357801	6.75267309804514	7.06980315318122	7.40572002503538
ENSG00000145782.13	8.83842962999589	8.75219687901006	8.74558607498058	9.02752190141562	8.8101557991795	8.77075935860729	8.64151781731655	8.87387225061706
ENSG00000177879.17	9.21339364385067	9.24290743668849	9.28502704345977	9.46008392203578	9.24202509700834	9.13401282891076	9.23315820996207	9.31306022648059
ENSG00000172901.21	6.58710938520095	6.59090765639085	6.74861155170608	6.82827584508646	6.81077545829778	6.78948382610015	6.59340998201429	6.59898859408845
ENSG00000185641.6	10.8991211588159	11.0265419068697	10.8005285710449	10.6672723375971	10.6406803282212	10.6409715828984	10.6528517290732	10.6432749725385
ENSG00000271918.2	6.82925412814796	6.70160896022124	6.70730724183813	6.66435240536893	6.9411167951386	6.66112256367871	6.78317777422319	6.66499475927517
ENSG00000145781.9	7.41238824137725	7.32249514707143	7.47882545550073	7.43897863030172	7.439207131166	7.54406502806642	7.50480766329044	7.48753095159613
ENSG00000232916.1	6.6950477566315	6.59090765639085	6.87587918695416	6.71477957466235	6.81077545829778	6.75267309804514	6.78317777422319	6.82938173877161
ENSG00000092421.17	6.94875647993495	6.98280971378101	7.05438194769747	6.85922707273188	6.89362786770973	7.02268748670147	6.65711701827342	6.79557899802678
ENSG00000239528.1	7.00815477285245	6.86663834971125	7.09108446280084	6.96464476970857	6.43935831587626	6.43935831587626	6.43935831587626	6.43935831587626
ENSG00000197575.6	11.0414891256459	11.2528087199412	10.815863270301	10.7352597866091	10.7772536536152	10.7197568715358	10.6810563331292	10.5426402971139
ENSG00000243758.1	6.6950477566315	6.70160896022124	6.70730724183813	6.43935831587626	6.59133753825452	6.43935831587626	6.43935831587626	6.59898859408845
ENSG00000251477.1	6.64821876902176	6.59090765639085	6.74861155170608	6.66435240536893	6.65419024516067	6.59624643103017	6.78317777422319	6.66499475927517
ENSG00000169570.10	7.15611003539891	6.83922341908603	7.05438194769747	7.12701163853944	7.12953635870483	7.06236787266546	7.1052465005924	7.03275316416137
ENSG00000197744.5	9.67518636122968	9.82058314842267	10.025123891769	9.70933528117871	10.5402652704496	10.5801204307564	10.0069402681353	9.75961077139578
ENSG00000283498.1	8.7618215167818	8.84888163933955	8.57352230837657	8.8816657026387	8.85447478239339	9.0066718630987	8.70386063506874	8.50105247569651
ENSG00000249494.6	6.6950477566315	6.86663834971125	6.74861155170608	6.66435240536893	6.81077545829778	6.66112256367871	6.78317777422319	6.66499475927517
ENSG00000172869.15	8.55389345600243	8.61867106913898	8.69190918699756	8.78449637897173	8.55935168728202	8.57298670203543	8.72165028165567	8.87725456342256
ENSG00000248885.1	8.2272110559286	8.45743476293395	8.59335621347261	8.5313885222794	8.39339434881237	8.53550617275693	8.44747641996916	8.51446115903186
ENSG00000248979.2	6.73447480136818	6.80972966199624	6.74861155170608	6.82827584508646	6.74289715357801	6.78948382610015	6.78317777422319	6.75813289054065
ENSG00000145779.8	8.52399690772372	8.95065721425558	8.79041437575815	9.09784195377681	8.47490927644503	8.75297780641009	8.66385959537318	8.67723473188615
ENSG00000133835.18	9.24912748012631	9.66750305369482	9.39174494186453	9.54954717838961	9.35457845012891	9.4937505159589	9.28783575278815	9.46211083023529
ENSG00000250895.1	9.38151239575194	8.6800816998741	9.18472193456306	8.33358136099334	8.96790238077197	8.72402335821737	8.96936112027818	8.25379208268711
ENSG00000184838.15	7.38053434470014	7.64502131481271	7.45736078985131	7.4957285283425	7.64825748526627	7.71955519815198	7.38485590504998	7.61256061542771
ENSG00000248927.1	6.58710938520095	6.83922341908603	6.59420680516964	6.71477957466235	6.65419024516067	6.71082973304335	6.7059310337478	6.59898859408845
ENSG00000250847.1	6.94875647993495	6.96172395444198	7.14232897471387	7.0098403901942	6.9843346155731	7.11729994506885	6.97026181459213	7.07309757459527
ENSG00000213661.3	9.72628048457899	9.76229045014446	9.48883878055578	9.14279526875704	9.36105045412285	9.36949175131454	9.34044085306211	9.32529642400856
ENSG00000249600.1	6.76916552526763	6.83922341908603	6.90214012777943	6.75722721090719	6.77856944871386	6.90818894211843	6.7059310337478	6.66499475927517
ENSG00000151304.6	7.27669232675171	7.29763067505793	7.14232897471387	7.28482816674212	7.31256185219234	7.30046544496281	7.33664123728787	7.22805870833429
ENSG00000113083.15	10.9572413913872	11.2002261512428	11.6735541944955	12.1606764410906	11.0187089360227	11.4036811905361	11.4074133589692	11.9040315328159
ENSG00000247311.3	6.58710938520095	6.83922341908603	6.74861155170608	7.03108379795622	6.65419024516067	6.78948382610015	6.65711701827342	6.91631837934757
ENSG00000164185.7	6.43935831587626	6.70160896022124	6.59420680516964	6.66435240536893	6.59133753825452	6.43935831587626	6.59340998201429	6.66499475927517
ENSG00000064692.20	7.19863772985699	7.02259645964244	7.05438194769747	6.75722721090719	6.86784265543588	6.59624643103017	7.05126089458285	6.66499475927517
ENSG00000205302.7	9.12944241737092	8.86126155194354	9.09563043603802	8.95655241544534	9.07787615501538	8.78131551747262	9.02408459447808	8.71971549603748
ENSG00000064652.11	7.35859763209898	7.61915959597515	7.51008444991109	7.69331492013102	7.439207131166	7.61244741220389	7.45232310044787	7.69669142659574
ENSG00000263432.2	6.43935831587626	6.70160896022124	6.70730724183813	6.71477957466235	6.65419024516067	6.59624643103017	6.65711701827342	6.71556510257389
ENSG00000168938.6	8.50495390450871	8.25816553416571	8.66981327022723	8.51381573323464	8.5238367963415	8.16512492539063	8.61112440822281	8.36861285426085
ENSG00000223652.2	6.58710938520095	6.59090765639085	6.70730724183813	6.71477957466235	6.70235148984962	6.75267309804514	6.65711701827342	6.66499475927517
ENSG00000061455.11	8.57223449725896	8.60379373473282	8.4388278998835	8.42215118374908	8.36198861180095	8.18764382388738	8.20256497231548	8.33321536075852
ENSG00000213655.4	6.90477164752875	6.91664027450674	6.95050159174117	6.88799280253678	6.86784265543588	6.93331040795514	7.01226888740702	6.88926596466494
ENSG00000168944.17	7.86603970178097	7.81680983412215	8.03285858670101	7.81943806550966	7.9686825551829	7.89823722768494	8.00044651460633	7.89975520841695
ENSG00000250539.1	6.80048767211086	6.70160896022124	6.99450908177647	6.82827584508646	6.96319099458342	7.00173781955444	6.8736476562819	6.98928066440998
ENSG00000151292.19	8.27417369351725	8.25324441982541	8.1505895374335	8.31301946053282	8.35286948741553	8.18764382388738	8.352376477772	8.30205461139779
ENSG00000288890.1	6.43935831587626	6.7776134688375	6.65824228849862	6.71477957466235	6.59133753825452	6.59624643103017	6.59340998201429	6.59898859408845
ENSG00000235275.3	6.43935831587626	6.59090765639085	6.65824228849862	6.66435240536893	6.81077545829778	7.00173781955444	6.59340998201429	6.43935831587626
ENSG00000168916.16	7.97195849280366	8.00187314249238	7.62552814576381	7.51745639052461	8.03605297951628	7.98101219752136	8.20256497231548	8.24831086624047
ENSG00000242814.2	8.966202828455	8.90072794121508	8.20535612129094	8.19336292625704	8.11093141227087	8.02023627863695	8.04374976897021	8.19210081368291
ENSG00000250194.1	6.88107787728229	6.93971032520683	6.81775463736341	6.96464476970857	6.89362786770973	6.95716985536871	7.01226888740702	6.75813289054065
ENSG00000155324.10	7.40190410202062	7.68667566748816	7.72050690154538	8.50047711774797	7.67351829167121	8.37358557216228	7.80837343534679	8.53650368540077
ENSG00000250602.6	6.58710938520095	6.43935831587626	6.43935831587626	6.66435240536893	6.74289715357801	6.71082973304335	6.59340998201429	6.59898859408845
ENSG00000279118.1	6.76916552526763	6.93971032520683	7.05438194769747	7.61907318227621	7.09643284881219	7.2588783846982	7.01226888740702	7.47630094354234
ENSG00000164904.18	8.3544539470079	8.52674521604739	8.81060726194045	8.79167562953452	8.22272429120706	8.41138954076212	8.36640909799934	8.53650368540077
ENSG00000164902.14	8.52399690772372	8.44056642674027	8.35630993721088	8.45498674576109	8.5863174055426	8.4969066297634	8.42102628568309	8.48295390689461
ENSG00000230929.5	8.28791966240273	8.32041478539414	8.02664925943111	8.19336292625704	7.81320686986702	7.93347225594863	7.97494782196698	7.96446370110774
ENSG00000213630.3	7.02655928775741	7.14350454528051	7.17436718409092	7.24105354332556	7.12953635870483	7.21481668735571	7.06980315318122	6.98928066440998
ENSG00000249768.2	7.31284912597803	7.17416839145007	7.40126016169906	7.17823401500456	7.38403630536324	7.30046544496281	7.12223304218743	7.30126033386385
ENSG00000113368.12	7.15611003539891	6.98280971378101	7.12570350423684	6.7945679420554	6.96319099458342	6.8227146949241	7.08778312657617	6.71556510257389
ENSG00000173926.6	6.90477164752875	6.80972966199624	7.01519640410775	6.75722721090719	6.9843346155731	7.00173781955444	6.84578904393387	7.01145139339895
ENSG00000164241.14	7.02655928775741	7.00307188601783	6.99450908177647	6.96464476970857	6.81077545829778	6.97993461237282	6.81581663390162	7.01145139339895
ENSG00000214743.4	7.02655928775741	7.14350454528051	7.01519640410775	7.07131815276461	7.07919306364178	7.09953127654411	6.89977654313986	7.11087928794033
ENSG00000250080.1	6.90477164752875	6.91664027450674	6.74861155170608	6.66435240536893	6.8403514729454	6.85322918326179	6.84578904393387	6.79557899802678
ENSG00000271585.1	7.06165156972064	6.98280971378101	6.95050159174117	6.98773058354613	7.23385110540525	7.02268748670147	7.01226888740702	6.96613105083845
ENSG00000250859.1	10.2597901059674	10.2421871842252	10.0972160898633	10.2217080441713	10.2492763346661	10.3780964269357	10.2002164260551	10.2492556746621
ENSG00000164244.21	8.97968317836668	8.90072794121508	8.81727107329092	8.74430436178288	8.94188458683041	8.96450474217017	8.94564413774132	8.60876311695691
ENSG00000230561.7	6.58710938520095	6.43935831587626	6.43935831587626	6.66435240536893	6.70235148984962	6.59624643103017	6.65711701827342	6.71556510257389
ENSG00000251032.1	7.73400608171363	8.01399515912775	7.7609075524307	7.9178501746869	7.93018004533719	8.10091963863362	7.81584583690489	7.89232771945194
ENSG00000245937.10	7.66509522035338	7.61038434521122	7.70389168969008	7.77080064623082	7.5775261695505	7.64032726805419	7.80084831253943	7.55213766364878
ENSG00000064651.14	7.67298833912015	7.81680983412215	7.91557259013486	7.94644659356849	7.92363259651444	7.84693753072067	8.14267580720293	8.0190288400822
ENSG00000250329.1	7.39128765045973	7.29763067505793	7.41277844705169	7.39074271028615	7.26101773105511	7.32698938300757	7.27193337104649	7.19658682376258
ENSG00000138829.14	10.5227963473556	11.8956168026588	9.90128603534752	11.2171057768541	11.1040872537533	13.4730104937714	9.83780962420656	11.8720329535629
ENSG00000113396.13	6.58710938520095	6.7776134688375	6.43935831587626	6.59853369009248	6.59133753825452	6.71082973304335	6.65711701827342	6.66499475927517
ENSG00000066583.12	7.71909075774064	7.80231252261367	7.55016197307786	7.50665748875958	7.44982701895604	7.49195645196654	7.68094420379084	7.62227113346484
ENSG00000198108.4	6.82925412814796	7.11132852487279	6.74861155170608	6.82827584508646	6.89362786770973	7.04287267906183	6.78317777422319	6.82938173877161
ENSG00000248610.1	9.42103725145766	9.2819642973523	9.82465951795018	9.6963802587353	10.1182624605722	9.80499335074648	9.57349627246312	9.35423153399068
ENSG00000249312.1	6.73447480136818	6.74204092910778	6.95050159174117	6.75722721090719	6.81077545829778	6.71082973304335	6.65711701827342	6.82938173877161
ENSG00000244192.1	10.9631900581164	10.9578571272517	10.9924103534894	10.7915695073904	10.8141118116971	10.6722782785996	10.7910649035534	10.561100352573
ENSG00000250405.2	7.27669232675171	7.28489170224431	7.41277844705169	7.37823908357656	7.439207131166	7.40166807788686	7.230272921022	7.35517524719191
ENSG00000169567.13	8.92493936515648	9.12627264695061	8.82390190231884	9.13447773799601	8.84510026487984	9.00963440792201	8.80387469245936	8.83957323474939
ENSG00000186687.16	7.86603970178097	7.64502131481271	7.7609075524307	7.73707908320655	7.73793946192976	7.64032726805419	7.7932695457284	7.61256061542771
ENSG00000158985.14	7.7413835475084	7.70286503005945	7.66982120414353	8.05412926593012	7.71425625019853	7.80875146873545	7.69776301465627	7.9852325114109
ENSG00000158987.22	7.62465812806249	7.59259093712928	7.34114158796624	7.32621709880648	7.55899676174186	7.502619290972	7.473690062728	7.39336951568624
ENSG00000217128.13	9.0477076748552	8.91560521724851	8.70282001316962	8.93741264554657	8.91237782882013	8.68691764484034	9.0155888402755	8.99680102071529
ENSG00000286676.1	7.54732234933451	7.97099376576087	7.66111972875557	8.14080333588593	7.65674929913366	8.30961796481358	7.63761678562617	7.92897752254266
ENSG00000072682.20	10.2048768648139	9.84658230301041	9.88444100318903	9.55777734517807	9.85638685976079	9.56888321542997	10.0111301681326	9.76318234744293
ENSG00000224431.1	6.85599478395576	6.86663834971125	6.78494942059072	6.66435240536893	6.89362786770973	6.85322918326179	6.81581663390162	6.75813289054065
ENSG00000131435.13	7.78458286790898	7.5744605664324	7.6434846476837	7.5897156223468	7.3490918626578	7.43663582560659	7.83795555366702	7.48753095159613
ENSG00000197208.6	6.73447480136818	6.7776134688375	6.70730724183813	6.59853369009248	6.8403514729454	6.66112256367871	6.78317777422319	6.66499475927517
ENSG00000233006.8	6.64821876902176	6.43935831587626	6.74861155170608	6.75722721090719	6.74289715357801	6.78948382610015	6.74702469803714	6.66499475927517
ENSG00000197375.14	7.31284912597803	7.21771925882314	7.28957509974307	7.27052005651109	7.28722563583692	7.11729994506885	7.34896630445935	6.94186705247055
ENSG00000197536.11	7.31284912597803	7.11132852487279	7.37773757760165	7.22586302421196	7.23385110540525	7.2588783846982	7.38485590504998	7.19658682376258
ENSG00000125347.15	7.8192775516661	7.55597636827698	7.94270691255159	7.83516984902588	7.71425625019853	7.35265173077004	7.82326641368976	7.64140692518333
ENSG00000113522.14	7.27669232675171	7.24532990394283	7.24848656199303	7.16159600164277	7.17621052194296	7.32698938300757	7.12223304218743	7.28717967992664
ENSG00000131437.16	7.74870880572759	7.58356889364687	7.91557259013486	7.6752671697904	7.96235606711256	7.82418907980601	7.82326641368976	7.62227113346484
ENSG00000164402.14	9.38151239575194	8.92151059201882	9.27317659263125	9.00019008178648	9.20880094017934	8.9522127654618	9.25242213339874	9.02132133225047
ENSG00000198944.6	6.73447480136818	6.43935831587626	6.81775463736341	6.66435240536893	6.81077545829778	6.43935831587626	6.7059310337478	6.75813289054065
ENSG00000164403.15	7.64103263573616	7.50809339359925	7.47882545550073	7.4957285283425	7.52079799556434	7.60297351313665	7.473690062728	7.47630094354234
ENSG00000164405.11	8.37586730589481	8.38414399277109	8.27304862473266	8.35380995258763	8.35286948741553	8.51849331857983	8.24945363120972	8.0583185940852
ENSG00000164406.8	6.58710938520095	6.59090765639085	6.65824228849862	6.43935831587626	6.77856944871386	6.66112256367871	6.43935831587626	6.66499475927517
ENSG00000072364.13	9.77255892634475	9.63619727393513	9.73168822734024	9.69079150099903	9.86393437773891	9.8249232366261	9.78319820131887	9.83278365744288
ENSG00000229738.1	7.44308858615331	7.50809339359925	7.63454750251705	7.4957285283425	7.5775261695505	7.54406502806642	7.4192569214772	7.44172872617975
ENSG00000155329.12	7.23871374446255	7.39275063909722	7.32856396165289	7.35264675280945	7.2742357569852	7.40166807788686	7.29847011027295	7.3681050056998
ENSG00000248648.1	8.30601310289634	8.53465935563046	8.40737441325109	8.34878338909221	8.19703271078657	8.37358557216228	8.16480032327658	8.2646816247008
ENSG00000170606.16	9.48948204889285	9.63619727393513	9.6136297286009	9.64526597472755	9.7198469055829	9.85591644049822	9.57349627246312	9.51414688307591
ENSG00000240611.1	8.0299147144838	8.00795014781586	7.51008444991109	7.54911127969051	7.36090700209148	7.5837409700516	7.52497322330101	7.3681050056998
ENSG00000113583.8	8.90807545431443	8.85817724076871	8.87897983388193	9.13169401467201	8.81337048034335	8.70188504611406	8.83019481707156	9.00604790885144
ENSG00000213585.11	9.41517938171579	9.52651056324448	9.43479043231227	9.46008392203578	9.31732433811342	9.79996673841026	9.28082499236591	9.30813543004314
ENSG00000271737.2	6.80048767211086	6.59090765639085	6.65824228849862	6.71477957466235	6.59133753825452	6.66112256367871	6.65711701827342	6.43935831587626
ENSG00000271128.1	6.58710938520095	6.70160896022124	6.43935831587626	6.66435240536893	6.59133753825452	6.71082973304335	6.81581663390162	6.66499475927517
ENSG00000081059.20	6.88107787728229	6.8923522352928	6.92694345216041	6.88799280253678	6.89362786770973	6.78948382610015	7.13877762248489	6.98928066440998
ENSG00000113558.19	7.70395500220955	7.86606472963437	7.76880258900063	7.73707908320655	7.7686966415592	7.78516739639465	7.68938864382459	7.87732084698278
ENSG00000113575.12	7.64103263573616	7.67848254651082	7.52026877270809	7.56963165650772	7.39536274240844	7.55414222814662	7.75453677176359	7.58282854979468
ENSG00000239615.1	7.79859690058102	7.9065820971097	7.94270691255159	7.80347186742851	7.53049652038317	7.75287839232026	7.73058789344141	7.75759624383526
ENSG00000006837.12	6.90477164752875	6.70160896022124	6.74861155170608	6.85922707273188	6.70235148984962	6.66112256367871	6.78317777422319	6.59898859408845
ENSG00000119048.9	8.73312904886374	8.87657798614574	8.57352230837657	9.01847202186517	8.47490927644503	8.49254548200238	8.77702633843062	8.76087679576411
ENSG00000237190.4	7.31284912597803	7.42575936841455	7.30279019145036	7.51745639052461	7.46031916101711	7.6311221033865	7.230272921022	7.5416801600786
ENSG00000043143.22	8.87079821416028	9.10067902096398	8.7560657710279	8.95020245611273	8.74079598417664	8.94602476942983	8.65273617236443	8.96234783124113
ENSG00000152700.14	8.26955744523915	8.37075772098646	8.48245542696521	8.72185851095424	8.47074654873245	8.73857947481945	8.42990427337695	8.56246826584081
ENSG00000113615.13	8.38433156816901	8.58495546792167	8.32269809262215	8.39331416872435	8.51982979254133	8.6331512982497	8.46910642995349	8.32291490297012
ENSG00000164615.6	8.4817239025678	8.64792804716861	8.32755554436697	8.48247426408445	8.4240377210961	8.27376134009851	8.51544480700816	8.67330421973529
ENSG00000145833.16	8.69055722333905	8.69062758439571	8.46952280241131	8.74058963652415	8.49960574968986	8.79178883848114	8.77702633843062	8.68506078684053
ENSG00000241179.1	6.88107787728229	7.05970936267722	6.78494942059072	6.71477957466235	6.70235148984962	6.71082973304335	6.84578904393387	6.75813289054065
ENSG00000181904.9	8.61874601296489	8.89473085233531	8.55338118446611	8.83396038404714	8.681869571358	8.9429201509363	8.63020275349566	8.75718707929064
ENSG00000113621.15	8.5464838146051	8.69062758439571	8.40737441325109	8.64815844871383	8.61646710740434	8.72402335821737	8.66016222818083	8.71971549603748
ENSG00000132570.15	7.02655928775741	7.07741058769147	7.15854104139589	7.25593362173179	7.09643284881219	7.15141483343935	7.32412257582945	7.22805870833429
ENSG00000244921.2	11.756640885291	12.0016472354971	12.1450189694468	12.5682450691852	12.4455657881672	12.5283885092295	11.9408397038205	12.1348809554245
ENSG00000249119.1	11.3065689423054	11.6216844040216	11.963442603846	12.3201870863398	12.127057085768	12.2013798097195	11.5492232074504	11.5976501463308
ENSG00000248923.1	12.4740684740107	12.6933189369451	13.0987030007729	13.2129064111058	13.3025793818836	13.485728782192	12.65484558219	12.8278929912045
ENSG00000247627.2	13.5539085785945	13.7957369361489	13.9635102302126	14.2917016474136	13.9692087012177	13.765020432693	13.6959705074009	13.765823954035
ENSG00000198868.3	10.3835619753053	10.5112841449568	10.8094265032674	11.008943764689	10.6070898065322	10.5266883652864	10.5562045237865	10.6585884605422
ENSG00000249192.1	7.60800394643117	7.85916387826042	7.53034106345312	7.79539814839956	7.37255303911769	7.40166807788686	7.50480766329044	7.53110350692585
ENSG00000069011.16	7.26424750246052	7.20350296362254	6.97297967273664	6.7945679420554	6.43935831587626	6.71082973304335	7.40794524758021	7.11087928794033
ENSG00000224186.8	6.6950477566315	6.91664027450674	6.65824228849862	6.75722721090719	6.43935831587626	6.66112256367871	6.78317777422319	6.75813289054065
ENSG00000113648.17	8.91372015502823	8.96499890783212	8.77335066724851	8.74800873422777	8.98497475205747	9.17920375389036	8.74616153046411	8.83609469865493
ENSG00000270021.1	6.43935831587626	6.70160896022124	6.74861155170608	6.71477957466235	6.70235148984962	6.43935831587626	6.7059310337478	6.71556510257389
ENSG00000223539.4	6.6950477566315	6.86663834971125	6.74861155170608	6.71477957466235	6.77856944871386	6.71082973304335	6.7059310337478	6.75813289054065
ENSG00000120708.17	10.4031877697586	9.77030958478502	11.2976696508614	11.0692203665615	12.0138698521169	11.7344409086485	11.4697623148705	11.1105782046258
ENSG00000113658.18	9.24912748012631	9.0533715079059	9.05161733643805	9.05136573880327	9.09884785716805	9.03601167722864	9.18630152791786	8.96867734279191
ENSG00000213568.4	7.27669232675171	7.24532990394283	7.14232897471387	7.24105354332556	7.19107340526396	7.09953127654411	7.13877762248489	7.14651045137942
ENSG00000248616.1	6.92727869079218	6.96172395444198	6.97297967273664	7.03108379795622	6.96319099458342	7.09953127654411	7.01226888740702	7.11087928794033
ENSG00000152377.15	9.63394022923979	10.3923828963162	9.82626545640162	10.9819928434759	10.594513262832	11.1254461449551	10.1301319324644	10.8926127649222
ENSG00000146021.15	7.06165156972064	6.98280971378101	7.05438194769747	6.96464476970857	7.14546483287167	7.04287267906183	7.03210343032744	7.03275316416137
ENSG00000177733.7	9.43267982828816	9.40958474456022	9.07929078520795	9.12330887162661	8.93309987735851	9.15546394248401	9.26432744875558	9.09810287066964
ENSG00000287067.1	6.58710938520095	6.70160896022124	6.43935831587626	6.43935831587626	6.65419024516067	6.71082973304335	6.59340998201429	6.59898859408845
ENSG00000250159.7	6.64821876902176	6.74204092910778	6.59420680516964	6.59853369009248	6.65419024516067	6.78948382610015	6.74702469803714	6.66499475927517
ENSG00000031003.11	8.57223449725896	8.40177407337012	8.56951899255376	8.62805798866346	8.66402615908191	8.74579813348948	8.79051795990734	8.75348710682062
ENSG00000112981.5	6.73447480136818	6.74204092910778	6.74861155170608	7.0098403901942	6.96319099458342	6.8227146949241	6.81581663390162	6.79557899802678
ENSG00000112983.18	8.77124983338676	8.56198381679369	8.92883904189527	8.71429135807493	8.85135720204444	8.79178883848114	8.73571207037014	8.65746383218361
ENSG00000112984.12	6.73447480136818	6.96172395444198	6.99450908177647	6.85922707273188	6.77856944871386	6.66112256367871	6.89977654313986	6.66499475927517
ENSG00000094880.11	8.06881871494655	7.92629744092217	8.16728269276431	8.2600715011474	8.08269511319578	7.93347225594863	8.10294154859053	7.97142893434587
ENSG00000120709.11	8.69388104992368	8.59629104580153	8.51631869464599	8.49600000462482	8.5238367963415	8.55229808658262	8.63398529871988	8.62927540027489
ENSG00000120733.15	9.02972450654226	9.1439087895545	9.12509033297087	9.10638351359034	9.11950385442488	9.10671968662335	9.00131055282413	9.22162346763446
ENSG00000132563.17	7.48240614695841	7.55597636827698	7.72871444430303	7.86596265754316	7.63105131876296	7.88382346882906	7.93559150993702	7.91446234634684
ENSG00000271196.1	6.76916552526763	7.09460393922451	6.74861155170608	6.75722721090719	6.8403514729454	6.88159019691735	6.84578904393387	6.91631837934757
ENSG00000120738.8	8.35012706378618	7.43648408248628	8.03285858670101	7.4957285283425	8.22272429120706	8.29947876100976	8.59565872089729	7.88484987668438
ENSG00000241458.1	7.71909075774064	7.68667566748816	7.43535750935192	7.40306160487349	7.33710086212212	7.32698938300757	7.45232310044787	7.4298931698597
ENSG00000120705.13	9.42103725145766	9.62560552345268	9.36303615113607	9.63365110511013	9.61431988984072	9.74695186136469	9.40190962903639	9.60480658903747
ENSG00000113013.16	9.6686675335457	9.55660729133917	9.6916585147309	9.51402054703986	9.85335656556448	9.68460456108669	9.78483485637338	9.36611259622265
ENSG00000044115.21	10.6164863178092	10.6515663384774	10.8405367490979	10.8357488468116	10.662357902926	10.9224056341962	10.7837709173976	10.8119352862727
ENSG00000146006.8	7.14131259564342	6.65358313805485	7.09108446280084	6.59853369009248	7.02423010627822	6.75267309804514	6.94789582579647	6.43935831587626
ENSG00000120725.13	8.41763222053027	8.25816553416571	8.54931516938592	8.44569124004405	8.48731692245855	8.50125302940529	8.43872067087854	8.37358905731047
ENSG00000280987.4	6.64821876902176	6.7776134688375	6.43935831587626	6.43935831587626	6.59133753825452	6.59624643103017	6.7059310337478	6.43935831587626
ENSG00000281398.4	7.26424750246052	7.29763067505793	7.09108446280084	7.27052005651109	7.28722563583692	7.27299680592007	7.40794524758021	7.09228017073694
ENSG00000015479.20	7.06165156972064	6.96172395444198	7.108633685461	7.14453248643456	6.96319099458342	7.08123610055129	7.1052465005924	7.03275316416137
ENSG00000120727.13	8.14295954710883	8.30159248656664	8.22658690787074	8.22717336302073	8.33442952523508	8.32965151908977	8.15378915905498	8.28083733152784
ENSG00000170482.17	6.64821876902176	6.65358313805485	6.65824228849862	6.7945679420554	6.59133753825452	6.71082973304335	6.7059310337478	6.43935831587626
ENSG00000228672.4	6.73447480136818	6.80972966199624	6.92694345216041	6.98773058354613	6.91798309639808	6.85322918326179	6.8736476562819	6.91631837934757
ENSG00000170469.11	6.73447480136818	6.43935831587626	6.70730724183813	6.85922707273188	6.86784265543588	6.75267309804514	6.74702469803714	6.75813289054065
ENSG00000170464.10	7.88548131796998	7.66189258761927	7.89477888006559	7.80347186742851	7.88351651281543	7.90537417662272	7.84522578755965	7.80710639623428
ENSG00000184584.14	8.38433156816901	8.37075772098646	8.5894135194136	9.06020103445026	8.4240377210961	8.85959229648325	8.57606508396364	8.84304278251533
ENSG00000249689.1	6.85599478395576	6.70160896022124	7.01519640410775	6.98773058354613	6.86784265543588	6.8227146949241	6.84578904393387	6.91631837934757
ENSG00000249215.1	9.19517436618531	9.09030645982862	9.04601484336089	8.99711910277762	9.16239371420603	9.05618081494	8.99555707851665	8.94639372528289
ENSG00000131508.17	8.55758245546871	8.69412424440191	8.42544314365684	8.99711910277762	8.48731692245855	8.64873872015675	8.6490073553433	8.76822570367433
ENSG00000171604.12	8.21276310740794	7.91319277585848	8.32755554436697	7.83516984902588	8.13850986341637	8.00079211485345	8.27974376845071	7.89975520841695
ENSG00000245146.7	6.90477164752875	6.83922341908603	6.87587918695416	6.98773058354613	6.81077545829778	6.59624643103017	6.92445549075663	6.88926596466494
ENSG00000185129.8	8.50111128203041	8.57734324412677	8.6511126522777	8.62805798866346	8.61273623437813	8.82950422179242	8.82038526129141	8.89737218149859
ENSG00000182700.5	7.52923989641698	7.83819450041638	7.71223310073222	7.96047627989416	7.67351829167121	7.82418907980601	7.81584583690489	7.8151377702856
ENSG00000254363.6	6.6950477566315	6.65358313805485	6.70730724183813	6.71477957466235	6.65419024516067	6.71082973304335	6.65711701827342	6.66499475927517
ENSG00000120306.11	7.92336551398965	8.03194214479003	7.84467468387166	7.88103877916032	7.70623858823703	7.91951179134216	7.873829602235	8.09007748003442
ENSG00000113068.10	8.24621259093973	8.31103928571145	8.31292595210286	8.27084434665789	8.28709886155051	8.22607030974618	8.25455411677689	8.22613715921755
ENSG00000113070.8	6.64821876902176	6.59090765639085	6.59420680516964	6.59853369009248	6.59133753825452	6.59624643103017	6.74702469803714	6.59898859408845
ENSG00000131503.21	6.82925412814796	6.8923522352928	6.81775463736341	6.9149699960699	6.8403514729454	6.88159019691735	6.81581663390162	6.88926596466494
ENSG00000254996.5	6.92727869079218	6.70160896022124	6.84787938213258	6.85922707273188	6.91798309639808	6.75267309804514	6.89977654313986	6.88926596466494
ENSG00000213523.12	8.00708261705269	7.87973707513203	7.81497005132884	7.80347186742851	7.91042120781572	8.07668191413005	7.64643508021	7.8151377702856
ENSG00000243056.2	6.88107787728229	6.8923522352928	6.92694345216041	6.9149699960699	6.8403514729454	6.8227146949241	6.94789582579647	7.09228017073694
ENSG00000113108.20	7.73400608171363	7.65349286842667	7.56957062449411	7.72847454025851	7.62233362512269	7.62182953188988	7.52497322330101	7.55213766364878
ENSG00000176087.16	8.4933914153096	8.61496757573041	8.42095003907238	8.52263203892149	8.35286948741553	8.48816947522852	8.43872067087854	8.40304041467014
ENSG00000251453.1	7.57380559050133	7.42575936841455	7.42414244258766	7.50665748875958	7.55899676174186	7.2588783846982	7.36110563055957	7.57270868804437
ENSG00000240518.2	6.90477164752875	6.70160896022124	6.74861155170608	6.66435240536893	6.70235148984962	6.66112256367871	6.7059310337478	6.66499475927517
ENSG00000170458.15	6.6950477566315	6.74204092910778	6.84787938213258	6.98773058354613	6.70235148984962	6.88159019691735	6.43935831587626	6.71556510257389
ENSG00000131495.9	7.8725586470527	7.95840323827277	7.8592262760543	7.88103877916032	7.83478345079549	7.90537417662272	7.84522578755965	7.89232771945194
ENSG00000113119.13	7.21224938124028	7.23165671836133	7.23426748932137	7.36554313971766	7.14546483287167	7.1995052785116	7.13877762248489	7.31508878620013
ENSG00000113141.19	9.15091449747661	9.15636908079806	9.15393208824338	9.17557190124192	9.26988182220205	9.1501324203546	9.02408459447808	9.11522691584942
ENSG00000120314.19	7.8192775516661	7.87292224382988	7.92241820840479	7.77080064623082	7.93668938797086	7.94726080750155	7.89480219740134	7.84667536170827
ENSG00000170445.16	8.37586730589481	8.50270729574163	8.42544314365684	8.42689419643518	8.49960574968986	8.45711177039893	8.46910642995349	8.41751261121546
ENSG00000112855.17	7.95398093814888	7.87973707513203	7.84467468387166	7.90327224297391	7.91042120781572	7.83182535067464	7.98137616765061	7.86973977394016
ENSG00000146007.11	8.63273043161717	8.53859832873388	8.79041437575815	8.79167562953452	8.7609840334214	8.62922532976403	8.59954235148079	8.53212517402509
ENSG00000250120.8	6.6950477566315	6.7776134688375	6.43935831587626	6.59853369009248	6.59133753825452	6.59624643103017	6.65711701827342	6.43935831587626
ENSG00000171815.6	6.43935831587626	6.43935831587626	6.43935831587626	6.66435240536893	6.70235148984962	6.59624643103017	6.74702469803714	6.71556510257389
ENSG00000112852.7	6.94875647993495	6.96172395444198	6.81775463736341	6.96464476970857	6.8403514729454	6.71082973304335	6.81581663390162	6.8604197866415
ENSG00000113205.5	6.73447480136818	6.70160896022124	6.78494942059072	6.59853369009248	6.65419024516067	6.75267309804514	6.59340998201429	6.71556510257389
ENSG00000081818.4	6.82925412814796	6.80972966199624	6.70730724183813	6.71477957466235	6.77856944871386	6.43935831587626	6.7059310337478	6.71556510257389
ENSG00000113209.9	6.88107787728229	6.74204092910778	6.90214012777943	6.82827584508646	6.65419024516067	6.71082973304335	6.65711701827342	6.43935831587626
ENSG00000113211.6	6.73447480136818	6.70160896022124	6.43935831587626	6.71477957466235	6.77856944871386	6.71082973304335	6.65711701827342	6.71556510257389
ENSG00000113212.7	7.04437464747588	7.02259645964244	6.92694345216041	6.88799280253678	6.91798309639808	6.78948382610015	7.01226888740702	6.8604197866415
ENSG00000120322.4	6.73447480136818	6.83922341908603	6.70730724183813	6.75722721090719	6.89362786770973	6.75267309804514	6.65711701827342	6.43935831587626
ENSG00000272674.4	6.85599478395576	6.83922341908603	6.99450908177647	6.9149699960699	6.9843346155731	6.88159019691735	6.94789582579647	6.79557899802678
ENSG00000177839.7	6.82925412814796	6.70160896022124	6.84787938213258	6.9149699960699	6.9411167951386	6.95716985536871	6.89977654313986	6.82938173877161
ENSG00000120324.9	6.90477164752875	6.8923522352928	6.78494942059072	6.82827584508646	7.16101486394347	6.93331040795514	6.74702469803714	6.91631837934757
ENSG00000197479.7	6.76916552526763	6.80972966199624	6.59420680516964	6.66435240536893	6.77856944871386	6.85322918326179	6.74702469803714	6.66499475927517
ENSG00000120328.6	6.80048767211086	6.74204092910778	6.74861155170608	6.59853369009248	6.77856944871386	6.8227146949241	6.65711701827342	6.59898859408845
ENSG00000187372.11	6.98910180233029	6.7776134688375	7.07301585918763	6.88799280253678	7.33710086212212	7.22980414512121	6.94789582579647	6.82938173877161
ENSG00000120327.7	6.98910180233029	7.12761863691294	7.15854104139589	7.10899739952712	7.23385110540525	7.06236787266546	7.06980315318122	6.94186705247055
ENSG00000113248.6	6.94875647993495	6.7776134688375	6.59420680516964	6.59853369009248	6.77856944871386	6.71082973304335	6.78317777422319	6.59898859408845
ENSG00000178913.9	8.85029038050967	8.97069343990327	9.00034768204237	9.13447773799601	9.01572849930823	9.09286697961684	9.06578831778137	8.97811666710087
ENSG00000120329.7	6.6950477566315	6.65358313805485	6.59420680516964	6.59853369009248	6.65419024516067	6.66112256367871	6.43935831587626	6.66499475927517
ENSG00000272070.3	6.80048767211086	6.80972966199624	6.84787938213258	6.71477957466235	7.12953635870483	6.88159019691735	6.92445549075663	6.8604197866415
ENSG00000204956.6	7.00815477285245	6.7776134688375	7.09108446280084	7.07131815276461	7.14546483287167	7.04287267906183	6.97026181459213	6.96613105083845
ENSG00000081853.15	7.26424750246052	7.29763067505793	7.36572076328742	7.35264675280945	7.69815726479008	7.7930871569908	7.24442409608208	7.27283391984739
ENSG00000254245.3	7.22560372627965	7.12761863691294	6.90214012777943	7.10899739952712	7.02423010627822	6.78948382610015	6.8736476562819	7.12894230165379
ENSG00000254221.3	6.98910180233029	6.98280971378101	7.01519640410775	6.88799280253678	7.26101773105511	7.2868549344026	6.94789582579647	6.96613105083845
ENSG00000262576.3	7.47273975491118	7.56526380531823	7.75295238609057	7.77080064623082	7.82044737567963	7.54406502806642	7.68094420379084	7.93616498434839
ENSG00000253910.3	7.64103263573616	7.55597636827698	7.75295238609057	7.6752671697904	6.9843346155731	7.00173781955444	7.31140188978322	7.45340490326501
ENSG00000253485.3	7.04437464747588	7.20350296362254	7.21976318525012	7.21034358070588	7.06144390694469	6.75267309804514	7.32412257582945	7.44172872617975
ENSG00000262209.3	7.09475955628197	7.17416839145007	7.24848656199303	7.28482816674212	7.73010550684785	7.56411203989563	7.230272921022	7.16361990109882
ENSG00000253731.3	7.27669232675171	7.21771925882314	7.31578320203042	7.21034358070588	7.32492677304778	7.2868549344026	7.2158380607488	7.18030257494647
ENSG00000253537.3	7.52923989641698	7.5744605664324	7.55016197307786	7.64756992068165	7.17621052194296	7.16782794342023	7.61067500802485	7.74055910340779
ENSG00000253953.3	7.43297652662458	7.23165671836133	7.46815828495789	7.50665748875958	7.07919306364178	6.97993461237282	7.78563618477975	7.72323672758876
ENSG00000253767.3	6.6950477566315	6.70160896022124	6.84787938213258	6.59853369009248	6.65419024516067	6.71082973304335	6.97026181459213	6.71556510257389
ENSG00000276547.2	7.82608317359775	7.87973707513203	8.21601784149852	8.12880343654527	7.74571447980836	7.61244741220389	7.97494782196698	7.94330664897457
ENSG00000261934.3	7.25159134826769	7.07741058769147	6.97297967273664	7.03108379795622	7.17621052194296	7.15141483343935	7.13877762248489	7.12894230165379
ENSG00000253305.3	7.22560372627965	7.15901313005303	7.23426748932137	7.16159600164277	7.06144390694469	7.00173781955444	7.18605069584968	7.12894230165379
ENSG00000253846.3	8.10647022090141	7.98962152577388	7.86642973277182	7.78726249992622	8.04198643940983	7.93347225594863	8.04374976897021	8.0583185940852
ENSG00000254122.3	8.23198921865619	8.1557544823047	8.1505895374335	7.98802457655724	9.05389279145996	8.75655316414078	8.27474689705324	8.48750252263373
ENSG00000253873.6	7.62465812806249	7.67848254651082	7.76880258900063	7.75407637533425	7.72221148996982	7.74464773284164	8.03766208755717	8.15114088759465
ENSG00000253159.3	8.52777199916961	8.39298980959287	8.33239413986315	8.18763502939763	7.26101773105511	7.1995052785116	8.78715781405104	8.85339798776488
ENSG00000276545.1	6.58710938520095	6.65358313805485	6.65824228849862	6.43935831587626	6.70235148984962	6.66112256367871	6.59340998201429	6.43935831587626
ENSG00000240184.7	9.68652231952818	9.62205716467499	9.24188287097008	9.31658622325078	9.1870129763392	9.26045307489754	9.36270647498273	9.42177376182455
ENSG00000242419.6	6.6950477566315	6.59090765639085	6.65824228849862	6.66435240536893	6.65419024516067	6.66112256367871	6.59340998201429	6.66499475927517
ENSG00000240764.4	6.82925412814796	6.70160896022124	6.74861155170608	6.59853369009248	6.81077545829778	6.71082973304335	7.08778312657617	6.91631837934757
ENSG00000131504.18	8.67717759815656	8.84888163933955	8.82720505709951	9.17287009381345	8.81337048034335	8.86618806084234	9.04648480591099	9.34224825237165
ENSG00000171720.10	8.36306316271789	8.41049773243296	8.33721404321627	8.28152377518258	8.37104195183015	8.35911136874781	8.18652459116081	8.12100179232244
ENSG00000164620.9	6.82925412814796	6.80972966199624	6.87587918695416	6.66435240536893	6.8403514729454	6.88159019691735	6.89977654313986	6.66499475927517
ENSG00000197948.11	8.00130305110178	8.05544664853285	8.06943279280258	8.17609705756851	7.92363259651444	8.09490683036118	7.96848288894374	8.14517367778472
ENSG00000120318.16	7.6885904864755	7.63647635145749	7.65234145533654	7.36554313971766	7.67351829167121	7.54406502806642	7.80837343534679	7.46492723626823
ENSG00000156453.14	6.64821876902176	6.43935831587626	6.43935831587626	6.59853369009248	6.91798309639808	6.59624643103017	6.81581663390162	6.59898859408845
ENSG00000226040.3	7.3009847601845	7.38145303967408	7.40126016169906	7.48466534449845	7.46031916101711	7.36518253504343	7.36110563055957	7.40572002503538
ENSG00000081791.9	8.51260490561969	8.39298980959287	8.44325837336106	8.42689419643518	8.61646710740434	8.5397246172698	8.49878722257248	8.48750252263373
ENSG00000113555.6	6.82925412814796	6.80972966199624	6.87587918695416	6.75722721090719	6.91798309639808	6.78948382610015	6.89977654313986	6.8604197866415
ENSG00000013561.18	8.21276310740794	8.36626378407667	8.34679841838266	8.51381573323464	8.37104195183015	8.32965151908977	8.25455411677689	8.66144183438734
ENSG00000113552.16	9.20431403794585	8.76218646974946	8.83050009594185	8.65611325836282	9.07787615501538	8.58524362231729	9.25481139273745	8.75348710682062
ENSG00000250347.1	7.25159134826769	7.23165671836133	7.30279019145036	7.17823401500456	7.14546483287167	7.21481668735571	7.29847011027295	7.12894230165379
ENSG00000131507.11	9.29039789732497	9.56588177576479	9.31306210616344	9.88576839188716	9.37816360697278	9.52673505356328	9.57349627246312	9.79143487917862
ENSG00000289306.1	6.58710938520095	6.59090765639085	6.65824228849862	6.66435240536893	6.70235148984962	6.43935831587626	6.59340998201429	6.71556510257389
ENSG00000280047.1	6.64821876902176	6.80972966199624	7.01519640410775	6.85922707273188	6.9843346155731	7.02268748670147	6.74702469803714	6.8604197866415
ENSG00000187678.10	7.1261710930758	6.83922341908603	7.21976318525012	7.10899739952712	7.09643284881219	7.31384000488249	7.2158380607488	7.44172872617975
ENSG00000231185.9	6.73447480136818	6.74204092910778	6.65824228849862	6.43935831587626	6.70235148984962	6.78948382610015	6.59340998201429	6.66499475927517
ENSG00000113578.18	6.90477164752875	7.25875213933517	7.45736078985131	7.71104619633136	7.04314031960162	7.69383250369366	7.08778312657617	7.28717967992664
ENSG00000145819.18	7.84624563766608	7.72667604685279	7.83732495842324	7.83516984902588	7.92363259651444	8.10091963863362	7.96198086873598	7.99207206489774
ENSG00000113580.15	9.92765478007763	9.07196349011562	9.82947188179337	9.01544200584058	9.49242052183303	8.92414156570665	10.0442124260259	9.20312098700309
ENSG00000145817.17	9.13424303414563	8.90072794121508	9.17708869102829	8.95020245611273	9.13479457894047	9.17920375389036	9.17370194928542	8.86708204045612
ENSG00000183775.11	7.19863772985699	6.86663834971125	7.14232897471387	6.85922707273188	7.11320248327584	7.02268748670147	7.1706605785019	6.88926596466494
ENSG00000215325.4	7.1261710930758	7.05970936267722	7.14232897471387	7.10899739952712	7.4706875236321	7.47024249410971	7.33664123728787	7.19658682376258
ENSG00000186314.12	6.85599478395576	6.93971032520683	6.95050159174117	7.0098403901942	6.8403514729454	7.15141483343935	6.94789582579647	7.14651045137942
ENSG00000249363.1	6.64821876902176	7.02259645964244	6.59420680516964	7.05155119182893	6.70235148984962	7.16782794342023	6.92445549075663	7.18030257494647
ENSG00000156463.18	6.73447480136818	6.74204092910778	6.59420680516964	6.59853369009248	6.59133753825452	6.78948382610015	6.74702469803714	6.79557899802678
ENSG00000248493.1	6.96933030555932	7.07741058769147	7.108633685461	6.98773058354613	6.9411167951386	6.95716985536871	6.99168415881239	7.30126033386385
ENSG00000133706.20	9.07048669965685	9.09290696229997	9.07654847280043	9.10354222909941	9.11693878060805	9.1501324203546	9.19629901383428	8.97811666710087
ENSG00000239602.1	7.89825395739984	7.83819450041638	7.66111972875557	7.70221924781346	7.46031916101711	7.61244741220389	7.70606875678137	7.66017771161906
ENSG00000239317.1	8.13781480581551	8.13418600960235	8.19459986491871	8.14080333588593	8.24788516076232	8.00079211485345	8.09715487552138	8.00562961990465
ENSG00000091009.8	7.65713909464603	7.68667566748816	7.52026877270809	7.71104619633136	7.5775261695505	7.5235761604705	7.54470548054276	7.55213766364878
ENSG00000113649.14	8.39273936542375	8.18739680967067	8.33721404321627	8.23271820651057	8.41535786194332	8.49254548200238	8.32383017955293	8.13314905527914
ENSG00000169302.16	7.00815477285245	6.65358313805485	6.95050159174117	6.7945679420554	6.59133753825452	6.43935831587626	6.99168415881239	6.88926596466494
ENSG00000113657.13	10.4196606259641	9.93471162258478	10.4860854079533	9.68330522719459	10.3501391751256	9.90663120324908	10.2002164260551	9.71418753417701
ENSG00000250346.1	10.2413555817508	10.291810889205	10.1274007239759	9.98924358593371	10.1043468557516	9.9313246976265	9.99992955536922	9.93906657217616
ENSG00000247199.6	6.73447480136818	6.74204092910778	6.81775463736341	6.71477957466235	6.77856944871386	6.71082973304335	6.78317777422319	6.8604197866415
ENSG00000145868.17	8.29699942229348	8.16639470961912	8.37511930196505	8.48247426408445	8.36198861180095	8.17643700071364	8.40308165206878	8.41270689566658
ENSG00000169252.6	6.64821876902176	6.65358313805485	6.70730724183813	6.59853369009248	6.65419024516067	6.71082973304335	6.74702469803714	6.59898859408845
ENSG00000169247.14	6.64821876902176	6.65358313805485	7.01519640410775	6.94044784003456	6.59133753825452	6.85322918326179	6.65711701827342	6.82938173877161
ENSG00000173210.21	9.27100176510252	9.3287412433971	9.38955743303093	9.05136573880327	9.57238480763774	9.14745889813357	8.85600844399618	8.79722299708275
ENSG00000157510.14	7.41238824137725	8.35268463053445	7.55016197307786	8.34878338909221	7.7686966415592	8.08886318911581	7.4192569214772	8.33321536075852
ENSG00000164284.15	7.34740369896762	7.51787147673622	7.48936634673305	7.31266433276248	7.51099567843774	7.44798233521901	7.44144096185602	7.34203568759579
ENSG00000145882.11	7.27669232675171	7.36999908323021	7.32856396165289	7.35264675280945	7.31256185219234	7.33992354409416	7.43042048399668	7.32867691594172
ENSG00000249669.12	7.70395500220955	7.6948027216387	7.73685703636698	7.81148480287117	7.7686966415592	8.04566220110687	7.57354186617709	7.57270868804437
ENSG00000113712.19	9.60860022946759	9.49186173497598	9.59484683206777	9.41538634766356	9.64979652724092	9.70808465092607	9.54857553159491	9.50560727330223
ENSG00000230551.4	7.49196898311379	7.59259093712928	7.51008444991109	7.36554313971766	7.71425625019853	7.76914719723914	7.56402775263437	7.5416801600786
ENSG00000183111.12	7.2889351845708	7.04145533499291	7.52026877270809	7.37823908357656	7.32492677304778	7.35265173077004	7.56402775263437	7.40572002503538
ENSG00000155846.17	6.76916552526763	6.65358313805485	6.43935831587626	6.59853369009248	6.43935831587626	6.43935831587626	6.59340998201429	6.59898859408845
ENSG00000251583.1	8.09583497938652	8.11774959575711	8.27304862473266	8.27619562301593	8.38895546963466	8.56475077071181	8.23918851566049	8.40788288217046
ENSG00000155850.9	7.99549418333944	8.25324441982541	7.84467468387166	8.28682902862385	8.09407091542717	8.32467327448803	8.25455411677689	8.30730261895224
ENSG00000164296.7	7.25159134826769	7.25875213933517	7.30279019145036	7.25593362173179	7.41756713940696	7.27299680592007	7.1706605785019	7.3681050056998
ENSG00000113716.13	8.41763222053027	8.45323854834943	8.60900891745341	8.68746033261379	8.6312851518295	8.4969066297634	8.3756778072293	8.50105247569651
ENSG00000248696.1	6.98910180233029	6.7776134688375	6.97297967273664	6.88799280253678	6.86784265543588	6.90818894211843	6.94789582579647	6.94186705247055
ENSG00000241907.1	6.80048767211086	7.00307188601783	6.84787938213258	6.71477957466235	6.77856944871386	6.78948382610015	6.7059310337478	6.82938173877161
ENSG00000182578.14	6.64821876902176	6.70160896022124	6.59420680516964	6.43935831587626	6.65419024516067	6.59624643103017	6.43935831587626	6.66499475927517
ENSG00000214485.6	11.2148712488734	11.2691699675945	11.0671122309644	11.1195370710067	10.8732670890062	10.8340414449308	10.9851036356158	10.9751220188253
ENSG00000113721.14	11.846161682536	12.0369724628283	11.9375304946101	12.3326668235865	11.9063368126141	12.162452942129	11.8360272914333	12.3820560170541
ENSG00000113722.18	6.73447480136818	6.65358313805485	6.81775463736341	6.7945679420554	6.59133753825452	6.66112256367871	6.7059310337478	6.43935831587626
ENSG00000070808.17	6.92727869079218	6.74204092910778	6.81775463736341	6.71477957466235	6.86784265543588	6.59624643103017	6.92445549075663	6.66499475927517
ENSG00000183876.9	7.55623339430288	7.12761863691294	7.57912711229258	6.94044784003456	7.7686966415592	7.30046544496281	7.1706605785019	6.82938173877161
ENSG00000070814.22	8.23674875246296	8.12873241114287	8.13366018703028	7.90327224297391	8.31098961357411	8.24217448570397	8.08549559786007	8.03227402989139
ENSG00000019582.17	6.88107787728229	6.70160896022124	6.92694345216041	6.94044784003456	6.81077545829778	6.66112256367871	7.2158380607488	6.8604197866415
ENSG00000164587.13	11.2137634264436	11.3204182970031	10.964451370134	10.8018860472339	10.9625652068326	10.960164840844	10.8504489842553	10.8204652074304
ENSG00000070614.15	10.390461668534	10.6652953031873	10.9593750109754	10.8515581911013	10.426203655488	11.062983426818	10.6992687511129	10.9324941777387
ENSG00000171992.13	10.2896436067408	9.97818809270772	10.2647161859248	9.80719193399	9.70307934168634	9.82986219525742	10.4859526955697	10.2378057741485
ENSG00000164591.14	6.64821876902176	6.59090765639085	6.59420680516964	6.59853369009248	6.77856944871386	6.71082973304335	6.7059310337478	6.79557899802678
ENSG00000086589.12	7.84624563766608	7.98962152577388	7.90175357110248	7.82733273254756	7.95599399335361	7.97434187159909	8.03766208755717	7.84667536170827
ENSG00000132912.13	8.83245973674944	8.75219687901006	8.87897983388193	8.97229857671928	8.80046516755168	8.72402335821737	8.84638636865223	8.84650339135864
ENSG00000256235.3	8.13264777294881	8.81104201014362	8.15617978922234	8.72562594922534	8.16012227349574	9.03601167722864	8.14824539352677	8.96867734279191
ENSG00000145908.14	7.33605180474466	7.18899186515845	7.35352455666184	7.31266433276248	7.06144390694469	6.95716985536871	7.33664123728787	7.14651045137942
ENSG00000291115.1	6.76916552526763	6.83922341908603	6.65824228849862	6.82827584508646	6.70235148984962	6.71082973304335	6.7059310337478	6.66499475927517
ENSG00000211445.13	8.3238465086794	11.8313851474495	9.47655000944045	12.862472055573	8.69246088758504	11.2980434414714	9.11156599913038	12.4731401359334
ENSG00000145901.16	8.97161102403417	9.43213844143605	9.21235484074458	9.5308510314305	9.19673897814283	9.79323670234321	9.17370194928542	9.65767765044034
ENSG00000197043.15	11.0495864888716	12.0343364020968	11.1635601071784	11.8060932505797	10.9611680738163	11.8562375928548	10.9347954683682	11.8842681315196
ENSG00000198624.13	7.81242842702839	10.0443072217068	8.09319470823327	9.89710743360286	7.62233362512269	9.37858166688289	8.17026825787473	9.782666416013
ENSG00000196743.9	8.62924829714379	8.7387596438413	8.71004420870519	8.87158453693796	8.72716487394862	9.0418047213151	8.79721300657654	9.2320862085595
ENSG00000123643.14	8.12224592814166	8.28728588501806	8.06341626803668	8.49600000462482	8.05960714307928	8.56475077071181	8.10870001215132	8.62519857734551
ENSG00000086570.13	6.43935831587626	6.59090765639085	6.65824228849862	6.59853369009248	6.65419024516067	6.59624643103017	6.43935831587626	6.75813289054065
ENSG00000271795.1	6.6950477566315	6.70160896022124	6.59420680516964	6.59853369009248	6.43935831587626	6.66112256367871	6.7059310337478	6.43935831587626
ENSG00000113140.11	12.8044786035198	12.5065253736306	12.8797791111724	12.3261432914389	12.843004242955	12.2490622987534	12.9507404883901	12.344774297428
ENSG00000249035.7	6.64821876902176	6.74204092910778	6.43935831587626	6.7945679420554	6.65419024516067	6.59624643103017	6.59340998201429	6.59898859408845
ENSG00000177556.12	8.0467474954807	7.97723697395642	8.15617978922234	8.11057340425038	8.23788289567133	8.1479543955451	8.05583026159972	8.09007748003442
ENSG00000253921.1	6.58710938520095	6.70160896022124	6.43935831587626	6.75722721090719	6.43935831587626	6.66112256367871	6.43935831587626	6.66499475927517
ENSG00000213433.5	10.3095518361854	10.4118795315845	10.006868837577	9.81576129422627	9.74135134411081	9.74346232726822	9.78155965100463	9.83786840048802
ENSG00000275765.6	6.76916552526763	6.74204092910778	6.87587918695416	6.88799280253678	6.89362786770973	6.8227146949241	6.81581663390162	6.71556510257389
ENSG00000145907.16	9.52067614251935	9.73631924534063	9.29208904421083	9.64140498041627	9.41591740733952	9.65887352729526	9.42110581407622	9.62462061638939
ENSG00000270978.1	8.79914146004759	11.4926701056791	8.75954074127665	11.0748988409109	8.86068834526968	10.3936692741546	8.59565872089729	11.6837204190103
ENSG00000155511.19	9.08794538209622	9.52270269255463	9.4579122601355	9.91633745220923	8.45817646505163	9.84131991268079	9.35828173482522	9.97023015463397
ENSG00000055147.19	7.99549418333944	7.94567078327275	7.99509041810467	7.88849986554341	7.93668938797086	8.07668191413005	7.91538379376805	7.97142893434587
ENSG00000037749.13	8.19814131910634	8.2728117401915	8.20535612129094	8.4410179433635	8.14394970306031	8.45261273203976	8.30930811022746	8.36361686684926
ENSG00000164574.16	9.33670072852517	9.53030812909457	9.55261966282095	9.93688015821425	9.19188454234689	9.85591644049822	9.39976033777417	9.86135892181151
ENSG00000245275.9	7.09475955628197	6.96172395444198	7.01519640410775	6.96464476970857	7.02423010627822	7.2444858616082	7.03210343032744	7.12894230165379
ENSG00000253119.1	7.11066214356251	7.11132852487279	7.108633685461	7.19447479440408	7.00465224079014	6.93331040795514	7.06980315318122	6.96613105083845
ENSG00000164576.12	8.91934138999135	9.07196349011562	8.73855343738381	9.21022236952372	8.7542886656166	8.76722198653044	8.95458664316024	9.22686472929956
ENSG00000253886.1	7.69630188053823	7.80958579722031	8.01412948616165	7.98119985167366	7.74571447980836	7.96763213549531	7.66383909367207	7.79901405289424
ENSG00000253146.1	7.64103263573616	7.65349286842667	7.79980317571104	7.6752671697904	7.78374251085235	7.68511125196689	7.54470548054276	7.76601143632978
ENSG00000155506.19	9.80259081628752	10.0176899377819	9.53299777960193	10.0132333056712	10.01651961408	10.1295184520716	9.89796528143451	10.1137773017683
ENSG00000170271.11	9.15799806766032	9.10067902096398	9.09563043603802	9.72217252298853	8.99623844200071	8.68691764484034	9.11156599913038	9.53107170801688
ENSG00000155508.14	8.06333993316384	8.31573587199899	8.11648675706211	8.69132683999145	8.13850986341637	8.11285420629708	8.04374976897021	8.4738079726005
ENSG00000082516.9	7.94183480894215	7.87973707513203	7.72871444430303	8.12275781326579	7.88351651281543	7.95409218281053	7.82326641368976	7.92174355293815
ENSG00000082515.18	7.49196898311379	7.39275063909722	7.5599164488945	7.55942754482302	7.39536274240844	7.47024249410971	7.51494615070391	7.3681050056998
ENSG00000253261.1	6.76916552526763	6.74204092910778	6.81775463736341	6.7945679420554	6.9411167951386	6.78948382610015	6.81581663390162	6.91631837934757
ENSG00000226650.6	6.73447480136818	6.7776134688375	6.74861155170608	6.88799280253678	6.70235148984962	6.75267309804514	6.89977654313986	6.71556510257389
ENSG00000253646.1	8.489514017465	8.5542354393839	8.61676549708676	8.5487255424393	8.5397416378529	8.71300046081427	8.59176349333356	8.51000709425389
ENSG00000271477.1	6.64821876902176	6.43935831587626	6.65824228849862	6.66435240536893	6.65419024516067	6.59624643103017	6.59340998201429	6.43935831587626
ENSG00000270442.1	7.90458531646278	7.87973707513203	8.00781816815883	7.96742630626945	8.26273716123835	8.070543514736	8.09133966874546	7.93616498434839
ENSG00000170624.14	9.50057115134659	8.56198381679369	10.0209319304822	8.9940411827766	9.04309706717361	8.49254548200238	9.51133841323468	8.75348710682062
ENSG00000231989.5	7.8192775516661	7.9197643734435	8.05128937389968	8.06053677638145	7.93668938797086	7.86184186426594	7.83795555366702	7.97142893434587
ENSG00000113249.14	6.76916552526763	6.70160896022124	6.59420680516964	6.66435240536893	6.65419024516067	6.66112256367871	6.7059310337478	6.66499475927517
ENSG00000135077.10	6.6950477566315	6.74204092910778	6.78494942059072	6.66435240536893	6.70235148984962	6.66112256367871	6.81581663390162	6.66499475927517
ENSG00000155868.8	7.40190410202062	7.33463785012026	7.38958189154179	7.37823908357656	7.17621052194296	7.27299680592007	7.32412257582945	7.24328953958212
ENSG00000055163.21	7.80553511202083	7.53712000475837	7.74493594235559	7.25593362173179	7.71425625019853	7.31384000488249	7.48418315538238	7.41789235457719
ENSG00000135074.16	8.05230461342198	8.02599077399634	7.98221939775845	8.55730778785526	8.05376316603888	8.18205342782785	7.98137616765061	8.56674560274121
ENSG00000113272.14	7.46296681662396	7.48821493471538	7.46815828495789	7.4957285283425	7.42845531208544	7.16782794342023	7.54470548054276	7.64140692518333
ENSG00000155858.6	7.27669232675171	7.28489170224431	7.108633685461	7.29887197002558	7.14546483287167	7.11729994506885	7.230272921022	7.21249796257827
ENSG00000253630.1	6.58710938520095	6.70160896022124	6.65824228849862	6.98773058354613	6.65419024516067	6.71082973304335	6.74702469803714	6.91631837934757
ENSG00000113282.14	8.99568517645844	8.89172228778665	8.81727107329092	8.92774044391676	8.8356598735534	8.92728946743358	8.96936112027818	9.02435560015469
ENSG00000244331.1	9.46326094061525	9.62914496414097	9.11445061502269	9.16745054433403	8.87303006280302	8.95529621113172	9.2086949432773	9.10097175346728
ENSG00000213414.3	8.78681705149384	8.86126155194354	8.88846974436876	8.75538666752681	8.8101557991795	8.91465368341319	8.72869980484723	8.81148903031953
ENSG00000253422.1	6.85599478395576	6.74204092910778	6.90214012777943	6.75722721090719	6.70235148984962	6.59624643103017	6.74702469803714	6.71556510257389
ENSG00000164330.18	7.88548131796998	8.41049773243296	8.11648675706211	8.80945684263011	7.88351651281543	8.37837350526834	7.93559150993702	8.66144183438734
ENSG00000245812.5	6.82925412814796	7.23165671836133	7.12570350423684	7.47346354243093	6.9843346155731	7.1995052785116	7.03210343032744	7.4298931698597
ENSG00000279204.1	6.6950477566315	6.80972966199624	6.97297967273664	7.17823401500456	6.77856944871386	7.06236787266546	6.65711701827342	7.14651045137942
ENSG00000145860.13	8.45008065961742	8.58495546792167	8.36103876195763	8.49600000462482	8.59012443751461	8.90829124704844	8.352376477772	8.44597112348344
ENSG00000164332.8	8.24148982235104	8.2728117401915	8.05128937389968	8.4410179433635	8.2428942464101	8.28411263040106	8.21839587865356	8.20923824473665
ENSG00000170214.5	6.73447480136818	7.72667604685279	6.92694345216041	7.93223971071163	6.70235148984962	7.69383250369366	6.81581663390162	7.72323672758876
ENSG00000248626.1	10.3546176105036	10.0756045476395	10.1896520654287	9.99978891695315	10.1665329856219	10.4511345322633	10.1326951713892	9.9946781735728
ENSG00000113312.12	8.1683565065201	8.21314624784568	8.16728269276431	8.28682902862385	8.10533794004156	8.14217570668182	8.21314179814503	8.1978402696195
ENSG00000223908.5	7.15611003539891	7.17416839145007	7.07301585918763	7.17823401500456	7.12953635870483	7.06236787266546	7.1706605785019	7.16361990109882
ENSG00000170234.13	7.6491186765162	7.5275460819255	7.34114158796624	7.56963165650772	7.62233362512269	7.61244741220389	7.64643508021	7.52040412488887
ENSG00000253772.1	6.90477164752875	6.7776134688375	6.81775463736341	6.7945679420554	6.77856944871386	6.88159019691735	6.84578904393387	6.8604197866415
ENSG00000135083.17	6.76916552526763	6.70160896022124	6.74861155170608	6.59853369009248	6.59133753825452	6.71082973304335	6.59340998201429	6.59898859408845
ENSG00000254373.1	9.08546486010821	9.06667721379118	9.16684486795765	8.92774044391676	9.28587680439085	9.0007273815878	9.12736505525055	8.91391085277979
ENSG00000270612.1	7.2889351845708	7.33463785012026	7.18983193912691	7.39074271028615	7.21987687823564	7.33992354409416	7.31140188978322	7.24328953958212
ENSG00000145861.9	7.18475458628006	6.96172395444198	7.12570350423684	6.94044784003456	6.91798309639808	6.78948382610015	7.24442409608208	6.8604197866415
ENSG00000221886.4	7.11066214356251	7.02259645964244	7.09108446280084	6.98773058354613	7.02423010627822	7.08123610055129	7.03210343032744	7.03275316416137
ENSG00000164609.10	8.56126099488526	8.58115492014318	8.60120602531062	8.68746033261379	8.66761422539796	8.58117079408694	8.6034144601585	8.80437502820836
ENSG00000164611.13	7.04437464747588	7.21771925882314	7.07301585918763	6.98773058354613	7.11320248327584	6.95716985536871	7.13877762248489	7.07309757459527
ENSG00000113328.20	10.4425983025323	10.0935486285699	10.2764621495311	10.3197369812465	10.3745439185984	9.88782500051725	10.3196484126222	10.1884230185107
ENSG00000170584.11	7.6491186765162	8.02599077399634	7.72871444430303	8.00825750104161	7.69001099865491	7.71105292743666	7.83795555366702	8.20923824473665
ENSG00000072571.20	6.76916552526763	6.93971032520683	6.59420680516964	7.05155119182893	6.65419024516067	6.93331040795514	6.78317777422319	6.8604197866415
ENSG00000038274.18	8.9052442391524	9.11609234786699	8.68825213213142	9.27702265895042	8.67832015942962	8.85296403678943	8.79051795990734	9.17081408909311
ENSG00000224012.3	8.3414281667562	8.83638662858181	8.69190918699756	9.46008392203578	8.50773352026152	9.36263520174659	8.5681442864329	8.80080379345103
ENSG00000253512.1	6.96933030555932	6.91664027450674	7.03512952892631	6.98773058354613	7.00465224079014	7.15141483343935	6.92445549075663	6.96613105083845
ENSG00000229119.3	11.2176370790348	11.4443158295088	10.5846583769054	10.6223556607941	10.1942527169581	10.3679950397115	10.6546308574395	10.6614416271387
ENSG00000145934.17	6.43935831587626	6.65358313805485	6.43935831587626	6.66435240536893	6.59133753825452	6.78948382610015	6.65711701827342	6.82938173877161
ENSG00000113645.15	6.96933030555932	7.33463785012026	6.97297967273664	7.12701163853944	7.11320248327584	7.65848352294689	6.97026181459213	7.24328953958212
ENSG00000113643.9	8.79299346375217	8.76880480687725	8.81394331231637	8.86142734874891	8.87303006280302	8.85959229648325	8.63398529871988	8.62110902484653
ENSG00000188573.8	6.82925412814796	6.74204092910778	6.81775463736341	6.75722721090719	6.43935831587626	6.43935831587626	6.59340998201429	6.66499475927517
ENSG00000120137.7	8.58672324963959	8.44056642674027	8.49949853814633	8.4503474615651	8.50773352026152	8.4480977728618	8.51544480700816	8.54521649443562
ENSG00000233913.7	12.3937730741582	12.4383843254387	11.9580068934852	11.9344873241193	11.8452498353761	11.9942071473813	12.1013780350745	12.1142560548976
ENSG00000254192.1	6.6950477566315	6.65358313805485	6.65824228849862	6.66435240536893	6.59133753825452	6.43935831587626	6.65711701827342	6.66499475927517
ENSG00000184347.16	11.7169506996138	11.4849644440723	11.9945717649501	11.7127569908787	11.0380512056612	10.9969573703246	11.8685084998476	11.860106048705
ENSG00000040275.17	7.49196898311379	7.5275460819255	7.59795691758673	7.32621709880648	7.2742357569852	7.2588783846982	7.58296131680631	7.30126033386385
ENSG00000134516.20	7.33605180474466	7.27193565334964	7.41277844705169	7.31266433276248	7.24756026874977	7.1345826213474	7.25830639574145	7.28717967992664
ENSG00000204767.4	7.38053434470014	7.17416839145007	7.27612730333863	6.9149699960699	6.9411167951386	6.8227146949241	7.154911022967	7.03275316416137
ENSG00000204764.14	6.73447480136818	6.83922341908603	6.43935831587626	6.71477957466235	6.43935831587626	6.43935831587626	6.7059310337478	6.82938173877161
ENSG00000253213.1	7.44308858615331	7.39275063909722	7.54030446467574	7.60938623084126	7.4706875236321	7.38968347960865	7.40794524758021	7.82310928929184
ENSG00000206909.1	6.64821876902176	6.65358313805485	6.59420680516964	6.71477957466235	6.65419024516067	6.43935831587626	6.59340998201429	6.43935831587626
ENSG00000254012.1	7.8192775516661	7.87973707513203	7.42414244258766	7.54911127969051	7.46031916101711	7.53387740100055	7.62871859695107	7.74055910340779
ENSG00000181163.14	10.9291506618395	10.8966688404118	11.2082411114018	11.0462795347166	11.1593294616987	10.9720412305945	11.1211251225242	10.9434654427651
ENSG00000156427.8	6.85599478395576	6.93971032520683	6.95050159174117	7.05155119182893	6.65419024516067	6.43935831587626	6.92445549075663	7.03275316416137
ENSG00000072803.18	8.99833398154462	8.85508584152178	8.87261590664529	9.03352199050762	8.94770958819128	8.83624895491231	8.94265015132868	9.07493316704066
ENSG00000072786.13	7.96000526529684	8.21314624784568	8.09906091927491	8.14080333588593	8.04788971536538	8.33460996827039	8.21314179814503	8.33321536075852
ENSG00000168246.6	8.19322792297138	8.18739680967067	8.25261602519928	8.11668125922711	8.15475565314993	8.08886318911581	8.31416766916339	8.23171842826016
ENSG00000253218.1	7.32453580139174	7.31016218469815	7.35352455666184	7.22586302421196	7.39536274240844	7.2588783846982	7.39648013019841	7.41789235457719
ENSG00000174705.13	9.74960907207673	10.4179815816543	9.33600027350057	9.86281470671993	9.58160808278599	9.64395646530427	9.61468892308741	10.4465939124536
ENSG00000214357.9	7.38053434470014	7.23165671836133	7.42414244258766	7.10899739952712	6.86784265543588	7.04287267906183	7.33664123728787	6.98928066440998
ENSG00000253683.1	8.35876594181407	8.61496757573041	8.58149216130125	8.58271930592611	8.49552252103502	8.63706554612938	8.34766380741168	8.37358905731047
ENSG00000253295.2	6.80048767211086	6.8923522352928	6.95050159174117	6.9149699960699	6.91798309639808	7.02268748670147	6.92445549075663	6.8604197866415
ENSG00000213386.3	7.04437464747588	7.12761863691294	6.99450908177647	7.16159600164277	7.16101486394347	7.21481668735571	7.2158380607488	7.21249796257827
ENSG00000253736.5	6.58710938520095	6.65358313805485	6.59420680516964	6.75722721090719	6.59133753825452	6.43935831587626	6.7059310337478	6.71556510257389
ENSG00000120129.6	8.08510291865735	10.2739647214405	8.44325837336106	10.5699575111432	8.09971787324824	10.0738723453658	8.23918851566049	10.7054159078779
ENSG00000113719.17	10.0185478775486	10.6558707724603	10.3780454170808	11.0126473028991	10.1295477525144	10.9093381113139	10.2340086215985	10.8869399709661
ENSG00000204758.8	6.43935831587626	6.70160896022124	6.81775463736341	6.82827584508646	6.77856944871386	6.78948382610015	6.8736476562819	6.66499475927517
ENSG00000037241.7	7.52006402892478	7.61915959597515	7.56957062449411	7.69331492013102	7.61353718986338	7.69383250369366	7.57354186617709	7.5416801600786
ENSG00000253785.1	8.73955888963274	8.51878227332527	8.71722919690865	8.39816621703521	8.7709643948281	8.49254548200238	8.49037682726463	8.1978402696195
ENSG00000113732.9	9.68652231952818	10.0270627283765	9.71268509193703	9.98773070538361	9.6980099952109	9.80164425972047	9.5447020281013	9.75244044112016
ENSG00000164463.12	8.80220488941042	8.9244536419788	8.51631869464599	9.05136573880327	8.73399792352559	8.5099020212802	8.72517972710268	9.23988167331401
ENSG00000253439.1	8.72017515051815	8.62236411067675	8.6845849202979	8.63210279882871	8.6959725351359	8.8056267890121	8.67854612847834	8.60876311695691
ENSG00000113734.18	7.04437464747588	7.20350296362254	7.41277844705169	7.16159600164277	7.31256185219234	7.22980414512121	7.24442409608208	7.14651045137942
ENSG00000254200.1	8.78371810114656	8.87352860260762	8.72793416102032	8.6679559868673	8.69947487683988	8.68691764484034	8.65273617236443	8.6046217683828
ENSG00000113739.11	11.3133068715553	11.5352625924929	10.6706826219067	12.3529376191298	10.3022583284796	11.3529660497325	11.9739122203224	13.1040443041909
ENSG00000145919.11	8.61874601296489	8.56198381679369	8.25261602519928	8.4503474615651	8.59770531040412	8.50558479049204	8.83019481707156	8.76455631712234
ENSG00000113742.14	8.0467474954807	7.88650986148881	7.90175357110248	7.97433396014109	8.10533794004156	8.29437788994059	8.05583026159972	8.06473967964075
ENSG00000213376.4	9.81590004450719	9.61849984168388	9.62107326288171	9.30925337944562	9.56867848677028	9.63832160678626	9.30865810772753	9.11806027820675
ENSG00000248929.1	7.56506047187438	8.2728117401915	7.77663860782185	8.21600742452963	7.78374251085235	8.1479543955451	7.73058789344141	8.40788288217046
ENSG00000120149.9	7.38053434470014	7.17416839145007	7.14232897471387	6.7945679420554	7.16101486394347	6.95716985536871	7.88086502223893	7.30126033386385
ENSG00000251144.1	6.64821876902176	6.59090765639085	6.59420680516964	6.59853369009248	6.43935831587626	6.43935831587626	6.59340998201429	6.75813289054065
ENSG00000251122.1	7.04437464747588	7.14350454528051	7.17436718409092	7.16159600164277	7.28722563583692	7.21481668735571	6.97026181459213	7.09228017073694
ENSG00000248293.1	6.76916552526763	6.59090765639085	6.59420680516964	6.59853369009248	6.77856944871386	6.43935831587626	6.59340998201429	6.66499475927517
ENSG00000164466.13	8.23674875246296	8.11774959575711	8.14497304512813	8.12275781326579	8.32977669187921	8.42987619303785	8.19189505300651	8.10254447821155
ENSG00000051596.10	6.94875647993495	6.86663834971125	6.95050159174117	7.10899739952712	7.04314031960162	6.90818894211843	7.08778312657617	7.03275316416137
ENSG00000289731.1	6.73447480136818	6.59090765639085	6.65824228849862	6.66435240536893	6.81077545829778	6.66112256367871	6.59340998201429	6.59898859408845
ENSG00000170085.18	7.34740369896762	7.46788550087199	7.53034106345312	7.50665748875958	7.16101486394347	7.54406502806642	7.36110563055957	7.46492723626823
ENSG00000251667.1	7.44308858615331	7.24532990394283	7.24848656199303	7.40306160487349	7.26101773105511	7.30046544496281	7.29847011027295	7.21249796257827
ENSG00000122203.15	9.27749731580339	9.27515136935943	9.26122402073225	9.55777734517807	9.35241441587052	9.60788227346477	9.14557072378865	9.42631355856418
ENSG00000251414.1	6.58710938520095	6.59090765639085	6.59420680516964	6.43935831587626	6.74289715357801	6.8227146949241	6.78317777422319	6.43935831587626
ENSG00000175414.7	8.16331997210664	7.89324122508137	7.88069578471556	7.71979742653821	8.02409403705657	8.26855291877165	8.09133966874546	7.95040320913262
ENSG00000048162.22	7.17058439460064	7.20350296362254	7.28957509974307	7.29887197002558	7.19107340526396	7.42513829273537	7.29847011027295	7.35517524719191
ENSG00000146066.3	8.10116457520489	8.02599077399634	7.92922206635735	7.96742630626945	7.94959585241535	8.00079211485345	7.84522578755965	7.90713315431907
ENSG00000175416.16	8.18334081899439	8.45743476293395	8.35156320701011	8.50493869825132	8.13850986341637	8.24217448570397	8.19724176678927	8.47838909953637
ENSG00000113194.13	8.84437309513013	8.98482625695877	8.95909321954968	8.95020245611273	9.00183553431212	9.0418047213151	8.86238512377473	8.93673039882351
ENSG00000146083.12	7.66509522035338	7.78761490845097	7.65234145533654	7.68433149028365	7.81320686986702	7.65848352294689	7.64643508021	7.79901405289424
ENSG00000169258.7	6.96933030555932	6.91664027450674	6.99450908177647	6.96464476970857	7.24756026874977	7.08123610055129	6.84578904393387	6.98928066440998
ENSG00000048140.18	8.20303486025301	8.25324441982541	8.26797221141602	8.33358136099334	8.39781767574374	8.60541904039174	8.41208574208337	8.37854565068615
ENSG00000087206.17	7.90458531646278	7.92629744092217	7.73685703636698	7.75407637533425	7.72221148996982	7.76104446668259	7.73058789344141	7.88484987668438
ENSG00000113761.12	7.49196898311379	7.56526380531823	7.59795691758673	7.73707908320655	7.50108663116043	7.67631381289578	7.67242820249571	7.63188578005326
ENSG00000160867.15	7.839566571993	7.67022199165375	7.82247350612604	7.33954120017837	7.59570067362768	7.38968347960865	7.81584583690489	7.5416801600786
ENSG00000165671.22	8.72017515051815	8.62604676434198	8.97692717992268	8.72185851095424	8.97076270808865	8.80906402339697	8.72517972710268	8.7791736491542
ENSG00000169228.14	7.25159134826769	7.23165671836133	7.26243529216601	7.21034358070588	7.19107340526396	7.22980414512121	7.05126089458285	7.19658682376258
ENSG00000213347.11	6.94875647993495	6.86663834971125	7.05438194769747	6.88799280253678	6.8403514729454	6.85322918326179	6.8736476562819	6.96613105083845
ENSG00000169230.10	7.91088070518703	7.92629744092217	7.80741358384332	7.68433149028365	7.74571447980836	7.89105390319849	7.66383909367207	7.76601143632978
ENSG00000169223.16	9.31794469117736	9.3908568971718	9.21732016266026	9.06020103445026	9.12971654207317	9.24058371890276	8.93664226649903	9.07200921737767
ENSG00000239393.1	6.43935831587626	6.59090765639085	6.74861155170608	6.75722721090719	6.65419024516067	6.75267309804514	6.7059310337478	6.75813289054065
ENSG00000169220.18	7.09475955628197	6.93971032520683	7.03512952892631	6.88799280253678	7.17621052194296	7.00173781955444	6.94789582579647	7.01145139339895
ENSG00000131187.11	6.73447480136818	6.70160896022124	6.70730724183813	6.59853369009248	6.70235148984962	6.8227146949241	6.59340998201429	6.43935831587626
ENSG00000198055.11	7.54732234933451	7.67848254651082	7.47882545550073	7.55942754482302	7.50108663116043	7.727987484491	7.63761678562617	7.56247942439768
ENSG00000246334.3	6.43935831587626	6.59090765639085	6.65824228849862	6.59853369009248	6.74289715357801	6.66112256367871	6.59340998201429	6.43935831587626
ENSG00000131188.12	6.73447480136818	6.74204092910778	6.74861155170608	6.75722721090719	6.70235148984962	6.8227146949241	6.99168415881239	6.66499475927517
ENSG00000113758.14	9.64394993840873	9.64321445586257	9.83426795369758	9.48838994043749	9.81647842051359	9.86876614773975	9.77003635329311	9.56842263786907
ENSG00000279821.1	7.04437464747588	7.02259645964244	7.01519640410775	6.71477957466235	6.77856944871386	6.85322918326179	6.89977654313986	6.88926596466494
ENSG00000196923.14	9.30952677424577	9.85413920619901	9.82947188179337	9.90033058560426	9.348076233221	10.312881742729	9.47104302089469	9.64803523489358
ENSG00000146094.16	6.98910180233029	7.11132852487279	6.84787938213258	6.66435240536893	6.9411167951386	7.06236787266546	6.78317777422319	6.79557899802678
ENSG00000183258.12	8.45008065961742	8.33895666660245	8.51213420647729	8.32847261449777	8.57482907358064	8.79178883848114	8.41656389468675	8.34343148961127
ENSG00000146067.17	8.59390762529509	8.60752897412855	8.49100525899429	8.30260959813551	8.36198861180095	8.30455872168388	8.51544480700816	8.25379208268711
ENSG00000272459.1	6.43935831587626	6.59090765639085	6.59420680516964	6.66435240536893	6.59133753825452	6.66112256367871	6.65711701827342	6.66499475927517
ENSG00000184840.12	9.63728470698146	9.55101307016544	9.6898920794173	9.6140775828835	9.50412681469604	9.77285240430472	9.55243838132333	9.46431803605737
ENSG00000027847.14	7.81242842702839	7.74224866825456	7.96920121745252	7.5897156223468	7.94316115186456	7.91246546544061	7.81584583690489	7.74055910340779
ENSG00000247679.3	7.07843383662775	7.04145533499291	7.01519640410775	6.98773058354613	7.09643284881219	7.04287267906183	6.97026181459213	6.91631837934757
ENSG00000246596.8	6.58710938520095	6.80972966199624	6.65824228849862	6.43935831587626	6.59133753825452	6.59624643103017	6.81581663390162	6.59898859408845
ENSG00000170074.21	6.6950477566315	6.65358313805485	6.65824228849862	6.71477957466235	6.59133753825452	6.43935831587626	6.65711701827342	6.59898859408845
ENSG00000249109.1	6.98910180233029	6.83922341908603	6.84787938213258	6.7945679420554	6.74289715357801	6.71082973304335	6.7059310337478	6.88926596466494
ENSG00000291113.1	6.98910180233029	6.96172395444198	6.92694345216041	7.05155119182893	6.89362786770973	6.8227146949241	6.89977654313986	6.91631837934757
ENSG00000249684.6	6.64821876902176	6.59090765639085	6.59420680516964	6.71477957466235	6.59133753825452	6.43935831587626	6.59340998201429	6.59898859408845
ENSG00000249129.1	7.34740369896762	7.42575936841455	7.32856396165289	7.22586302421196	7.53049652038317	7.2444858616082	7.36110563055957	7.35517524719191
ENSG00000204677.13	6.64821876902176	6.65358313805485	6.59420680516964	6.85922707273188	6.74289715357801	6.78948382610015	6.7059310337478	6.43935831587626
ENSG00000145911.6	7.06165156972064	6.93971032520683	7.32856396165289	6.96464476970857	6.96319099458342	6.71082973304335	7.154911022967	6.91631837934757
ENSG00000145916.19	7.8192775516661	7.72667604685279	7.90175357110248	7.77906373948945	7.86289723469436	7.81649810890002	8.06182383839055	7.80710639623428
ENSG00000145912.10	7.79161306754496	7.79498917829912	7.72871444430303	7.61907318227621	7.72221148996982	7.83940786280983	7.68938864382459	7.65083684186193
ENSG00000251211.1	7.71909075774064	7.66189258761927	7.61642462857309	7.65688835387656	7.68179846469262	7.74464773284164	7.44144096185602	7.49862191757299
ENSG00000244234.3	7.43297652662458	7.49820890347423	7.35352455666184	7.48466534449845	7.37255303911769	7.40166807788686	7.36110563055957	7.41789235457719
ENSG00000197451.12	8.38433156816901	8.70108993060885	8.33239413986315	8.48247426408445	8.51177824093896	8.57298670203543	8.33341830503675	8.43655554138001
ENSG00000175309.15	8.06333993316384	8.13418600960235	8.19459986491871	7.88849986554341	8.13850986341637	8.12466972275409	7.98776841473523	8.06473967964075
ENSG00000271681.1	6.88107787728229	7.02259645964244	6.92694345216041	7.0098403901942	6.9411167951386	7.08123610055129	6.92445549075663	6.96613105083845
ENSG00000113240.14	8.1480822182849	8.36626378407667	8.14497304512813	8.39816621703521	8.27253970302693	8.12466972275409	8.39855546062028	8.50105247569651
ENSG00000252464.1	6.58710938520095	6.70160896022124	6.70730724183813	6.59853369009248	6.59133753825452	6.43935831587626	6.7059310337478	6.71556510257389
ENSG00000169131.13	7.11066214356251	7.23165671836133	7.34114158796624	7.35264675280945	7.28722563583692	7.31384000488249	7.48418315538238	7.40572002503538
ENSG00000250420.9	6.80048767211086	6.80972966199624	6.78494942059072	6.88799280253678	6.86784265543588	6.78948382610015	6.81581663390162	6.75813289054065
ENSG00000253725.1	6.64821876902176	6.59090765639085	6.59420680516964	6.59853369009248	6.74289715357801	6.75267309804514	6.65711701827342	6.43935831587626
ENSG00000178338.11	7.27669232675171	7.21771925882314	7.23426748932137	7.24105354332556	7.37255303911769	7.1995052785116	7.36110563055957	7.35517524719191
ENSG00000198939.8	6.90477164752875	6.80972966199624	6.97297967273664	6.9149699960699	6.81077545829778	6.75267309804514	6.94789582579647	6.8604197866415
ENSG00000213328.3	7.02655928775741	7.41489871223988	7.07301585918763	7.28482816674212	6.9411167951386	7.22980414512121	7.13877762248489	7.30126033386385
ENSG00000253869.1	8.04116367647417	8.20291203274264	8.11648675706211	8.23823798313709	8.27741187030062	8.26855291877165	8.08549559786007	8.22613715921755
ENSG00000178187.8	6.58710938520095	6.70160896022124	6.81775463736341	6.75722721090719	6.81077545829778	6.66112256367871	6.8736476562819	6.66499475927517
ENSG00000254158.1	7.47273975491118	7.39275063909722	7.43535750935192	7.29887197002558	7.32492677304778	7.47024249410971	7.473690062728	7.44172872617975
ENSG00000234284.7	6.98910180233029	7.05970936267722	7.05438194769747	7.05155119182893	7.11320248327584	6.97993461237282	7.06980315318122	6.94186705247055
ENSG00000177932.7	8.32826521035246	8.11774959575711	8.31782161816045	8.31819186174865	8.24788516076232	8.30455872168388	8.19724176678927	8.30205461139779
ENSG00000087116.17	9.53870670491656	10.3451182956837	9.72480753854064	10.2383089933051	9.74790279327119	10.316389272284	9.83780962420656	10.3787857013864
ENSG00000290043.1	6.80048767211086	6.80972966199624	6.81775463736341	6.7945679420554	6.81077545829778	6.59624643103017	6.78317777422319	6.79557899802678
ENSG00000176783.15	8.46203884409634	8.48642890645194	8.5452363550276	8.61584806656413	8.39339434881237	8.27894784122235	8.58393794301626	8.43655554138001
ENSG00000249140.1	6.82925412814796	6.7776134688375	6.81775463736341	6.71477957466235	6.89362786770973	6.78948382610015	6.89977654313986	6.66499475927517
ENSG00000244945.1	6.58710938520095	6.74204092910778	6.43935831587626	6.66435240536893	6.77856944871386	6.66112256367871	6.65711701827342	6.66499475927517
ENSG00000169045.19	9.93172993885298	10.2178811860424	9.76559798552892	9.96176228866927	9.67238646572992	9.90195296654313	9.76672666716627	9.91363385735941
ENSG00000250999.2	6.58710938520095	6.70160896022124	6.81775463736341	6.71477957466235	6.59133753825452	6.71082973304335	6.7059310337478	6.66499475927517
ENSG00000127022.16	11.4952223453521	11.4318439622342	11.5498568053528	11.6056221203986	11.7200839485388	11.8968567451634	11.552559833307	11.4681229034311
ENSG00000225051.5	7.09475955628197	7.02259645964244	7.24848656199303	7.21034358070588	7.2742357569852	7.06236787266546	7.230272921022	7.05327662428992
ENSG00000161021.13	8.3238465086794	8.4448044826006	8.15617978922234	8.30260959813551	8.33906507865624	8.30455872168388	8.25963348981326	8.36861285426085
ENSG00000213316.10	6.73447480136818	6.59090765639085	6.78494942059072	6.59853369009248	6.65419024516067	6.43935831587626	6.65711701827342	6.59898859408845
ENSG00000161013.17	10.2715927781907	10.4431304164264	10.1505855259746	10.3842202964737	10.5223491926933	10.6858757813007	10.2328154310572	10.5281162401025
ENSG00000161011.20	11.6440289023557	10.8523816848502	11.1572431911142	10.6028070703769	11.4218774822786	10.5810913671315	11.3361679970019	10.6943159207386
ENSG00000161010.16	8.14295954710883	7.88650986148881	8.0573685887661	7.82733273254756	8.13304510001667	7.86184186426594	8.07962232608934	7.78264182386985
ENSG00000245317.2	6.76916552526763	6.83922341908603	6.78494942059072	6.9149699960699	6.74289715357801	6.71082973304335	6.7059310337478	6.91631837934757
ENSG00000197226.13	10.1171389481937	10.1967129107919	9.99266530610002	9.98014205952217	10.1119540259781	10.4680387227793	10.0401189603992	10.1137773017683
ENSG00000113269.14	8.72342550553316	8.6515397261952	8.76646359508031	8.84087994853201	8.3204186003347	8.27376134009851	8.71456307157741	8.74977681689284
ENSG00000249876.1	6.76916552526763	6.74204092910778	6.87587918695416	6.88799280253678	6.8403514729454	6.85322918326179	6.7059310337478	6.8604197866415
ENSG00000253480.1	7.31284912597803	7.24532990394283	7.14232897471387	7.16159600164277	7.26101773105511	6.97993461237282	7.2158380607488	7.25820899452454
ENSG00000050748.18	8.37586730589481	8.31573587199899	8.40737441325109	8.4503474615651	8.37104195183015	8.22607030974618	8.54003456426915	8.37854565068615
ENSG00000131459.13	8.16331997210664	9.18824820721053	8.07541853659001	8.8270049556874	7.95599399335361	8.1479543955451	7.92216043222622	8.95917197833946
ENSG00000113300.13	8.0467474954807	7.96471600692484	7.97572895255448	8.10443387078513	8.18135214003151	8.19320846472767	8.07962232608934	7.94330664897457
ENSG00000250749.1	6.80048767211086	6.70160896022124	6.65824228849862	6.7945679420554	6.59133753825452	6.71082973304335	6.74702469803714	6.75813289054065
ENSG00000037280.16	6.58710938520095	6.7776134688375	6.43935831587626	6.43935831587626	6.65419024516067	6.71082973304335	6.59340998201429	6.43935831587626
ENSG00000131446.17	9.84214908136462	10.5478944379462	9.99266530610002	10.588962718672	9.67410925566477	10.505358977868	10.0083382732823	10.771151592776
ENSG00000278970.4	6.92727869079218	7.00307188601783	7.09108446280084	7.10899739952712	7.07919306364178	7.04287267906183	7.2158380607488	7.25820899452454
ENSG00000245060.8	6.96933030555932	7.00307188601783	7.05438194769747	7.14453248643456	7.11320248327584	7.21481668735571	6.94789582579647	7.07309757459527
ENSG00000196670.14	7.65713909464603	7.63647635145749	7.80741358384332	7.68433149028365	7.86981357676268	8.00079211485345	7.72247987380231	7.62227113346484
ENSG00000243664.1	7.91714061190472	7.71880047709661	8.1505895374335	8.28152377518258	7.81320686986702	8.08886318911581	8.22362737149054	8.14517367778472
ENSG00000249287.1	6.98910180233029	6.91664027450674	7.15854104139589	6.98773058354613	7.06144390694469	7.04287267906183	7.18605069584968	6.79557899802678
ENSG00000248761.1	6.73447480136818	6.59090765639085	6.78494942059072	6.7945679420554	6.70235148984962	6.66112256367871	6.78317777422319	6.66499475927517
ENSG00000231228.4	7.38053434470014	7.38145303967408	7.45736078985131	7.35264675280945	7.31256185219234	7.5235761604705	7.38485590504998	7.45340490326501
ENSG00000214295.4	6.73447480136818	6.86663834971125	6.65824228849862	6.94044784003456	6.59133753825452	6.88159019691735	6.65711701827342	7.01145139339895
ENSG00000248560.1	6.92727869079218	6.83922341908603	6.78494942059072	6.7945679420554	6.8403514729454	6.66112256367871	6.97026181459213	6.75813289054065
ENSG00000250222.4	6.6950477566315	6.59090765639085	6.70730724183813	6.59853369009248	6.70235148984962	6.43935831587626	6.65711701827342	6.43935831587626
ENSG00000146054.18	6.73447480136818	6.83922341908603	6.74861155170608	6.66435240536893	6.70235148984962	6.66112256367871	6.7059310337478	6.75813289054065
ENSG00000146063.20	8.2556038630699	8.5542354393839	8.21069867931273	8.4173903786565	8.19182842618823	8.27376134009851	8.17571144371727	8.49655168305215
ENSG00000204628.12	12.1439274868829	12.2404977601982	12.0285043301844	11.8414655158745	11.9839559558837	11.7941223523533	11.7971834071389	11.8638180762202
ENSG00000233937.9	6.6950477566315	6.65358313805485	6.74861155170608	6.7945679420554	6.65419024516067	6.8227146949241	6.81581663390162	6.75813289054065
ENSG00000183718.6	7.2889351845708	7.43648408248628	7.32856396165289	7.40306160487349	7.36090700209148	7.1995052785116	7.27193337104649	7.39336951568624
ENSG00000248275.3	6.96933030555932	7.00307188601783	6.87587918695416	7.12701163853944	7.09643284881219	7.00173781955444	7.230272921022	7.01145139339895
ENSG00000274525.1	6.58710938520095	6.74204092910778	6.70730724183813	6.71477957466235	6.65419024516067	6.66112256367871	6.7059310337478	6.43935831587626
ENSG00000238035.8	7.44308858615331	7.51787147673622	7.89477888006559	7.52812918500009	7.69815726479008	7.51315796183049	7.59228848521555	7.3681050056998
ENSG00000274553.1	7.11066214356251	7.00307188601783	7.23426748932137	6.96464476970857	7.21987687823564	7.1995052785116	7.230272921022	7.14651045137942
ENSG00000213285.4	6.64821876902176	6.70160896022124	6.84787938213258	6.66435240536893	6.77856944871386	6.66112256367871	6.7059310337478	6.75813289054065
ENSG00000217929.4	7.06165156972064	7.12761863691294	7.28957509974307	7.07131815276461	7.07919306364178	7.27299680592007	7.1706605785019	7.12894230165379
ENSG00000112679.15	8.07427195590532	8.34812535753421	7.96263567822461	8.30260959813551	8.03008896982306	8.070543514736	8.23402347431729	8.4738079726005
ENSG00000137265.16	7.2889351845708	7.77271004383747	7.07301585918763	7.69331492013102	6.96319099458342	6.93331040795514	7.60152565292806	7.92897752254266
ENSG00000286364.1	6.64821876902176	6.98280971378101	6.70730724183813	6.66435240536893	6.74289715357801	6.78948382610015	6.65711701827342	6.91631837934757
ENSG00000112685.14	8.43800928521903	8.44902848881835	8.26287477355428	8.33866927927742	8.40661815607468	8.39262907377277	8.36174897610422	8.30205461139779
ENSG00000272463.2	6.80048767211086	6.83922341908603	6.43935831587626	6.71477957466235	6.77856944871386	6.66112256367871	6.65711701827342	6.82938173877161
ENSG00000286785.1	6.6950477566315	6.70160896022124	6.70730724183813	6.59853369009248	6.81077545829778	6.66112256367871	6.81581663390162	6.75813289054065
ENSG00000164379.7	7.2889351845708	7.32249514707143	7.20495732381457	7.16159600164277	7.44982701895604	7.32698938300757	7.36110563055957	6.94186705247055
ENSG00000281809.1	6.76916552526763	6.70160896022124	6.74861155170608	6.7945679420554	6.59133753825452	6.78948382610015	6.78317777422319	6.71556510257389
ENSG00000261730.1	7.22560372627965	7.05970936267722	6.99450908177647	6.82827584508646	6.96319099458342	6.93331040795514	6.97026181459213	6.88926596466494
ENSG00000137273.6	9.50791544980767	9.3287412433971	9.4579122601355	8.79881651071809	9.35457845012891	8.97060925570593	9.450452066849	8.818565433407
ENSG00000218027.2	7.6885904864755	7.72667604685279	7.82992484977011	7.81943806550966	7.91704650159947	7.56411203989563	7.73863257810524	7.70561692124889
ENSG00000280916.4	6.80048767211086	6.74204092910778	6.81775463736341	6.7945679420554	6.77856944871386	6.71082973304335	6.78317777422319	6.66499475927517
ENSG00000054598.9	7.891886128349	7.78018883244619	7.79213787144315	7.75407637533425	7.92363259651444	7.91246546544061	8.17026825787473	8.06473967964075
ENSG00000112699.11	7.87903900284121	7.64502131481271	7.66982120414353	7.54911127969051	7.75343165017171	7.54406502806642	7.68938864382459	7.45340490326501
ENSG00000250903.11	7.2889351845708	7.27193565334964	7.37773757760165	7.29887197002558	7.44982701895604	7.22980414512121	7.38485590504998	7.31508878620013
ENSG00000236086.4	6.80048767211086	6.43935831587626	6.78494942059072	6.66435240536893	6.59133753825452	6.66112256367871	6.59340998201429	6.71556510257389
ENSG00000145949.12	6.94875647993495	6.93971032520683	6.87587918695416	6.9149699960699	6.81077545829778	6.85322918326179	6.99168415881239	7.07309757459527
ENSG00000124535.16	8.14295954710883	8.17167967716356	7.98221939775845	8.10443387078513	7.92363259651444	8.25279400122615	8.20256497231548	8.27009043701389
ENSG00000021355.13	7.94183480894215	8.22833783965721	7.8877598470217	8.27084434665789	7.94959585241535	8.10091963863362	7.86674869824353	8.2646816247008
ENSG00000230438.9	6.88107787728229	6.65358313805485	7.17436718409092	7.21034358070588	7.44982701895604	7.2588783846982	6.43935831587626	6.79557899802678
ENSG00000170542.6	7.21224938124028	7.21771925882314	7.23426748932137	7.46211847900853	7.28722563583692	7.44798233521901	7.18605069584968	7.60275175302611
ENSG00000124570.21	9.06040947524272	8.93907369153197	9.01765248257969	8.88834483909524	9.11950385442488	8.86618806084234	8.98397666783147	8.83260712439258
ENSG00000244041.7	6.64821876902176	6.74204092910778	6.81775463736341	6.71477957466235	6.65419024516067	6.66112256367871	6.78317777422319	6.66499475927517
ENSG00000124588.22	7.68081969377741	7.60152876040716	7.42414244258766	7.4957285283425	7.59570067362768	7.53387740100055	7.65517527402342	7.55213766364878
ENSG00000271361.1	6.58710938520095	6.65358313805485	6.43935831587626	6.43935831587626	6.70235148984962	6.71082973304335	6.59340998201429	6.43935831587626
ENSG00000288612.1	6.64821876902176	6.59090765639085	6.70730724183813	6.66435240536893	6.77856944871386	6.43935831587626	6.59340998201429	6.59898859408845
ENSG00000232654.1	6.80048767211086	6.86663834971125	6.81775463736341	6.82827584508646	6.81077545829778	6.97993461237282	6.8736476562819	7.01145139339895
ENSG00000137275.16	8.4093888858794	8.46578605826483	8.5204896450101	8.48247426408445	8.4497271589931	8.64096814919507	8.38945413730409	8.52773177805703
ENSG00000137274.13	7.23871374446255	7.04145533499291	7.15854104139589	7.05155119182893	7.3490918626578	7.30046544496281	7.154911022967	7.01145139339895
ENSG00000137267.7	7.42274436180699	7.65349286842667	7.49978479649954	7.16159600164277	7.20562298294026	7.6311221033865	7.154911022967	7.30126033386385
ENSG00000216819.1	6.76916552526763	6.59090765639085	6.74861155170608	6.66435240536893	6.74289715357801	6.66112256367871	6.65711701827342	6.43935831587626
ENSG00000137285.11	7.11066214356251	7.20350296362254	7.31578320203042	7.17823401500456	7.20562298294026	7.44798233521901	7.1706605785019	7.07309757459527
ENSG00000180822.12	7.18475458628006	7.27193565334964	7.21976318525012	7.24105354332556	7.12953635870483	7.2868549344026	7.18605069584968	7.19658682376258
ENSG00000137266.15	7.59956810832586	7.14350454528051	7.31578320203042	7.0098403901942	7.51099567843774	7.08123610055129	7.27193337104649	7.07309757459527
ENSG00000168994.14	8.2272110559286	8.79818756276213	8.38441951326385	9.33835556082925	8.31098961357411	8.79526177679002	8.13145804711477	9.33500845643432
ENSG00000270504.1	7.54732234933451	7.77271004383747	7.66982120414353	8.15858005660758	7.80591697709899	7.98101219752136	7.66383909367207	8.03884015605894
ENSG00000219992.2	6.43935831587626	6.74204092910778	6.87587918695416	6.71477957466235	6.8403514729454	6.78948382610015	6.59340998201429	6.79557899802678
ENSG00000145945.7	7.27669232675171	7.36999908323021	7.14232897471387	7.24105354332556	7.04314031960162	7.22980414512121	7.230272921022	7.27283391984739
ENSG00000218472.2	6.73447480136818	6.80972966199624	6.59420680516964	6.66435240536893	6.70235148984962	6.59624643103017	6.59340998201429	6.43935831587626
ENSG00000216657.1	7.91714061190472	8.03194214479003	7.92922206635735	7.98119985167366	7.99364191608739	7.94038770362925	8.06778679986642	7.9783516670837
ENSG00000288904.2	6.58710938520095	6.70160896022124	6.59420680516964	6.59853369009248	6.65419024516067	6.75267309804514	6.59340998201429	6.43935831587626
ENSG00000112739.17	8.93606634578843	8.97069343990327	8.90102001028955	8.94062142824191	8.99903986327091	9.04469205935693	9.10093142357834	9.03040397329807
ENSG00000198721.13	8.28791966240273	8.24334254619805	8.38441951326385	8.27619562301593	8.41535786194332	8.12466972275409	8.33341830503675	8.0583185940852
ENSG00000234817.2	6.64821876902176	6.43935831587626	6.70730724183813	6.59853369009248	6.59133753825452	6.59624643103017	6.59340998201429	6.66499475927517
ENSG00000216307.2	6.6950477566315	6.65358313805485	6.65824228849862	6.43935831587626	6.59133753825452	6.59624643103017	6.74702469803714	6.43935831587626
ENSG00000270695.1	6.6950477566315	6.59090765639085	6.59420680516964	6.66435240536893	6.65419024516067	6.59624643103017	6.43935831587626	6.59898859408845
ENSG00000217385.1	8.02424894652565	8.00187314249238	8.08137386557052	8.10443387078513	8.11093141227087	8.04566220110687	8.13145804711477	8.0190288400822
ENSG00000153046.18	7.98378711673182	7.8311134092205	7.79980317571104	7.72847454025851	8.12755514661084	7.7930871569908	8.08549559786007	7.9783516670837
ENSG00000124787.14	6.85599478395576	7.02259645964244	6.87587918695416	6.94044784003456	6.9843346155731	7.06236787266546	6.92445549075663	6.88926596466494
ENSG00000272142.4	6.94875647993495	6.98280971378101	7.17436718409092	6.9149699960699	7.21987687823564	7.22980414512121	7.24442409608208	7.01145139339895
ENSG00000271978.2	6.80048767211086	6.65358313805485	6.78494942059072	6.88799280253678	6.74289715357801	6.59624643103017	6.78317777422319	6.75813289054065
ENSG00000220685.3	7.06165156972064	6.98280971378101	7.03512952892631	7.12701163853944	7.00465224079014	7.06236787266546	7.06980315318122	7.07309757459527
ENSG00000219607.4	7.1261710930758	7.02259645964244	6.92694345216041	6.94044784003456	6.96319099458342	7.08123610055129	7.01226888740702	6.98928066440998
ENSG00000214113.11	7.76320630521015	7.68667566748816	7.79213787144315	7.75407637533425	7.72221148996982	7.5837409700516	7.70606875678137	7.71446479958611
ENSG00000145982.13	7.21224938124028	7.34659801429848	7.42414244258766	7.25593362173179	7.19107340526396	7.33992354409416	7.18605069584968	7.18030257494647
ENSG00000218574.1	7.5824706789755	7.5744605664324	7.69548126923447	7.61907318227621	7.79857686279957	7.76104446668259	7.71430726161147	7.67860060940167
ENSG00000217239.3	8.51260490561969	8.6800816998741	8.43438195111813	8.39331416872435	8.27741187030062	8.34446818342049	8.45183183932673	8.49655168305215
ENSG00000216360.1	6.6950477566315	6.91664027450674	6.65824228849862	6.71477957466235	6.65419024516067	6.90818894211843	6.74702469803714	6.71556510257389
ENSG00000215057.4	10.6965081852603	10.303952101407	10.732401423381	10.2967674030701	10.7859652256832	10.6930754297663	10.5389618562953	9.99770482717014
ENSG00000124785.9	6.43935831587626	6.43935831587626	6.70730724183813	6.66435240536893	6.70235148984962	6.59624643103017	6.7059310337478	6.71556510257389
ENSG00000216863.11	6.6950477566315	6.74204092910778	6.70730724183813	6.66435240536893	6.65419024516067	6.59624643103017	6.43935831587626	6.82938173877161
ENSG00000218868.1	7.43297652662458	7.86606472963437	7.82992484977011	8.0412074448204	7.7686966415592	7.96088243005773	7.92889614143034	8.05186195708522
ENSG00000124782.21	8.03555285264975	7.97723697395642	7.99509041810467	8.11668125922711	8.08269511319578	8.1537052911248	8.02538988119482	8.25379208268711
ENSG00000124783.14	9.62385888410229	9.36762055948036	9.6192160654157	9.72217252298853	9.45670304120778	9.4958349389897	9.53497126092226	9.38724658702831
ENSG00000219375.1	7.82608317359775	7.77271004383747	7.42414244258766	7.71104619633136	7.38403630536324	7.68511125196689	7.61067500802485	7.61256061542771
ENSG00000220472.1	11.6644328676579	11.8107351895132	11.1252356890005	10.9690882067497	10.9113924994567	10.9023715955864	11.0089179748889	10.9166741958396
ENSG00000124784.9	7.59956810832586	7.67022199165375	7.56957062449411	7.63816271278865	7.58665669470262	7.68511125196689	7.62871859695107	7.66943162961777
ENSG00000233503.1	9.10762970808211	8.90967394342695	9.13037946496994	8.98786438685822	9.09624386560119	9.12043401550458	9.02125855068307	8.98437333687997
ENSG00000234115.2	8.43800928521903	8.45743476293395	8.33721404321627	8.23823798313709	8.11093141227087	8.20426156033965	8.30930811022746	8.3177325573082
ENSG00000096696.16	6.82925412814796	6.59090765639085	6.90214012777943	7.03108379795622	7.61353718986338	7.82418907980601	7.40794524758021	7.76601143632978
ENSG00000168566.13	7.60800394643117	7.67022199165375	7.54030446467574	7.62866455534041	7.63105131876296	7.5837409700516	7.64643508021	7.74911259867735
ENSG00000153162.9	6.6950477566315	6.93971032520683	7.14232897471387	7.5386796252309	7.12953635870483	7.18384980236706	7.27193337104649	7.86210577694485
ENSG00000239264.9	7.18475458628006	7.15901313005303	7.30279019145036	7.12701163853944	7.3490918626578	7.2868549344026	7.230272921022	7.3681050056998
ENSG00000219294.6	7.8725586470527	8.07276881804544	7.98221939775845	8.11057340425038	7.91042120781572	8.31465668036177	7.88086502223893	8.05186195708522
ENSG00000188428.20	7.47273975491118	7.27193565334964	7.57912711229258	7.40306160487349	7.49106777286467	7.38968347960865	7.46307138551635	7.35517524719191
ENSG00000124802.12	6.98910180233029	6.8923522352928	6.92694345216041	7.07131815276461	7.04314031960162	7.09953127654411	6.81581663390162	6.94186705247055
ENSG00000124786.13	8.18334081899439	8.04961495432886	7.97572895255448	8.3786450542677	8.05376316603888	8.11877667325603	8.15930737887442	8.27547559475622
ENSG00000285219.4	6.6950477566315	6.83922341908603	6.74861155170608	6.85922707273188	6.74289715357801	6.78948382610015	6.81581663390162	6.82938173877161
ENSG00000216368.2	10.1925071344044	10.1824242447877	10.1620380733753	10.04411810015	10.1207780364761	10.0416772833452	9.90248866689079	9.85133918737794
ENSG00000137203.15	6.64821876902176	6.74204092910778	6.97297967273664	6.66435240536893	7.11320248327584	7.02268748670147	7.1052465005924	6.8604197866415
ENSG00000238076.1	7.2889351845708	7.24532990394283	7.17436718409092	7.21034358070588	7.21987687823564	7.02268748670147	7.20110327591779	6.88926596466494
ENSG00000111846.20	6.85599478395576	6.80972966199624	6.81775463736341	6.98773058354613	6.77856944871386	7.11729994506885	6.74702469803714	6.66499475927517
ENSG00000285763.1	6.73447480136818	6.43935831587626	6.65824228849862	6.66435240536893	6.65419024516067	6.59624643103017	6.65711701827342	6.59898859408845
ENSG00000137434.12	6.6950477566315	6.43935831587626	6.59420680516964	6.59853369009248	6.65419024516067	6.43935831587626	6.65711701827342	6.59898859408845
ENSG00000111845.5	7.46296681662396	7.45754308492482	7.36572076328742	7.09044865010935	7.41756713940696	7.5837409700516	7.33664123728787	7.27283391984739
ENSG00000111843.14	8.96890961717062	8.90669851882859	8.6321420854276	8.93097219193236	8.68893988058573	8.82611909619549	8.82693293245245	8.86708204045612
ENSG00000137210.14	7.86603970178097	7.95205499038516	7.92241820840479	8.09826227370041	7.93018004533719	7.99423679139767	7.91538379376805	7.92897752254266
ENSG00000111837.12	6.43935831587626	6.7776134688375	6.65824228849862	6.59853369009248	6.74289715357801	6.66112256367871	6.65711701827342	6.71556510257389
ENSG00000224531.6	7.49196898311379	7.49820890347423	7.41277844705169	7.71104619633136	7.54959328369672	7.54406502806642	7.46307138551635	7.6876865873111
ENSG00000111859.17	8.19814131910634	8.77539044196535	8.46952280241131	9.5720651435393	8.38895546963466	9.87514759693578	8.17571144371727	9.49053664219245
ENSG00000205269.6	7.17058439460064	7.32249514707143	7.01519640410775	7.14453248643456	7.14546483287167	7.16782794342023	7.1706605785019	7.32867691594172
ENSG00000111863.13	6.6950477566315	6.43935831587626	6.43935831587626	6.71477957466235	6.59133753825452	6.71082973304335	6.59340998201429	6.43935831587626
ENSG00000095951.17	8.05230461342198	7.78761490845097	7.9493890705598	7.77906373948945	8.18660164420327	7.81649810890002	7.88785565950243	7.86973977394016
ENSG00000078401.7	6.6950477566315	6.74204092910778	6.81775463736341	6.71477957466235	6.74289715357801	6.66112256367871	6.7059310337478	6.71556510257389
ENSG00000212802.4	11.6208280259654	11.6940544854793	11.6336420444112	11.3972252366718	11.5128119986904	11.4778548359121	11.4758010432215	11.4512182525585
ENSG00000112137.19	7.21224938124028	6.8923522352928	7.01519640410775	6.88799280253678	6.89362786770973	6.97993461237282	7.20110327591779	6.94186705247055
ENSG00000215022.8	6.58710938520095	6.74204092910778	6.59420680516964	6.59853369009248	6.59133753825452	6.59624643103017	6.74702469803714	6.66499475927517
ENSG00000145979.18	7.19863772985699	7.15901313005303	7.24848656199303	7.25593362173179	7.19107340526396	7.1345826213474	7.12223304218743	7.19658682376258
ENSG00000145990.11	7.1261710930758	7.46788550087199	7.34114158796624	7.37823908357656	7.21987687823564	7.00173781955444	7.03210343032744	7.60275175302611
ENSG00000218265.1	9.4594746585047	9.57876408400213	9.45999541787144	9.25935251281519	9.53677365191433	9.19738964011097	9.60728849708695	9.61672843842159
ENSG00000124523.17	7.5107952635334	7.48821493471538	7.47882545550073	7.46211847900853	7.55899676174186	7.35265173077004	7.33664123728787	7.61256061542771
ENSG00000225921.7	8.10116457520489	8.02000857201118	8.11070661450786	8.17609705756851	8.03605297951628	8.15942870054818	7.91538379376805	7.95040320913262
ENSG00000010017.13	8.75866385686464	9.25912316999144	8.81394331231637	9.43343721332446	8.84510026487984	9.12316052945273	8.9897791900491	9.57046885718086
ENSG00000050393.12	7.82608317359775	7.99576373928284	7.92241820840479	8.0015528396266	7.88351651281543	8.02664535710509	8.04374976897021	8.29678429626651
ENSG00000180537.13	7.06165156972064	7.20350296362254	6.99450908177647	7.03108379795622	7.26101773105511	7.31384000488249	7.20110327591779	7.47630094354234
ENSG00000220868.2	7.00815477285245	7.07741058769147	7.03512952892631	6.9149699960699	6.91798309639808	7.02268748670147	6.92445549075663	6.91631837934757
ENSG00000112149.10	7.40190410202062	7.17416839145007	7.09108446280084	6.9149699960699	7.12953635870483	6.93331040795514	7.24442409608208	6.94186705247055
ENSG00000216754.2	7.46296681662396	7.45754308492482	7.45736078985131	7.10899739952712	7.33710086212212	7.33992354409416	7.28531745965193	7.31508878620013
ENSG00000008083.14	7.49196898311379	7.63647635145749	7.49978479649954	7.65688835387656	7.40653793477524	7.78516739639465	7.57354186617709	7.70561692124889
ENSG00000047579.20	7.50143111481955	7.54659591578931	7.41277844705169	7.43897863030172	7.36090700209148	7.32698938300757	7.45232310044787	7.4298931698597
ENSG00000214027.3	8.67717759815656	8.85817724076871	8.88846974436876	9.05136573880327	8.8852597359497	9.12043401550458	8.6149623939201	8.90401196274727
ENSG00000217585.1	7.21224938124028	7.20350296362254	7.21976318525012	7.09044865010935	7.11320248327584	7.1345826213474	7.20110327591779	7.31508878620013
ENSG00000007944.15	7.7413835475084	7.50809339359925	7.76880258900063	7.59960123566234	7.80591697709899	7.55414222814662	7.65517527402342	7.39336951568624
ENSG00000216364.1	6.64821876902176	6.59090765639085	6.70730724183813	6.66435240536893	6.77856944871386	6.78948382610015	6.59340998201429	6.66499475927517
ENSG00000137198.10	7.21224938124028	7.11132852487279	7.42414244258766	7.75407637533425	7.48093586964645	7.38968347960865	7.1706605785019	7.32867691594172
ENSG00000124788.19	8.89956394731642	8.76549974784571	8.96208185391143	8.5313885222794	8.5238367963415	8.51849331857983	9.08212024980841	8.70826449321337
ENSG00000229931.3	6.85599478395576	6.93971032520683	7.20495732381457	6.71477957466235	6.9411167951386	6.8227146949241	7.18605069584968	6.88926596466494
ENSG00000272341.1	6.96933030555932	6.7776134688375	7.14232897471387	6.75722721090719	7.12953635870483	6.59624643103017	7.28531745965193	6.94186705247055
ENSG00000112183.15	6.88107787728229	6.65358313805485	6.92694345216041	6.9149699960699	7.06144390694469	6.78948382610015	6.65711701827342	6.75813289054065
ENSG00000112186.13	7.50143111481955	7.24532990394283	7.94270691255159	7.75407637533425	7.86289723469436	7.7930871569908	7.77020173600278	7.64140692518333
ENSG00000137414.7	8.9052442391524	8.9126428327724	8.89475946296833	9.22071152110529	8.98497475205747	8.94602476942983	9.06852386687657	9.08656696405247
ENSG00000124789.12	8.57223449725896	8.50270729574163	8.51213420647729	8.50047711774797	8.56323835805394	8.64096814919507	8.6149623939201	8.45065294908546
ENSG00000272269.2	6.64821876902176	6.7776134688375	6.65824228849862	6.59853369009248	6.65419024516067	6.66112256367871	6.59340998201429	6.43935831587626
ENSG00000137177.20	9.79812645815909	9.97265240696788	9.94918288220881	10.077192678185	9.83350013697871	9.9540912530292	10.3540532922724	10.4176039669243
ENSG00000187566.6	6.98910180233029	6.70160896022124	6.90214012777943	7.03108379795622	6.86784265543588	6.85322918326179	6.94789582579647	7.01145139339895
ENSG00000137364.5	7.73400608171363	7.71086387004231	7.70389168969008	7.56963165650772	7.77624648061692	7.7930871569908	7.88086502223893	7.48753095159613
ENSG00000165097.16	8.12745822336423	7.9065820971097	8.0573685887661	8.07324726887114	8.03008896982306	8.12466972275409	8.29461419602058	8.18053948215222
ENSG00000124795.17	9.35724852370597	9.34399024690426	9.40479847389168	9.64911641939378	9.40761547535167	9.64582975511928	9.42955350719395	9.6691621638659
ENSG00000217414.2	7.70395500220955	7.83819450041638	7.70389168969008	7.74561254772177	7.66516905996988	7.67631381289578	7.73058789344141	7.70561692124889
ENSG00000218976.2	7.6885904864755	8.02000857201118	7.66111972875557	7.82733273254756	7.71425625019853	8.09490683036118	7.73863257810524	7.96446370110774
ENSG00000137393.10	6.73447480136818	7.36999908323021	7.03512952892631	7.48466534449845	6.9411167951386	7.32698938300757	6.99168415881239	7.79901405289424
ENSG00000217379.2	6.73447480136818	6.65358313805485	6.59420680516964	6.59853369009248	6.59133753825452	6.59624643103017	6.65711701827342	6.66499475927517
ENSG00000218643.2	6.85599478395576	6.70160896022124	6.70730724183813	6.75722721090719	6.81077545829778	6.8227146949241	6.7059310337478	6.8604197866415
ENSG00000214012.4	6.43935831587626	6.43935831587626	6.59420680516964	6.59853369009248	6.65419024516067	6.88159019691735	6.43935831587626	6.59898859408845
ENSG00000217314.2	6.73447480136818	6.7776134688375	6.70730724183813	6.75722721090719	6.86784265543588	6.8227146949241	6.59340998201429	6.66499475927517
ENSG00000172201.12	6.94875647993495	7.15901313005303	7.09108446280084	6.96464476970857	6.8403514729454	6.95716985536871	6.78317777422319	6.75813289054065
ENSG00000172197.11	6.85599478395576	6.80972966199624	7.12570350423684	7.14453248643456	7.00465224079014	6.75267309804514	7.03210343032744	6.88926596466494
ENSG00000112242.16	7.6491186765162	7.60152876040716	7.7609075524307	7.59960123566234	7.63969203824786	7.80094816099002	7.83063603694373	7.5928419639991
ENSG00000240869.3	7.84624563766608	7.95205499038516	7.18983193912691	6.94044784003456	7.02423010627822	6.97993461237282	6.94789582579647	7.12894230165379
ENSG00000145996.11	7.47273975491118	7.39275063909722	7.43535750935192	7.29887197002558	7.41756713940696	7.38968347960865	7.40794524758021	7.32867691594172
ENSG00000124766.7	9.29893216001384	7.83819450041638	9.09563043603802	7.60938623084126	9.24436800422084	7.94726080750155	9.09021379634803	7.64140692518333
ENSG00000220771.2	7.04437464747588	7.04145533499291	6.92694345216041	6.94044784003456	6.89362786770973	6.90818894211843	7.06980315318122	6.8604197866415
ENSG00000272168.10	7.43297652662458	7.02259645964244	7.32856396165289	6.88799280253678	7.39536274240844	7.16782794342023	7.154911022967	6.88926596466494
ENSG00000260455.2	6.94875647993495	6.43935831587626	6.78494942059072	6.43935831587626	6.81077545829778	6.59624643103017	6.78317777422319	6.59898859408845
ENSG00000218476.2	6.64821876902176	6.74204092910778	6.59420680516964	6.43935831587626	6.59133753825452	6.59624643103017	6.65711701827342	6.43935831587626
ENSG00000290589.1	6.94875647993495	6.74204092910778	6.74861155170608	6.7945679420554	6.96319099458342	7.00173781955444	6.84578904393387	6.75813289054065
ENSG00000220748.2	7.11066214356251	7.14350454528051	7.14232897471387	7.10899739952712	7.04314031960162	7.04287267906183	7.06980315318122	6.79557899802678
ENSG00000219582.3	7.26424750246052	7.25875213933517	7.21976318525012	7.27052005651109	7.21987687823564	7.18384980236706	7.230272921022	7.32867691594172
ENSG00000146038.12	6.58710938520095	6.43935831587626	6.43935831587626	6.59853369009248	6.43935831587626	6.43935831587626	6.78317777422319	6.71556510257389
ENSG00000124532.15	7.69630188053823	7.63647635145749	7.62552814576381	7.65688835387656	7.62233362512269	7.51315796183049	7.65517527402342	7.60275175302611
ENSG00000112293.15	6.73447480136818	6.43935831587626	6.59420680516964	6.43935831587626	6.74289715357801	6.43935831587626	6.59340998201429	6.59898859408845
ENSG00000112294.14	7.94792425882723	7.73449173685559	8.11070661450786	7.87352666107061	8.11093141227087	7.92651383395467	7.98776841473523	7.79085959083904
ENSG00000137261.15	6.64821876902176	6.70160896022124	6.70730724183813	6.43935831587626	6.70235148984962	6.43935831587626	6.65711701827342	6.43935831587626
ENSG00000111802.14	8.07969993310128	8.11774959575711	7.98867305576415	8.25464946245226	8.50367605280457	8.25806946596233	8.14267580720293	8.23727429489038
ENSG00000112304.11	7.6491186765162	7.56526380531823	7.73685703636698	7.51745639052461	7.94316115186456	7.54406502806642	7.75453677176359	7.66017771161906
ENSG00000112308.14	9.25791866546784	9.15139848681228	9.29677716728959	9.28452720814902	9.17229422476951	9.09286697961684	9.24763121727156	9.12088780978289
ENSG00000112312.10	7.32453580139174	7.12761863691294	7.21976318525012	7.05155119182893	7.36090700209148	7.16782794342023	6.97026181459213	7.24328953958212
ENSG00000111913.20	7.17058439460064	6.93971032520683	6.87587918695416	6.85922707273188	6.9843346155731	6.8227146949241	7.31140188978322	7.24328953958212
ENSG00000214975.4	9.88203847907372	10.1049658859572	10.1721414808908	10.1680494006802	10.125795907699	10.2604236179357	9.87359393605358	9.94535421547689
ENSG00000220517.2	7.59105759081181	7.35838284574864	7.6784475540936	7.41520286082544	8.09971787324824	7.98764365952469	7.81584583690489	7.61256061542771
ENSG00000168405.18	7.21224938124028	7.28489170224431	7.12570350423684	7.42717312377348	6.96319099458342	7.30046544496281	7.2158380607488	7.39336951568624
ENSG00000219682.4	7.78458286790898	7.85916387826042	7.68700039082928	7.66612010112175	7.93018004533719	7.98764365952469	7.67242820249571	7.83887705215951
ENSG00000213972.3	7.04437464747588	7.11132852487279	6.90214012777943	7.05155119182893	6.8403514729454	7.00173781955444	6.89977654313986	7.03275316416137
ENSG00000079691.19	8.45008065961742	8.81423642382208	8.32755554436697	9.07189338983584	8.48731692245855	9.17920375389036	8.36640909799934	9.61672843842159
ENSG00000112343.11	8.70709340205017	8.86126155194354	8.57352230837657	9.00631134828557	8.7441820137253	8.66414337378746	8.6149623939201	8.84995511025697
ENSG00000272462.4	7.04437464747588	7.02259645964244	7.09108446280084	7.16159600164277	6.96319099458342	6.93331040795514	7.08778312657617	7.11087928794033
ENSG00000187837.4	7.21224938124028	7.43648408248628	7.47882545550073	7.35264675280945	7.55899676174186	7.44798233521901	7.36110563055957	7.53110350692585
ENSG00000180596.9	6.6950477566315	6.43935831587626	6.81775463736341	6.59853369009248	6.81077545829778	6.78948382610015	6.94789582579647	6.71556510257389
ENSG00000010704.19	8.00130305110178	7.5275460819255	7.79980317571104	8.0015528396266	7.72221148996982	7.64944708244119	7.85962159047878	7.8544179502028
ENSG00000180573.10	7.9778881868857	7.9197643734435	8.46518272977956	8.10443387078513	8.34368349591912	8.1069019782067	8.42547303809032	8.34850841306065
ENSG00000158373.9	7.04437464747588	7.17416839145007	7.17436718409092	7.12701163853944	7.33710086212212	7.06236787266546	7.18605069584968	7.11087928794033
ENSG00000274290.3	6.43935831587626	6.70160896022124	6.65824228849862	6.43935831587626	6.70235148984962	6.59624643103017	6.7059310337478	6.59898859408845
ENSG00000277224.3	6.43935831587626	6.59090765639085	6.65824228849862	6.43935831587626	6.70235148984962	6.59624643103017	6.59340998201429	6.71556510257389
ENSG00000273802.3	6.43935831587626	6.65358313805485	6.65824228849862	6.66435240536893	6.70235148984962	6.66112256367871	6.43935831587626	6.43935831587626
ENSG00000274750.3	7.00815477285245	7.00307188601783	6.87587918695416	6.71477957466235	6.74289715357801	6.75267309804514	6.81581663390162	7.01145139339895
ENSG00000158406.6	6.73447480136818	6.93971032520683	6.99450908177647	6.85922707273188	6.9411167951386	6.78948382610015	7.06980315318122	6.91631837934757
ENSG00000220875.1	8.88237824308768	8.71834536471006	8.78701903823567	8.73686449599886	8.86068834526968	8.58117079408694	8.81380544221633	8.67723473188615
ENSG00000186470.14	7.72657547304852	7.58356889364687	8.11070661450786	7.89591075074674	8.09407091542717	7.91951179134216	8.13708012008034	7.96446370110774
ENSG00000124508.17	7.43297652662458	7.23165671836133	7.62552814576381	7.46211847900853	7.48093586964645	7.35265173077004	7.51494615070391	7.3681050056998
ENSG00000026950.17	8.3238465086794	7.91319277585848	8.33721404321627	7.90327224297391	8.39339434881237	7.82418907980601	8.19724176678927	7.6876865873111
ENSG00000291104.1	7.09475955628197	7.02259645964244	7.21976318525012	7.0098403901942	6.9843346155731	7.00173781955444	7.03210343032744	7.07309757459527
ENSG00000124549.17	6.6950477566315	6.70160896022124	6.74861155170608	6.94044784003456	6.8403514729454	6.59624643103017	6.81581663390162	6.79557899802678
ENSG00000111801.16	8.39692235146039	7.91319277585848	8.33239413986315	8.07955113110666	8.32510643283532	7.80875146873545	8.27974376845071	7.8544179502028
ENSG00000112763.17	7.891886128349	7.96471600692484	8.0573685887661	8.14080333588593	8.03605297951628	8.02023627863695	8.03766208755717	8.02567042734841
ENSG00000228223.3	9.63561346061277	9.59877223358379	9.80687295703312	10.0338974704744	9.59259674644292	9.70090151911555	9.65829298003674	9.78793401097071
ENSG00000182952.5	8.4093888858794	8.65514150751643	8.37511930196505	8.77002098334493	8.50367605280457	8.56061313966624	8.6149623939201	8.7791736491542
ENSG00000146109.5	7.50143111481955	7.55597636827698	7.51008444991109	7.54911127969051	7.46031916101711	7.5235761604705	7.44144096185602	7.61256061542771
ENSG00000181315.11	8.14295954710883	8.00187314249238	8.0573685887661	8.04768631012802	8.17078404725026	8.10091963863362	8.09715487552138	7.95745534025701
ENSG00000290474.1	6.64821876902176	6.43935831587626	6.59420680516964	6.59853369009248	6.59133753825452	6.71082973304335	6.78317777422319	6.66499475927517
ENSG00000224843.8	6.58710938520095	6.59090765639085	6.65824228849862	6.43935831587626	6.70235148984962	6.75267309804514	6.81581663390162	6.71556510257389
ENSG00000272468.1	6.43935831587626	6.43935831587626	6.59420680516964	6.66435240536893	6.59133753825452	6.71082973304335	6.7059310337478	6.66499475927517
ENSG00000124635.9	6.94875647993495	6.8923522352928	6.84787938213258	6.9149699960699	6.89362786770973	6.75267309804514	6.94789582579647	6.79557899802678
ENSG00000196787.4	6.64821876902176	6.43935831587626	6.81775463736341	6.59853369009248	6.74289715357801	6.71082973304335	6.74702469803714	6.71556510257389
ENSG00000290032.1	7.25159134826769	7.29763067505793	7.26243529216601	7.40306160487349	7.48093586964645	7.16782794342023	7.29847011027295	7.45340490326501
ENSG00000197903.8	7.65713909464603	7.89993177286897	8.06341626803668	7.84295042916282	8.15475565314993	7.90537417662272	8.09715487552138	8.06473967964075
ENSG00000274997.2	6.73447480136818	6.7776134688375	6.43935831587626	6.71477957466235	6.65419024516067	6.78948382610015	6.7059310337478	6.82938173877161
ENSG00000291112.1	6.64821876902176	6.65358313805485	6.70730724183813	6.66435240536893	6.77856944871386	6.43935831587626	6.74702469803714	6.71556510257389
ENSG00000124613.9	7.27669232675171	7.14350454528051	7.20495732381457	7.19447479440408	7.32492677304778	7.18384980236706	7.33664123728787	7.09228017073694
ENSG00000271755.1	6.58710938520095	6.65358313805485	6.78494942059072	6.66435240536893	6.77856944871386	6.59624643103017	6.59340998201429	6.71556510257389
ENSG00000237154.2	7.44308858615331	7.46788550087199	7.65234145533654	7.63816271278865	7.83478345079549	7.84693753072067	7.58296131680631	7.66943162961777
ENSG00000096654.16	7.41238824137725	7.27193565334964	7.34114158796624	7.17823401500456	7.44982701895604	7.04287267906183	7.34896630445935	7.30126033386385
ENSG00000286652.1	6.6950477566315	6.59090765639085	6.65824228849862	6.59853369009248	6.43935831587626	6.59624643103017	6.7059310337478	6.66499475927517
ENSG00000270666.1	6.76916552526763	6.70160896022124	6.81775463736341	6.75722721090719	6.70235148984962	6.75267309804514	6.7059310337478	6.66499475927517
ENSG00000218347.2	8.01283322881979	8.12873241114287	7.82247350612604	7.89591075074674	7.63969203824786	7.89823722768494	7.83795555366702	7.83887705215951
ENSG00000216676.2	8.7618215167818	8.78846497946071	8.38904400296594	8.4503474615651	8.16546499009928	8.31967505546413	8.38487874131559	8.31252853124417
ENSG00000216915.2	7.43297652662458	7.59259093712928	7.47882545550073	7.5386796252309	7.54959328369672	7.43663582560659	7.71430726161147	7.5928419639991
ENSG00000218069.2	7.56506047187438	7.67022199165375	7.57912711229258	7.63816271278865	7.63105131876296	7.59340550825574	7.61973865045292	7.5928419639991
ENSG00000196747.5	6.73447480136818	6.70160896022124	6.59420680516964	6.7945679420554	6.70235148984962	6.66112256367871	6.78317777422319	6.82938173877161
ENSG00000278828.2	6.73447480136818	6.43935831587626	6.65824228849862	6.66435240536893	6.65419024516067	6.59624643103017	6.74702469803714	6.91631837934757
ENSG00000276368.2	6.58710938520095	6.70160896022124	6.59420680516964	6.75722721090719	6.65419024516067	6.66112256367871	6.7059310337478	6.82938173877161
ENSG00000275221.2	6.80048767211086	6.65358313805485	6.70730724183813	6.82827584508646	6.70235148984962	6.71082973304335	6.65711701827342	6.82938173877161
ENSG00000233822.6	6.58710938520095	6.86663834971125	6.84787938213258	6.71477957466235	6.8403514729454	6.75267309804514	6.78317777422319	6.71556510257389
ENSG00000276903.2	6.6950477566315	6.86663834971125	6.92694345216041	6.94044784003456	6.77856944871386	6.78948382610015	6.84578904393387	7.07309757459527
ENSG00000274641.2	6.76916552526763	6.65358313805485	6.81775463736341	6.7945679420554	6.65419024516067	6.75267309804514	6.81581663390162	6.82938173877161
ENSG00000217539.2	7.18475458628006	7.23165671836133	7.43535750935192	7.33954120017837	7.41756713940696	7.1345826213474	7.05126089458285	7.14651045137942
ENSG00000269293.5	7.09475955628197	7.14350454528051	7.01519640410775	7.21034358070588	6.86784265543588	7.11729994506885	7.1052465005924	7.24328953958212
ENSG00000197279.5	6.58710938520095	6.43935831587626	6.78494942059072	6.59853369009248	6.70235148984962	6.66112256367871	6.43935831587626	6.59898859408845
ENSG00000291008.1	6.82925412814796	6.70160896022124	6.84787938213258	6.88799280253678	6.74289715357801	6.85322918326179	6.78317777422319	6.8604197866415
ENSG00000196812.6	6.76916552526763	6.70160896022124	6.65824228849862	6.85922707273188	6.74289715357801	6.8227146949241	6.74702469803714	6.82938173877161
ENSG00000198315.11	8.59032038725821	8.47821163994976	8.74558607498058	8.8374246245914	8.87609790046933	8.92414156570665	8.81709939131794	8.85339798776488
ENSG00000226314.9	6.92727869079218	6.86663834971125	6.87587918695416	6.71477957466235	6.91798309639808	6.78948382610015	6.84578904393387	6.79557899802678
ENSG00000176933.5	7.14131259564342	7.20350296362254	7.18983193912691	7.37823908357656	7.17621052194296	7.2868549344026	7.20110327591779	7.34203568759579
ENSG00000137185.13	7.21224938124028	7.07741058769147	7.20495732381457	7.21034358070588	7.28722563583692	7.18384980236706	7.31140188978322	7.21249796257827
ENSG00000187626.9	7.15611003539891	7.21771925882314	7.28957509974307	7.33954120017837	7.42845531208544	7.27299680592007	7.32412257582945	7.12894230165379
ENSG00000189134.4	7.00815477285245	6.98280971378101	7.01519640410775	7.03108379795622	6.89362786770973	6.93331040795514	6.97026181459213	6.98928066440998
ENSG00000197062.12	7.57380559050133	7.48821493471538	7.88069578471556	7.59960123566234	7.86981357676268	7.64032726805419	7.82326641368976	7.50957824954678
ENSG00000137338.6	7.26424750246052	7.25875213933517	7.23426748932137	7.22586302421196	7.40653793477524	7.31384000488249	7.45232310044787	7.4298931698597
ENSG00000235109.8	7.04437464747588	6.93971032520683	7.14232897471387	6.82827584508646	7.40653793477524	6.71082973304335	7.01226888740702	6.82938173877161
ENSG00000189298.14	7.38053434470014	7.04145533499291	7.35352455666184	7.16159600164277	7.299997787177	7.15141483343935	7.28531745965193	7.34203568759579
ENSG00000158691.15	7.62465812806249	7.5275460819255	7.51008444991109	7.4957285283425	7.51099567843774	7.49195645196654	7.39648013019841	7.40572002503538
ENSG00000187987.10	7.04437464747588	6.74204092910778	7.03512952892631	6.75722721090719	7.07919306364178	6.85322918326179	7.01226888740702	6.8604197866415
ENSG00000286819.2	6.64821876902176	6.59090765639085	6.70730724183813	6.66435240536893	6.70235148984962	6.59624643103017	6.7059310337478	6.79557899802678
ENSG00000232040.4	6.58710938520095	6.43935831587626	6.43935831587626	6.66435240536893	6.43935831587626	6.59624643103017	6.74702469803714	6.66499475927517
ENSG00000237425.1	8.89385966208517	9.03180935502211	8.56550330669157	8.42215118374908	8.48319436760606	8.5099020212802	8.7002738340359	8.39817933493717
ENSG00000235559.1	7.31284912597803	7.39275063909722	7.23426748932137	7.17823401500456	7.28722563583692	7.35265173077004	7.12223304218743	7.34203568759579
ENSG00000204713.11	8.49725714442751	8.37075772098646	8.26287477355428	8.3786450542677	8.46657023680248	8.3493682945973	8.32383017955293	8.30205461139779
ENSG00000228666.1	6.43935831587626	6.43935831587626	6.43935831587626	6.59853369009248	6.65419024516067	6.85322918326179	6.43935831587626	6.43935831587626
ENSG00000197935.7	6.98910180233029	6.80972966199624	6.92694345216041	6.85922707273188	6.81077545829778	6.85322918326179	7.05126089458285	6.82938173877161
ENSG00000277661.4	7.17058439460064	7.07741058769147	7.05438194769747	7.10899739952712	7.14546483287167	7.11729994506885	7.06980315318122	7.16361990109882
ENSG00000228364.1	7.71155094230012	7.74994792739892	7.80741358384332	7.61907318227621	7.69001099865491	7.80875146873545	7.70606875678137	7.7319343120311
ENSG00000284656.1	6.82925412814796	6.91664027450674	6.81775463736341	6.82827584508646	6.81077545829778	6.90818894211843	6.78317777422319	6.91631837934757
ENSG00000204695.4	6.6950477566315	6.43935831587626	6.43935831587626	6.43935831587626	6.70235148984962	6.59624643103017	6.59340998201429	6.66499475927517
ENSG00000230056.1	7.81242842702839	7.65349286842667	7.75295238609057	7.5897156223468	7.65674929913366	7.81649810890002	7.73863257810524	7.8151377702856
ENSG00000204681.11	7.97195849280366	8.24830348476283	8.11648675706211	8.21038579268428	8.15475565314993	8.17643700071364	8.14267580720293	8.27009043701389
ENSG00000231301.1	6.73447480136818	6.59090765639085	6.84787938213258	6.82827584508646	6.59133753825452	6.66112256367871	6.78317777422319	6.66499475927517
ENSG00000233916.1	6.6950477566315	6.59090765639085	6.59420680516964	6.66435240536893	6.70235148984962	6.43935831587626	6.59340998201429	6.43935831587626
ENSG00000204642.14	6.76916552526763	6.74204092910778	6.70730724183813	6.85922707273188	6.74289715357801	6.8227146949241	6.7059310337478	6.79557899802678
ENSG00000214922.9	7.04437464747588	6.65358313805485	6.74861155170608	6.75722721090719	6.96319099458342	6.78948382610015	7.1052465005924	6.96613105083845
ENSG00000273340.1	6.43935831587626	6.59090765639085	6.74861155170608	6.43935831587626	6.70235148984962	6.66112256367871	6.7059310337478	6.66499475927517
ENSG00000235821.1	8.5464838146051	8.66231561114355	8.5246471535924	8.53574460807781	8.66042828616241	8.76722198653044	8.71811141461087	8.62519857734551
ENSG00000213880.3	8.41351725647478	8.474083165168	8.34201541621616	8.29737172340916	8.3204186003347	8.32965151908977	8.32863345968827	8.34850841306065
ENSG00000204632.13	6.76916552526763	6.70160896022124	6.70730724183813	6.85922707273188	6.81077545829778	6.8227146949241	6.89977654313986	6.71556510257389
ENSG00000290870.1	6.43935831587626	6.43935831587626	6.70730724183813	6.71477957466235	6.65419024516067	6.59624643103017	6.65711701827342	6.66499475927517
ENSG00000230521.1	6.43935831587626	6.59090765639085	6.59420680516964	6.66435240536893	6.59133753825452	6.43935831587626	6.65711701827342	6.71556510257389
ENSG00000206341.7	7.6885904864755	7.62785634402111	7.80741358384332	7.60938623084126	7.77624648061692	7.76914719723914	7.80837343534679	7.72323672758876
ENSG00000230795.3	6.43935831587626	6.43935831587626	6.90214012777943	6.9149699960699	6.81077545829778	6.8227146949241	7.06980315318122	6.98928066440998
ENSG00000206503.14	10.3271324090581	10.0626474998792	11.1037137270923	10.9131110501469	10.7097588086985	10.3881269825516	10.9594508673992	10.6490367071664
ENSG00000204623.11	7.21224938124028	7.09460393922451	7.37773757760165	7.27052005651109	7.26101773105511	7.32698938300757	7.43042048399668	7.34203568759579
ENSG00000237669.1	6.73447480136818	6.70160896022124	6.43935831587626	6.43935831587626	6.74289715357801	6.66112256367871	6.59340998201429	6.71556510257389
ENSG00000066379.15	6.94875647993495	7.04145533499291	6.90214012777943	6.85922707273188	7.02423010627822	6.90818894211843	7.1052465005924	6.94186705247055
ENSG00000204619.8	8.42173387465941	8.2630670078437	8.47384820350297	8.60352309918108	8.59770531040412	8.53550617275693	8.3756778072293	8.24831086624047
ENSG00000204618.10	6.64821876902176	6.70160896022124	6.78494942059072	6.71477957466235	6.70235148984962	6.78948382610015	6.81581663390162	6.71556510257389
ENSG00000234127.9	8.33705591655575	8.41483712510302	8.35630993721088	8.4029997055338	8.33442952523508	8.31967505546413	8.36640909799934	8.42230018274426
ENSG00000291097.1	6.80048767211086	6.96172395444198	6.87587918695416	6.9149699960699	7.00465224079014	6.85322918326179	6.94789582579647	6.82938173877161
ENSG00000280128.1	7.27669232675171	7.15901313005303	7.44642870137219	7.35264675280945	7.439207131166	7.43663582560659	7.54470548054276	7.31508878620013
ENSG00000231074.11	7.84624563766608	7.61038434521122	8.02664925943111	7.72847454025851	7.84188057790797	7.97434187159909	7.96198086873598	7.89975520841695
ENSG00000204599.16	7.40190410202062	7.17416839145007	7.51008444991109	7.31266433276248	7.3490918626578	7.22980414512121	7.36110563055957	7.30126033386385
ENSG00000241370.6	6.73447480136818	6.83922341908603	6.65824228849862	6.43935831587626	6.74289715357801	6.71082973304335	6.65711701827342	6.59898859408845
ENSG00000229068.1	6.6950477566315	6.59090765639085	6.59420680516964	6.75722721090719	6.43935831587626	6.43935831587626	6.65711701827342	6.66499475927517
ENSG00000224936.1	7.79161306754496	7.9197643734435	8.02040636970549	7.96047627989416	8.03605297951628	7.86921823426047	7.98776841473523	7.77435952733184
ENSG00000236603.2	9.13424303414563	9.31774584605065	9.22965602183745	9.21022236952372	9.31064524473651	9.53486141701422	9.06030076454727	8.98749091307929
ENSG00000204592.9	10.6619448936561	10.9956660904926	11.0569661757974	11.3228582855043	11.161763127339	11.3086120248258	10.9230449151194	11.3489352115264
ENSG00000204590.13	9.12944241737092	9.23823928319613	9.10103401235088	8.92774044391676	9.29718997264914	9.12588164552901	9.15330002414198	9.08366775989481
ENSG00000204576.12	7.44308858615331	7.25875213933517	7.63454750251705	7.29887197002558	7.51099567843774	7.38968347960865	7.48418315538238	7.22805870833429
ENSG00000204574.14	8.74595775929591	8.88870700089129	8.7560657710279	8.85802451358188	8.90339883007021	9.0066718630987	8.93664226649903	8.70826449321337
ENSG00000204569.10	8.55389345600243	8.34354941543457	8.49949853814633	8.36876985253002	8.46657023680248	8.41138954076212	8.44747641996916	8.43655554138001
ENSG00000204568.12	8.06333993316384	8.03786305649687	8.08137386557052	8.12880343654527	8.01806780031752	7.91951179134216	8.07962232608934	8.07112566949212
ENSG00000137343.18	7.39128765045973	7.15901313005303	7.5599164488945	7.09044865010935	7.439207131166	7.22980414512121	7.36110563055957	7.07309757459527
ENSG00000204564.12	7.2889351845708	7.21771925882314	7.27612730333863	7.28482816674212	7.19107340526396	7.09953127654411	7.1706605785019	7.18030257494647
ENSG00000204560.10	8.24148982235104	8.2679490182561	7.99509041810467	8.19906382635027	8.04788971536538	8.43445610703703	8.19189505300651	8.48295390689461
ENSG00000146112.12	9.18827969319933	9.2498802922014	9.12509033297087	9.02752190141562	9.20157640878583	9.03891126970114	9.13519700583374	9.18166731146695
ENSG00000137404.15	7.34740369896762	7.09460393922451	7.40126016169906	7.16159600164277	7.12953635870483	7.18384980236706	7.2158380607488	7.12894230165379
ENSG00000137337.16	7.85288378024292	7.77271004383747	7.90868459005715	7.87352666107061	7.9812306475363	7.75287839232026	7.77020173600278	7.86210577694485
ENSG00000196230.14	11.752835037267	10.6652953031873	11.5469621651424	10.1533030725396	11.2689179692216	10.5742809608692	10.9709086580794	9.75423643560932
ENSG00000137312.15	9.57757741147638	9.80662323270702	9.66672486795429	9.78989601967251	9.69122242088729	9.84294919256859	9.42955350719395	9.71971605623827
ENSG00000137331.12	7.00815477285245	6.7776134688375	7.21976318525012	7.09044865010935	7.55899676174186	7.27299680592007	7.29847011027295	6.96613105083845
ENSG00000204580.14	7.97195849280366	7.88650986148881	8.03903477387295	7.89591075074674	8.38895546963466	8.3493682945973	8.10870001215132	8.28083733152784
ENSG00000213780.11	6.6950477566315	6.65358313805485	6.59420680516964	6.75722721090719	6.65419024516067	6.75267309804514	6.59340998201429	6.75813289054065
ENSG00000137411.19	6.58710938520095	6.70160896022124	6.43935831587626	6.59853369009248	6.43935831587626	6.59624643103017	6.74702469803714	6.75813289054065
ENSG00000204540.11	6.80048767211086	6.80972966199624	6.92694345216041	6.75722721090719	6.74289715357801	6.75267309804514	6.81581663390162	6.71556510257389
ENSG00000204536.15	7.67298833912015	7.55597636827698	7.6784475540936	7.60938623084126	7.71425625019853	7.38968347960865	7.60152565292806	7.57270868804437
ENSG00000137310.13	7.3009847601845	7.24532990394283	7.30279019145036	7.25593362173179	7.19107340526396	6.88159019691735	7.49455448047414	7.28717967992664
ENSG00000204531.21	6.58710938520095	6.59090765639085	6.59420680516964	6.71477957466235	6.59133753825452	6.71082973304335	6.59340998201429	6.43935831587626
ENSG00000272501.1	6.73447480136818	6.7776134688375	6.78494942059072	6.66435240536893	6.77856944871386	6.66112256367871	6.74702469803714	6.59898859408845
ENSG00000206344.8	6.64821876902176	6.65358313805485	6.59420680516964	6.66435240536893	6.59133753825452	6.66112256367871	6.78317777422319	6.59898859408845
ENSG00000204525.18	10.6156463129649	10.5348596492747	10.4820383771991	10.3482333913884	10.6363052176784	10.5467110447538	10.2912864444676	10.1563297314555
ENSG00000214892.4	8.20303486025301	8.34812535753421	8.46952280241131	8.39331416872435	8.35743733965057	8.39262907377277	8.27974376845071	8.42706976209089
ENSG00000227939.1	11.8949748068629	11.8629304502935	11.5469621651424	11.2544780897276	11.4480229731917	11.4270378258694	11.4892962995227	11.3924395537256
ENSG00000234745.14	9.65718656735293	9.40129226098543	10.392139811399	10.2559736942389	10.3329129313891	10.2531186359772	9.92933037657729	9.56637343515663
ENSG00000228432.2	6.85599478395576	6.86663834971125	6.99450908177647	6.82827584508646	6.86784265543588	6.78948382610015	6.81581663390162	6.94186705247055
ENSG00000272221.1	6.6950477566315	6.83922341908603	6.84787938213258	7.05155119182893	6.59133753825452	6.59624643103017	6.74702469803714	6.82938173877161
ENSG00000204520.14	7.98378711673182	7.86606472963437	8.00781816815883	7.79539814839956	7.62233362512269	7.41348430139145	8.1201335774936	7.9783516670837
ENSG00000206337.12	6.64821876902176	6.59090765639085	6.95050159174117	6.75722721090719	6.59133753825452	6.85322918326179	6.74702469803714	6.59898859408845
ENSG00000286940.1	6.82925412814796	6.80972966199624	6.74861155170608	6.66435240536893	6.65419024516067	6.75267309804514	6.7059310337478	6.75813289054065
ENSG00000204516.10	7.19863772985699	7.29763067505793	7.37773757760165	7.52812918500009	7.31256185219234	7.502619290972	7.28531745965193	7.28717967992664
ENSG00000219797.2	7.00815477285245	6.86663834971125	6.78494942059072	6.96464476970857	6.8403514729454	6.90818894211843	6.92445549075663	7.01145139339895
ENSG00000198563.14	8.79914146004759	8.76880480687725	8.66236488354606	8.71049151044194	8.84510026487984	8.81932309661598	8.74268749971219	8.76455631712234
ENSG00000213760.11	6.94875647993495	7.04145533499291	7.01519640410775	6.98773058354613	7.04314031960162	6.90818894211843	6.89977654313986	7.11087928794033
ENSG00000204498.11	7.64103263573616	7.42575936841455	7.55016197307786	7.40306160487349	7.46031916101711	7.48116555352195	7.55441649012552	7.50957824954678
ENSG00000204469.13	10.0287199688255	9.97956865223214	9.97109037461143	9.92427370398684	9.98645701921595	10.1663094676248	10.0332702444909	10.0569236892876
ENSG00000204463.14	9.81147752032505	9.57693096622454	9.63951176626909	9.59822042971753	9.62148706707951	9.54092546412668	9.56969096037676	9.64221796057138
ENSG00000204444.11	6.96933030555932	6.8923522352928	6.84787938213258	6.82827584508646	6.89362786770973	6.85322918326179	6.97026181459213	6.88926596466494
ENSG00000204439.4	7.52923989641698	7.66189258761927	7.5599164488945	7.52812918500009	7.51099567843774	7.59340550825574	7.63761678562617	7.60275175302611
ENSG00000204438.11	7.77750553605451	7.75759056734335	7.53034106345312	7.55942754482302	7.53049652038317	7.5837409700516	7.68938864382459	7.58282854979468
ENSG00000201207.1	6.64821876902176	6.59090765639085	6.43935831587626	6.66435240536893	6.59133753825452	6.43935831587626	6.7059310337478	6.59898859408845
ENSG00000204435.15	7.64103263573616	7.74224866825456	7.81497005132884	7.61907318227621	7.71425625019853	7.60297351313665	7.69776301465627	7.57270868804437
ENSG00000240053.9	6.85599478395576	6.96172395444198	6.99450908177647	6.82827584508646	6.8403514729454	6.93331040795514	6.89977654313986	7.01145139339895
ENSG00000204428.12	6.90477164752875	6.86663834971125	6.78494942059072	6.85922707273188	6.89362786770973	6.8227146949241	6.89977654313986	6.94186705247055
ENSG00000204427.12	6.98910180233029	6.93971032520683	6.81775463736341	6.96464476970857	6.86784265543588	6.85322918326179	6.8736476562819	6.96613105083845
ENSG00000213722.10	8.9052442391524	8.85508584152178	8.96803946295016	8.76637744897478	8.7168488398962	8.43901958832003	9.03812771505821	8.8940400072307
ENSG00000213719.8	9.6637585619229	9.70484534480737	9.67389385087563	9.64140498041627	9.619698690297	9.67730061065309	9.74502280360399	9.69560121517049
ENSG00000204410.16	6.82925412814796	6.83922341908603	6.90214012777943	6.71477957466235	6.91798309639808	6.88159019691735	6.99168415881239	6.66499475927517
ENSG00000204396.11	6.73447480136818	6.59090765639085	6.95050159174117	6.75722721090719	6.77856944871386	6.78948382610015	6.84578904393387	6.75813289054065
ENSG00000204394.13	8.4933914153096	8.64792804716861	8.37511930196505	8.26546971698801	8.43265863852243	8.58524362231729	8.40759170327775	8.50553757270671
ENSG00000204392.11	7.48240614695841	7.44707726361988	7.45736078985131	7.37823908357656	7.439207131166	7.2444858616082	7.4192569214772	7.30126033386385
ENSG00000204390.10	6.92727869079218	6.93971032520683	7.05438194769747	6.96464476970857	6.91798309639808	7.08123610055129	7.1052465005924	7.07309757459527
ENSG00000204389.10	7.8594816048451	8.04961495432886	8.00147196549371	8.42215118374908	8.16546499009928	8.03301906744208	8.23402347431729	8.19210081368291
ENSG00000289829.1	6.64821876902176	6.65358313805485	6.78494942059072	6.59853369009248	6.43935831587626	6.66112256367871	6.59340998201429	6.43935831587626
ENSG00000204388.7	7.8725586470527	7.78761490845097	7.87358598792138	7.78726249992622	7.83478345079549	7.59340550825574	7.88785565950243	7.8151377702856
ENSG00000204387.14	9.08546486010821	9.33092993045747	8.44767349068063	8.24373295010106	8.18135214003151	8.13636891171056	8.32383017955293	8.21489734142359
ENSG00000204386.12	8.53903153940062	8.37075772098646	8.41644096736754	8.30782544105283	8.49960574968986	8.1987476214105	8.67122332465594	8.39329948252892
ENSG00000204371.12	8.7103759740987	8.38857465552383	8.48673746403195	8.18763502939763	8.64593755429401	8.25806946596233	8.46910642995349	8.45531765181185
ENSG00000166278.16	7.54732234933451	7.35838284574864	7.75295238609057	7.60938623084126	7.3490918626578	7.15141483343935	7.62871859695107	7.39336951568624
ENSG00000204366.4	7.3009847601845	7.04145533499291	7.17436718409092	7.03108379795622	7.24756026874977	7.15141483343935	7.25830639574145	6.98928066440998
ENSG00000243649.10	7.19863772985699	7.00307188601783	7.27612730333863	7.17823401500456	7.21987687823564	7.06236787266546	7.25830639574145	7.01145139339895
ENSG00000204356.14	8.31496178192373	8.25324441982541	8.39365160145441	8.20473802006321	8.38895546963466	8.4480977728618	8.36640909799934	8.23727429489038
ENSG00000204351.13	8.65343137132532	8.48642890645194	8.55743448801385	8.31819186174865	8.50773352026152	8.56061313966624	8.28967723591713	8.37358905731047
ENSG00000204348.10	7.48240614695841	7.68667566748816	7.60723492303637	7.45062524252812	7.51099567843774	7.37752396094456	7.37306654578911	7.35517524719191
ENSG00000204344.16	7.19863772985699	7.42575936841455	7.34114158796624	7.24105354332556	7.38403630536324	7.27299680592007	7.38485590504998	7.41789235457719
ENSG00000244731.10	7.32453580139174	7.05970936267722	7.28957509974307	7.12701163853944	6.74289715357801	7.02268748670147	7.20110327591779	7.21249796257827
ENSG00000224389.9	7.04437464747588	6.91664027450674	7.24848656199303	7.0098403901942	6.74289715357801	6.66112256367871	6.94789582579647	6.98928066440998
ENSG00000168477.21	10.8421426828814	9.99875702945644	10.890935009915	10.3364288342353	9.26296995809211	9.20511085702988	10.6784355832494	10.4521022170194
ENSG00000286974.1	6.64821876902176	6.59090765639085	6.65824228849862	6.59853369009248	6.43935831587626	6.43935831587626	6.65711701827342	6.75813289054065
ENSG00000213676.13	8.97430707160507	8.92151059201882	8.76300666581861	8.55730778785526	8.73399792352559	8.60941696937049	8.88133592265144	8.89069958648002
ENSG00000204315.4	7.19863772985699	7.02259645964244	7.108633685461	6.98773058354613	6.9843346155731	6.93331040795514	7.05126089458285	6.91631837934757
ENSG00000204314.12	7.15611003539891	7.04145533499291	7.38958189154179	6.98773058354613	7.2742357569852	6.88159019691735	7.31140188978322	7.03275316416137
ENSG00000221988.13	7.3009847601845	7.29763067505793	7.30279019145036	7.29887197002558	7.33710086212212	7.11729994506885	7.20110327591779	7.27283391984739
ENSG00000258388.7	6.58710938520095	6.80972966199624	6.74861155170608	6.66435240536893	6.59133753825452	6.59624643103017	6.59340998201429	6.71556510257389
ENSG00000241404.7	6.80048767211086	6.91664027450674	6.84787938213258	6.82827584508646	6.86784265543588	6.75267309804514	6.65711701827342	6.79557899802678
ENSG00000204310.13	8.51260490561969	8.80463022385054	8.62447635889694	8.77365458587998	8.66402615908191	8.5397246172698	8.55215628867731	8.67330421973529
ENSG00000204308.8	7.96000526529684	7.72667604685279	7.71223310073222	7.65688835387656	7.72221148996982	7.71955519815198	7.86674869824353	7.77435952733184
ENSG00000204305.16	6.85599478395576	6.80972966199624	6.84787938213258	6.7945679420554	6.86784265543588	6.90818894211843	6.78317777422319	6.66499475927517
ENSG00000204304.12	8.53903153940062	8.37969769898335	8.7136415750139	8.4363274318637	8.72716487394862	8.43445610703703	8.61878915035478	8.32807577091589
ENSG00000213654.10	7.06165156972064	7.11132852487279	7.03512952892631	7.09044865010935	7.36090700209148	7.1995052785116	7.1706605785019	7.03275316416137
ENSG00000204301.6	6.73447480136818	6.70160896022124	6.65824228849862	6.66435240536893	6.59133753825452	6.71082973304335	6.59340998201429	6.66499475927517
ENSG00000225914.5	6.76916552526763	6.43935831587626	6.70730724183813	6.66435240536893	6.91798309639808	6.85322918326179	6.8736476562819	6.59898859408845
ENSG00000237285.1	8.26955744523915	8.34812535753421	8.10489811059936	7.98119985167366	7.92363259651444	8.1069019782067	8.01920454216644	8.12100179232244
ENSG00000235040.1	6.43935831587626	6.43935831587626	6.97297967273664	6.98773058354613	6.43935831587626	6.43935831587626	6.43935831587626	6.43935831587626
ENSG00000204267.19	7.53832524413779	7.74994792739892	7.56957062449411	7.6752671697904	7.53049652038317	7.42513829273537	7.63761678562617	7.35517524719191
ENSG00000204264.12	7.89825395739984	7.85916387826042	7.84467468387166	7.85834589071616	7.82044737567963	7.81649810890002	7.86674869824353	7.91446234634684
ENSG00000204261.9	6.76916552526763	6.74204092910778	6.65824228849862	6.59853369009248	6.43935831587626	6.59624643103017	6.7059310337478	6.43935831587626
ENSG00000240065.8	7.32453580139174	7.33463785012026	7.30279019145036	7.22586302421196	7.21987687823564	7.08123610055129	7.34896630445935	7.18030257494647
ENSG00000168394.13	8.00130305110178	8.05544664853285	7.95603180873754	7.99480871648771	8.05960714307928	7.92651383395467	8.04980569809878	7.93616498434839
ENSG00000234515.1	6.76916552526763	6.74204092910778	6.78494942059072	6.7945679420554	6.70235148984962	6.66112256367871	6.81581663390162	6.79557899802678
ENSG00000289047.2	7.8725586470527	7.61038434521122	7.6434846476837	7.46211847900853	7.72221148996982	7.32698938300757	7.57354186617709	7.52040412488887
ENSG00000204257.15	7.33605180474466	7.35838284574864	7.6434846476837	7.6752671697904	7.73010550684785	7.59340550825574	7.58296131680631	7.5416801600786
ENSG00000204256.14	9.69936715933515	9.70651946951258	9.75551018747605	9.53711078463605	9.88929955892335	9.71701248100463	9.79623874731211	9.53945818798511
ENSG00000231389.8	6.58710938520095	6.43935831587626	7.108633685461	6.98773058354613	6.86784265543588	6.90818894211843	6.89977654313986	7.09228017073694
ENSG00000223865.11	6.6950477566315	6.59090765639085	6.99450908177647	6.94044784003456	6.8403514729454	6.8227146949241	6.78317777422319	6.96613105083845
ENSG00000224796.1	6.64821876902176	6.59090765639085	6.78494942059072	6.66435240536893	6.43935831587626	6.71082973304335	6.43935831587626	6.43935831587626
ENSG00000204248.12	6.80048767211086	6.80972966199624	6.78494942059072	6.59853369009248	6.81077545829778	6.75267309804514	6.84578904393387	6.59898859408845
ENSG00000204231.11	8.68388436688185	8.57734324412677	8.41644096736754	8.61584806656413	8.49960574968986	8.4020440987344	8.57211071739247	8.53650368540077
ENSG00000112473.19	9.70733622937241	9.58607274996602	9.70045768017657	9.45567790247815	9.67926503643482	9.67913014643259	9.77663258363797	9.36611259622265
ENSG00000204228.4	7.06165156972064	6.98280971378101	7.03512952892631	6.82827584508646	6.89362786770973	7.06236787266546	7.1052465005924	7.03275316416137
ENSG00000204227.5	8.4010915328813	8.37075772098646	8.18374712640244	8.21600742452963	8.3204186003347	8.24217448570397	8.21839587865356	8.04536930301524
ENSG00000289975.1	6.6950477566315	6.59090765639085	6.65824228849862	6.71477957466235	6.59133753825452	6.66112256367871	6.78317777422319	6.59898859408845
ENSG00000232940.8	6.82925412814796	6.83922341908603	6.87587918695416	6.71477957466235	6.70235148984962	6.85322918326179	6.81581663390162	6.79557899802678
ENSG00000223501.9	8.22241409684571	8.10666413066704	8.21069867931273	8.29737172340916	8.19182842618823	8.08886318911581	8.17571144371727	8.28083733152784
ENSG00000231500.7	12.4408778531929	12.5968173691685	12.1276952420747	11.9752425980712	11.8065380423508	11.7853262049295	11.9760429900805	11.9266857140993
ENSG00000235863.4	7.19863772985699	7.33463785012026	7.17436718409092	7.39074271028615	7.19107340526396	7.38968347960865	7.37306654578911	7.46492723626823
ENSG00000227057.10	8.1683565065201	8.29684196439577	8.05128937389968	7.91058512894345	8.09971787324824	8.18764382388738	7.94886350969263	8.03227402989139
ENSG00000204220.12	7.3009847601845	7.5744605664324	7.60723492303637	7.45062524252812	7.48093586964645	7.64944708244119	7.49455448047414	7.38083371180933
ENSG00000237441.10	8.65343137132532	8.4448044826006	8.21069867931273	8.34878338909221	8.27741187030062	8.1537052911248	8.34293332358872	8.53650368540077
ENSG00000231925.14	8.39273936542375	8.48232685578834	8.56147516681124	8.5952413637759	8.78087059437128	8.63706554612938	8.58000746612736	8.64947154518311
ENSG00000236104.3	7.891886128349	7.65349286842667	7.98221939775845	7.71979742653821	7.84893143532124	7.43663582560659	7.85962159047878	7.63188578005326
ENSG00000204209.13	8.33705591655575	8.39298980959287	8.19998993022217	8.19906382635027	8.7168488398962	8.55229808658262	8.352376477772	8.29149145789155
ENSG00000229596.3	9.61709766842852	10.1024366125344	9.94032441677849	10.4125966877163	9.63748107733955	10.4275604696443	9.88125505593007	10.3659979335754
ENSG00000228285.2	7.50143111481955	7.55597636827698	7.48936634673305	7.51745639052461	7.52079799556434	7.67631381289578	7.51494615070391	7.57270868804437
ENSG00000225644.1	6.6950477566315	6.65358313805485	6.70730724183813	6.71477957466235	6.65419024516067	6.59624643103017	6.78317777422319	6.79557899802678
ENSG00000237649.8	6.73447480136818	6.91664027450674	6.87587918695416	6.66435240536893	6.86784265543588	6.71082973304335	6.78317777422319	6.66499475927517
ENSG00000204194.1	8.50878508744372	8.50270729574163	8.44767349068063	8.05412926593012	8.53578373717694	8.49254548200238	8.17026825787473	8.35860091784198
ENSG00000112511.18	8.75232597704331	8.69062758439571	8.79380110583294	8.75906035034979	8.70992659560347	8.49254548200238	8.62640925991986	8.58371557520836
ENSG00000112514.18	8.81438894805207	8.65514150751643	8.63595820177263	8.5093848644557	8.84196083576212	8.57708518333861	8.78041204946765	8.5710089022645
ENSG00000197283.18	8.26492382395191	8.14501891523541	8.31782161816045	7.99480871648771	8.26273716123835	8.05816921911942	8.28472048694752	8.1391765171313
ENSG00000213588.6	7.06165156972064	7.24532990394283	7.18983193912691	7.17823401500456	7.20562298294026	7.22980414512121	7.230272921022	7.12894230165379
ENSG00000030110.14	7.33605180474466	7.21771925882314	7.36572076328742	7.36554313971766	7.32492677304778	7.56411203989563	7.33664123728787	7.30126033386385
ENSG00000096433.11	9.05534290037622	9.05604302067371	9.36971391953517	9.37155645432899	9.05657845809445	9.33018396569149	9.26669629022067	9.50774705590344
ENSG00000137288.10	7.88548131796998	7.72667604685279	7.74493594235559	7.54911127969051	7.69815726479008	7.71105292743666	7.73058789344141	7.44172872617975
ENSG00000161896.12	6.73447480136818	6.80972966199624	6.84787938213258	6.75722721090719	7.11320248327584	7.08123610055129	6.43935831587626	6.59898859408845
ENSG00000161904.13	8.31049550137212	8.40177407337012	8.25775611217378	8.4363274318637	8.30624815333993	8.4480977728618	8.26469194815268	8.41751261121546
ENSG00000214810.4	7.61636675617904	7.73449173685559	7.54030446467574	7.71104619633136	7.74571447980836	7.86184186426594	7.58296131680631	7.53110350692585
ENSG00000137309.21	9.82030880087573	9.49186173497598	9.76392167525592	9.54334274960165	9.55562884193814	9.3160412440401	10.0414847574915	9.45102228067882
ENSG00000186577.14	7.73400608171363	7.77271004383747	7.48936634673305	7.46211847900853	7.51099567843774	7.70247920319046	7.67242820249571	7.58282854979468
ENSG00000225339.4	6.76916552526763	6.70160896022124	6.65824228849862	6.66435240536893	6.43935831587626	6.71082973304335	6.78317777422319	6.66499475927517
ENSG00000272325.2	6.98910180233029	6.86663834971125	6.92694345216041	6.9149699960699	6.9411167951386	7.02268748670147	7.08778312657617	6.94186705247055
ENSG00000124614.17	7.4530841931163	7.44707726361988	7.43535750935192	7.40306160487349	7.54009405689529	7.33992354409416	7.50480766329044	7.52040412488887
ENSG00000196114.3	10.3606543473527	10.5235918113232	10.4440509422629	10.6174934419937	10.6980545860778	10.8678181625117	10.6258965246732	10.7219065355064
ENSG00000196821.10	9.07048669965685	9.11609234786699	9.14873289129188	9.18364571352373	9.10404106308356	9.07040740090294	9.108915067664	9.13773194430207
ENSG00000272288.8	6.73447480136818	6.59090765639085	6.81775463736341	6.59853369009248	6.77856944871386	6.71082973304335	6.7059310337478	6.66499475927517
ENSG00000186328.4	7.48240614695841	7.45754308492482	7.34114158796624	7.21034358070588	7.32492677304778	7.32698938300757	7.1706605785019	7.18030257494647
ENSG00000124562.10	8.2833546579029	8.22329500281197	8.12796323213583	7.98119985167366	8.21251277425806	8.29947876100976	8.11443058436105	7.95745534025701
ENSG00000065060.18	7.8725586470527	7.63647635145749	7.71223310073222	7.68433149028365	7.77624648061692	7.64944708244119	7.69776301465627	7.80710639623428
ENSG00000064995.19	7.6491186765162	7.67022199165375	7.74493594235559	7.76247195917332	7.5775261695505	7.73635120557041	7.63761678562617	7.66943162961777
ENSG00000064999.16	8.06881871494655	8.1396147573603	8.17828395006397	8.33866927927742	8.21762924586895	8.25806946596233	8.14824539352677	8.28083733152784
ENSG00000187762.5	6.85599478395576	6.80972966199624	6.81775463736341	6.88799280253678	6.9411167951386	6.66112256367871	6.74702469803714	6.82938173877161
ENSG00000146197.9	6.80048767211086	6.98280971378101	7.20495732381457	7.24105354332556	7.66516905996988	7.71105292743666	7.37306654578911	7.49862191757299
ENSG00000272374.1	6.76916552526763	6.80972966199624	6.81775463736341	6.82827584508646	6.8403514729454	6.75267309804514	6.78317777422319	6.82938173877161
ENSG00000065029.15	7.8192775516661	7.74994792739892	7.73685703636698	7.9250681263089	7.82763930614689	7.77718778579345	7.73058789344141	7.8544179502028
ENSG00000023892.12	6.43935831587626	6.59090765639085	6.70730724183813	6.59853369009248	6.65419024516067	6.71082973304335	6.65711701827342	6.66499475927517
ENSG00000112033.14	8.4010915328813	8.52674521604739	8.45645812600074	8.57430387309023	8.4240377210961	8.70560056751784	8.39855546062028	8.65746383218361
ENSG00000112039.6	7.21224938124028	7.28489170224431	7.14232897471387	7.24105354332556	7.20562298294026	7.1345826213474	7.25830639574145	7.34203568759579
ENSG00000198755.11	11.2313870403121	11.3317422404232	11.1102696092826	10.8931530357849	11.0753268124026	11.1360376184748	10.9970601196482	10.9781734598386
ENSG00000007866.22	8.78990882719545	9.22413960487553	8.75258170419509	9.07770234118144	8.49960574968986	8.82272540328897	8.58393794301626	9.12088780978289
ENSG00000219023.1	10.5885029676589	10.6712606522326	10.5531911751659	10.3052728879659	10.4858305182789	10.3836776383169	10.4015072474022	10.2517876776983
ENSG00000096060.15	7.59105759081181	10.1967129107919	7.66111972875557	10.4393186596367	8.00591985185651	9.90351409286537	7.38485590504998	10.0598209237377
ENSG00000218749.1	7.62465812806249	7.67022199165375	7.47882545550073	7.45062524252812	7.51099567843774	7.41348430139145	7.50480766329044	7.41789235457719
ENSG00000157343.9	6.73447480136818	6.59090765639085	6.70730724183813	6.59853369009248	6.74289715357801	6.71082973304335	6.65711701827342	6.71556510257389
ENSG00000220734.1	7.39128765045973	7.65349286842667	7.66982120414353	7.77906373948945	7.63105131876296	7.86184186426594	7.52497322330101	7.8544179502028
ENSG00000197753.11	6.6950477566315	6.59090765639085	6.78494942059072	6.66435240536893	6.86784265543588	6.75267309804514	6.65711701827342	6.71556510257389
ENSG00000096063.16	7.67298833912015	7.78018883244619	7.88069578471556	7.97433396014109	7.87668645069667	8.00731013991199	7.70606875678137	7.92174355293815
ENSG00000112053.14	6.64821876902176	6.74204092910778	6.59420680516964	6.43935831587626	6.70235148984962	6.66112256367871	6.65711701827342	6.75813289054065
ENSG00000112062.12	8.50495390450871	8.72859176666385	8.62447635889694	8.85802451358188	8.56711342913726	8.78131551747262	8.58785659292721	8.79722299708275
ENSG00000237719.1	7.31284912597803	7.39275063909722	7.21976318525012	7.25593362173179	7.37255303911769	7.502619290972	7.38485590504998	7.30126033386385
ENSG00000156711.17	7.25159134826769	7.38145303967408	7.28957509974307	7.4957285283425	7.86289723469436	8.04566220110687	7.38485590504998	7.66017771161906
ENSG00000246982.7	6.80048767211086	6.65358313805485	6.70730724183813	6.59853369009248	6.65419024516067	6.43935831587626	6.84578904393387	6.59898859408845
ENSG00000096070.19	8.44204580020583	8.41916171161722	8.37977799325249	8.46421504458824	8.5397416378529	8.47495117146633	8.34293332358872	8.44127203490402
ENSG00000010030.14	6.73447480136818	6.74204092910778	6.70730724183813	6.66435240536893	6.59133753825452	6.59624643103017	6.7059310337478	6.66499475927517
ENSG00000112078.14	9.14141269101946	9.25912316999144	9.04601484336089	9.57612083529683	9.24436800422084	9.75217006389629	9.13519700583374	9.43534915049364
ENSG00000112079.9	8.61874601296489	8.84576876598807	8.5854588618835	8.94382263242117	8.7542886656166	8.66030909095834	8.62260474882839	8.84304278251533
ENSG00000112081.17	9.215654256071	9.28874394021414	9.24916748344566	9.1890021266866	8.82932919211117	9.3672099808385	9.07669787876933	9.08076241062787
ENSG00000281450.1	6.43935831587626	6.59090765639085	6.65824228849862	6.43935831587626	6.59133753825452	6.71082973304335	6.7059310337478	6.43935831587626
ENSG00000213500.3	7.25159134826769	7.27193565334964	6.95050159174117	7.27052005651109	7.17621052194296	7.1995052785116	6.92445549075663	7.18030257494647
ENSG00000124762.14	11.5431764051548	10.5745237018506	10.7980922621425	9.91951727852672	11.1696442266962	10.2260093841764	10.932599546224	10.0842122752309
ENSG00000124772.12	6.64821876902176	6.65358313805485	6.78494942059072	6.75722721090719	6.70235148984962	6.93331040795514	6.59340998201429	6.75813289054065
ENSG00000137168.8	7.55623339430288	7.5275460819255	7.72871444430303	7.36554313971766	7.62233362512269	7.84693753072067	7.44144096185602	7.4298931698597
ENSG00000198663.17	10.1313562546969	9.99466697782359	10.3054114062542	10.1025517402662	10.2607148356472	10.157200320391	10.2363920154431	10.1123832673661
ENSG00000164530.15	6.73447480136818	6.43935831587626	7.69548126923447	7.0098403901942	6.74289715357801	6.59624643103017	7.60152565292806	7.30126033386385
ENSG00000137409.21	10.0388198580247	10.013654047093	10.0771802354115	9.98924358593371	10.1182624605722	9.92057410387439	9.94694703822458	9.95629106614947
ENSG00000226976.3	8.78371810114656	8.86740904794094	8.78020235238709	8.57430387309023	8.6711925428509	8.78481575973321	8.59176349333356	8.51446115903186
ENSG00000216412.4	8.26027268036341	8.22329500281197	8.15617978922234	8.03469219569345	8.35743733965057	8.070543514736	8.17571144371727	7.91446234634684
ENSG00000137193.14	8.50495390450871	8.07276881804544	8.34201541621616	7.6752671697904	8.38450091547393	7.98101219752136	8.11443058436105	7.86210577694485
ENSG00000172738.13	6.73447480136818	6.7776134688375	6.97297967273664	6.59853369009248	7.12953635870483	6.75267309804514	6.8736476562819	6.71556510257389
ENSG00000065491.8	7.65713909464603	7.64502131481271	7.6434846476837	7.60938623084126	7.69001099865491	7.51315796183049	7.64643508021	7.48753095159613
ENSG00000275550.1	6.80048767211086	7.07741058769147	6.90214012777943	6.9149699960699	6.89362786770973	6.95716985536871	6.94789582579647	7.05327662428992
ENSG00000112130.17	7.53832524413779	7.78761490845097	7.66111972875557	7.89591075074674	7.77624648061692	7.76104446668259	7.71430726161147	7.77435952733184
ENSG00000137200.13	8.73955888963274	8.64067475853043	8.66609434350534	8.72938271632222	8.67476116863981	8.71300046081427	8.64526792559267	8.61289138290814
ENSG00000198937.9	7.23871374446255	7.07741058769147	7.09108446280084	7.09044865010935	7.02423010627822	7.08123610055129	6.97026181459213	6.82938173877161
ENSG00000112139.17	8.57223449725896	8.17694152925787	9.01478356012075	8.50493869825132	8.27741187030062	8.33460996827039	8.48615088384481	8.36861285426085
ENSG00000156639.12	9.0009776449954	9.00990124625116	9.22473487241021	9.15380769263426	9.20157640878583	9.28489583704013	9.2690610915077	9.10097175346728
ENSG00000183826.19	7.71909075774064	7.91319277585848	7.935984770437	8.0412074448204	7.88351651281543	7.88382346882906	7.96848288894374	8.07747700978797
ENSG00000217227.1	8.29699942229348	8.37075772098646	8.38904400296594	8.48699869984722	8.38450091547393	8.42527971417446	8.35707148468111	8.34850841306065
ENSG00000124767.7	8.71365042745441	8.84888163933955	8.95309613805003	9.12890464519886	8.9153576235009	8.91782371020523	8.73221056829539	8.86367405125085
ENSG00000219273.1	6.6950477566315	6.70160896022124	6.78494942059072	6.75722721090719	6.65419024516067	6.75267309804514	6.84578904393387	6.91631837934757
ENSG00000112167.11	7.71909075774064	7.61915959597515	7.48936634673305	7.5897156223468	7.50108663116043	7.51315796183049	7.77794725101851	7.62227113346484
ENSG00000164627.18	6.82925412814796	6.8923522352928	6.78494942059072	6.82827584508646	6.74289715357801	6.59624643103017	6.43935831587626	6.59898859408845
ENSG00000231276.2	6.64821876902176	6.59090765639085	6.74861155170608	6.43935831587626	6.81077545829778	6.66112256367871	6.74702469803714	6.75813289054065
ENSG00000146122.17	8.73312904886374	9.78304638507019	8.68090749028939	9.89710743360286	8.21762924586895	9.65701750488618	8.23402347431729	9.33742590873917
ENSG00000281969.1	6.43935831587626	6.65358313805485	6.59420680516964	6.71477957466235	6.59133753825452	6.75267309804514	6.43935831587626	6.43935831587626
ENSG00000235033.7	6.64821876902176	6.70160896022124	6.74861155170608	6.75722721090719	6.70235148984962	6.85322918326179	6.59340998201429	6.71556510257389
ENSG00000124615.20	7.76320630521015	8.1396147573603	7.75295238609057	7.98119985167366	7.95599399335361	8.08278834336868	7.65517527402342	7.87732084698278
ENSG00000124596.17	7.5824706789755	7.54659591578931	7.71223310073222	7.74561254772177	7.72221148996982	7.47024249410971	7.64643508021	7.7319343120311
ENSG00000001167.15	7.86603970178097	7.72667604685279	7.87358598792138	7.52812918500009	8.16012227349574	7.90537417662272	7.83795555366702	7.64140692518333
ENSG00000161912.19	6.6950477566315	6.59090765639085	6.43935831587626	6.43935831587626	6.65419024516067	6.66112256367871	6.65711701827342	6.66499475927517
ENSG00000290554.1	6.6950477566315	6.70160896022124	6.59420680516964	6.43935831587626	6.74289715357801	6.66112256367871	6.65711701827342	6.71556510257389
ENSG00000213461.3	6.98910180233029	6.98280971378101	6.99450908177647	6.98773058354613	7.06144390694469	6.88159019691735	6.99168415881239	6.98928066440998
ENSG00000137166.18	7.69630188053823	7.61915959597515	7.69548126923447	7.60938623084126	7.71425625019853	7.80875146873545	7.76239860022902	7.87732084698278
ENSG00000112561.19	7.31284912597803	7.05970936267722	6.90214012777943	6.96464476970857	7.19107340526396	6.97993461237282	7.18605069584968	6.88926596466494
ENSG00000137218.10	7.07843383662775	7.15901313005303	6.99450908177647	7.0098403901942	6.89362786770973	6.75267309804514	7.05126089458285	7.05327662428992
ENSG00000124593.16	6.80048767211086	6.74204092910778	6.70730724183813	6.75722721090719	6.65419024516067	6.66112256367871	6.74702469803714	6.75813289054065
ENSG00000164663.15	7.15611003539891	7.27193565334964	7.17436718409092	7.07131815276461	7.17621052194296	7.1995052785116	7.2158380607488	7.22805870833429
ENSG00000288721.1	6.58710938520095	6.43935831587626	6.59420680516964	6.43935831587626	6.70235148984962	6.71082973304335	6.7059310337478	6.43935831587626
ENSG00000124641.16	7.52006402892478	7.49820890347423	7.5599164488945	7.55942754482302	7.54959328369672	7.53387740100055	7.45232310044787	7.34203568759579
ENSG00000112578.10	7.31284912597803	7.38145303967408	7.28957509974307	7.27052005651109	7.44982701895604	7.5837409700516	7.29847011027295	7.28717967992664
ENSG00000112576.13	7.94792425882723	8.23836141857293	7.79980317571104	8.29737172340916	7.79118566849827	8.1479543955451	7.80084831253943	8.46459623992219
ENSG00000137413.17	7.79859690058102	7.99576373928284	7.70389168969008	7.93223971071163	7.79857686279957	7.76104446668259	7.69776301465627	7.75759624383526
ENSG00000188112.10	7.57380559050133	7.89324122508137	7.49978479649954	7.85834589071616	7.66516905996988	7.95409218281053	7.49455448047414	7.77435952733184
ENSG00000112599.9	6.6950477566315	6.43935831587626	6.87587918695416	6.71477957466235	6.8403514729454	6.59624643103017	6.43935831587626	6.43935831587626
ENSG00000048544.6	8.23198921865619	8.1610863911496	8.32755554436697	8.40781479194827	8.22779811446108	8.32467327448803	8.17571144371727	8.03227402989139
ENSG00000124496.13	8.11175216568132	7.73449173685559	8.03285858670101	7.71104619633136	8.00591985185651	7.76914719723914	8.03154225923845	7.5928419639991
ENSG00000237107.3	7.81242842702839	7.86606472963437	7.73685703636698	7.61907318227621	7.77624648061692	7.71955519815198	7.69776301465627	7.67860060940167
ENSG00000024048.11	8.70380266774035	8.62971909350751	8.80054892967666	8.85461304856607	8.7305857965785	8.67936984470861	8.70743773746501	8.88735087575871
ENSG00000112619.8	7.36963937325821	7.20350296362254	7.38958189154179	7.19447479440408	7.40653793477524	7.30046544496281	7.1706605785019	6.96613105083845
ENSG00000213435.3	8.21759817148985	8.37523565023281	8.23706514198311	8.25464946245226	8.25285582771938	8.22065466710266	8.25963348981326	8.30205461139779
ENSG00000124659.7	7.839566571993	8.08983849887901	7.79213787144315	7.80347186742851	7.82044737567963	7.98101219752136	7.80837343534679	7.96446370110774
ENSG00000112624.14	7.92336551398965	7.87973707513203	7.96263567822461	8.03469219569345	7.94959585241535	7.83940786280983	8.13708012008034	7.99887091107689
ENSG00000146223.16	9.2111293286135	9.19550147528112	9.20737161781028	9.29694532138083	9.25834282899235	9.33018396569149	9.06304729136475	9.20843273303617
ENSG00000221821.4	7.09475955628197	6.96172395444198	6.78494942059072	6.85922707273188	6.77856944871386	6.75267309804514	7.03210343032744	6.82938173877161
ENSG00000287825.3	6.64821876902176	6.74204092910778	6.70730724183813	6.71477957466235	6.65419024516067	6.59624643103017	6.78317777422319	6.66499475927517
ENSG00000137161.18	8.15318303719619	7.98962152577388	7.99509041810467	7.99480871648771	7.98745316308388	7.89823722768494	7.93559150993702	8.16298682314211
ENSG00000231113.2	6.76916552526763	6.65358313805485	6.65824228849862	6.59853369009248	6.77856944871386	6.71082973304335	6.74702469803714	6.79557899802678
ENSG00000181524.6	10.5201043666017	10.5254759488962	10.2869515748887	10.1424818765873	10.1469269762529	10.094483660076	10.1768216711286	10.1179512418688
ENSG00000124713.6	6.6950477566315	6.59090765639085	6.65824228849862	6.66435240536893	6.59133753825452	6.71082973304335	6.59340998201429	6.66499475927517
ENSG00000124587.14	8.37161373376247	8.32972018886719	7.81497005132884	7.99480871648771	7.90375614907524	7.78516739639465	8.17026825787473	8.29678429626651
ENSG00000290049.1	6.76916552526763	6.59090765639085	6.65824228849862	6.43935831587626	6.59133753825452	6.43935831587626	6.65711701827342	6.43935831587626
ENSG00000112640.16	8.35012706378618	8.23335991349126	8.34679841838266	8.20473802006321	8.14394970306031	8.20426156033965	8.25963348981326	8.37358905731047
ENSG00000124733.5	8.18334081899439	8.17167967716356	8.35156320701011	8.19336292625704	8.39781767574374	8.25279400122615	8.15930737887442	8.13314905527914
ENSG00000124702.19	8.4010915328813	8.56968622069647	8.22658690787074	8.71429135807493	8.21251277425806	8.62528756408755	8.30442945904668	8.63333957951632
ENSG00000124541.7	7.96599764984343	7.93925012603722	7.80741358384332	7.79539814839956	7.97497392845314	7.99423679139767	7.94886350969263	7.66943162961777
ENSG00000044090.13	8.52021074291598	8.22329500281197	8.67721978030744	8.20473802006321	8.44122149723114	8.33460996827039	8.5681442864329	8.32807577091589
ENSG00000137171.15	7.8594816048451	7.79498917829912	7.78441668685265	7.70221924781346	7.70623858823703	7.60297351313665	7.74661514479561	7.66017771161906
ENSG00000112651.12	7.00815477285245	6.86663834971125	6.99450908177647	6.9149699960699	7.00465224079014	6.97993461237282	6.94789582579647	6.98928066440998
ENSG00000112655.16	10.8392695075162	10.56722697849	10.8342098682808	10.6933776003227	10.6640780383349	10.8307827977809	10.8457875816649	10.6072234339531
ENSG00000112658.8	8.45407918126901	9.03452330637075	8.31292595210286	8.77002098334493	8.28226486638574	9.11770208122966	8.26469194815268	8.82208966759091
ENSG00000112659.14	8.28791966240273	8.20291203274264	8.1505895374335	8.03469219569345	8.1760796851549	8.05193250916527	8.13145804711477	7.89975520841695
ENSG00000112667.13	7.22560372627965	7.36999908323021	7.35352455666184	7.22586302421196	7.16101486394347	7.16782794342023	7.31140188978322	7.21249796257827
ENSG00000171467.16	8.3414281667562	8.29207315061939	8.24227075024647	8.27084434665789	8.3204186003347	7.96088243005773	8.38028667678238	8.24280502154398
ENSG00000219222.1	7.19863772985699	7.15901313005303	6.95050159174117	6.9149699960699	6.9843346155731	6.93331040795514	7.13877762248489	6.94186705247055
ENSG00000220614.1	7.5107952635334	7.61038434521122	7.40126016169906	7.73707908320655	7.31256185219234	7.49195645196654	7.48418315538238	7.66943162961777
ENSG00000179157.4	6.73447480136818	6.83922341908603	6.70730724183813	6.7945679420554	6.65419024516067	6.71082973304335	6.65711701827342	6.66499475927517
ENSG00000124574.15	8.07427195590532	8.07848633939226	8.12796323213583	7.94644659356849	7.91704650159947	7.90537417662272	7.75453677176359	8.03227402989139
ENSG00000171462.15	6.64821876902176	6.86663834971125	6.84787938213258	6.71477957466235	6.59133753825452	6.78948382610015	6.78317777422319	6.82938173877161
ENSG00000137221.14	8.08510291865735	8.13418600960235	8.08137386557052	8.03469219569345	7.94316115186456	8.02023627863695	8.04374976897021	8.07112566949212
ENSG00000171453.20	7.49196898311379	7.55597636827698	7.40126016169906	7.24105354332556	7.40653793477524	7.54406502806642	7.40794524758021	7.39336951568624
ENSG00000137207.12	9.17438614033341	9.26372159401905	9.16941296780625	9.32872233519966	9.25370019935229	9.311294854001	9.17623108863115	9.20045743583752
ENSG00000124571.18	7.8594816048451	8.00795014781586	7.96920121745252	7.91058512894345	8.14394970306031	8.17079426181621	7.99412504120244	8.02567042734841
ENSG00000219470.1	9.88484524190359	9.99875702945644	9.56812216702731	9.44682402037564	9.49437837266787	9.5287710598849	9.45666122570116	9.35184311324401
ENSG00000170734.12	8.72342550553316	8.51076986048779	8.80726287787887	8.4779338074318	8.60899468529677	8.39262907377277	8.70743773746501	8.61700665595817
ENSG00000172432.19	8.2556038630699	8.25816553416571	8.25261602519928	8.31819186174865	8.30624815333993	8.23682998032501	8.37105199435538	8.22053022080322
ENSG00000124688.14	7.48240614695841	7.60152876040716	7.52026877270809	7.52812918500009	7.51099567843774	7.45918294560031	7.53489200646806	7.62227113346484
ENSG00000172426.16	6.80048767211086	6.74204092910778	6.59420680516964	6.71477957466235	6.8403514729454	6.71082973304335	6.59340998201429	6.59898859408845
ENSG00000096080.12	7.31284912597803	7.24532990394283	7.30279019145036	7.17823401500456	7.24756026874977	7.32698938300757	7.230272921022	7.27283391984739
ENSG00000218107.1	6.88107787728229	6.70160896022124	6.65824228849862	6.71477957466235	6.81077545829778	6.66112256367871	6.84578904393387	6.79557899802678
ENSG00000112715.26	9.63058779213852	8.66588804912225	9.37856813713084	8.21038579268428	9.33935910547564	9.05618081494	9.41260673340154	8.35356482740709
ENSG00000231881.2	6.73447480136818	6.70160896022124	6.59420680516964	6.7945679420554	6.81077545829778	6.75267309804514	6.81581663390162	6.59898859408845
ENSG00000183239.5	7.64103263573616	7.6948027216387	7.17436718409092	7.31266433276248	6.9411167951386	7.04287267906183	7.34896630445935	7.22805870833429
ENSG00000287562.1	6.85599478395576	6.96172395444198	6.90214012777943	6.71477957466235	6.96319099458342	6.66112256367871	6.99168415881239	6.8604197866415
ENSG00000180992.7	7.76320630521015	7.6948027216387	7.56957062449411	7.5386796252309	7.76109202931333	7.48116555352195	7.72247987380231	7.46492723626823
ENSG00000137216.19	8.36306316271789	8.46578605826483	8.28815366201231	8.23823798313709	8.54368746844172	8.209750543373	8.40759170327775	8.27009043701389
ENSG00000112759.19	8.06881871494655	7.78018883244619	8.13933002562177	8.17609705756851	8.1760796851549	8.02023627863695	8.18652459116081	8.0583185940852
ENSG00000096384.20	11.3018856754273	11.0580684567354	11.3758952275413	11.0911006520418	11.3617832662046	10.9451799999285	11.3564965013679	10.9643906686493
ENSG00000157593.20	9.06040947524272	9.10325995546283	8.90102001028955	8.88834483909524	9.06193402679269	9.01259052818983	8.86238512377473	8.95598867846386
ENSG00000146232.17	7.11066214356251	7.17416839145007	6.84787938213258	6.94044784003456	7.07919306364178	7.00173781955444	7.1706605785019	7.14651045137942
ENSG00000146221.10	6.58710938520095	6.59090765639085	6.74861155170608	6.66435240536893	6.65419024516067	6.43935831587626	6.65711701827342	6.82938173877161
ENSG00000124608.5	8.09583497938652	7.71086387004231	7.94270691255159	7.5386796252309	7.88351651281543	7.77718778579345	7.71430726161147	7.53110350692585
ENSG00000096401.8	8.46600015661636	8.60752897412855	8.46952280241131	8.5313885222794	8.37104195183015	8.43901958832003	8.38487874131559	8.50553757270671
ENSG00000196284.18	7.07843383662775	7.11132852487279	7.07301585918763	7.14453248643456	7.16101486394347	7.15141483343935	7.08778312657617	7.11087928794033
ENSG00000124813.23	7.15611003539891	7.25875213933517	7.14232897471387	7.35264675280945	7.21987687823564	7.40166807788686	7.05126089458285	7.16361990109882
ENSG00000001561.7	7.19863772985699	7.04145533499291	7.38958189154179	7.46211847900853	6.70235148984962	6.85322918326179	7.29847011027295	7.39336951568624
ENSG00000112796.10	7.07843383662775	6.86663834971125	6.92694345216041	6.88799280253678	6.70235148984962	6.78948382610015	7.25830639574145	6.96613105083845
ENSG00000229349.2	7.72657547304852	7.88650986148881	7.86642973277182	8.36876985253002	7.73010550684785	8.4969066297634	7.84522578755965	8.18633398517082
ENSG00000172348.16	8.06881871494655	7.02259645964244	8.53292222405515	7.91058512894345	7.02423010627822	6.97993461237282	8.94265015132868	7.86210577694485
ENSG00000146233.8	7.14131259564342	7.27193565334964	7.21976318525012	7.37823908357656	6.81077545829778	6.95716985536871	7.39648013019841	7.5416801600786
ENSG00000153291.16	7.76320630521015	7.89324122508137	7.86642973277182	7.77080064623082	7.63105131876296	7.64944708244119	8.18113013739764	8.29149145789155
ENSG00000180113.16	7.02655928775741	7.07741058769147	7.05438194769747	7.05155119182893	6.65419024516067	6.43935831587626	6.92445549075663	6.94186705247055
ENSG00000230062.7	6.85599478395576	6.7776134688375	6.97297967273664	6.71477957466235	6.70235148984962	6.75267309804514	6.81581663390162	6.66499475927517
ENSG00000069122.19	6.43935831587626	6.43935831587626	6.43935831587626	6.43935831587626	6.8403514729454	6.93331040795514	6.59340998201429	6.43935831587626
ENSG00000146072.6	8.9634906351783	8.96499890783212	8.82720505709951	8.84776404150134	9.12461968274764	8.78830684969048	9.19380642152135	9.24247043675733
ENSG00000198087.7	8.07427195590532	8.15039873956335	8.00147196549371	8.02155059601731	8.01806780031752	8.10091963863362	7.98137616765061	8.0190288400822
ENSG00000216616.1	6.64821876902176	6.65358313805485	6.59420680516964	6.71477957466235	6.59133753825452	6.43935831587626	6.65711701827342	6.59898859408845
ENSG00000244694.8	8.05230461342198	7.71880047709661	7.52026877270809	7.03108379795622	7.62233362512269	7.2868549344026	7.34896630445935	7.32867691594172
ENSG00000226068.1	8.60461053197588	8.76880480687725	8.6845849202979	8.48699869984722	8.7237351066478	8.93668950070884	8.44747641996916	8.56674560274121
ENSG00000216835.3	8.71691680531626	8.52276988642278	8.81394331231637	8.33866927927742	8.69246088758504	8.39734535636073	8.78378919255668	8.61700665595817
ENSG00000218337.1	6.64821876902176	6.74204092910778	6.74861155170608	6.59853369009248	6.81077545829778	6.75267309804514	6.65711701827342	6.59898859408845
ENSG00000217631.1	6.90477164752875	6.83922341908603	6.95050159174117	7.05155119182893	6.70235148984962	6.8227146949241	6.84578904393387	7.07309757459527
ENSG00000146085.8	8.43800928521903	8.44902848881835	8.36103876195763	8.47337720394141	8.22272429120706	8.41138954076212	8.50714295675832	8.68115356262904
ENSG00000031691.7	6.82925412814796	7.02259645964244	6.90214012777943	7.05155119182893	7.17621052194296	7.1345826213474	7.06980315318122	7.09228017073694
ENSG00000170950.6	8.06881871494655	8.15039873956335	8.42544314365684	8.26546971698801	8.05960714307928	8.86289421935975	8.06182383839055	8.08379413736791
ENSG00000060303.5	8.69719653618925	8.7917137068857	8.40281667202497	8.5313885222794	8.29671051794645	8.44356676733521	8.57606508396364	8.50105247569651
ENSG00000216913.2	6.85599478395576	6.91664027450674	7.01519640410775	6.71477957466235	6.9411167951386	7.04287267906183	6.97026181459213	6.8604197866415
ENSG00000230204.1	12.2656035931784	12.3099760148508	12.0940632192393	12.37809685029	12.3039193649955	12.2904909708526	12.0628048143802	12.2135815325304
ENSG00000214641.3	8.05230461342198	8.14501891523541	8.16728269276431	7.91058512894345	8.01200987085907	8.03301906744208	8.08549559786007	7.92174355293815
ENSG00000218363.1	7.06165156972064	7.02259645964244	6.99450908177647	6.94044784003456	7.299997787177	7.04287267906183	7.05126089458285	7.09228017073694
ENSG00000112118.20	8.09048117988158	8.03786305649687	8.00781816815883	7.89591075074674	7.86981357676268	7.84693753072067	8.01298582220099	7.93616498434839
ENSG00000170915.9	7.49196898311379	7.39275063909722	7.26243529216601	7.17823401500456	7.26101773105511	7.37752396094456	7.27193337104649	7.35517524719191
ENSG00000096093.16	8.0467474954807	8.07276881804544	8.05128937389968	8.14675831722519	8.25285582771938	8.17079426181621	8.23918851566049	8.27009043701389
ENSG00000065308.5	10.9671422014266	11.1686915890044	10.8174679639866	11.1243363729296	10.9653554050519	11.1040263076549	10.9565720904325	11.0603660214028
ENSG00000225791.7	7.43297652662458	7.62785634402111	7.38958189154179	7.60938623084126	7.48093586964645	7.45918294560031	7.36110563055957	7.53110350692585
ENSG00000270382.1	7.2889351845708	7.54659591578931	7.55016197307786	7.78726249992622	7.54959328369672	7.56411203989563	7.68938864382459	7.61256061542771
ENSG00000291006.1	7.57380559050133	7.5275460819255	7.63454750251705	7.35264675280945	7.9686825551829	7.36518253504343	7.36110563055957	7.11087928794033
ENSG00000096092.6	7.92336551398965	8.04961495432886	7.69548126923447	7.86596265754316	7.50108663116043	7.70247920319046	7.59228848521555	7.88484987668438
ENSG00000170899.11	7.91088070518703	7.72667604685279	7.99509041810467	7.63816271278865	7.96235606711256	7.47024249410971	8.13708012008034	7.6876865873111
ENSG00000112144.16	8.11701065449538	8.15039873956335	8.07541853659001	8.1348184920743	8.14394970306031	7.97434187159909	8.10294154859053	8.32807577091589
ENSG00000112146.17	8.54276303985562	8.77867110421822	8.68090749028939	8.89499107023548	8.65682054835067	8.69442253735363	8.62260474882839	8.83260712439258
ENSG00000218713.1	6.64821876902176	6.65358313805485	6.59420680516964	6.59853369009248	6.43935831587626	6.59624643103017	6.65711701827342	6.75813289054065
ENSG00000219163.2	7.72657547304852	7.75759056734335	7.76880258900063	7.54911127969051	7.74571447980836	7.66743849015953	7.68094420379084	7.63188578005326
ENSG00000012660.14	9.06040947524272	9.11864450174016	9.3268703527098	9.73670221078314	9.10921469566216	9.43626533224003	9.15330002414198	9.5098835782793
ENSG00000219863.5	9.8579540268811	9.83746050806474	9.05719697086873	9.37155645432899	8.82615261283952	9.0788729362733	9.24522953071153	9.07493316704066
ENSG00000218261.1	6.92727869079218	6.8923522352928	6.81775463736341	6.82827584508646	6.74289715357801	6.8227146949241	6.81581663390162	6.82938173877161
ENSG00000271338.1	6.58710938520095	6.70160896022124	6.78494942059072	6.66435240536893	6.59133753825452	6.71082973304335	6.65711701827342	6.66499475927517
ENSG00000001084.13	7.96000526529684	7.78761490845097	7.8877598470217	8.30782544105283	8.16012227349574	7.93347225594863	8.1201335774936	8.24280502154398
ENSG00000137269.15	7.02655928775741	7.05970936267722	6.99450908177647	7.19447479440408	7.04314031960162	7.1345826213474	7.230272921022	7.22805870833429
ENSG00000218143.2	6.76916552526763	6.65358313805485	6.65824228849862	6.66435240536893	6.59133753825452	6.66112256367871	6.43935831587626	6.43935831587626
ENSG00000213335.4	7.80553511202083	7.66189258761927	7.79213787144315	7.68433149028365	7.94959585241535	7.65848352294689	7.76239860022902	7.61256061542771
ENSG00000220773.1	9.20203478344762	9.28874394021414	8.42544314365684	8.55302376670462	8.38895546963466	8.47495117146633	8.6034144601585	8.68115356262904
ENSG00000220635.2	6.92727869079218	6.8923522352928	6.97297967273664	6.88799280253678	6.81077545829778	6.8227146949241	6.89977654313986	6.94186705247055
ENSG00000124749.18	7.27669232675171	7.15901313005303	7.05438194769747	7.36554313971766	6.9843346155731	6.85322918326179	7.13877762248489	7.05327662428992
ENSG00000227602.1	7.27669232675171	7.54659591578931	7.40126016169906	8.0015528396266	7.38403630536324	7.32698938300757	7.1706605785019	7.84667536170827
ENSG00000220666.2	7.56506047187438	7.61038434521122	7.56957062449411	7.77080064623082	7.66516905996988	7.36518253504343	7.73058789344141	7.6876865873111
ENSG00000151914.22	12.0017584923597	11.6124323097092	11.7943961436721	11.3168832899291	11.9691100120687	11.5558039868605	11.8719456012126	11.7480743053214
ENSG00000216854.2	9.90710166673224	9.78937204541588	9.55845316482857	9.44904274969784	9.57238480763774	9.66072710946774	9.58861535444247	9.41493628822727
ENSG00000151917.18	7.74870880572759	7.51787147673622	7.7609075524307	7.5897156223468	7.66516905996988	7.36518253504343	7.74661514479561	7.50957824954678
ENSG00000219790.3	7.14131259564342	7.05970936267722	7.07301585918763	7.22586302421196	7.11320248327584	7.1995052785116	7.1706605785019	7.30126033386385
ENSG00000218980.2	6.80048767211086	6.7776134688375	6.74861155170608	6.9149699960699	6.59133753825452	6.43935831587626	6.65711701827342	6.75813289054065
ENSG00000276576.1	7.31284912597803	7.28489170224431	7.20495732381457	7.17823401500456	7.20562298294026	7.2588783846982	7.154911022967	7.18030257494647
ENSG00000168116.14	7.40190410202062	7.39275063909722	7.45736078985131	7.29887197002558	7.48093586964645	7.44798233521901	7.37306654578911	7.4298931698597
ENSG00000112200.17	8.2556038630699	8.15039873956335	8.25775611217378	8.27619562301593	8.24788516076232	8.13053369195952	8.32863345968827	8.20923824473665
ENSG00000226803.9	6.82925412814796	6.59090765639085	6.74861155170608	6.7945679420554	6.74289715357801	6.8227146949241	6.81581663390162	6.66499475927517
ENSG00000112208.11	8.80831078260498	8.75219687901006	9.01190858936636	8.7772783144962	8.73399792352559	8.78131551747262	8.75652949830326	8.38348280658137
ENSG00000112210.12	8.62575688525317	8.61867106913898	9.11177776114854	8.8816657026387	8.86378439842377	9.04469205935693	8.87189385083316	8.65746383218361
ENSG00000146143.19	7.8725586470527	7.59259093712928	7.99509041810467	7.6752671697904	7.7686966415592	7.64944708244119	7.75453677176359	7.5416801600786
ENSG00000272316.1	6.98910180233029	7.15901313005303	7.21976318525012	7.14453248643456	7.06144390694469	7.00173781955444	7.230272921022	7.25820899452454
ENSG00000239650.4	6.58710938520095	6.43935831587626	6.81775463736341	6.66435240536893	6.59133753825452	6.71082973304335	6.78317777422319	6.75813289054065
ENSG00000290555.1	7.42274436180699	7.11132852487279	7.23426748932137	7.05155119182893	7.37255303911769	7.18384980236706	7.230272921022	7.03275316416137
ENSG00000225096.3	6.6950477566315	6.43935831587626	6.65824228849862	6.43935831587626	6.74289715357801	6.71082973304335	6.59340998201429	6.59898859408845
ENSG00000214563.2	6.76916552526763	6.74204092910778	6.70730724183813	6.75722721090719	6.59133753825452	6.8227146949241	6.81581663390162	6.82938173877161
ENSG00000214561.3	7.04437464747588	7.02259645964244	7.05438194769747	6.98773058354613	7.07919306364178	6.95716985536871	7.08778312657617	6.88926596466494
ENSG00000277172.1	7.22560372627965	7.18899186515845	7.14232897471387	7.05155119182893	7.07919306364178	7.1995052785116	7.12223304218743	7.25820899452454
ENSG00000276290.1	7.04437464747588	6.96172395444198	7.07301585918763	7.10899739952712	6.9843346155731	7.04287267906183	7.03210343032744	7.01145139339895
ENSG00000198225.5	9.8622340580696	9.89719238066327	9.85957641834856	9.9384481255705	9.88039884803749	10.0459181613269	9.9786876131075	9.88610280745819
ENSG00000219940.2	6.92727869079218	6.93971032520683	6.95050159174117	6.9149699960699	6.9843346155731	6.8227146949241	6.8736476562819	6.94186705247055
ENSG00000225121.2	6.64821876902176	6.65358313805485	6.65824228849862	6.85922707273188	7.00465224079014	6.8227146949241	6.89977654313986	6.75813289054065
ENSG00000112245.13	6.64821876902176	6.59090765639085	6.65824228849862	6.59853369009248	6.65419024516067	6.59624643103017	6.59340998201429	6.66499475927517
ENSG00000213312.3	10.6472255713145	10.6584472461453	10.6061885935413	10.3876553285647	10.7756640364343	10.514539056875	10.5215091724341	10.404023333209
ENSG00000266680.1	6.64821876902176	6.7776134688375	6.90214012777943	6.75722721090719	6.86784265543588	6.71082973304335	6.81581663390162	6.66499475927517
ENSG00000213309.3	10.7828100631507	10.8289535686963	10.7049126220514	10.4955599328517	10.3479972098193	10.3825631366847	10.4464101181282	10.4187298903427
ENSG00000118482.12	8.96077301448049	8.87047230103553	9.14612591192694	9.11487225981382	9.19431389367174	9.0788729362733	9.19380642152135	9.20843273303617
ENSG00000214558.5	9.69776793274709	9.64321445586257	9.67746472399562	9.71117633274364	9.66026764585512	9.6250852852994	9.68663056204556	9.67676687351435
ENSG00000220483.4	7.23871374446255	7.14350454528051	7.05438194769747	7.19447479440408	7.07919306364178	7.09953127654411	7.1706605785019	7.05327662428992
ENSG00000233859.2	10.1063821144789	10.4649017265937	10.2044919746675	10.6933776003227	10.3458520312039	10.5125041172698	10.2411469010559	10.4254668926607
ENSG00000218890.1	7.07843383662775	7.04145533499291	7.17436718409092	7.22586302421196	7.12953635870483	7.15141483343935	7.03210343032744	7.09228017073694
ENSG00000270509.1	6.6950477566315	6.59090765639085	6.74861155170608	6.71477957466235	6.81077545829778	6.71082973304335	6.78317777422319	6.59898859408845
ENSG00000168216.13	8.4010915328813	8.23836141857293	8.52879131532269	8.5270177025596	8.44548142467976	8.5099020212802	8.46049833130942	8.47838909953637
ENSG00000082269.17	7.46296681662396	7.40389744949579	7.23426748932137	7.39074271028615	7.5775261695505	7.44798233521901	7.45232310044787	7.55213766364878
ENSG00000154079.6	7.27669232675171	7.14350454528051	7.32856396165289	7.19447479440408	7.16101486394347	7.21481668735571	7.13877762248489	7.18030257494647
ENSG00000232389.1	8.4817239025678	8.60752897412855	8.19998993022217	8.39816621703521	8.37104195183015	8.23146200058938	8.28472048694752	8.25379208268711
ENSG00000112305.15	7.46296681662396	7.33463785012026	7.44642870137219	7.35264675280945	7.44982701895604	7.37752396094456	7.52497322330101	7.44172872617975
ENSG00000217767.2	6.64821876902176	6.83922341908603	6.87587918695416	6.71477957466235	6.43935831587626	6.71082973304335	6.65711701827342	6.59898859408845
ENSG00000218350.1	7.32453580139174	7.40389744949579	7.42414244258766	7.39074271028615	7.37255303911769	7.44798233521901	7.37306654578911	7.41789235457719
ENSG00000233237.9	7.18475458628006	7.33463785012026	7.18983193912691	7.29887197002558	7.20562298294026	7.40166807788686	7.1706605785019	7.41789235457719
ENSG00000119900.9	8.15318303719619	8.21314624784568	8.00147196549371	8.30782544105283	8.11649858103912	8.5270277620234	8.29953154526268	8.52773177805703
ENSG00000219575.1	7.81242842702839	7.61915959597515	7.73685703636698	7.62866455534041	7.69815726479008	7.61244741220389	7.7932695457284	7.62227113346484
ENSG00000079841.20	6.64821876902176	6.7776134688375	6.99450908177647	7.16159600164277	6.70235148984962	7.00173781955444	6.65711701827342	6.8604197866415
ENSG00000185760.18	6.85599478395576	6.7776134688375	7.09108446280084	6.7945679420554	6.70235148984962	6.66112256367871	7.06980315318122	6.75813289054065
ENSG00000232422.1	7.00815477285245	7.00307188601783	7.01519640410775	7.05155119182893	7.07919306364178	7.11729994506885	7.05126089458285	7.09228017073694
ENSG00000220515.2	9.35928672640187	9.35692917601332	9.41987493209724	9.05726227168416	9.23732735513098	9.57283215306528	9.06852386687657	9.18436732681326
ENSG00000135314.14	6.90477164752875	6.96172395444198	6.99450908177647	6.82827584508646	6.89362786770973	7.00173781955444	7.03210343032744	6.96613105083845
ENSG00000229852.4	7.64103263573616	7.47810826308903	7.73685703636698	7.5386796252309	7.84893143532124	7.78516739639465	7.77794725101851	7.4298931698597
ENSG00000239626.1	6.73447480136818	6.74204092910778	6.59420680516964	6.59853369009248	6.65419024516067	6.66112256367871	6.43935831587626	6.66499475927517
ENSG00000226840.1	7.44308858615331	7.28489170224431	7.30279019145036	7.24105354332556	7.53049652038317	7.44798233521901	7.36110563055957	7.27283391984739
ENSG00000235174.1	10.7193568868857	10.9118523475597	10.7602083727472	10.8474146792634	10.7005706832579	10.8052743985378	10.4433226619678	10.4782510418892
ENSG00000224221.1	6.43935831587626	6.70160896022124	6.74861155170608	6.7945679420554	6.91798309639808	6.85322918326179	6.99168415881239	6.79557899802678
ENSG00000080007.8	7.00815477285245	6.7776134688375	6.65824228849862	6.59853369009248	6.74289715357801	6.43935831587626	6.78317777422319	6.59898859408845
ENSG00000164430.17	6.96933030555932	6.96172395444198	7.01519640410775	6.9149699960699	6.89362786770973	7.09953127654411	6.81581663390162	7.03275316416137
ENSG00000135297.17	7.94183480894215	7.75759056734335	7.69548126923447	7.71979742653821	7.63969203824786	7.64032726805419	7.74661514479561	7.65083684186193
ENSG00000156508.19	15.7343264673628	15.6826517726268	15.7230572153211	15.5164342389279	15.5311007607229	15.1610745660315	15.7219916841869	15.4826367175829
ENSG00000119899.13	8.45008065961742	8.55034382186662	8.79041437575815	9.32145338498022	8.67832015942962	9.17920375389036	8.64151781731655	9.13214012688289
ENSG00000218459.1	10.6805357557408	10.7698458855303	10.2973645558723	10.1865996277123	10.0979763752761	10.1480326156494	10.2232338367548	10.1563297314555
ENSG00000231652.2	6.43935831587626	6.80972966199624	6.90214012777943	6.43935831587626	6.70235148984962	6.78948382610015	6.59340998201429	6.59898859408845
ENSG00000156535.15	9.87781789393124	9.86015585608604	9.49087647027181	9.65869676102305	10.0042979882094	10.0724875940972	10.0194731247117	10.1193398431473
ENSG00000218483.1	6.80048767211086	6.80972966199624	6.84787938213258	7.0098403901942	6.89362786770973	6.85322918326179	6.74702469803714	6.98928066440998
ENSG00000111799.22	13.1286305421373	12.8536334152497	13.4011136121315	13.0466835700591	13.3974036355452	13.1415185821902	13.0763405739999	12.9911576315257
ENSG00000112695.13	8.26027268036341	8.38857465552383	8.03285858670101	8.24373295010106	7.56830694149834	7.83940786280983	8.02538988119482	8.0190288400822
ENSG00000112697.17	10.7472238636706	10.56722697849	10.2834636494448	10.4633831668727	10.2284532710681	10.2482278073985	10.6421303642595	10.5833444475247
ENSG00000225793.5	6.73447480136818	6.59090765639085	6.74861155170608	6.66435240536893	6.89362786770973	6.59624643103017	6.7059310337478	6.71556510257389
ENSG00000118407.15	7.04437464747588	7.11132852487279	7.12570350423684	6.98773058354613	6.9843346155731	6.71082973304335	7.12223304218743	6.88926596466494
ENSG00000203489.3	7.891886128349	7.73449173685559	7.87358598792138	7.63816271278865	8.01200987085907	7.86921823426047	7.77794725101851	7.6876865873111
ENSG00000217680.1	7.2889351845708	7.21771925882314	7.31578320203042	7.41520286082544	7.46031916101711	7.40166807788686	7.37306654578911	7.46492723626823
ENSG00000112701.18	8.83842962999589	8.78520833093712	8.83706599533432	9.01847202186517	8.97930774751476	8.87275166729762	8.94265015132868	8.93349391693145
ENSG00000252498.1	6.58710938520095	6.43935831587626	6.59420680516964	6.59853369009248	6.74289715357801	6.43935831587626	6.65711701827342	6.66499475927517
ENSG00000196586.17	8.71691680531626	8.66945082075565	8.55743448801385	8.98786438685822	9.04038476113172	8.79526177679002	8.95458664316024	9.06907901191624
ENSG00000112706.12	6.6950477566315	6.59090765639085	6.43935831587626	6.7945679420554	6.65419024516067	6.66112256367871	6.7059310337478	6.75813289054065
ENSG00000231762.1	6.76916552526763	6.70160896022124	6.65824228849862	6.71477957466235	6.70235148984962	6.66112256367871	6.7059310337478	6.94186705247055
ENSG00000135312.7	6.43935831587626	6.59090765639085	6.43935831587626	6.59853369009248	6.65419024516067	6.8227146949241	6.43935831587626	6.66499475927517
ENSG00000219253.1	7.22560372627965	7.33463785012026	7.20495732381457	6.96464476970857	7.16101486394347	7.06236787266546	7.08778312657617	7.14651045137942
ENSG00000146243.14	7.25159134826769	7.12761863691294	7.24848656199303	7.27052005651109	7.12953635870483	7.2444858616082	7.24442409608208	7.09228017073694
ENSG00000146247.15	9.0009776449954	8.75219687901006	9.00034768204237	8.70285893528079	9.00183553431212	8.81249245413709	9.16098618673708	8.84304278251533
ENSG00000118418.16	8.03555285264975	7.89993177286897	8.24227075024647	8.0281400779575	8.01806780031752	7.65848352294689	8.07962232608934	7.92174355293815
ENSG00000270362.2	6.76916552526763	6.74204092910778	6.81775463736341	6.75722721090719	6.65419024516067	6.66112256367871	6.74702469803714	6.66499475927517
ENSG00000217786.1	6.6950477566315	6.59090765639085	6.59420680516964	6.66435240536893	6.59133753825452	6.85322918326179	6.81581663390162	6.71556510257389
ENSG00000218748.1	7.71909075774064	7.67848254651082	7.71223310073222	7.73707908320655	7.84188057790797	7.89823722768494	7.59228848521555	7.70561692124889
ENSG00000135338.14	7.48240614695841	7.34659801429848	7.49978479649954	7.46211847900853	7.53049652038317	7.40166807788686	7.53489200646806	7.58282854979468
ENSG00000287811.3	6.6950477566315	6.74204092910778	6.70730724183813	6.43935831587626	6.59133753825452	6.66112256367871	6.74702469803714	6.59898859408845
ENSG00000198478.8	7.42274436180699	7.33463785012026	7.34114158796624	7.39074271028615	7.33710086212212	7.2868549344026	7.46307138551635	7.19658682376258
ENSG00000118402.6	7.11066214356251	7.04145533499291	7.09108446280084	7.17823401500456	7.19107340526396	7.02268748670147	7.230272921022	7.18030257494647
ENSG00000218582.2	11.3500640765646	11.1572162911386	11.7286584070524	11.1447253409795	11.5920460920252	11.6987473334866	11.2053491689773	10.9222310229677
ENSG00000112742.10	6.73447480136818	6.86663834971125	6.81775463736341	6.66435240536893	6.65419024516067	6.66112256367871	6.78317777422319	6.43935831587626
ENSG00000218418.2	9.96656665198434	10.121297635035	9.91642809954171	10.1839643173291	10.2237843906239	10.0958472015111	10.0263884080352	10.2120279429995
ENSG00000083123.15	7.7413835475084	7.5744605664324	7.70389168969008	7.85834589071616	7.53049652038317	7.76914719723914	7.77020173600278	7.63188578005326
ENSG00000219547.1	9.45567810503853	9.52841063069369	9.67746472399562	9.48407223095659	9.836573140401	9.67913014643259	9.5848507964447	9.48837040488093
ENSG00000233967.7	6.6950477566315	6.65358313805485	6.78494942059072	6.85922707273188	6.77856944871386	6.78948382610015	6.74702469803714	6.8604197866415
ENSG00000216352.1	7.04437464747588	7.00307188601783	6.95050159174117	6.94044784003456	6.96319099458342	6.90818894211843	6.89977654313986	6.91631837934757
ENSG00000112773.16	8.24148982235104	7.65349286842667	8.21601784149852	7.56963165650772	8.31571304455388	7.65848352294689	8.06778679986642	7.58282854979468
ENSG00000005700.15	8.43800928521903	8.44056642674027	8.67352172795479	8.72562594922534	8.58249921549205	8.69442253735363	8.6858284961383	8.73483123264719
ENSG00000146242.9	9.20203478344762	8.84264866372619	8.97397106060727	8.54008606864482	8.93603444657976	8.79526177679002	9.13779777675491	8.84995511025697
ENSG00000118420.17	6.98910180233029	6.80972966199624	7.05438194769747	6.75722721090719	7.00465224079014	6.8227146949241	6.78317777422319	6.8604197866415
ENSG00000083097.15	7.88548131796998	7.60152876040716	7.94270691255159	7.52812918500009	8.05376316603888	7.74464773284164	7.92889614143034	7.72323672758876
ENSG00000013375.17	8.73634786079226	8.34354941543457	8.6845849202979	8.4363274318637	8.81977678687804	8.68314914137165	8.80054799736095	8.51000709425389
ENSG00000013392.8	7.52006402892478	7.34659801429848	7.53034106345312	7.4957285283425	7.51099567843774	7.54406502806642	7.59228848521555	7.46492723626823
ENSG00000065833.9	8.24148982235104	8.00795014781586	8.28313915851567	8.04768631012802	8.56711342913726	8.01379136526679	8.10870001215132	7.8151377702856
ENSG00000219951.4	10.3219840594392	9.98782397248505	10.3845677812369	9.93688015821425	10.3066780146554	10.3187228527387	9.95857126199575	9.81741900142041
ENSG00000146250.7	7.66509522035338	6.96172395444198	8.23183726740843	7.31266433276248	8.05960714307928	7.1345826213474	7.88086502223893	7.07309757459527
ENSG00000065615.14	7.76320630521015	7.62785634402111	7.54030446467574	7.65688835387656	7.67351829167121	7.62182953188988	7.45232310044787	7.46492723626823
ENSG00000135315.12	7.66509522035338	7.5744605664324	7.72871444430303	7.46211847900853	7.71425625019853	7.54406502806642	7.61973865045292	7.5928419639991
ENSG00000112837.17	9.93579343682363	8.66945082075565	9.84222550591362	8.45498674576109	10.1345349008096	9.07040740090294	10.1378078641298	8.41270689566658
ENSG00000228290.7	6.64821876902176	6.7776134688375	6.59420680516964	6.66435240536893	6.70235148984962	6.66112256367871	6.59340998201429	6.43935831587626
ENSG00000217060.1	8.07427195590532	8.10108220150691	8.08137386557052	8.19906382635027	8.14394970306031	8.1479543955451	7.98776841473523	8.09632745681447
ENSG00000216439.1	6.64821876902176	6.70160896022124	6.70730724183813	6.71477957466235	6.70235148984962	6.88159019691735	6.81581663390162	6.75813289054065
ENSG00000214460.3	10.1442653834786	10.1788296069244	10.1884084117051	10.2758979703935	9.89961363457471	9.91284496165296	10.1275640761729	10.1221129935925
ENSG00000135318.12	10.1788894490657	9.74774040245459	10.1038325732848	9.2745120950412	10.060454981144	9.29935746648223	10.7926807695129	9.98708323341889
ENSG00000135317.14	7.52006402892478	7.48821493471538	7.57912711229258	7.57972670055716	7.5775261695505	7.69383250369366	7.56402775263437	7.63188578005326
ENSG00000135316.20	8.56126099488526	8.82377421256747	8.51213420647729	8.73686449599886	8.46238024213557	8.6331512982497	8.54408775942225	8.59211831465108
ENSG00000203875.13	7.91714061190472	8.08417612886211	8.34201541621616	8.12275781326579	7.93018004533719	7.7930871569908	7.97494782196698	7.8151377702856
ENSG00000198738.4	6.94875647993495	6.96172395444198	6.81775463736341	6.96464476970857	6.8403514729454	6.95716985536871	6.97026181459213	7.01145139339895
ENSG00000218766.1	7.31284912597803	7.15901313005303	7.108633685461	7.33954120017837	7.26101773105511	7.2868549344026	7.27193337104649	7.40572002503538
ENSG00000217272.1	7.17058439460064	7.29763067505793	7.40126016169906	7.21034358070588	7.38403630536324	7.37752396094456	7.31140188978322	7.4298931698597
ENSG00000220831.4	7.14131259564342	7.29763067505793	7.15854104139589	7.42717312377348	7.12953635870483	7.16782794342023	7.154911022967	6.98928066440998
ENSG00000219190.1	6.6950477566315	6.74204092910778	6.43935831587626	6.71477957466235	6.59133753825452	6.43935831587626	6.43935831587626	6.59898859408845
ENSG00000217769.4	8.65000379607945	8.49865698917663	8.61676549708676	8.47337720394141	8.85135720204444	8.49254548200238	8.5681442864329	8.52332338582029
ENSG00000215477.2	9.52610967644012	9.37187425193564	9.51510045897081	9.36686163758466	9.60168884438542	9.73996415667416	9.60914225447188	9.39885078719884
ENSG00000272008.1	6.6950477566315	6.65358313805485	6.84787938213258	6.71477957466235	6.70235148984962	6.93331040795514	6.74702469803714	6.91631837934757
ENSG00000188994.14	8.60815875893794	8.48232685578834	8.63595820177263	8.5487255424393	8.681869571358	8.68691764484034	8.71456307157741	8.51446115903186
ENSG00000111850.11	7.14131259564342	7.21771925882314	7.23426748932137	7.21034358070588	7.16101486394347	7.16782794342023	7.31140188978322	7.11087928794033
ENSG00000203872.7	6.58710938520095	6.74204092910778	6.65824228849862	6.59853369009248	6.74289715357801	6.8227146949241	6.7059310337478	6.75813289054065
ENSG00000213204.8	6.6950477566315	6.59090765639085	6.59420680516964	6.59853369009248	6.65419024516067	6.66112256367871	6.81581663390162	6.59898859408845
ENSG00000216324.1	6.58710938520095	6.65358313805485	6.59420680516964	6.66435240536893	6.65419024516067	6.78948382610015	6.65711701827342	6.66499475927517
ENSG00000218698.1	6.85599478395576	6.86663834971125	6.74861155170608	6.82827584508646	6.74289715357801	6.71082973304335	6.65711701827342	6.66499475927517
ENSG00000164414.19	7.31284912597803	7.24532990394283	7.38958189154179	7.40306160487349	7.20562298294026	7.16782794342023	7.45232310044787	7.48753095159613
ENSG00000146282.19	8.47388616513824	8.4277669130743	8.54114465266683	8.61993070768542	8.60524239336569	8.61340270592681	8.46910642995349	8.50553757270671
ENSG00000135336.16	7.97195849280366	8.05544664853285	8.26287477355428	8.2600715011474	8.21762924586895	8.25279400122615	8.16480032327658	8.21489734142359
ENSG00000135334.9	8.17836673051647	8.21314624784568	8.28815366201231	8.31301946053282	8.25285582771938	8.11285420629708	8.19189505300651	8.1391765171313
ENSG00000220267.1	9.38950741970186	9.88544557533419	9.66132411208908	10.2534635038152	9.24202509700834	10.5625301628584	9.41686273744551	10.0276223150331
ENSG00000111880.16	7.60800394643117	7.42575936841455	7.57912711229258	7.78726249992622	7.50108663116043	7.84693753072067	7.61067500802485	7.6876865873111
ENSG00000220130.1	7.2889351845708	7.25875213933517	7.12570350423684	7.27052005651109	7.04314031960162	6.97993461237282	7.1706605785019	7.01145139339895
ENSG00000220960.1	6.80048767211086	6.7776134688375	6.84787938213258	6.85922707273188	6.8403514729454	6.71082973304335	6.65711701827342	6.8604197866415
ENSG00000146278.11	9.08794538209622	9.38455801195568	8.9945302295006	9.46666705277001	9.02674185573394	9.05331766208361	8.98106609959385	9.54987133010934
ENSG00000154548.9	6.76916552526763	6.70160896022124	6.70730724183813	6.59853369009248	6.65419024516067	6.59624643103017	6.84578904393387	6.66499475927517
ENSG00000146281.6	7.71155094230012	7.9197643734435	7.71223310073222	8.09205822006813	7.82044737567963	7.89105390319849	7.89480219740134	8.09632745681447
ENSG00000111886.11	6.73447480136818	6.7776134688375	6.65824228849862	6.75722721090719	6.59133753825452	6.59624643103017	6.43935831587626	6.71556510257389
ENSG00000220418.1	7.5824706789755	7.36999908323021	7.24848656199303	7.14453248643456	7.44982701895604	7.43663582560659	7.24442409608208	7.11087928794033
ENSG00000198833.7	8.65343137132532	8.7917137068857	8.66609434350534	8.93419624624191	8.53578373717694	8.86289421935975	8.71100519766251	8.94318026433659
ENSG00000025039.15	6.6950477566315	6.70160896022124	6.59420680516964	6.59853369009248	6.59133753825452	6.71082973304335	6.59340998201429	6.59898859408845
ENSG00000218965.1	7.36963937325821	7.42575936841455	7.40126016169906	7.29887197002558	7.38403630536324	7.48116555352195	7.36110563055957	7.47630094354234
ENSG00000135299.18	7.09475955628197	7.09460393922451	7.30279019145036	7.25593362173179	6.9411167951386	6.8227146949241	7.24442409608208	7.34203568759579
ENSG00000083099.11	7.98378711673182	7.71880047709661	8.00147196549371	7.99480871648771	7.96235606711256	7.86184186426594	8.04374976897021	7.97142893434587
ENSG00000112159.13	8.82043965366646	8.72859176666385	8.6397632474236	8.62400065318027	8.73399792352559	9.00963440792201	8.75996761327798	8.90401196274727
ENSG00000220871.1	6.82925412814796	6.86663834971125	6.81775463736341	6.85922707273188	6.8403514729454	6.85322918326179	6.81581663390162	6.94186705247055
ENSG00000118412.13	7.65713909464603	7.73449173685559	7.77663860782185	7.77906373948945	7.79857686279957	7.86184186426594	7.85962159047878	7.88484987668438
ENSG00000218300.1	8.21759817148985	8.07848633939226	8.03903477387295	7.86596265754316	8.13304510001667	7.83940786280983	7.70606875678137	7.80710639623428
ENSG00000112182.16	7.26424750246052	7.25875213933517	7.26243529216601	7.32621709880648	6.74289715357801	6.90818894211843	7.2158380607488	7.48753095159613
ENSG00000218730.1	7.15611003539891	7.21771925882314	7.20495732381457	7.12701163853944	7.19107340526396	7.02268748670147	7.28531745965193	7.21249796257827
ENSG00000135341.19	8.76811446735688	8.66231561114355	8.86942263413909	8.81298490316745	8.97076270808865	8.86289421935975	8.81380544221633	8.74232503587319
ENSG00000262095.1	7.02655928775741	7.04145533499291	6.90214012777943	6.59853369009248	6.74289715357801	6.71082973304335	6.7059310337478	6.82938173877161
ENSG00000219867.1	8.07427195590532	8.11221983375721	8.33721404321627	8.38355375067428	8.06542199132029	8.28411263040106	8.17571144371727	8.27009043701389
ENSG00000219387.2	6.73447480136818	6.59090765639085	6.65824228849862	6.71477957466235	6.74289715357801	6.78948382610015	6.59340998201429	6.43935831587626
ENSG00000213187.3	7.35859763209898	7.41489871223988	7.30279019145036	7.39074271028615	7.37255303911769	7.21481668735571	7.29847011027295	7.32867691594172
ENSG00000220370.1	6.82925412814796	6.98280971378101	6.65824228849862	6.88799280253678	6.43935831587626	6.59624643103017	6.7059310337478	6.71556510257389
ENSG00000261366.1	6.76916552526763	6.65358313805485	6.78494942059072	6.71477957466235	6.74289715357801	6.75267309804514	6.84578904393387	6.8604197866415
ENSG00000172469.17	7.76320630521015	7.80231252261367	7.80741358384332	8.0281400779575	7.99979733816824	8.00731013991199	8.06778679986642	8.03884015605894
ENSG00000014123.10	8.33705591655575	8.28248000506604	8.34201541621616	8.46421504458824	8.50367605280457	8.25806946596233	8.49458890683893	8.31252853124417
ENSG00000112218.9	6.92727869079218	7.02259645964244	6.87587918695416	7.19447479440408	6.77856944871386	7.18384980236706	6.7059310337478	6.8604197866415
ENSG00000123545.6	7.15611003539891	7.32249514707143	7.26243529216601	7.33954120017837	7.4706875236321	7.32698938300757	7.08778312657617	7.11087928794033
ENSG00000146263.12	7.59956810832586	7.33463785012026	7.57912711229258	7.40306160487349	7.50108663116043	7.2588783846982	7.46307138551635	7.48753095159613
ENSG00000220505.2	7.21224938124028	7.39275063909722	7.17436718409092	7.35264675280945	7.299997787177	7.44798233521901	7.36110563055957	7.74911259867735
ENSG00000187472.4	9.05534290037622	9.07459899592194	8.80391011547124	9.07770234118144	8.68540946004219	8.80906402339697	9.03812771505821	8.81148903031953
ENSG00000112234.9	8.07969993310128	7.98962152577388	8.0573685887661	7.96047627989416	8.00591985185651	8.29437788994059	7.98137616765061	8.10254447821155
ENSG00000271042.1	6.80048767211086	6.7776134688375	6.43935831587626	6.9149699960699	6.77856944871386	6.66112256367871	6.7059310337478	6.79557899802678
ENSG00000232699.3	8.36734572280583	8.17694152925787	8.5452363550276	8.36380300633914	8.66042828616241	8.14217570668182	8.58785659292721	8.28083733152784
ENSG00000146267.12	6.73447480136818	6.59090765639085	6.59420680516964	6.59853369009248	6.70235148984962	6.71082973304335	6.43935831587626	6.59898859408845
ENSG00000132423.12	6.90477164752875	6.93971032520683	6.78494942059072	7.03108379795622	6.89362786770973	6.95716985536871	6.8736476562819	6.88926596466494
ENSG00000132424.17	9.67843451186384	9.61849984168388	9.67568041740057	9.69451979736065	10.0002006637453	9.64956888089242	9.86279836019978	9.75603015156352
ENSG00000228506.4	7.04437464747588	6.96172395444198	7.05438194769747	7.21034358070588	7.04314031960162	7.02268748670147	6.92445549075663	7.07309757459527
ENSG00000123552.18	7.59105759081181	7.53712000475837	7.34114158796624	7.35264675280945	7.5775261695505	7.5235761604705	7.45232310044787	7.44172872617975
ENSG00000279170.3	7.47273975491118	7.64502131481271	7.32856396165289	7.33954120017837	7.53049652038317	7.71955519815198	7.25830639574145	7.34203568759579
ENSG00000112237.13	7.95398093814888	7.92629744092217	7.92241820840479	8.19906382635027	7.93018004533719	7.91951179134216	8.04980569809878	8.0190288400822
ENSG00000213177.3	8.07969993310128	7.92629744092217	8.08137386557052	8.0149232431288	8.38450091547393	8.13636891171056	8.1201335774936	7.86973977394016
ENSG00000112249.14	9.25353004534858	9.06932290294121	9.1382752155034	8.82351366805635	9.3674925340322	9.33252716800741	9.23315820996207	9.08946005029501
ENSG00000220695.1	7.46296681662396	7.36999908323021	7.38958189154179	7.42717312377348	7.49106777286467	7.47024249410971	7.34896630445935	7.46492723626823
ENSG00000260000.3	6.82925412814796	6.70160896022124	6.65824228849862	6.43935831587626	6.65419024516067	6.8227146949241	6.65711701827342	6.59898859408845
ENSG00000270987.1	7.891886128349	7.98344608075603	7.94270691255159	7.93223971071163	7.99979733816824	8.1479543955451	7.66383909367207	7.95040320913262
ENSG00000164418.22	6.43935831587626	6.43935831587626	6.74861155170608	6.85922707273188	7.07919306364178	6.93331040795514	6.94789582579647	6.75813289054065
ENSG00000219757.1	6.76916552526763	6.7776134688375	6.87587918695416	6.75722721090719	6.77856944871386	6.71082973304335	6.65711701827342	6.66499475927517
ENSG00000216817.1	7.15611003539891	7.12761863691294	7.24848656199303	7.42717312377348	7.38403630536324	7.47024249410971	7.34896630445935	7.30126033386385
ENSG00000085382.12	7.61636675617904	7.5275460819255	7.49978479649954	7.68433149028365	7.69001099865491	7.65848352294689	7.68938864382459	7.74055910340779
ENSG00000112276.14	7.65713909464603	7.9197643734435	7.7609075524307	7.9250681263089	7.82763930614689	8.08278834336868	7.67242820249571	7.88484987668438
ENSG00000203808.13	6.76916552526763	6.65358313805485	6.43935831587626	6.75722721090719	6.8403514729454	6.78948382610015	6.74702469803714	6.91631837934757
ENSG00000132429.10	6.94875647993495	7.09460393922451	7.24848656199303	7.09044865010935	7.38403630536324	7.37752396094456	7.03210343032744	7.14651045137942
ENSG00000085377.15	7.891886128349	8.2679490182561	7.98867305576415	8.25464946245226	7.84893143532124	8.20426156033965	7.97494782196698	8.16886621714788
ENSG00000219902.1	6.6950477566315	6.43935831587626	6.43935831587626	6.66435240536893	6.59133753825452	6.8227146949241	6.7059310337478	6.59898859408845
ENSG00000219088.1	6.85599478395576	6.65358313805485	6.74861155170608	6.75722721090719	6.65419024516067	6.93331040795514	6.84578904393387	6.91631837934757
ENSG00000057657.17	7.21224938124028	7.23165671836133	7.14232897471387	7.77080064623082	7.19107340526396	7.73635120557041	7.12223304218743	7.5928419639991
ENSG00000057663.16	7.94183480894215	8.00187314249238	7.99509041810467	8.12880343654527	7.97497392845314	8.02023627863695	8.05583026159972	8.11488125570062
ENSG00000112297.18	7.63287959510278	7.77271004383747	7.40126016169906	7.81148480287117	7.64825748526627	7.71955519815198	7.54470548054276	7.95745534025701
ENSG00000130347.13	7.04437464747588	6.98280971378101	7.07301585918763	6.7945679420554	6.86784265543588	6.93331040795514	6.94789582579647	6.88926596466494
ENSG00000130348.11	7.52923989641698	7.5744605664324	7.48936634673305	7.36554313971766	7.84893143532124	7.59340550825574	7.65517527402342	7.64140692518333
ENSG00000272398.6	6.64821876902176	6.59090765639085	6.70730724183813	6.43935831587626	6.59133753825452	6.43935831587626	6.65711701827342	6.59898859408845
ENSG00000130349.10	7.2889351845708	7.28489170224431	7.40126016169906	7.36554313971766	7.37255303911769	7.47024249410971	7.43042048399668	7.3681050056998
ENSG00000178409.14	7.11066214356251	7.11132852487279	6.99450908177647	6.9149699960699	7.12953635870483	7.02268748670147	7.03210343032744	7.01145139339895
ENSG00000164494.12	7.65713909464603	7.70286503005945	7.70389168969008	7.64756992068165	7.75343165017171	7.64032726805419	7.64643508021	7.61256061542771
ENSG00000276620.1	6.94875647993495	7.05970936267722	7.12570350423684	7.05155119182893	7.04314031960162	7.1345826213474	6.97026181459213	7.07309757459527
ENSG00000220237.1	6.85599478395576	6.86663834971125	6.84787938213258	6.75722721090719	6.77856944871386	6.8227146949241	6.84578904393387	6.79557899802678
ENSG00000112320.12	7.69630188053823	7.47810826308903	7.78441668685265	7.51745639052461	7.86289723469436	7.02268748670147	7.97494782196698	7.44172872617975
ENSG00000025796.14	9.472682081895	9.48991146050595	9.91793345974431	9.82597654696989	9.80867312855188	9.85430200720792	9.85503659808208	9.75423643560932
ENSG00000272476.1	6.76916552526763	6.70160896022124	6.65824228849862	6.82827584508646	6.65419024516067	6.71082973304335	6.65711701827342	6.94186705247055
ENSG00000224987.1	6.96933030555932	7.04145533499291	7.09108446280084	7.09044865010935	7.00465224079014	7.11729994506885	7.13877762248489	7.28717967992664
ENSG00000231112.1	6.6950477566315	6.65358313805485	6.74861155170608	6.75722721090719	6.74289715357801	6.59624643103017	6.7059310337478	6.82938173877161
ENSG00000225093.1	11.5576494996869	11.5834123386948	11.0918373004467	10.9865199002798	11.0058938372937	11.0609002089871	11.1827517144501	11.0473526090251
ENSG00000081087.16	8.54276303985562	8.61125356581869	8.48673746403195	9.02149532232987	8.49960574968986	8.77075935860729	8.53188987664903	8.76087679576411
ENSG00000112335.15	9.7542289379892	9.75422558292589	9.74704835890191	9.7617751775169	9.8102376325933	9.77967985225974	9.66186647410291	9.79492710895492
ENSG00000135537.17	6.96933030555932	7.04145533499291	6.95050159174117	6.98773058354613	6.91798309639808	6.95716985536871	7.03210343032744	6.91631837934757
ENSG00000118689.15	9.33876920942905	10.0639485231202	9.16684486795765	10.351755838761	9.14740826872871	10.1107606579981	9.1987871149984	10.4836391255329
ENSG00000219565.2	7.46296681662396	7.65349286842667	7.58858841204689	7.62866455534041	7.58665669470262	7.80875146873545	7.59228848521555	7.67860060940167
ENSG00000286511.1	6.58710938520095	6.65358313805485	6.59420680516964	6.94044784003456	6.65419024516067	7.27299680592007	6.43935831587626	6.75813289054065
ENSG00000118690.13	6.90477164752875	6.86663834971125	6.90214012777943	7.05155119182893	6.91798309639808	6.95716985536871	6.92445549075663	7.14651045137942
ENSG00000228834.1	8.24148982235104	8.33434697154364	8.23183726740843	8.28682902862385	8.42835549183071	8.33954879842997	8.12580929809181	8.13314905527914
ENSG00000080546.14	8.19322792297138	8.02599077399634	8.14497304512813	7.94644659356849	8.22779811446108	7.94726080750155	8.22362737149054	8.10872894644836
ENSG00000183137.16	7.57380559050133	7.67848254651082	7.66982120414353	7.60938623084126	7.7686966415592	7.502619290972	7.59228848521555	7.52040412488887
ENSG00000203799.14	6.6950477566315	6.7776134688375	6.59420680516964	6.66435240536893	6.59133753825452	6.43935831587626	6.7059310337478	6.75813289054065
ENSG00000233908.1	6.94875647993495	6.98280971378101	6.59420680516964	6.7945679420554	6.70235148984962	6.85322918326179	6.81581663390162	6.75813289054065
ENSG00000135535.17	10.6148058157401	10.4491009559241	10.559924009464	10.649283571774	10.6415537510011	10.6649732321695	10.7274292547041	10.5742862747858
ENSG00000185250.16	6.88107787728229	7.02259645964244	6.87587918695416	6.85922707273188	6.89362786770973	6.85322918326179	6.84578904393387	7.09228017073694
ENSG00000135587.9	7.11066214356251	7.14350454528051	7.03512952892631	7.09044865010935	6.9843346155731	7.08123610055129	7.1052465005924	6.91631837934757
ENSG00000135596.18	8.54276303985562	8.96499890783212	8.46082787497282	8.79167562953452	8.49552252103502	8.64485918245739	8.58393794301626	8.92699765924311
ENSG00000112365.6	7.41238824137725	7.54659591578931	7.55016197307786	7.43897863030172	7.44982701895604	7.48116555352195	7.51494615070391	7.55213766364878
ENSG00000155085.16	7.36963937325821	7.14350454528051	7.36572076328742	7.21034358070588	7.24756026874977	7.15141483343935	7.154911022967	7.12894230165379
ENSG00000112367.12	8.01855522723602	7.78018883244619	8.23706514198311	8.09205822006813	8.09407091542717	7.97434187159909	8.13708012008034	7.9852325114109
ENSG00000112290.13	7.83284596275836	8.13418600960235	7.98221939775845	8.31301946053282	7.85593675118672	8.17643700071364	8.07962232608934	8.30205461139779
ENSG00000168438.15	7.98965565915041	7.98344608075603	8.05128937389968	8.05412926593012	8.02409403705657	8.07668191413005	8.13145804711477	8.0190288400822
ENSG00000053328.9	7.00815477285245	6.70160896022124	6.84787938213258	6.9149699960699	6.59133753825452	6.43935831587626	6.8736476562819	6.82938173877161
ENSG00000203797.12	6.80048767211086	6.74204092910778	6.78494942059072	6.59853369009248	6.70235148984962	6.8227146949241	6.8736476562819	6.66499475927517
ENSG00000241162.3	6.73447480136818	6.59090765639085	6.65824228849862	6.59853369009248	6.59133753825452	6.43935831587626	6.43935831587626	6.66499475927517
ENSG00000219559.1	9.68005578682166	9.89133113501727	9.00902754339083	8.89499107023548	8.7907038042571	9.0788729362733	8.93060762361629	9.03341814102266
ENSG00000155111.15	8.37161373376247	8.21823120566873	8.22131384117443	8.24373295010106	8.24788516076232	8.05816921911942	8.42990427337695	8.40304041467014
ENSG00000217041.1	6.64821876902176	6.65358313805485	6.70730724183813	6.82827584508646	6.65419024516067	6.8227146949241	6.8736476562819	6.59898859408845
ENSG00000213149.3	9.44038801929502	9.88691925591258	9.68102658071495	10.0871082499786	9.4982858885434	10.4753720111566	9.51728405018156	10.1617290087895
ENSG00000271607.1	7.04437464747588	7.09460393922451	7.05438194769747	7.0098403901942	6.9411167951386	7.04287267906183	6.84578904393387	7.01145139339895
ENSG00000123505.19	7.94792425882723	8.19259068988042	7.935984770437	8.09826227370041	7.85593675118672	8.01379136526679	7.89480219740134	8.12709093506362
ENSG00000219329.1	7.48240614695841	7.65349286842667	7.80741358384332	7.82733273254756	7.99364191608739	7.89823722768494	7.78563618477975	7.71446479958611
ENSG00000155115.7	7.68081969377741	7.70286503005945	7.73685703636698	7.80347186742851	7.89030440305121	7.727987484491	7.74661514479561	7.70561692124889
ENSG00000197498.13	7.79859690058102	7.81680983412215	7.71223310073222	7.77080064623082	7.73793946192976	7.95409218281053	7.92216043222622	7.83887705215951
ENSG00000218803.1	7.8192775516661	7.8311134092205	7.83732495842324	7.73707908320655	7.94316115186456	7.75287839232026	8.02538988119482	7.83887705215951
ENSG00000173214.7	7.27669232675171	7.18899186515845	7.24848656199303	7.22586302421196	7.23385110540525	7.2588783846982	7.24442409608208	7.24328953958212
ENSG00000009413.17	10.1754646209286	11.1943288972962	10.0195318608205	11.2866304942488	10.2296181093315	10.7485446208063	10.2541417834723	11.50028835579
ENSG00000272356.1	6.64821876902176	6.80972966199624	6.78494942059072	6.9149699960699	6.74289715357801	6.78948382610015	6.81581663390162	6.75813289054065
ENSG00000218676.1	7.91714061190472	8.00795014781586	7.99509041810467	8.12275781326579	8.36198861180095	8.05816921911942	8.10294154859053	8.16298682314211
ENSG00000231889.9	7.15611003539891	7.20350296362254	7.07301585918763	7.28482816674212	7.09643284881219	7.06236787266546	7.20110327591779	7.19658682376258
ENSG00000056972.21	7.92336551398965	8.00795014781586	7.82992484977011	8.03469219569345	8.06542199132029	8.1537052911248	7.86674869824353	8.03884015605894
ENSG00000255389.1	6.76916552526763	6.83922341908603	6.90214012777943	7.05155119182893	6.86784265543588	6.93331040795514	6.78317777422319	6.79557899802678
ENSG00000010810.18	8.86497065444777	9.06667721379118	8.86622177153411	8.78449637897173	9.12717047433482	9.11770208122966	8.92150493187141	8.79363258412688
ENSG00000074935.14	7.56506047187438	7.31016218469815	7.70389168969008	7.47346354243093	7.63105131876296	7.37752396094456	7.62871859695107	7.35517524719191
ENSG00000203778.8	7.63287959510278	7.50809339359925	7.60723492303637	7.46211847900853	7.55899676174186	7.47024249410971	7.54470548054276	7.64140692518333
ENSG00000112769.20	11.9121368614001	11.8423540087487	12.1696802430926	11.8723305360931	12.0215869914964	12.1360150304456	11.7732826349445	11.6468454263608
ENSG00000237234.7	7.00815477285245	6.74204092910778	6.99450908177647	6.82827584508646	6.9843346155731	6.95716985536871	6.89977654313986	6.79557899802678
ENSG00000216663.3	6.73447480136818	6.59090765639085	6.65824228849862	6.66435240536893	6.65419024516067	6.66112256367871	6.43935831587626	6.59898859408845
ENSG00000219773.1	11.2330282409262	11.3035374677666	10.7434200717735	10.5608663273608	10.6026108375768	10.5477048719267	10.5485667179112	10.539540368743
ENSG00000217770.1	6.76916552526763	6.74204092910778	6.74861155170608	6.75722721090719	6.70235148984962	6.95716985536871	6.74702469803714	6.88926596466494
ENSG00000225580.2	8.49725714442751	8.51878227332527	8.47815904235688	8.59938880048747	8.65320288680224	8.57298670203543	8.48191097539623	8.49203507309926
ENSG00000216904.2	8.00130305110178	7.62785634402111	7.8592262760543	7.61907318227621	7.86289723469436	7.7930871569908	8.19189505300651	7.75759624383526
ENSG00000218208.1	10.7083718938033	10.8128629507192	10.2811336264299	10.3125232308244	10.0138127575616	10.1188299607067	10.211165692379	10.1386395436319
ENSG00000219758.6	8.38433156816901	8.46161723311631	8.67352172795479	8.38355375067428	8.55154324053547	8.43901958832003	8.47338885266925	8.48750252263373
ENSG00000277443.3	10.7294824902798	9.75584224052171	10.529864022366	9.68518052254813	10.8348655116459	9.85106761408833	10.6766857531399	9.42404550381768
ENSG00000196591.12	8.75866385686464	8.63703302875455	8.78701903823567	8.62805798866346	8.91833086708428	8.68314914137165	8.82693293245245	8.43655554138001
ENSG00000228624.8	6.64821876902176	6.43935831587626	6.65824228849862	6.66435240536893	6.59133753825452	6.71082973304335	6.7059310337478	6.71556510257389
ENSG00000216471.3	9.30529861839992	9.54163956628501	8.81060726194045	8.89499107023548	8.56323835805394	8.68691764484034	8.89692725470534	8.87048142487168
ENSG00000218089.1	7.26424750246052	7.32249514707143	7.37773757760165	7.25593362173179	7.44982701895604	7.1345826213474	7.38485590504998	7.21249796257827
ENSG00000111816.8	7.27669232675171	6.8923522352928	7.108633685461	6.9149699960699	7.31256185219234	6.97993461237282	7.13877762248489	7.05327662428992
ENSG00000186743.2	9.7588337572638	9.69644481184132	9.9194372254023	9.45346967933708	9.74626777556126	10.6288184355196	9.47104302089469	9.39653765394053
ENSG00000178425.14	8.09048117988158	7.71086387004231	8.11070661450786	7.72847454025851	8.12203973222431	7.86921823426047	7.97494782196698	7.74911259867735
ENSG00000123500.10	6.6950477566315	6.65358313805485	6.65824228849862	6.75722721090719	6.86784265543588	6.85322918326179	6.65711701827342	6.59898859408845
ENSG00000218428.1	6.73447480136818	6.70160896022124	6.59420680516964	6.75722721090719	6.59133753825452	6.59624643103017	6.65711701827342	6.59898859408845
ENSG00000187189.11	8.12224592814166	7.85221901848855	7.79980317571104	7.88103877916032	7.87668645069667	7.67631381289578	7.97494782196698	7.69669142659574
ENSG00000111817.19	9.78163560553227	9.84050763506009	9.82144216852421	10.1479027397591	9.82269182790254	9.83314529425765	9.77003635329311	10.1317767506265
ENSG00000189241.8	8.78371810114656	8.80141277253269	8.9410218523301	8.84776404150134	8.99623844200071	8.75655316414078	9.02690479808765	8.70826449321337
ENSG00000217241.1	8.26027268036341	8.29684196439577	8.13933002562177	8.25464946245226	8.36198861180095	8.42527971417446	8.23402347431729	8.24280502154398
ENSG00000218153.2	6.43935831587626	6.59090765639085	6.43935831587626	6.59853369009248	6.74289715357801	6.71082973304335	6.43935831587626	6.59898859408845
ENSG00000178033.6	8.13781480581551	7.92629744092217	8.04517823456318	8.30260959813551	8.19182842618823	8.5270277620234	8.20786490543752	8.41270689566658
ENSG00000111832.13	8.2272110559286	8.30159248656664	8.34201541621616	8.35881643191583	8.43694727086652	8.3493682945973	8.46049833130942	8.32807577091589
ENSG00000153975.10	7.19863772985699	7.02259645964244	7.20495732381457	7.35264675280945	7.20562298294026	7.30046544496281	7.27193337104649	7.24328953958212
ENSG00000196911.12	7.46296681662396	7.33463785012026	7.49978479649954	7.46211847900853	7.439207131166	7.38968347960865	7.39648013019841	7.48753095159613
ENSG00000183807.8	6.58710938520095	6.59090765639085	6.43935831587626	6.43935831587626	6.65419024516067	6.78948382610015	6.65711701827342	6.66499475927517
ENSG00000164465.19	8.25091721851369	8.12325369656868	8.19459986491871	7.88849986554341	8.41535786194332	8.05816921911942	8.19189505300651	7.79901405289424
ENSG00000047932.14	8.7774985331041	8.74885028069568	8.81060726194045	8.68746033261379	8.83249826642927	8.50125302940529	8.80719313591389	8.62519857734551
ENSG00000289372.2	6.64821876902176	6.59090765639085	6.59420680516964	6.66435240536893	6.65419024516067	6.59624643103017	6.43935831587626	6.59898859408845
ENSG00000153989.8	8.51641343303544	8.67300398253484	8.44325837336106	8.67969317550321	8.38895546963466	8.81932309661598	8.33341830503675	8.45996536993317
ENSG00000230202.1	11.0022308394457	11.1884073716113	10.8740743354403	10.6223556607941	10.8880506823955	10.8250623128791	10.6421303642595	10.7127684812151
ENSG00000216809.1	6.98910180233029	6.96172395444198	7.01519640410775	7.03108379795622	6.9843346155731	6.95716985536871	6.84578904393387	6.82938173877161
ENSG00000111860.14	7.86603970178097	7.79498917829912	7.75295238609057	7.70221924781346	7.86289723469436	7.84693753072067	7.65517527402342	7.75759624383526
ENSG00000169075.7	6.76916552526763	6.65358313805485	6.84787938213258	6.9149699960699	6.74289715357801	6.8227146949241	6.78317777422319	6.71556510257389
ENSG00000198523.6	6.58710938520095	6.43935831587626	6.59420680516964	6.43935831587626	6.59133753825452	6.90818894211843	6.59340998201429	6.43935831587626
ENSG00000111877.18	7.4530841931163	7.25875213933517	7.21976318525012	7.19447479440408	7.28722563583692	7.27299680592007	7.473690062728	7.30126033386385
ENSG00000111875.8	7.64103263573616	7.50809339359925	7.60723492303637	7.54911127969051	7.63969203824786	7.55414222814662	7.52497322330101	7.57270868804437
ENSG00000253194.2	6.58710938520095	6.7776134688375	6.87587918695416	6.43935831587626	6.77856944871386	6.66112256367871	6.65711701827342	6.66499475927517
ENSG00000111879.20	6.6950477566315	6.43935831587626	6.70730724183813	6.59853369009248	6.65419024516067	6.59624643103017	6.7059310337478	6.71556510257389
ENSG00000111885.7	10.0337788736979	10.7164638675975	9.80361489600684	10.7584026454912	9.90401110610394	10.1121087187215	10.0069402681353	11.0046008160307
ENSG00000216316.1	6.76916552526763	6.74204092910778	6.59420680516964	6.66435240536893	6.77856944871386	6.59624643103017	6.74702469803714	6.75813289054065
ENSG00000287100.3	6.64821876902176	6.70160896022124	6.65824228849862	6.71477957466235	6.70235148984962	6.66112256367871	6.74702469803714	6.43935831587626
ENSG00000146350.14	7.27669232675171	7.25875213933517	7.23426748932137	7.19447479440408	7.24756026874977	7.22980414512121	7.18605069584968	7.16361990109882
ENSG00000152661.9	9.33462916852245	8.83009524327995	9.58154798855854	9.46885456785397	9.42827852383197	9.45997091160322	9.48730049057133	9.33500845643432
ENSG00000220326.2	6.82925412814796	6.83922341908603	6.78494942059072	6.75722721090719	6.74289715357801	6.71082973304335	6.74702469803714	6.79557899802678
ENSG00000218180.2	8.20303486025301	8.21823120566873	8.21069867931273	8.22717336302073	8.21251277425806	8.25279400122615	8.21314179814503	8.30205461139779
ENSG00000217139.2	7.85288378024292	7.78018883244619	7.84467468387166	7.83516984902588	7.98745316308388	7.96763213549531	7.90856562304329	7.76601143632978
ENSG00000025156.13	7.5824706789755	7.65349286842667	7.54030446467574	7.51745639052461	7.63969203824786	7.38968347960865	7.45232310044787	7.49862191757299
ENSG00000279453.1	7.17058439460064	7.12761863691294	7.15854104139589	7.36554313971766	7.11320248327584	7.15141483343935	7.13877762248489	7.45340490326501
ENSG00000111897.7	10.9585654467398	11.1346034851034	11.2378744449718	11.5839012456944	10.9548641133643	11.1814797553971	11.1716286816734	11.4224086616901
ENSG00000275339.1	6.88107787728229	6.70160896022124	6.70730724183813	6.7945679420554	6.65419024516067	6.71082973304335	6.81581663390162	6.82938173877161
ENSG00000240606.3	7.07843383662775	7.07741058769147	6.74861155170608	6.66435240536893	6.43935831587626	6.59624643103017	6.43935831587626	6.79557899802678
ENSG00000172594.13	9.13663707371353	9.47421075094825	8.79717927506911	9.12610960557183	9.30393389773285	9.34418435790533	9.29016482583914	9.43984514025479
ENSG00000232362.1	8.65000379607945	8.64067475853043	8.51631869464599	8.45960922867448	8.49142627593755	8.64096814919507	8.352376477772	8.48750252263373
ENSG00000236548.3	7.04437464747588	6.96172395444198	6.92694345216041	7.10899739952712	7.11320248327584	7.35265173077004	6.94789582579647	6.96613105083845
ENSG00000146373.17	7.839566571993	8.36626378407667	8.09906091927491	8.69132683999145	8.12755514661084	8.51420482874063	7.96848288894374	8.70442537777881
ENSG00000111907.21	7.23871374446255	6.96172395444198	7.92922206635735	7.85067545762235	7.20562298294026	7.32698938300757	7.25830639574145	7.19658682376258
ENSG00000111906.18	7.93571216101591	8.01399515912775	8.25261602519928	8.0281400779575	8.04198643940983	8.14217570668182	7.98776841473523	8.08379413736791
ENSG00000111912.20	8.52399690772372	8.9244536419788	8.39365160145441	9.02752190141562	8.81977678687804	8.5099020212802	8.5277982067489	9.1123876974861
ENSG00000111911.7	7.78458286790898	7.55597636827698	7.79980317571104	7.73707908320655	7.87668645069667	7.70247920319046	7.94224711233173	7.60275175302611
ENSG00000066651.20	7.46296681662396	7.44707726361988	7.52026877270809	7.5897156223468	7.40653793477524	7.31384000488249	7.70606875678137	7.45340490326501
ENSG00000213133.4	7.71909075774064	7.53712000475837	7.69548126923447	7.47346354243093	7.59570067362768	7.66743849015953	7.59228848521555	7.56247942439768
ENSG00000286215.1	8.05230461342198	7.83819450041638	8.06341626803668	7.97433396014109	7.96235606711256	7.68511125196689	8.07962232608934	7.75759624383526
ENSG00000203760.9	6.98910180233029	7.15901313005303	6.95050159174117	7.07131815276461	6.91798309639808	6.93331040795514	7.1052465005924	7.24328953958212
ENSG00000217404.2	6.6950477566315	6.70160896022124	6.70730724183813	6.43935831587626	6.43935831587626	6.43935831587626	6.74702469803714	6.66499475927517
ENSG00000146374.14	7.11066214356251	7.07741058769147	6.95050159174117	7.21034358070588	7.02423010627822	6.90818894211843	7.08778312657617	6.94186705247055
ENSG00000118518.17	8.43800928521903	8.47821163994976	8.49100525899429	8.71429135807493	8.51581030272668	8.30455872168388	8.49878722257248	8.61289138290814
ENSG00000093144.19	8.6431217024879	9.14140314027529	8.56550330669157	9.1809596896647	8.72716487394862	9.0007273815878	8.46049833130942	9.01217782345139
ENSG00000213131.3	9.32839591868147	9.41988158002361	9.40046084658538	9.35978962424255	9.59077125416536	9.55297555432701	9.25002874652487	9.33500845643432
ENSG00000220744.1	10.2917523184942	10.3408404117282	10.1169740778351	10.0997562561005	10.0446349647811	10.0101852134718	10.0510088158268	10.0641557509845
ENSG00000220522.2	7.04437464747588	7.20350296362254	7.108633685461	7.17823401500456	7.14546483287167	7.18384980236706	7.08778312657617	7.27283391984739
ENSG00000189367.15	6.43935831587626	6.74204092910778	6.74861155170608	6.75722721090719	6.8403514729454	6.59624643103017	6.59340998201429	6.71556510257389
ENSG00000214338.11	6.73447480136818	6.7776134688375	6.78494942059072	6.59853369009248	6.74289715357801	6.75267309804514	6.43935831587626	6.43935831587626
ENSG00000184530.9	6.6950477566315	6.70160896022124	6.59420680516964	6.66435240536893	6.65419024516067	6.59624643103017	6.65711701827342	6.59898859408845
ENSG00000218187.2	7.46296681662396	7.50809339359925	7.51008444991109	7.70221924781346	7.439207131166	7.45918294560031	7.51494615070391	7.44172872617975
ENSG00000260212.1	6.88107787728229	6.98280971378101	7.09108446280084	6.7945679420554	6.86784265543588	7.08123610055129	6.99168415881239	7.01145139339895
ENSG00000219699.2	7.18475458628006	7.24532990394283	7.27612730333863	7.16159600164277	7.439207131166	7.2444858616082	7.44144096185602	7.12894230165379
ENSG00000152894.15	9.37347127512008	9.15636908079806	9.31768010857094	9.19965300087217	9.65852785180059	9.31840837563835	9.5867343350294	9.54154700324696
ENSG00000213130.3	8.19814131910634	8.18739680967067	8.18374712640244	8.27619562301593	8.16546499009928	8.10091963863362	8.15930737887442	8.08379413736791
ENSG00000196569.14	10.2347920416097	12.4127389734767	10.8150602505168	12.4162881511089	9.99334544630806	11.6699059862182	10.8395487514682	13.0132282915732
ENSG00000220884.2	7.97195849280366	7.24532990394283	8.75954074127665	7.75407637533425	8.03008896982306	7.2444858616082	7.93559150993702	7.30126033386385
ENSG00000219642.2	7.90458531646278	7.86606472963437	7.79213787144315	7.82733273254756	7.98745316308388	7.94726080750155	7.88785565950243	7.99887091107689
ENSG00000226149.6	6.43935831587626	6.8923522352928	6.70730724183813	6.71477957466235	6.43935831587626	6.78948382610015	6.7059310337478	6.82938173877161
ENSG00000146376.11	7.73400608171363	7.89324122508137	7.63454750251705	8.03469219569345	7.71425625019853	7.86184186426594	7.92889614143034	8.11488125570062
ENSG00000219666.2	6.58710938520095	6.70160896022124	6.65824228849862	6.59853369009248	6.59133753825452	6.59624643103017	6.65711701827342	6.59898859408845
ENSG00000218725.2	6.76916552526763	6.7776134688375	6.74861155170608	6.71477957466235	6.86784265543588	6.43935831587626	6.78317777422319	6.75813289054065
ENSG00000198945.8	7.48240614695841	7.48821493471538	7.38958189154179	7.31266433276248	7.67351829167121	7.61244741220389	7.56402775263437	7.66943162961777
ENSG00000164483.17	6.6950477566315	6.74204092910778	6.74861155170608	6.59853369009248	6.65419024516067	6.59624643103017	6.74702469803714	6.43935831587626
ENSG00000164484.12	8.58311615257465	7.9065820971097	8.46082787497282	7.90327224297391	8.39781767574374	8.02664535710509	8.80054799736095	7.88484987668438
ENSG00000079819.20	10.6122813639666	10.4451233643091	10.898534023499	10.3423432947131	10.8063484980811	10.6649732321695	10.8340674551617	10.6709114034978
ENSG00000118507.19	6.94875647993495	7.11132852487279	6.97297967273664	7.28482816674212	7.17621052194296	7.36518253504343	6.97026181459213	7.30126033386385
ENSG00000218857.1	7.61636675617904	7.53712000475837	7.59795691758673	7.54911127969051	7.71425625019853	7.49195645196654	7.49455448047414	7.38083371180933
ENSG00000112282.18	8.41351725647478	8.22833783965721	8.47815904235688	8.30782544105283	8.37104195183015	8.30961796481358	8.30442945904668	8.28083733152784
ENSG00000180658.4	6.88107787728229	6.86663834971125	7.17436718409092	7.19447479440408	6.77856944871386	6.8227146949241	7.01226888740702	7.05327662428992
ENSG00000236761.6	7.11066214356251	7.15901313005303	7.26243529216601	7.5386796252309	7.20562298294026	7.21481668735571	7.32412257582945	7.19658682376258
ENSG00000197594.14	7.38053434470014	7.76517760927074	7.72050690154538	8.79167562953452	8.05376316603888	8.22607030974618	7.85962159047878	8.7900324991038
ENSG00000219532.2	7.31284912597803	7.33463785012026	7.14232897471387	7.12701163853944	7.23385110540525	7.27299680592007	7.13877762248489	7.16361990109882
ENSG00000237115.2	6.64821876902176	6.59090765639085	6.59420680516964	6.59853369009248	6.65419024516067	6.75267309804514	6.7059310337478	6.59898859408845
ENSG00000228495.3	6.80048767211086	6.70160896022124	6.81775463736341	6.59853369009248	6.70235148984962	6.93331040795514	6.8736476562819	6.79557899802678
ENSG00000118523.6	9.4268706637771	10.0794687843225	10.4209765209698	11.3138864651975	10.7724795119664	12.1988591787274	10.8151140103714	12.3768711614034
ENSG00000079931.15	10.597891568823	9.98094787228885	10.3405127844981	10.3101105341767	10.2037694999772	10.1932930083835	10.7862063656966	10.4521022170194
ENSG00000079950.14	8.70380266774035	8.74213170925307	8.49949853814633	8.90489946737513	8.47074654873245	8.75297780641009	8.68945466677039	9.09810287066964
ENSG00000146409.12	7.4530841931163	7.18899186515845	7.30279019145036	7.28482816674212	7.50108663116043	7.11729994506885	7.49455448047414	7.31508878620013
ENSG00000112306.8	11.958470415491	12.0775468424613	11.5142371909044	11.4152318586333	11.1507790620354	11.2162038375816	11.458116819665	11.3624168519615
ENSG00000200534.1	6.6950477566315	6.70160896022124	6.43935831587626	6.59853369009248	6.65419024516067	6.43935831587626	6.65711701827342	6.66499475927517
ENSG00000220557.1	6.96933030555932	7.12761863691294	7.17436718409092	6.98773058354613	7.06144390694469	7.08123610055129	6.92445549075663	6.88926596466494
ENSG00000220113.2	6.96933030555932	7.00307188601783	7.09108446280084	7.03108379795622	7.07919306364178	7.16782794342023	6.99168415881239	6.98928066440998
ENSG00000112319.21	8.18829448588273	8.1557544823047	8.1505895374335	7.63816271278865	8.45817646505163	8.29437788994059	8.352376477772	8.0190288400822
ENSG00000227954.7	7.06165156972064	7.34659801429848	7.07301585918763	7.10899739952712	7.24756026874977	7.45918294560031	7.25830639574145	7.27283391984739
ENSG00000238059.1	6.85599478395576	6.74204092910778	6.81775463736341	6.85922707273188	6.74289715357801	6.66112256367871	6.74702469803714	6.71556510257389
ENSG00000118526.7	10.1419269464804	10.7295884425562	9.70221095016301	9.86446663386181	9.86242808504307	10.316389272284	10.2075252623685	10.5291585693557
ENSG00000028839.10	7.66509522035338	7.50809339359925	7.58858841204689	7.62866455534041	7.89705074552145	7.41348430139145	7.83063603694373	7.57270868804437
ENSG00000146411.6	8.38433156816901	7.77271004383747	8.55743448801385	8.0412074448204	8.66761422539796	8.1537052911248	8.38945413730409	7.92174355293815
ENSG00000266875.2	7.54732234933451	7.49820890347423	7.108633685461	6.85922707273188	6.65419024516067	6.8227146949241	6.78317777422319	6.98928066440998
ENSG00000118515.12	8.87949255071503	9.62737635568947	9.00324711712938	9.60815206786194	9.35673912743251	9.76771010614621	9.66364983044792	9.72155409843261
ENSG00000213117.4	7.59956810832586	7.49820890347423	7.57912711229258	7.59960123566234	7.62233362512269	7.66743849015953	7.56402775263437	7.5416801600786
ENSG00000112339.15	8.4093888858794	8.50270729574163	8.61676549708676	8.63613516746253	8.48319436760606	8.52276759526079	8.56017490710618	8.37854565068615
ENSG00000135541.22	7.891886128349	7.76517760927074	8.02664925943111	7.81148480287117	8.11649858103912	7.99423679139767	8.04374976897021	7.87732084698278
ENSG00000231028.11	6.92727869079218	7.11132852487279	6.90214012777943	6.96464476970857	6.9411167951386	6.78948382610015	6.89977654313986	7.03275316416137
ENSG00000226540.2	9.48576609577448	9.29549063352858	9.51309770077199	9.12610960557183	9.25834282899235	9.54294100673366	9.1987871149984	8.98124859982436
ENSG00000171408.14	8.46203884409634	8.54644048287344	8.21069867931273	7.82733273254756	8.5397416378529	8.55229808658262	8.49037682726463	8.14517367778472
ENSG00000286313.2	6.64821876902176	6.65358313805485	6.65824228849862	6.66435240536893	6.77856944871386	6.66112256367871	6.65711701827342	6.43935831587626
ENSG00000237596.7	6.6950477566315	6.74204092910778	6.59420680516964	6.59853369009248	6.59133753825452	6.59624643103017	6.59340998201429	6.43935831587626
ENSG00000277973.1	6.64821876902176	6.86663834971125	6.70730724183813	6.82827584508646	6.65419024516067	6.66112256367871	6.84578904393387	6.59898859408845
ENSG00000146410.12	6.6950477566315	6.80972966199624	6.74861155170608	6.75722721090719	6.65419024516067	6.66112256367871	6.81581663390162	6.71556510257389
ENSG00000029363.17	9.61879101856231	9.52460791959299	9.78721115231833	9.71117633274364	9.67926503643482	9.77285240430472	9.73489212917953	9.6974708973843
ENSG00000135525.19	6.92727869079218	6.83922341908603	6.99450908177647	6.88799280253678	6.70235148984962	6.78948382610015	7.03210343032744	6.82938173877161
ENSG00000220660.2	8.44606956196685	8.45743476293395	7.79213787144315	7.90327224297391	7.62233362512269	7.61244741220389	7.94886350969263	7.92174355293815
ENSG00000216613.2	7.23871374446255	7.31016218469815	7.31578320203042	7.19447479440408	7.17621052194296	7.2588783846982	7.08778312657617	7.24328953958212
ENSG00000197442.11	8.46994923585601	9.02363498133764	8.49949853814633	9.1647327585921	8.87915876953285	9.21023446535812	8.44747641996916	8.93995916835324
ENSG00000112357.14	7.18475458628006	7.05970936267722	7.05438194769747	7.09044865010935	7.24756026874977	7.00173781955444	7.1052465005924	7.12894230165379
ENSG00000213109.4	6.92727869079218	6.86663834971125	6.78494942059072	6.9149699960699	6.9411167951386	6.90818894211843	6.92445549075663	6.8604197866415
ENSG00000230350.1	7.42274436180699	7.5275460819255	7.54030446467574	7.43897863030172	7.58665669470262	7.51315796183049	7.34896630445935	7.40572002503538
ENSG00000016402.14	6.76916552526763	6.43935831587626	6.65824228849862	6.59853369009248	6.65419024516067	6.43935831587626	6.74702469803714	6.66499475927517
ENSG00000027697.16	8.68053524484646	8.92739030640537	8.6321420854276	9.04544367057411	8.70296796581055	8.75655316414078	8.74616153046411	8.99989029637107
ENSG00000213108.3	7.53832524413779	7.63647635145749	7.63454750251705	7.51745639052461	7.51099567843774	7.61244741220389	7.56402775263437	7.46492723626823
ENSG00000220412.1	8.21759817148985	8.51878227332527	8.39365160145441	8.57007565143005	8.56711342913726	8.81249245413709	8.36640909799934	8.5538710723008
ENSG00000237499.7	6.58710938520095	6.65358313805485	6.43935831587626	6.59853369009248	6.43935831587626	6.59624643103017	6.74702469803714	6.66499475927517
ENSG00000118503.18	7.5107952635334	7.81680983412215	7.6784475540936	7.85067545762235	7.66516905996988	7.71105292743666	7.56402775263437	7.92897752254266
ENSG00000219463.1	6.85599478395576	6.74204092910778	6.81775463736341	6.85922707273188	6.77856944871386	6.95716985536871	6.97026181459213	7.09228017073694
ENSG00000112378.12	10.3525996888413	10.1704067258349	10.6283154479778	10.8163754175004	10.8133373662946	10.6539454330139	10.5087709086965	10.526029303956
ENSG00000112379.9	6.64821876902176	6.74204092910778	6.74861155170608	6.59853369009248	6.59133753825452	6.66112256367871	6.65711701827342	6.59898859408845
ENSG00000215878.3	7.11066214356251	6.96172395444198	7.12570350423684	6.85922707273188	7.24756026874977	7.02268748670147	6.99168415881239	6.71556510257389
ENSG00000051620.11	8.38010654815609	8.70801911918323	8.50793608337051	8.7772783144962	8.49142627593755	8.64485918245739	8.54812830546111	8.71590948362115
ENSG00000135540.12	7.92336551398965	8.32507617524896	7.8592262760543	8.04768631012802	8.22272429120706	8.44356676733521	7.66383909367207	7.8151377702856
ENSG00000274594.1	6.73447480136818	6.83922341908603	6.70730724183813	6.59853369009248	6.70235148984962	6.59624643103017	6.65711701827342	6.43935831587626
ENSG00000225177.6	6.92727869079218	6.86663834971125	7.01519640410775	6.94044784003456	7.14546483287167	7.16782794342023	6.8736476562819	6.8604197866415
ENSG00000279968.3	6.6950477566315	6.80972966199624	6.70730724183813	6.66435240536893	6.59133753825452	6.43935831587626	6.65711701827342	6.71556510257389
ENSG00000024862.18	7.40190410202062	7.56526380531823	7.46815828495789	7.51745639052461	7.3490918626578	7.37752396094456	7.24442409608208	7.44172872617975
ENSG00000203734.13	6.64821876902176	6.59090765639085	6.70730724183813	6.59853369009248	6.43935831587626	6.43935831587626	6.59340998201429	6.66499475927517
ENSG00000225415.2	8.53528924512736	7.98962152577388	8.85334164521863	7.73707908320655	8.71339224026813	8.34446818342049	9.46489747885494	8.16886621714788
ENSG00000135597.19	7.7413835475084	7.74224866825456	7.8592262760543	7.77906373948945	7.83478345079549	7.73635120557041	7.91538379376805	7.74055910340779
ENSG00000146386.8	7.26424750246052	7.45754308492482	6.90214012777943	7.27052005651109	7.19107340526396	7.502619290972	7.32412257582945	7.27283391984739
ENSG00000112406.5	8.29246787075541	8.32507617524896	7.94270691255159	8.30782544105283	8.11649858103912	8.13053369195952	8.28472048694752	8.51889988428245
ENSG00000164440.15	7.48240614695841	7.04145533499291	7.23426748932137	6.96464476970857	7.5775261695505	7.18384980236706	7.33664123728787	7.31508878620013
ENSG00000164442.11	9.64561133159718	10.9304313652473	9.93884261986539	11.2878528944268	9.64628879632725	10.5496904609624	10.1042427742835	11.8232977851492
ENSG00000238099.3	6.58710938520095	6.70160896022124	6.65824228849862	6.66435240536893	6.70235148984962	6.66112256367871	6.65711701827342	6.71556510257389
ENSG00000219806.1	8.02424894652565	8.01399515912775	8.09906091927491	8.0281400779575	8.02409403705657	8.10091963863362	8.08549559786007	7.9783516670837
ENSG00000205695.3	6.82925412814796	7.04145533499291	7.03512952892631	7.03108379795622	6.9843346155731	6.85322918326179	6.92445549075663	6.8604197866415
ENSG00000236013.8	6.64821876902176	6.70160896022124	6.59420680516964	6.71477957466235	6.43935831587626	6.43935831587626	6.65711701827342	6.71556510257389
ENSG00000234147.4	6.58710938520095	6.59090765639085	6.65824228849862	6.85922707273188	6.43935831587626	6.59624643103017	6.43935831587626	6.71556510257389
ENSG00000270983.1	7.57380559050133	7.68667566748816	7.71223310073222	7.85067545762235	7.5775261695505	7.6311221033865	7.61067500802485	7.66017771161906
ENSG00000009844.16	8.19814131910634	8.24334254619805	8.29314790714876	8.36380300633914	8.48319436760606	8.40672544585835	8.29953154526268	8.3177325573082
ENSG00000112414.15	8.48562487284833	8.77867110421822	7.90868459005715	8.4503474615651	7.51099567843774	7.81649810890002	7.97494782196698	8.68506078684053
ENSG00000010818.11	8.98503811498988	8.68712164267951	8.97397106060727	8.61584806656413	8.98779942596073	8.99475684511874	8.88759409451246	8.71971549603748
ENSG00000232618.2	6.58710938520095	6.43935831587626	6.70730724183813	6.43935831587626	6.74289715357801	6.43935831587626	6.65711701827342	6.59898859408845
ENSG00000229017.7	6.76916552526763	6.43935831587626	6.84787938213258	6.59853369009248	6.59133753825452	6.71082973304335	6.74702469803714	6.71556510257389
ENSG00000146416.19	8.26492382395191	8.00187314249238	8.27810420944299	8.0149232431288	8.18135214003151	8.13636891171056	8.27474689705324	7.95040320913262
ENSG00000216642.1	8.57587183772314	8.58115492014318	8.22131384117443	8.18763502939763	8.16012227349574	8.18764382388738	8.12580929809181	8.17471699718002
ENSG00000217648.1	7.5824706789755	7.53712000475837	7.5599164488945	7.63816271278865	7.49106777286467	7.64944708244119	7.60152565292806	7.63188578005326
ENSG00000189007.16	7.42274436180699	7.12761863691294	7.61642462857309	7.27052005651109	7.52079799556434	7.2868549344026	7.55441649012552	7.12894230165379
ENSG00000034693.15	7.62465812806249	7.47810826308903	7.73685703636698	7.59960123566234	7.75343165017171	7.64944708244119	7.58296131680631	7.56247942439768
ENSG00000278206.1	6.64821876902176	6.43935831587626	6.81775463736341	6.59853369009248	6.74289715357801	6.43935831587626	6.7059310337478	6.66499475927517
ENSG00000229036.7	7.02655928775741	6.96172395444198	7.03512952892631	6.9149699960699	7.02423010627822	6.85322918326179	7.154911022967	6.8604197866415
ENSG00000001036.14	9.08297984167022	8.93032061459397	9.17708869102829	8.97854629806007	8.92721159487215	8.67177860268305	9.0155888402755	8.82560465980764
ENSG00000112419.15	8.65343137132532	8.62604676434198	8.84033693977305	9.25426225289806	8.68893988058573	9.08448770740364	9.01274512209248	9.33983916904674
ENSG00000135521.9	7.34740369896762	7.53712000475837	7.43535750935192	7.48466534449845	7.64825748526627	7.51315796183049	7.43042048399668	7.49862191757299
ENSG00000270890.1	6.85599478395576	6.80972966199624	6.70730724183813	6.88799280253678	6.77856944871386	6.8227146949241	6.78317777422319	6.94186705247055
ENSG00000118495.21	8.67043654199227	8.46578605826483	8.75258170419509	8.55302376670462	8.55154324053547	8.69442253735363	8.83344878943352	8.83609469865493
ENSG00000169976.7	8.33705591655575	8.41916171161722	8.370443296528	8.21038579268428	8.34368349591912	8.31967505546413	8.30442945904668	8.17471699718002
ENSG00000135604.11	6.58710938520095	6.80972966199624	6.70730724183813	7.12701163853944	6.59133753825452	6.71082973304335	6.74702469803714	6.82938173877161
ENSG00000217027.1	12.9800410923077	13.0685027458196	13.1796759321967	13.1343108613862	12.9619573630926	12.9184479116451	13.020507659817	12.9556676923962
ENSG00000152818.20	9.61540227914068	9.63795484864594	9.88444100318903	10.077192678185	9.61252237980483	10.2640621461163	10.0291451378587	10.4771709882086
ENSG00000219409.2	6.6950477566315	6.70160896022124	6.74861155170608	6.7945679420554	6.70235148984962	6.71082973304335	6.7059310337478	6.43935831587626
ENSG00000289850.1	6.43935831587626	6.43935831587626	6.84787938213258	6.43935831587626	6.74289715357801	6.78948382610015	6.74702469803714	6.43935831587626
ENSG00000112425.16	7.18475458628006	7.20350296362254	7.12570350423684	7.16159600164277	7.21987687823564	7.04287267906183	7.12223304218743	7.18030257494647
ENSG00000288056.1	6.43935831587626	6.59090765639085	6.70730724183813	6.71477957466235	6.65419024516067	6.66112256367871	6.43935831587626	6.71556510257389
ENSG00000280184.2	6.58710938520095	6.70160896022124	6.74861155170608	6.59853369009248	6.70235148984962	6.59624643103017	6.43935831587626	6.71556510257389
ENSG00000118496.5	8.37161373376247	8.28248000506604	8.28313915851567	8.66402023869409	8.39781767574374	8.38314329819754	8.26972968661156	8.38840069474481
ENSG00000235652.11	7.26424750246052	7.05970936267722	7.49978479649954	7.32621709880648	7.54009405689529	7.42513829273537	7.36110563055957	7.16361990109882
ENSG00000146414.17	7.84624563766608	7.71086387004231	7.90868459005715	7.5897156223468	7.9686825551829	7.78516739639465	7.85962159047878	7.89232771945194
ENSG00000118508.5	8.46994923585601	8.2630670078437	8.22131384117443	8.0149232431288	8.16012227349574	8.0643727506272	8.21314179814503	7.94330664897457
ENSG00000228283.3	7.50143111481955	7.47810826308903	7.40126016169906	7.41520286082544	7.37255303911769	7.40166807788686	7.29847011027295	7.31508878620013
ENSG00000233452.9	6.76916552526763	6.7776134688375	6.70730724183813	6.7945679420554	6.59133753825452	6.78948382610015	6.74702469803714	6.79557899802678
ENSG00000164506.16	8.9580499433492	9.29773226642731	8.89789336506698	9.2259264095279	8.77757669509612	9.01848361199128	8.93664226649903	9.30319311797272
ENSG00000273997.1	8.39692235146039	8.23335991349126	8.9196294615333	8.49150723908849	9.27217814193674	8.92098632541934	8.53596863275223	8.45996536993317
ENSG00000220494.4	8.42173387465941	8.5542354393839	8.40737441325109	8.4410179433635	8.5238367963415	8.81249245413709	8.46910642995349	8.68115356262904
ENSG00000203727.4	7.96000526529684	7.63647635145749	7.92241820840479	7.35264675280945	7.66516905996988	7.49195645196654	7.96198086873598	7.32867691594172
ENSG00000111961.19	9.57408780777654	9.77350455157927	9.5642625460008	9.47103867039146	9.61252237980483	9.86074873836817	9.54276126231227	9.80535239924704
ENSG00000217824.1	7.57380559050133	7.53712000475837	7.20495732381457	7.43897863030172	7.20562298294026	7.32698938300757	7.33664123728787	7.28717967992664
ENSG00000111962.8	8.17337202565004	8.07276881804544	8.10489811059936	8.23271820651057	8.13304510001667	8.26855291877165	8.2443318321941	8.33833386910333
ENSG00000219487.2	7.7413835475084	7.71086387004231	7.66111972875557	7.83516984902588	7.85593675118672	7.727987484491	7.57354186617709	7.71446479958611
ENSG00000055208.20	8.91372015502823	8.85198731940245	8.90413943423183	9.00631134828557	8.99343124550166	8.97971491653047	8.81709939131794	9.13493887705805
ENSG00000219553.2	7.42274436180699	7.33463785012026	7.28957509974307	7.43897863030172	7.46031916101711	7.54406502806642	7.45232310044787	7.3681050056998
ENSG00000289045.1	6.6950477566315	6.59090765639085	6.43935831587626	6.59853369009248	6.59133753825452	6.43935831587626	6.7059310337478	6.59898859408845
ENSG00000131013.4	8.00708261705269	8.03194214479003	8.20535612129094	8.18763502939763	8.22272429120706	8.19320846472767	8.18652459116081	8.1978402696195
ENSG00000055211.14	9.03488675628522	9.09290696229997	9.20487325136217	9.65678589450045	9.14237665836647	9.30653219916277	9.1429846164763	9.35899612408008
ENSG00000233330.1	6.6950477566315	6.65358313805485	6.43935831587626	6.59853369009248	6.43935831587626	6.71082973304335	6.59340998201429	6.66499475927517
ENSG00000220848.5	7.15611003539891	7.02259645964244	7.14232897471387	7.10899739952712	7.17621052194296	7.31384000488249	7.06980315318122	7.21249796257827
ENSG00000202343.1	6.58710938520095	6.65358313805485	6.65824228849862	6.71477957466235	6.59133753825452	6.71082973304335	6.59340998201429	6.43935831587626
ENSG00000186625.14	7.87903900284121	7.79498917829912	7.61642462857309	7.81943806550966	7.58665669470262	7.78516739639465	7.82326641368976	7.89232771945194
ENSG00000131023.13	8.15318303719619	8.11221983375721	8.18374712640244	8.14675831722519	8.23788289567133	8.23146200058938	8.28967723591713	8.32807577091589
ENSG00000120253.14	7.93571216101591	7.96471600692484	7.90868459005715	7.90327224297391	7.79118566849827	7.84693753072067	7.82326641368976	7.92174355293815
ENSG00000120265.21	8.37161373376247	8.50674489030678	8.29314790714876	8.51823142003907	8.27741187030062	8.42066653656792	8.38945413730409	8.53212517402509
ENSG00000219433.2	6.85599478395576	6.80972966199624	6.99450908177647	6.9149699960699	7.14546483287167	6.8227146949241	6.97026181459213	6.98928066440998
ENSG00000120256.11	7.07843383662775	6.83922341908603	7.09108446280084	7.14453248643456	7.11320248327584	7.06236787266546	7.2158380607488	7.18030257494647
ENSG00000217733.2	8.24621259093973	8.33895666660245	8.28313915851567	8.17609705756851	8.2428942464101	8.33954879842997	8.20786490543752	8.11488125570062
ENSG00000164520.12	6.64821876902176	6.59090765639085	6.70730724183813	6.82827584508646	6.65419024516067	6.43935831587626	6.7059310337478	6.59898859408845
ENSG00000216906.2	6.58710938520095	6.43935831587626	6.65824228849862	6.71477957466235	6.65419024516067	6.59624643103017	6.65711701827342	6.43935831587626
ENSG00000203722.8	7.04437464747588	6.91664027450674	7.20495732381457	6.94044784003456	7.17621052194296	6.71082973304335	6.92445549075663	6.98928066440998
ENSG00000131015.5	6.43935831587626	6.70160896022124	6.65824228849862	6.66435240536893	6.59133753825452	6.71082973304335	6.59340998201429	6.66499475927517
ENSG00000111981.5	6.82925412814796	6.74204092910778	7.01519640410775	6.85922707273188	6.77856944871386	6.85322918326179	6.94789582579647	6.88926596466494
ENSG00000131019.11	7.26424750246052	6.96172395444198	7.24848656199303	6.96464476970857	7.07919306364178	7.1345826213474	7.34896630445935	7.18030257494647
ENSG00000198729.5	6.6950477566315	6.70160896022124	6.65824228849862	6.59853369009248	6.43935831587626	6.71082973304335	6.59340998201429	6.43935831587626
ENSG00000120278.17	8.10116457520489	7.85221901848855	8.16174408210921	7.78726249992622	7.79118566849827	7.68511125196689	8.03766208755717	7.92897752254266
ENSG00000213089.4	7.14131259564342	7.32249514707143	7.20495732381457	7.25593362173179	7.07919306364178	7.32698938300757	7.2158380607488	7.16361990109882
ENSG00000120254.16	8.69388104992368	8.34354941543457	8.98868781356674	8.27084434665789	9.02399683919909	8.99475684511874	9.0155888402755	8.5538710723008
ENSG00000218996.1	7.07843383662775	7.14350454528051	7.21976318525012	7.19447479440408	7.19107340526396	7.02268748670147	7.12223304218743	7.22805870833429
ENSG00000232290.1	7.15611003539891	7.33463785012026	6.74861155170608	7.09044865010935	6.86784265543588	7.18384980236706	6.92445549075663	7.12894230165379
ENSG00000219747.1	10.8963598245532	11.0225520338254	10.9860063814454	10.6672723375971	10.8001074851348	10.5457165278619	10.618622073114	10.6111648827057
ENSG00000131016.17	12.8647589274352	12.0717740499402	14.1552562446547	12.8542529671392	12.6821565437855	11.9412724484777	13.5117615168425	12.7876563149574
ENSG00000181472.5	7.98965565915041	7.85221901848855	8.29314790714876	7.78726249992622	8.1760796851549	7.80875146873545	8.26469194815268	7.99207206489774
ENSG00000155906.20	7.6885904864755	7.85916387826042	7.96920121745252	7.98802457655724	7.91704650159947	8.1479543955451	7.91538379376805	8.07112566949212
ENSG00000146476.11	7.99549418333944	8.03194214479003	8.00147196549371	8.19336292625704	7.9686825551829	8.1537052911248	8.00673329239189	8.03227402989139
ENSG00000120262.10	6.96933030555932	6.80972966199624	7.26243529216601	7.31266433276248	7.12953635870483	7.37752396094456	7.154911022967	7.25820899452454
ENSG00000091831.25	6.88107787728229	6.65358313805485	6.97297967273664	6.85922707273188	6.77856944871386	6.78948382610015	7.08778312657617	6.66499475927517
ENSG00000131018.25	9.68490846272976	9.70819161151382	9.68102658071495	9.518247134164	9.3908620310153	9.65887352729526	9.85969875279348	9.90559178427449
ENSG00000218792.2	6.76916552526763	6.86663834971125	6.95050159174117	6.82827584508646	6.65419024516067	6.90818894211843	6.84578904393387	6.66499475927517
ENSG00000217372.2	7.07843383662775	7.07741058769147	7.05438194769747	6.82827584508646	6.77856944871386	6.90818894211843	6.89977654313986	6.75813289054065
ENSG00000220745.2	6.92727869079218	7.00307188601783	7.09108446280084	6.96464476970857	7.07919306364178	6.90818894211843	7.01226888740702	7.07309757459527
ENSG00000112029.10	7.11066214356251	7.02259645964244	7.24848656199303	6.96464476970857	7.19107340526396	7.02268748670147	7.06980315318122	7.03275316416137
ENSG00000112031.16	7.50143111481955	7.61038434521122	7.38958189154179	7.72847454025851	7.60466017610213	7.77718778579345	7.61067500802485	7.62227113346484
ENSG00000091844.8	7.26424750246052	7.07741058769147	6.97297967273664	6.7945679420554	7.09643284881219	6.95716985536871	7.1706605785019	7.05327662428992
ENSG00000218426.5	11.363110177309	11.471866905381	11.4397205591142	11.1866240152531	11.3495641393948	11.2093257409505	11.1101608041327	11.0239227774927
ENSG00000217085.2	6.58710938520095	6.65358313805485	6.70730724183813	6.66435240536893	6.74289715357801	6.71082973304335	6.59340998201429	6.66499475927517
ENSG00000074706.14	6.76916552526763	6.86663834971125	6.59420680516964	6.75722721090719	6.65419024516067	6.88159019691735	6.74702469803714	6.71556510257389
ENSG00000153721.19	7.56506047187438	7.27193565334964	7.79213787144315	7.48466534449845	7.51099567843774	7.22980414512121	7.74661514479561	7.38083371180933
ENSG00000287260.2	6.82925412814796	6.65358313805485	6.92694345216041	6.71477957466235	6.74289715357801	6.59624643103017	6.8736476562819	6.59898859408845
ENSG00000275419.1	6.76916552526763	6.96172395444198	6.81775463736341	6.85922707273188	6.8403514729454	6.66112256367871	6.84578904393387	6.71556510257389
ENSG00000219146.1	9.17671147146879	9.26142428888856	9.20737161781028	8.99095628861083	9.00462547995482	8.86618806084234	9.42744636648029	9.42404550381768
ENSG00000213079.10	8.42989763399034	8.29207315061939	8.45207336949404	8.2600715011474	8.47905851731804	8.39262907377277	8.4648096252929	8.34850841306065
ENSG00000146426.19	7.3009847601845	7.40389744949579	7.42414244258766	7.48466534449845	7.40653793477524	7.22980414512121	7.36110563055957	7.3681050056998
ENSG00000274451.1	6.64821876902176	6.59090765639085	6.65824228849862	6.75722721090719	6.70235148984962	6.85322918326179	6.43935831587626	6.82938173877161
ENSG00000235381.1	6.58710938520095	6.59090765639085	6.74861155170608	6.43935831587626	6.70235148984962	6.8227146949241	6.74702469803714	6.59898859408845
ENSG00000029639.11	7.07843383662775	7.04145533499291	7.05438194769747	7.16159600164277	7.16101486394347	7.21481668735571	7.18605069584968	7.07309757459527
ENSG00000220347.1	6.73447480136818	6.65358313805485	6.70730724183813	6.75722721090719	6.70235148984962	6.71082973304335	6.59340998201429	6.79557899802678
ENSG00000049618.25	9.14141269101946	9.06137044647777	8.77335066724851	8.72562594922534	9.14740826872871	8.97060925570593	9.09290106363032	8.95279789458876
ENSG00000218596.2	8.13781480581551	8.10108220150691	7.94270691255159	7.85834589071616	7.91042120781572	7.73635120557041	7.85244753991654	7.77435952733184
ENSG00000215712.11	7.6491186765162	7.71086387004231	7.79980317571104	7.91058512894345	7.77624648061692	7.71105292743666	7.71430726161147	7.83887705215951
ENSG00000213078.3	7.5824706789755	7.44707726361988	7.44642870137219	7.45062524252812	7.69815726479008	7.727987484491	7.52497322330101	7.48753095159613
ENSG00000286482.2	6.82925412814796	6.65358313805485	6.78494942059072	6.71477957466235	6.74289715357801	6.75267309804514	6.78317777422319	6.71556510257389
ENSG00000175048.17	7.5824706789755	7.33463785012026	7.36572076328742	7.29887197002558	7.55899676174186	7.30046544496281	7.52497322330101	7.3681050056998
ENSG00000130340.17	10.343483636144	9.78937204541588	9.96528132125206	9.72399692697903	10.3661024622095	9.89569123064996	10.2924317963399	10.0067463293711
ENSG00000078269.15	8.70050372722694	8.18218049749399	8.76300666581861	8.48247426408445	8.78087059437128	8.5893037551035	8.64151781731655	8.17471699718002
ENSG00000122335.17	8.38854247224846	8.11221983375721	8.68825213213142	8.50493869825132	8.5863174055426	8.49254548200238	8.49037682726463	8.39329948252892
ENSG00000272047.4	8.15826221817368	8.24334254619805	8.29314790714876	8.46421504458824	8.17078404725026	8.13053369195952	8.18113013739764	8.18633398517082
ENSG00000130338.13	8.02424894652565	7.82398544242565	8.0573685887661	7.88849986554341	7.99979733816824	8.070543514736	8.12580929809181	7.79085959083904
ENSG00000188451.8	8.61874601296489	8.4277669130743	8.68090749028939	8.39816621703521	8.83249826642927	8.61340270592681	8.68219233661267	8.56246826584081
ENSG00000146433.10	8.85911775580329	8.95641208846371	8.73502310829623	9.01240524276027	8.7609840334214	8.92414156570665	8.80719313591389	9.1293356695438
ENSG00000218226.1	7.06165156972064	7.11132852487279	7.20495732381457	7.10899739952712	7.09643284881219	7.16782794342023	7.1706605785019	7.27283391984739
ENSG00000146425.11	8.28791966240273	8.22833783965721	8.23183726740843	8.21600742452963	8.32510643283532	8.16512492539063	8.25963348981326	8.15707849028864
ENSG00000164674.17	7.06165156972064	6.86663834971125	7.23426748932137	7.03108379795622	6.9411167951386	6.95716985536871	7.13877762248489	6.96613105083845
ENSG00000092820.19	8.72342550553316	9.02636521528052	9.06828844153668	9.00019008178648	8.76764590664555	8.5893037551035	8.81709939131794	8.92373780425114
ENSG00000243775.2	8.21276310740794	8.1396147573603	8.25261602519928	8.5093848644557	8.17078404725026	8.33954879842997	8.29461419602058	8.34343148961127
ENSG00000213076.3	7.46296681662396	7.42575936841455	7.43535750935192	7.47346354243093	7.61353718986338	7.6311221033865	7.52497322330101	7.41789235457719
ENSG00000130363.13	7.53832524413779	7.61915959597515	7.73685703636698	7.70221924781346	7.79118566849827	7.81649810890002	7.63761678562617	7.55213766364878
ENSG00000271913.9	6.82925412814796	6.98280971378101	6.87587918695416	6.75722721090719	6.70235148984962	6.88159019691735	6.99168415881239	6.98928066440998
ENSG00000164694.17	7.71155094230012	7.29763067505793	7.81497005132884	7.6752671697904	7.40653793477524	7.33992354409416	8.11443058436105	7.84667536170827
ENSG00000216480.2	9.0978228445772	9.24523562480958	8.98282020715588	8.91146492188363	8.83249826642927	8.82950422179242	8.86873173066291	8.76087679576411
ENSG00000276413.1	6.76916552526763	6.43935831587626	6.43935831587626	6.59853369009248	6.59133753825452	6.66112256367871	6.65711701827342	6.66499475927517
ENSG00000291237.1	11.2154248403958	11.6434769329866	11.1654497856472	12.15834118152	11.9417835796738	11.9230592482709	10.7715313166686	11.5892020077071
ENSG00000220305.1	8.11175216568132	8.02000857201118	8.04517823456318	8.11668125922711	8.23788289567133	8.23682998032501	7.96848288894374	7.97142893434587
ENSG00000146457.16	8.56858695197684	8.6800816998741	8.72793416102032	8.84087994853201	8.8101557991795	8.61340270592681	8.53188987664903	8.66144183438734
ENSG00000120437.9	7.32453580139174	7.45754308492482	7.32856396165289	7.28482816674212	7.23385110540525	7.21481668735571	7.13877762248489	7.24328953958212
ENSG00000120438.12	9.4708029184766	9.52651056324448	9.46207547951528	9.56799771626202	9.48061561904771	9.47273393623078	9.35161816094331	9.45768594874008
ENSG00000112110.10	8.04116367647417	8.17167967716356	8.12223885824832	8.05412926593012	8.05960714307928	8.02664535710509	7.91538379376805	7.95745534025701
ENSG00000197081.16	11.5409707689973	11.4136925320394	11.3215869012203	11.2317902999601	11.4510094368789	11.2531527249497	11.4267668979086	11.3670766786176
ENSG00000146477.6	6.43935831587626	6.86663834971125	6.59420680516964	6.43935831587626	6.70235148984962	6.59624643103017	6.43935831587626	6.59898859408845
ENSG00000224477.5	6.58710938520095	6.74204092910778	6.59420680516964	6.66435240536893	6.77856944871386	6.59624643103017	6.65711701827342	6.66499475927517
ENSG00000122194.20	6.92727869079218	7.04145533499291	7.14232897471387	7.14453248643456	7.09643284881219	7.27299680592007	6.97026181459213	6.98928066440998
ENSG00000292246.1	6.76916552526763	6.65358313805485	6.74861155170608	6.82827584508646	6.70235148984962	6.75267309804514	6.7059310337478	6.8604197866415
ENSG00000272841.1	7.71909075774064	7.04145533499291	7.09108446280084	6.82827584508646	7.46031916101711	6.90818894211843	7.1706605785019	6.59898859408845
ENSG00000085511.20	8.47388616513824	8.20803992579713	8.16174408210921	7.96742630626945	8.62759632820502	8.34446818342049	8.27974376845071	7.9783516670837
ENSG00000026652.15	7.839566571993	7.71086387004231	7.54030446467574	7.51745639052461	7.91042120781572	7.7930871569908	7.76239860022902	7.6876865873111
ENSG00000185345.25	6.98910180233029	6.96172395444198	6.95050159174117	7.05155119182893	6.9411167951386	6.90818894211843	6.92445549075663	7.11087928794033
ENSG00000217557.1	7.34740369896762	7.24532990394283	7.15854104139589	7.42717312377348	6.96319099458342	7.16782794342023	7.29847011027295	7.25820899452454
ENSG00000270419.2	6.64821876902176	6.59090765639085	6.65824228849862	6.59853369009248	6.70235148984962	6.71082973304335	6.59340998201429	6.43935831587626
ENSG00000112531.17	9.50241083583416	9.69812892253352	9.41558395307833	9.72581897779532	9.54811711675417	9.61746544183459	9.59798290428779	9.75961077139578
ENSG00000112541.19	6.80048767211086	6.80972966199624	6.43935831587626	6.59853369009248	7.02423010627822	7.00173781955444	6.7059310337478	6.66499475927517
ENSG00000216624.3	10.5738712763203	10.3663178352987	10.4636838565724	10.0969552762014	10.2607148356472	10.6089662210183	10.1965479228788	9.9327509701306
ENSG00000213536.2	7.3009847601845	7.42575936841455	7.6434846476837	7.5897156223468	7.53049652038317	7.64944708244119	7.55441649012552	7.64140692518333
ENSG00000198818.10	7.71909075774064	7.86606472963437	7.79980317571104	8.00825750104161	7.64825748526627	7.84693753072067	7.66383909367207	7.99887091107689
ENSG00000233231.1	6.58710938520095	6.65358313805485	6.65824228849862	6.66435240536893	6.86784265543588	6.71082973304335	6.65711701827342	6.71556510257389
ENSG00000286760.3	6.6950477566315	6.70160896022124	7.03512952892631	6.88799280253678	6.8403514729454	6.85322918326179	6.92445549075663	6.91631837934757
ENSG00000060762.20	7.64103263573616	7.59259093712928	7.59795691758673	7.76247195917332	7.4706875236321	7.60297351313665	7.45232310044787	7.74055910340779
ENSG00000071242.12	10.670866239882	11.4433220459274	10.7923914135028	11.4368772453191	10.952756633555	11.8878852123907	10.5863551175054	11.5431172957742
ENSG00000232082.1	6.43935831587626	6.59090765639085	6.65824228849862	6.43935831587626	6.65419024516067	6.71082973304335	6.43935831587626	6.71556510257389
ENSG00000235272.3	7.63287959510278	7.74224866825456	7.56957062449411	7.71104619633136	7.68179846469262	7.62182953188988	7.53489200646806	7.71446479958611
ENSG00000235008.1	7.21224938124028	7.17416839145007	7.14232897471387	7.16159600164277	7.55899676174186	7.76104446668259	7.25830639574145	7.4298931698597
ENSG00000026297.17	7.32453580139174	7.11132852487279	7.26243529216601	7.22586302421196	7.3490918626578	7.27299680592007	7.40794524758021	7.34203568759579
ENSG00000213066.14	7.46296681662396	7.41489871223988	7.55016197307786	7.43897863030172	7.63969203824786	7.5837409700516	7.51494615070391	7.39336951568624
ENSG00000130396.22	8.09048117988158	8.19259068988042	7.96920121745252	8.06053677638145	8.18135214003151	8.28925591267582	8.04980569809878	8.16886621714788
ENSG00000230711.2	7.11066214356251	7.14350454528051	7.14232897471387	7.31266433276248	7.11320248327584	7.2868549344026	7.28531745965193	7.18030257494647
ENSG00000286826.1	6.6950477566315	6.59090765639085	6.92694345216041	6.59853369009248	6.77856944871386	6.59624643103017	6.74702469803714	6.66499475927517
ENSG00000223485.5	6.80048767211086	6.91664027450674	6.74861155170608	6.59853369009248	6.70235148984962	6.66112256367871	6.84578904393387	6.79557899802678
ENSG00000226445.2	7.04437464747588	7.00307188601783	6.95050159174117	6.82827584508646	6.77856944871386	6.97993461237282	6.99168415881239	6.91631837934757
ENSG00000186340.17	11.6237486529145	10.8403374821188	11.2258528242461	10.5082309195056	10.6862541045916	10.6557892973028	11.3559508401341	10.9317073014538
ENSG00000272848.2	6.73447480136818	6.83922341908603	6.90214012777943	6.82827584508646	6.81077545829778	6.66112256367871	6.65711701827342	6.59898859408845
ENSG00000184465.16	7.87903900284121	7.6948027216387	7.935984770437	7.62866455534041	7.79118566849827	7.62182953188988	7.70606875678137	7.44172872617975
ENSG00000185127.7	8.82043965366646	8.87657798614574	8.81727107329092	8.95655241544534	8.94188458683041	8.97060925570593	8.89692725470534	9.00297258132658
ENSG00000130024.15	8.46203884409634	8.61496757573041	8.50793608337051	8.61584806656413	8.74079598417664	8.82950422179242	8.44747641996916	8.66540784782071
ENSG00000184786.6	6.88107787728229	6.83922341908603	6.95050159174117	7.0098403901942	6.8403514729454	6.85322918326179	6.84578904393387	6.94186705247055
ENSG00000130023.16	7.85288378024292	7.74224866825456	7.85197485447261	7.96742630626945	7.78374251085235	7.88382346882906	7.80837343534679	7.78264182386985
ENSG00000266896.1	6.58710938520095	6.59090765639085	6.59420680516964	6.71477957466235	6.59133753825452	6.43935831587626	6.65711701827342	6.59898859408845
ENSG00000229214.2	6.58710938520095	6.65358313805485	6.43935831587626	6.59853369009248	6.65419024516067	6.59624643103017	6.74702469803714	6.59898859408845
ENSG00000198719.9	8.00130305110178	7.63647635145749	7.09108446280084	7.03108379795622	7.44982701895604	7.51315796183049	7.154911022967	7.18030257494647
ENSG00000112584.14	8.49725714442751	8.36626378407667	8.57751333723246	8.50493869825132	8.5238367963415	8.55229808658262	8.34293332358872	8.57525826484737
ENSG00000288829.1	6.73447480136818	6.65358313805485	6.70730724183813	6.71477957466235	6.43935831587626	6.59624643103017	6.7059310337478	6.75813289054065
ENSG00000008018.9	8.9634906351783	8.98201141989354	8.83378706131424	8.89830195359346	8.6711925428509	8.81932309661598	8.8938233672057	8.74605614745847
ENSG00000112592.15	7.31284912597803	7.23165671836133	7.5599164488945	7.50665748875958	7.48093586964645	7.61244741220389	7.39648013019841	7.56247942439768
ENSG00000071994.11	8.13264777294881	8.32507617524896	7.96920121745252	8.1348184920743	8.03605297951628	8.23682998032501	8.08549559786007	8.15707849028864
ENSG00000287411.1	6.58710938520095	6.74204092910778	6.59420680516964	6.43935831587626	6.65419024516067	6.66112256367871	6.59340998201429	6.75813289054065
ENSG00000230423.3	6.73447480136818	6.65358313805485	6.70730724183813	6.82827584508646	6.70235148984962	6.43935831587626	6.59340998201429	6.71556510257389
ENSG00000280279.1	7.06165156972064	6.86663834971125	7.21976318525012	7.25593362173179	7.24756026874977	7.15141483343935	7.2158380607488	7.07309757459527
ENSG00000280136.2	7.14131259564342	7.24532990394283	7.52026877270809	7.36554313971766	7.16101486394347	7.22980414512121	7.50480766329044	7.24328953958212
ENSG00000181031.16	6.64821876902176	6.65358313805485	6.74861155170608	6.71477957466235	6.65419024516067	6.85322918326179	6.78317777422319	6.8604197866415
ENSG00000187624.9	7.07843383662775	6.91664027450674	6.99450908177647	6.7945679420554	7.04314031960162	6.78948382610015	7.01226888740702	6.8604197866415
ENSG00000183688.4	8.21759817148985	8.76218646974946	8.06341626803668	8.5487255424393	8.42835549183071	8.62922532976403	8.48191097539623	9.01828030141809
ENSG00000141252.21	8.46203884409634	8.58874495821816	8.42992040643093	8.46421504458824	8.32977669187921	8.36877934366584	8.43872067087854	8.48750252263373
ENSG00000167695.15	7.75598276436193	7.72667604685279	7.66111972875557	7.62866455534041	8.00591985185651	8.1479543955451	7.93559150993702	7.80710639623428
ENSG00000179409.11	7.94183480894215	8.02000857201118	7.81497005132884	8.0412074448204	7.85593675118672	7.78516739639465	8.00673329239189	7.90713315431907
ENSG00000167699.14	8.13264777294881	8.02599077399634	8.11648675706211	8.09205822006813	8.11093141227087	7.7930871569908	8.13708012008034	8.06473967964075
ENSG00000171861.11	7.23871374446255	7.21771925882314	7.23426748932137	7.25593362173179	7.28722563583692	7.21481668735571	7.33664123728787	7.27283391984739
ENSG00000167693.17	9.14617179263423	9.0533715079059	8.80391011547124	8.71049151044194	9.08314923177085	9.23054109669968	8.66754660664733	8.37854565068615
ENSG00000263017.1	7.06165156972064	7.12761863691294	6.81775463736341	6.96464476970857	6.86784265543588	7.16782794342023	7.06980315318122	6.94186705247055
ENSG00000177370.5	7.66509522035338	7.70286503005945	7.79213787144315	7.60938623084126	7.72221148996982	7.80094816099002	7.67242820249571	7.4298931698597
ENSG00000159842.16	9.98889128389909	9.64321445586257	10.0945608688548	9.77238610828172	10.2584344524274	9.87355492465126	10.1211241235649	9.84630263499254
ENSG00000108953.17	10.4167673956829	10.5506722475971	10.5150893102466	10.7035046755307	10.6204433722496	10.6108687941325	10.3140208657065	10.4432787277078
ENSG00000167193.8	9.17438614033341	9.44428876460594	9.10103401235088	9.32145338498022	9.17721794624695	9.32783680999739	9.17370194928542	9.41493628822727
ENSG00000197879.17	10.3726519138846	10.7634800850075	10.5949957861857	10.9194395063542	10.4945641962456	11.2754738280475	10.7104283433187	11.0902803424053
ENSG00000132376.20	8.00708261705269	8.12873241114287	8.08137386557052	8.35380995258763	7.94959585241535	8.17643700071364	8.09715487552138	8.49203507309926
ENSG00000236618.3	6.80048767211086	6.7776134688375	6.84787938213258	6.59853369009248	6.77856944871386	6.71082973304335	6.81581663390162	6.75813289054065
ENSG00000174238.16	8.67717759815656	8.99043852029527	8.72793416102032	9.01847202186517	8.92129759004362	9.12588164552901	8.86238512377473	9.12652548064645
ENSG00000167703.15	7.40190410202062	7.42575936841455	7.65234145533654	7.51745639052461	7.64825748526627	7.42513829273537	7.4192569214772	7.19658682376258
ENSG00000074660.17	6.85599478395576	7.02259645964244	6.70730724183813	6.85922707273188	6.74289715357801	6.85322918326179	6.74702469803714	6.91631837934757
ENSG00000167705.12	7.23871374446255	7.42575936841455	7.18983193912691	7.14453248643456	7.09643284881219	7.41348430139145	7.24442409608208	7.27283391984739
ENSG00000174231.18	10.755631968832	10.7840665620615	10.6689050278094	10.6301010812676	10.7867545718908	10.8348549527521	10.6313282484244	10.8162065802552
ENSG00000185561.10	7.91088070518703	8.56584072807875	8.61676549708676	9.20230293330175	8.38450091547393	8.96450474217017	8.47765699953752	9.07493316704066
ENSG00000186594.16	8.2272110559286	8.89773272630195	8.48245542696521	9.10354222909941	8.58249921549205	9.0066718630987	8.42547303809032	8.93995916835324
ENSG00000167716.19	8.42989763399034	8.65514150751643	8.27304862473266	8.27619562301593	8.09407091542717	8.23146200058938	8.38487874131559	8.50553757270671
ENSG00000167711.14	6.6950477566315	6.74204092910778	6.65824228849862	6.71477957466235	6.70235148984962	6.59624643103017	6.59340998201429	6.71556510257389
ENSG00000132386.11	11.1710213266367	10.8598583455033	10.906846777516	10.7794391011519	11.1532272237533	10.9860181587155	11.2612118718116	11.1883627971199
ENSG00000186532.12	7.5107952635334	7.33463785012026	7.54030446467574	7.52812918500009	7.67351829167121	7.40166807788686	7.50480766329044	7.48753095159613
ENSG00000132383.12	8.88525777259112	8.55811541232809	8.6845849202979	8.64416291082648	8.70645185467972	8.67177860268305	8.93664226649903	8.74605614745847
ENSG00000108958.4	8.25091721851369	8.15039873956335	8.10489811059936	8.19336292625704	8.07696564776635	8.09490683036118	8.07371951010923	8.16298682314211
ENSG00000108963.19	7.57380559050133	7.72667604685279	7.66111972875557	7.63816271278865	7.5775261695505	7.64032726805419	7.58296131680631	7.63188578005326
ENSG00000177374.13	8.1683565065201	8.12325369656868	8.22658690787074	8.11668125922711	7.9812306475363	7.77718778579345	8.26972968661156	8.1978402696195
ENSG00000070366.14	8.42989763399034	8.22329500281197	8.55338118446611	8.15858005660758	8.32510643283532	8.24749574962576	8.58000746612736	8.37854565068615
ENSG00000167720.13	7.43297652662458	7.15901313005303	7.45736078985131	7.37823908357656	7.299997787177	7.38968347960865	7.37306654578911	7.4298931698597
ENSG00000262333.1	7.61636675617904	7.63647635145749	7.71223310073222	7.95348325587438	7.74571447980836	7.61244741220389	7.73863257810524	7.88484987668438
ENSG00000167721.11	8.26492382395191	8.49459388201078	8.24745430738549	8.29211160523288	8.3482849188608	8.60541904039174	8.28967723591713	8.31252853124417
ENSG00000289388.1	6.43935831587626	6.43935831587626	6.59420680516964	6.66435240536893	6.59133753825452	6.66112256367871	6.65711701827342	6.66499475927517
ENSG00000141258.13	8.89956394731642	8.87962048488431	8.87897983388193	8.79167562953452	8.85135720204444	8.57298670203543	9.02408459447808	8.85339798776488
ENSG00000263345.1	6.85599478395576	6.83922341908603	6.65824228849862	6.75722721090719	6.91798309639808	6.75267309804514	6.84578904393387	6.8604197866415
ENSG00000070444.15	8.46994923585601	8.48232685578834	8.17279589303508	8.16444748080062	8.24788516076232	8.32467327448803	8.09715487552138	8.33321536075852
ENSG00000127804.13	8.22241409684571	7.84522946153912	8.14497304512813	8.03469219569345	8.09971787324824	8.05193250916527	8.38487874131559	8.13314905527914
ENSG00000243049.3	6.76916552526763	6.59090765639085	6.43935831587626	6.66435240536893	6.43935831587626	6.43935831587626	6.43935831587626	6.66499475927517
ENSG00000007168.14	9.75269065948184	9.77828351251405	9.81174603453504	9.90033058560426	9.72649858543091	9.87196046175871	9.76838247830724	9.85301406898407
ENSG00000279432.1	6.43935831587626	6.65358313805485	6.65824228849862	6.59853369009248	6.59133753825452	6.66112256367871	6.43935831587626	6.71556510257389
ENSG00000239884.3	6.76916552526763	6.74204092910778	6.65824228849862	6.43935831587626	6.43935831587626	6.66112256367871	6.43935831587626	6.66499475927517
ENSG00000132361.18	8.15318303719619	8.50674489030678	8.12223885824832	8.26546971698801	8.22779811446108	8.61737633078874	8.27474689705324	8.5710089022645
ENSG00000262050.2	6.43935831587626	6.65358313805485	6.59420680516964	6.66435240536893	6.59133753825452	6.75267309804514	6.43935831587626	6.59898859408845
ENSG00000132359.17	6.82925412814796	6.80972966199624	6.59420680516964	6.71477957466235	7.06144390694469	7.27299680592007	6.65711701827342	6.79557899802678
ENSG00000108381.11	7.61636675617904	7.83819450041638	7.56957062449411	7.71979742653821	7.439207131166	7.49195645196654	7.69776301465627	7.72323672758876
ENSG00000167723.15	6.76916552526763	6.80972966199624	6.95050159174117	6.94044784003456	6.89362786770973	6.88159019691735	6.84578904393387	6.8604197866415
ENSG00000196689.13	7.00815477285245	7.15901313005303	6.97297967273664	7.09044865010935	7.06144390694469	6.95716985536871	7.05126089458285	7.05327662428992
ENSG00000197417.9	6.90477164752875	6.93971032520683	6.65824228849862	6.75722721090719	6.81077545829778	6.66112256367871	6.99168415881239	6.8604197866415
ENSG00000040531.16	7.839566571993	7.84522946153912	7.98867305576415	7.77906373948945	7.99979733816824	7.91246546544061	8.12580929809181	8.21489734142359
ENSG00000262903.1	6.85599478395576	6.7776134688375	6.81775463736341	6.71477957466235	6.86784265543588	6.88159019691735	6.81581663390162	6.71556510257389
ENSG00000213977.8	7.18475458628006	7.11132852487279	7.37773757760165	7.22586302421196	7.32492677304778	7.31384000488249	7.37306654578911	7.34203568759579
ENSG00000257950.3	6.64821876902176	6.74204092910778	6.43935831587626	6.43935831587626	6.43935831587626	6.66112256367871	6.7059310337478	6.59898859408845
ENSG00000240898.1	7.93571216101591	7.77271004383747	7.6434846476837	7.82733273254756	7.80591697709899	7.55414222814662	7.84522578755965	7.66017771161906
ENSG00000127774.7	6.73447480136818	6.70160896022124	6.65824228849862	6.66435240536893	6.74289715357801	6.75267309804514	6.7059310337478	6.66499475927517
ENSG00000083454.23	6.64821876902176	6.43935831587626	6.43935831587626	6.66435240536893	6.65419024516067	6.71082973304335	6.65711701827342	6.43935831587626
ENSG00000083457.12	7.53832524413779	7.51787147673622	7.38958189154179	7.47346354243093	7.33710086212212	7.47024249410971	7.58296131680631	7.5416801600786
ENSG00000262692.1	6.6950477566315	6.70160896022124	6.59420680516964	6.75722721090719	6.8403514729454	6.66112256367871	6.7059310337478	6.43935831587626
ENSG00000177602.5	6.6950477566315	6.59090765639085	6.65824228849862	6.75722721090719	6.59133753825452	6.75267309804514	6.74702469803714	6.75813289054065
ENSG00000074356.17	8.4052470109877	8.36626378407667	8.60120602531062	8.57851839234251	8.55545334049	8.62133792383098	8.41656389468675	8.60876311695691
ENSG00000004660.15	7.04437464747588	6.86663834971125	7.03512952892631	6.88799280253678	7.06144390694469	6.85322918326179	7.37306654578911	7.05327662428992
ENSG00000074370.18	7.04437464747588	7.02259645964244	6.84787938213258	6.94044784003456	6.74289715357801	6.8227146949241	7.230272921022	7.28717967992664
ENSG00000074755.15	9.08049030965431	8.98201141989354	9.0205153834822	8.97229857671928	9.03766706038214	9.15812198412125	9.05479111662789	9.19778873844141
ENSG00000167740.10	7.84624563766608	7.89993177286897	7.94270691255159	8.0281400779575	8.07696564776635	8.07668191413005	8.01920454216644	7.90713315431907
ENSG00000185722.18	9.22914086617931	9.18339143315717	9.1923131857898	9.18632651883232	9.15492137167106	9.27517035886459	9.19629901383428	9.21372414005106
ENSG00000263219.1	8.31496178192373	8.23836141857293	8.27304862473266	8.3786450542677	8.35286948741553	8.56475077071181	8.29953154526268	8.45065294908546
ENSG00000132388.13	8.43800928521903	8.49459388201078	8.29812207835472	8.58271930592611	8.41099554728992	8.42987619303785	8.35707148468111	8.41270689566658
ENSG00000261868.1	8.2833546579029	8.12325369656868	8.25775611217378	8.26546971698801	7.91042120781572	7.75287839232026	8.03154225923845	8.04536930301524
ENSG00000132382.15	8.20303486025301	8.33895666660245	8.21069867931273	8.19336292625704	8.2428942464101	8.59335127857105	8.21314179814503	8.25379208268711
ENSG00000262519.1	8.87949255071503	9.09809322344961	8.87897983388193	9.03052524188799	9.08051522961713	8.87275166729762	8.71456307157741	8.86025741074243
ENSG00000188176.12	7.32453580139174	6.93971032520683	7.15854104139589	6.43935831587626	6.8403514729454	6.43935831587626	7.154911022967	6.71556510257389
ENSG00000141456.16	8.38010654815609	8.30632487509087	8.32755554436697	8.28152377518258	8.36652343830351	8.33954879842997	8.37105199435538	8.21489734142359
ENSG00000141480.18	7.18475458628006	7.24532990394283	7.47882545550073	7.24105354332556	7.299997787177	7.02268748670147	7.29847011027295	7.24328953958212
ENSG00000161920.11	7.25159134826769	7.25875213933517	7.31578320203042	7.21034358070588	7.23385110540525	7.15141483343935	7.12223304218743	7.07309757459527
ENSG00000161921.17	7.19863772985699	6.98280971378101	7.36572076328742	7.16159600164277	7.3490918626578	7.09953127654411	7.65517527402342	7.24328953958212
ENSG00000141497.14	6.64821876902176	6.65358313805485	6.59420680516964	6.71477957466235	6.59133753825452	6.75267309804514	6.65711701827342	6.59898859408845
ENSG00000182853.12	6.6950477566315	6.74204092910778	6.65824228849862	6.66435240536893	6.59133753825452	6.43935831587626	6.7059310337478	6.66499475927517
ENSG00000280254.1	6.90477164752875	6.83922341908603	6.90214012777943	6.71477957466235	6.70235148984962	6.66112256367871	6.92445549075663	6.8604197866415
ENSG00000182327.8	6.43935831587626	6.59090765639085	6.70730724183813	6.71477957466235	6.65419024516067	6.59624643103017	6.7059310337478	6.43935831587626
ENSG00000142507.10	8.63966708158241	8.39738957578104	8.42544314365684	8.27084434665789	8.33906507865624	8.32965151908977	8.28967723591713	8.18053948215222
ENSG00000129219.14	8.28791966240273	8.30159248656664	8.18374712640244	8.16444748080062	7.98745316308388	7.98764365952469	8.15378915905498	8.37358905731047
ENSG00000141503.17	9.12220991808059	9.07985484521226	8.98868781356674	8.84776404150134	8.85135720204444	8.77075935860729	9.12211885960787	8.96234783124113
ENSG00000230201.5	6.43935831587626	6.43935831587626	6.65824228849862	6.59853369009248	6.65419024516067	6.66112256367871	6.7059310337478	6.66499475927517
ENSG00000108556.10	6.43935831587626	6.65358313805485	6.59420680516964	6.75722721090719	6.70235148984962	6.66112256367871	6.43935831587626	6.43935831587626
ENSG00000205710.4	6.6950477566315	6.43935831587626	6.70730724183813	6.59853369009248	6.59133753825452	6.43935831587626	6.65711701827342	6.43935831587626
ENSG00000185245.9	6.76916552526763	6.86663834971125	6.65824228849862	6.71477957466235	6.77856944871386	6.71082973304335	6.78317777422319	6.75813289054065
ENSG00000108528.14	8.01855522723602	8.04375387383245	7.90175357110248	7.84295042916282	7.88351651281543	8.03935786641897	7.94224711233173	7.91446234634684
ENSG00000108523.16	8.61169737716196	8.84888163933955	8.7064370406981	8.97229857671928	8.56711342913726	8.62528756408755	8.64526792559267	8.71971549603748
ENSG00000108518.8	10.1570586835635	10.4844106065176	10.2869515748887	10.4934371610319	10.0552011521267	10.5703747225798	10.0911196472998	10.0955476031743
ENSG00000108515.18	7.23871374446255	7.38145303967408	7.12570350423684	7.19447479440408	6.89362786770973	6.97993461237282	7.08778312657617	7.16361990109882
ENSG00000091640.8	8.17337202565004	8.38414399277109	8.40737441325109	8.34878338909221	8.07120804896537	8.28925591267582	8.18652459116081	8.18633398517082
ENSG00000108509.21	8.39692235146039	8.50674489030678	8.37977799325249	8.43161956402546	8.20221471916534	8.27376134009851	8.41208574208337	8.5710089022645
ENSG00000262227.2	6.43935831587626	6.59090765639085	6.65824228849862	6.66435240536893	6.65419024516067	6.59624643103017	6.65711701827342	6.71556510257389
ENSG00000196388.9	7.07843383662775	6.96172395444198	7.108633685461	7.14453248643456	7.06144390694469	7.00173781955444	7.06980315318122	6.96613105083845
ENSG00000129250.12	10.2608671151877	10.6051269723377	10.6653432177518	11.0244349153596	10.5042062293271	11.0567246971878	10.4474377922388	10.9651598565204
ENSG00000132517.15	7.06165156972064	7.25875213933517	7.05438194769747	7.0098403901942	6.9843346155731	7.27299680592007	7.18605069584968	7.24328953958212
ENSG00000180787.6	7.15611003539891	7.11132852487279	7.05438194769747	7.19447479440408	7.11320248327584	7.21481668735571	7.12223304218743	7.24328953958212
ENSG00000234327.10	6.76916552526763	6.83922341908603	6.84787938213258	6.75722721090719	6.77856944871386	6.66112256367871	6.74702469803714	6.79557899802678
ENSG00000167840.14	7.11066214356251	6.86663834971125	7.108633685461	7.12701163853944	7.07919306364178	6.95716985536871	7.03210343032744	6.98928066440998
ENSG00000129204.17	6.64821876902176	6.70160896022124	6.43935831587626	6.71477957466235	6.70235148984962	6.66112256367871	6.7059310337478	6.66499475927517
ENSG00000180626.10	7.19863772985699	6.91664027450674	7.32856396165289	7.25593362173179	7.299997787177	7.27299680592007	7.29847011027295	7.16361990109882
ENSG00000261879.9	6.88107787728229	6.83922341908603	6.97297967273664	6.88799280253678	6.89362786770973	6.78948382610015	6.97026181459213	6.75813289054065
ENSG00000161929.15	6.64821876902176	6.65358313805485	6.59420680516964	6.59853369009248	6.43935831587626	6.85322918326179	6.43935831587626	6.43935831587626
ENSG00000029725.17	8.18829448588273	8.11221983375721	8.61676549708676	8.30782544105283	8.49960574968986	8.42527971417446	8.48191097539623	8.52332338582029
ENSG00000108559.13	7.6491186765162	7.72667604685279	7.84467468387166	7.79539814839956	7.82763930614689	7.83940786280983	7.58296131680631	7.87732084698278
ENSG00000129197.15	7.59956810832586	7.62785634402111	7.82992484977011	7.57972670055716	7.82044737567963	7.71105292743666	7.76239860022902	7.95040320913262
ENSG00000263272.1	6.73447480136818	6.8923522352928	6.90214012777943	6.88799280253678	6.86784265543588	6.8227146949241	7.12223304218743	7.03275316416137
ENSG00000108561.8	8.16331997210664	7.99576373928284	7.98867305576415	8.17028637515345	8.03605297951628	8.24749574962576	7.98137616765061	7.97142893434587
ENSG00000005100.13	7.83284596275836	7.92629744092217	7.76880258900063	8.02155059601731	7.93668938797086	7.98764365952469	7.83063603694373	8.10872894644836
ENSG00000072849.11	8.04116367647417	8.1396147573603	8.08729913876379	8.10443387078513	8.11649858103912	8.11877667325603	8.18113013739764	8.06473967964075
ENSG00000167842.16	7.61636675617904	7.5744605664324	7.59795691758673	7.61907318227621	7.3490918626578	7.49195645196654	7.48418315538238	7.53110350692585
ENSG00000091592.17	8.48562487284833	8.50270729574163	8.59335621347261	8.62805798866346	8.38450091547393	8.62133792383098	8.13708012008034	8.53212517402509
ENSG00000262961.1	6.73447480136818	6.70160896022124	6.59420680516964	6.43935831587626	6.81077545829778	6.59624643103017	6.65711701827342	6.66499475927517
ENSG00000179314.16	6.6950477566315	6.80972966199624	6.43935831587626	6.43935831587626	6.65419024516067	6.71082973304335	6.43935831587626	6.8604197866415
ENSG00000262818.1	6.6950477566315	6.70160896022124	6.65824228849862	6.7945679420554	6.43935831587626	6.43935831587626	6.74702469803714	6.75813289054065
ENSG00000129195.16	6.64821876902176	6.7776134688375	6.65824228849862	6.59853369009248	6.59133753825452	6.71082973304335	6.43935831587626	6.59898859408845
ENSG00000091622.16	6.82925412814796	6.74204092910778	6.59420680516964	6.71477957466235	6.89362786770973	6.8227146949241	6.78317777422319	6.79557899802678
ENSG00000198920.11	7.79161306754496	7.82398544242565	7.86642973277182	7.81943806550966	8.04198643940983	7.91246546544061	7.83063603694373	7.76601143632978
ENSG00000282936.2	6.90477164752875	6.74204092910778	6.92694345216041	6.7945679420554	7.02423010627822	6.85322918326179	6.81581663390162	6.88926596466494
ENSG00000129235.11	7.54732234933451	7.80958579722031	7.60723492303637	7.63816271278865	7.44982701895604	7.69383250369366	7.43042048399668	7.55213766364878
ENSG00000108590.11	7.11066214356251	7.05970936267722	6.99450908177647	7.16159600164277	7.14546483287167	6.8227146949241	7.01226888740702	7.05327662428992
ENSG00000256806.6	6.85599478395576	6.93971032520683	6.97297967273664	6.85922707273188	6.9843346155731	6.85322918326179	6.7059310337478	6.79557899802678
ENSG00000132530.17	7.69630188053823	7.15901313005303	7.61642462857309	7.29887197002558	7.64825748526627	7.35265173077004	7.473690062728	7.11087928794033
ENSG00000291084.1	6.58710938520095	6.7776134688375	6.65824228849862	6.66435240536893	6.65419024516067	6.59624643103017	6.43935831587626	6.59898859408845
ENSG00000215067.12	7.04437464747588	7.09460393922451	7.01519640410775	7.07131815276461	7.17621052194296	7.06236787266546	7.01226888740702	7.11087928794033
ENSG00000262089.1	6.85599478395576	6.7776134688375	6.81775463736341	6.7945679420554	6.8403514729454	6.95716985536871	6.65711701827342	6.66499475927517
ENSG00000108839.12	6.92727869079218	6.80972966199624	6.90214012777943	6.85922707273188	6.9411167951386	6.88159019691735	6.97026181459213	6.79557899802678
ENSG00000219200.12	6.85599478395576	7.02259645964244	6.92694345216041	6.9149699960699	7.11320248327584	6.93331040795514	6.92445549075663	6.91631837934757
ENSG00000258315.5	6.80048767211086	6.59090765639085	6.59420680516964	6.66435240536893	6.65419024516067	6.59624643103017	6.43935831587626	6.43935831587626
ENSG00000174327.7	6.76916552526763	6.70160896022124	6.84787938213258	6.7945679420554	6.89362786770973	6.75267309804514	6.92445549075663	6.79557899802678
ENSG00000174326.15	6.58710938520095	6.59090765639085	6.43935831587626	6.75722721090719	6.70235148984962	6.78948382610015	6.43935831587626	6.66499475927517
ENSG00000141505.12	6.58710938520095	6.59090765639085	6.59420680516964	6.71477957466235	6.65419024516067	6.59624643103017	6.59340998201429	6.59898859408845
ENSG00000132535.22	7.85288378024292	7.78761490845097	8.03285858670101	7.77906373948945	7.9686825551829	7.69383250369366	8.15930737887442	7.88484987668438
ENSG00000072778.20	9.71526057355888	9.62914496414097	9.4662263523185	9.45567790247815	9.49437837266787	9.72411433200517	10.0414847574915	9.94692178714296
ENSG00000004975.12	8.70709340205017	8.474083165168	8.40737441325109	8.29211160523288	8.46657023680248	8.1069019782067	8.6034144601585	8.39329948252892
ENSG00000040633.13	8.31496178192373	8.21823120566873	8.18374712640244	8.07955113110666	8.49142627593755	8.29947876100976	8.28967723591713	8.0583185940852
ENSG00000170296.10	7.36963937325821	7.45754308492482	7.34114158796624	7.4957285283425	7.44982701895604	7.35265173077004	7.20110327591779	7.38083371180933
ENSG00000279641.1	6.64821876902176	6.59090765639085	6.59420680516964	6.43935831587626	6.65419024516067	6.43935831587626	6.7059310337478	6.79557899802678
ENSG00000175826.12	8.59390762529509	8.48232685578834	8.50793608337051	8.5270177025596	8.62018737050679	8.59335127857105	8.63020275349566	8.56674560274121
ENSG00000170291.16	7.84624563766608	7.9197643734435	7.66982120414353	7.74561254772177	7.61353718986338	7.65848352294689	7.61067500802485	7.65083684186193
ENSG00000181885.18	6.64821876902176	6.7776134688375	6.84787938213258	6.85922707273188	6.74289715357801	6.85322918326179	6.78317777422319	6.82938173877161
ENSG00000006047.13	6.58710938520095	6.70160896022124	6.70730724183813	6.66435240536893	6.74289715357801	6.66112256367871	6.59340998201429	6.75813289054065
ENSG00000132507.18	9.68813433261104	9.94747146413395	9.49291120124158	9.56391848361146	9.50412681469604	9.75563819584461	9.38462189616902	9.42857793838193
ENSG00000132522.16	6.94875647993495	7.00307188601783	6.99450908177647	6.96464476970857	6.86784265543588	6.93331040795514	6.74702469803714	6.94186705247055
ENSG00000215041.10	7.66509522035338	7.65349286842667	7.56957062449411	7.55942754482302	7.62233362512269	7.66743849015953	7.52497322330101	7.53110350692585
ENSG00000072818.12	7.04437464747588	7.00307188601783	6.95050159174117	6.94044784003456	6.89362786770973	6.8227146949241	6.97026181459213	7.07309757459527
ENSG00000213859.8	8.0578353284304	8.25816553416571	8.21069867931273	8.15268377873029	8.04788971536538	8.25279400122615	8.03154225923845	8.09007748003442
ENSG00000174292.13	7.06165156972064	6.91664027450674	7.32856396165289	7.29887197002558	7.02423010627822	7.1345826213474	6.94789582579647	7.09228017073694
ENSG00000187838.17	6.80048767211086	6.70160896022124	6.43935831587626	6.59853369009248	6.65419024516067	6.59624643103017	6.65711701827342	6.43935831587626
ENSG00000205544.4	7.38053434470014	7.24532990394283	7.17436718409092	7.21034358070588	7.00465224079014	7.1345826213474	7.154911022967	7.21249796257827
ENSG00000169992.10	9.11007051632096	9.07722944083785	9.1382752155034	9.13169401467201	9.17721794624695	8.89869107266823	9.13259130833271	9.02132133225047
ENSG00000181284.3	6.82925412814796	6.65358313805485	6.70730724183813	6.9149699960699	6.81077545829778	6.75267309804514	6.7059310337478	6.79557899802678
ENSG00000161958.11	6.82925412814796	6.83922341908603	6.74861155170608	6.66435240536893	6.81077545829778	6.66112256367871	6.59340998201429	6.66499475927517
ENSG00000263301.1	6.82925412814796	6.7776134688375	6.65824228849862	6.71477957466235	6.86784265543588	6.78948382610015	6.89977654313986	6.82938173877161
ENSG00000170175.11	7.11066214356251	7.29763067505793	7.14232897471387	7.19447479440408	7.00465224079014	7.15141483343935	7.24442409608208	7.18030257494647
ENSG00000174282.12	9.93308573047248	9.81129184564575	10.0609461038601	9.83105667970024	9.97257921903719	9.81665317594857	9.85814640415625	9.95317483345095
ENSG00000181222.19	10.2854168242086	10.5772504250189	10.7170038141661	10.6425988454937	10.5561077458412	10.4732806152171	10.4474377922388	10.5682155345729
ENSG00000239697.12	7.80553511202083	7.93279251651767	7.82992484977011	7.91058512894345	7.70623858823703	7.83940786280983	7.81584583690489	8.01234874820284
ENSG00000161955.17	6.96933030555932	6.80972966199624	6.81775463736341	6.96464476970857	6.86784265543588	6.88159019691735	6.74702469803714	6.82938173877161
ENSG00000161956.14	7.34740369896762	7.44707726361988	7.44642870137219	7.32621709880648	7.48093586964645	7.47024249410971	7.53489200646806	7.31508878620013
ENSG00000161960.16	6.94875647993495	6.8923522352928	6.99450908177647	7.03108379795622	6.8403514729454	6.88159019691735	6.84578904393387	7.09228017073694
ENSG00000233223.5	7.11066214356251	7.21771925882314	6.97297967273664	6.96464476970857	6.89362786770973	6.93331040795514	7.08778312657617	7.11087928794033
ENSG00000129255.16	8.18829448588273	8.22833783965721	8.05128937389968	8.05412926593012	8.21762924586895	7.99423679139767	8.09715487552138	8.03884015605894
ENSG00000129194.8	6.88107787728229	6.80972966199624	6.70730724183813	6.59853369009248	6.59133753825452	6.71082973304335	6.8736476562819	6.79557899802678
ENSG00000129245.13	8.15826221817368	8.31103928571145	8.05128937389968	8.14080333588593	8.12755514661084	8.26855291877165	8.1201335774936	8.18633398517082
ENSG00000129214.15	6.6950477566315	6.7776134688375	6.74861155170608	6.82827584508646	6.81077545829778	6.8227146949241	6.74702469803714	6.71556510257389
ENSG00000141504.12	8.13264777294881	8.23836141857293	8.14497304512813	8.14675831722519	8.15475565314993	8.00731013991199	8.38028667678238	8.22613715921755
ENSG00000141510.18	8.57949903561554	8.22833783965721	8.39824244598851	8.0281400779575	8.62759632820502	8.42066653656792	8.25455411677689	7.99887091107689
ENSG00000141499.18	7.17058439460064	7.21771925882314	7.17436718409092	6.96464476970857	7.16101486394347	7.06236787266546	7.03210343032744	7.12894230165379
ENSG00000108947.5	7.06165156972064	7.02259645964244	7.14232897471387	7.17823401500456	7.24756026874977	7.08123610055129	6.99168415881239	7.12894230165379
ENSG00000183914.15	6.6950477566315	6.43935831587626	6.78494942059072	6.66435240536893	6.65419024516067	6.66112256367871	6.65711701827342	6.66499475927517
ENSG00000240480.1	7.11066214356251	6.93971032520683	6.43935831587626	6.59853369009248	6.65419024516067	6.8227146949241	6.59340998201429	6.79557899802678
ENSG00000132510.11	8.27877271600797	8.03194214479003	8.00147196549371	7.82733273254756	8.23788289567133	8.08278834336868	7.99412504120244	8.0583185940852
ENSG00000288748.1	6.6950477566315	6.43935831587626	6.65824228849862	6.59853369009248	6.43935831587626	6.59624643103017	6.7059310337478	6.43935831587626
ENSG00000183011.14	7.8192775516661	7.87973707513203	7.48936634673305	7.48466534449845	7.5775261695505	7.62182953188988	7.59228848521555	7.60275175302611
ENSG00000182224.12	6.88107787728229	6.65358313805485	6.74861155170608	6.59853369009248	6.70235148984962	6.59624643103017	6.84578904393387	6.75813289054065
ENSG00000280046.1	6.82925412814796	6.70160896022124	6.84787938213258	6.85922707273188	6.8403514729454	6.75267309804514	6.74702469803714	6.8604197866415
ENSG00000170004.19	10.9802380745831	10.8304766474939	10.9909897121372	10.8340745371289	10.9113924994567	10.7020244821531	10.9296664204144	10.9340666388646
ENSG00000179859.10	7.02655928775741	6.86663834971125	7.12570350423684	7.12701163853944	6.86784265543588	7.06236787266546	7.05126089458285	7.09228017073694
ENSG00000170049.10	6.6950477566315	6.74204092910778	6.81775463736341	6.82827584508646	6.77856944871386	6.66112256367871	6.94789582579647	6.8604197866415
ENSG00000170043.12	8.73312904886374	8.81104201014362	8.67721978030744	8.71049151044194	8.59770531040412	8.77075935860729	8.54408775942225	8.51446115903186
ENSG00000170037.14	7.95398093814888	7.99576373928284	7.9493890705598	7.85834589071616	7.97497392845314	7.93347225594863	8.03154225923845	8.03227402989139
ENSG00000179593.16	6.43935831587626	7.12761863691294	6.43935831587626	7.22586302421196	6.43935831587626	7.11729994506885	6.43935831587626	7.52040412488887
ENSG00000179094.16	7.41238824137725	8.90072794121508	7.03512952892631	8.55302376670462	7.40653793477524	8.55646227598409	7.28531745965193	8.7900324991038
ENSG00000220205.10	7.9778881868857	8.38414399277109	8.00781816815883	8.38844340066602	8.19182842618823	8.1069019782067	8.25963348981326	8.25924892037978
ENSG00000179029.15	7.26424750246052	7.36999908323021	7.30279019145036	7.33954120017837	7.07919306364178	7.32698938300757	7.32412257582945	7.44172872617975
ENSG00000196544.8	7.09475955628197	7.09460393922451	7.17436718409092	6.98773058354613	6.86784265543588	6.85322918326179	6.97026181459213	7.16361990109882
ENSG00000271002.1	7.69630188053823	7.56526380531823	8.02664925943111	7.73707908320655	7.79857686279957	7.81649810890002	7.88785565950243	7.8151377702856
ENSG00000178999.13	6.43935831587626	6.70160896022124	6.74861155170608	6.71477957466235	6.43935831587626	6.59624643103017	6.84578904393387	6.66499475927517
ENSG00000178977.4	6.76916552526763	6.74204092910778	6.78494942059072	6.75722721090719	6.89362786770973	6.59624643103017	6.78317777422319	6.82938173877161
ENSG00000178971.17	7.52923989641698	7.32249514707143	7.53034106345312	7.5386796252309	7.49106777286467	7.59340550825574	7.54470548054276	7.6876865873111
ENSG00000178921.14	7.64103263573616	7.53712000475837	7.45736078985131	7.31266433276248	7.38403630536324	7.69383250369366	7.57354186617709	7.48753095159613
ENSG00000125434.11	7.00815477285245	7.11132852487279	7.17436718409092	7.12701163853944	7.02423010627822	7.02268748670147	7.05126089458285	7.01145139339895
ENSG00000108961.14	6.88107787728229	6.86663834971125	6.81775463736341	6.82827584508646	6.70235148984962	6.75267309804514	6.8736476562819	6.75813289054065
ENSG00000271029.1	8.87949255071503	9.00159410536329	8.73148336757353	8.68746033261379	8.71339224026813	8.59738627791148	8.78715781405104	8.71590948362115
ENSG00000184619.8	7.40190410202062	7.12761863691294	7.31578320203042	7.19447479440408	7.19107340526396	7.09953127654411	7.31140188978322	7.22805870833429
ENSG00000161970.15	9.87781789393124	10.1374443630734	10.1809236382927	9.90515162896246	10.1270476201965	10.0274490533108	9.8267369497394	9.77384327564469
ENSG00000288750.1	6.58710938520095	6.65358313805485	6.65824228849862	6.59853369009248	6.65419024516067	6.59624643103017	6.65711701827342	6.43935831587626
ENSG00000166579.16	8.63620334211363	8.88568495964597	8.67352172795479	8.71808033596618	8.7542886656166	8.91782371020523	8.69667727740014	8.93995916835324
ENSG00000133026.14	10.924415021071	11.2747689218753	11.7809117001912	12.3968945529596	10.8598305127057	11.7806971801335	11.6581020543893	12.136586451442
ENSG00000183318.12	6.43935831587626	6.43935831587626	6.43935831587626	6.43935831587626	6.65419024516067	6.59624643103017	6.65711701827342	6.79557899802678
ENSG00000065320.9	10.0772937419774	10.4461187987774	10.0012044365892	10.2882109906946	8.96216359444021	9.38761271278913	9.7178445715351	10.3039486171836
ENSG00000170310.15	7.839566571993	7.92629744092217	7.90868459005715	7.9178501746869	7.9812306475363	8.03301906744208	7.85244753991654	7.95745534025701
ENSG00000262815.1	6.73447480136818	6.70160896022124	6.59420680516964	6.43935831587626	6.43935831587626	6.43935831587626	6.43935831587626	6.66499475927517
ENSG00000271851.1	6.76916552526763	6.70160896022124	6.78494942059072	6.71477957466235	6.59133753825452	6.75267309804514	6.7059310337478	6.66499475927517
ENSG00000154914.17	6.43935831587626	6.70160896022124	6.59420680516964	6.75722721090719	6.59133753825452	6.71082973304335	6.59340998201429	6.59898859408845
ENSG00000007237.19	7.77750553605451	7.18899186515845	7.62552814576381	6.9149699960699	7.41756713940696	7.18384980236706	8.76339687357997	8.1391765171313
ENSG00000242692.1	8.80220488941042	9.0850906130951	8.62831482812807	8.67969317550321	8.5238367963415	8.64485918245739	8.69307090765971	8.71971549603748
ENSG00000006788.14	6.64821876902176	6.83922341908603	6.43935831587626	6.43935831587626	6.43935831587626	6.66112256367871	6.43935831587626	6.75813289054065
ENSG00000109063.15	6.88107787728229	6.7776134688375	6.84787938213258	6.96464476970857	6.8403514729454	6.93331040795514	6.78317777422319	6.75813289054065
ENSG00000133028.12	8.08510291865735	8.10108220150691	8.19459986491871	8.38355375067428	8.09971787324824	8.27894784122235	8.25963348981326	8.38348280658137
ENSG00000170222.12	7.15611003539891	7.32249514707143	7.32856396165289	7.35264675280945	7.299997787177	7.30046544496281	7.31140188978322	7.45340490326501
ENSG00000187824.9	7.14131259564342	7.17416839145007	7.14232897471387	7.14453248643456	7.23385110540525	7.22980414512121	7.37306654578911	7.19658682376258
ENSG00000264176.1	7.18475458628006	7.27193565334964	7.17436718409092	7.36554313971766	7.20562298294026	7.2444858616082	7.12223304218743	7.18030257494647
ENSG00000263400.8	6.90477164752875	6.80972966199624	6.84787938213258	6.9149699960699	6.9411167951386	6.97993461237282	6.8736476562819	6.8604197866415
ENSG00000154957.14	7.33605180474466	7.27193565334964	7.35352455666184	7.35264675280945	7.32492677304778	7.30046544496281	7.38485590504998	7.38083371180933
ENSG00000065559.15	8.07427195590532	8.06702324646413	7.98221939775845	8.07324726887114	8.00591985185651	8.209750543373	8.01920454216644	8.24831086624047
ENSG00000141052.18	6.80048767211086	7.18899186515845	7.09108446280084	7.19447479440408	7.19107340526396	7.02268748670147	7.13877762248489	7.48753095159613
ENSG00000006740.18	6.90477164752875	6.91664027450674	6.81775463736341	6.71477957466235	6.65419024516067	6.8227146949241	6.97026181459213	6.94186705247055
ENSG00000006744.19	8.35876594181407	8.49459388201078	8.47815904235688	8.30782544105283	8.41099554728992	8.40672544585835	8.25455411677689	8.38840069474481
ENSG00000153976.3	7.25159134826769	7.33463785012026	7.20495732381457	7.17823401500456	7.20562298294026	7.27299680592007	7.24442409608208	7.30126033386385
ENSG00000236088.12	7.32453580139174	7.24532990394283	7.18983193912691	7.28482816674212	7.23385110540525	7.27299680592007	7.13877762248489	7.07309757459527
ENSG00000006695.12	7.38053434470014	7.44707726361988	7.42414244258766	7.43897863030172	7.299997787177	7.37752396094456	7.20110327591779	7.32867691594172
ENSG00000125430.9	7.14131259564342	7.61038434521122	7.42414244258766	7.85067545762235	7.37255303911769	7.86184186426594	7.61973865045292	7.77435952733184
ENSG00000266709.1	6.64821876902176	6.59090765639085	6.43935831587626	6.71477957466235	6.70235148984962	6.71082973304335	6.43935831587626	6.66499475927517
ENSG00000230897.1	6.6950477566315	6.43935831587626	6.59420680516964	6.59853369009248	6.59133753825452	6.71082973304335	6.43935831587626	6.59898859408845
ENSG00000109099.16	10.724039121283	10.3429809535265	10.766038196472	10.3887985088679	10.7985429841998	10.6677169857883	10.5685297933771	10.5092234630549
ENSG00000279660.1	6.64821876902176	6.65358313805485	6.59420680516964	6.59853369009248	6.65419024516067	6.59624643103017	6.65711701827342	6.59898859408845
ENSG00000125409.13	6.73447480136818	6.83922341908603	6.43935831587626	6.59853369009248	6.43935831587626	6.43935831587626	6.74702469803714	6.43935831587626
ENSG00000259024.7	6.64821876902176	6.59090765639085	6.59420680516964	6.59853369009248	6.8403514729454	6.59624643103017	6.65711701827342	6.66499475927517
ENSG00000234324.1	7.65713909464603	7.92629744092217	7.53034106345312	7.59960123566234	7.5775261695505	7.61244741220389	7.39648013019841	7.50957824954678
ENSG00000175106.17	6.85599478395576	6.8923522352928	6.95050159174117	6.85922707273188	7.02423010627822	6.90818894211843	6.94789582579647	6.88926596466494
ENSG00000223878.1	6.58710938520095	6.59090765639085	6.65824228849862	6.43935831587626	6.77856944871386	6.59624643103017	6.43935831587626	6.43935831587626
ENSG00000241322.11	6.58710938520095	6.59090765639085	6.65824228849862	6.43935831587626	6.77856944871386	6.43935831587626	6.59340998201429	6.43935831587626
ENSG00000221926.13	7.21224938124028	7.21771925882314	7.21976318525012	7.16159600164277	7.5775261695505	7.22980414512121	7.154911022967	6.98928066440998
ENSG00000187607.16	7.09475955628197	7.12761863691294	7.18983193912691	6.98773058354613	7.2742357569852	7.09953127654411	7.28531745965193	7.01145139339895
ENSG00000233966.1	7.41238824137725	7.42575936841455	7.35352455666184	7.39074271028615	7.44982701895604	7.38968347960865	7.27193337104649	7.39336951568624
ENSG00000235430.1	6.64821876902176	6.59090765639085	6.70730724183813	6.43935831587626	6.43935831587626	6.71082973304335	6.78317777422319	6.43935831587626
ENSG00000179277.9	7.27669232675171	7.59259093712928	7.52026877270809	7.56963165650772	7.54009405689529	7.727987484491	7.38485590504998	7.5928419639991
ENSG00000265519.1	7.22560372627965	7.02259645964244	7.28957509974307	7.25593362173179	7.09643284881219	7.2868549344026	7.06980315318122	7.03275316416137
ENSG00000276855.1	7.21224938124028	7.15901313005303	7.09108446280084	7.19447479440408	7.12953635870483	7.18384980236706	6.89977654313986	7.03275316416137
ENSG00000170425.4	7.17058439460064	6.93971032520683	6.90214012777943	6.9149699960699	7.23385110540525	7.1345826213474	7.1706605785019	7.01145139339895
ENSG00000214941.8	7.40190410202062	7.28489170224431	7.28957509974307	7.39074271028615	7.439207131166	7.21481668735571	7.48418315538238	7.24328953958212
ENSG00000011295.16	9.08297984167022	9.29997028712386	9.21235484074458	9.09498291143278	9.14740826872871	9.21023446535812	9.08482341127435	8.97811666710087
ENSG00000141027.23	9.34289697171986	9.36762055948036	9.44324266137821	9.42669543320084	9.59987511913336	9.79828722684282	9.50736060590058	9.5098835782793
ENSG00000227782.2	6.64821876902176	6.65358313805485	6.70730724183813	6.66435240536893	6.65419024516067	6.43935831587626	6.65711701827342	6.43935831587626
ENSG00000233979.1	6.58710938520095	6.59090765639085	6.78494942059072	6.71477957466235	6.65419024516067	6.78948382610015	6.43935831587626	6.59898859408845
ENSG00000108474.17	7.21224938124028	7.20350296362254	7.46815828495789	7.22586302421196	7.33710086212212	7.35265173077004	7.34896630445935	7.44172872617975
ENSG00000166582.11	7.15611003539891	7.02259645964244	7.05438194769747	7.03108379795622	7.11320248327584	6.95716985536871	6.99168415881239	7.03275316416137
ENSG00000170315.14	10.282238511384	10.1324955906414	10.2658951380489	10.0757705158795	10.4292447252003	9.99563687647738	10.2820904273768	9.95940047919146
ENSG00000187688.15	7.76320630521015	7.67848254651082	7.60723492303637	7.68433149028365	7.77624648061692	7.76104446668259	7.66383909367207	7.67860060940167
ENSG00000175061.20	10.9559161150983	11.079988794431	10.6154496462487	10.5197483457656	10.4838824469859	10.45325850302	10.4819469342372	10.334116296378
ENSG00000266651.1	6.73447480136818	6.74204092910778	6.81775463736341	6.9149699960699	6.77856944871386	6.78948382610015	6.65711701827342	6.8604197866415
ENSG00000181350.12	6.85599478395576	6.74204092910778	6.92694345216041	6.85922707273188	6.9411167951386	6.78948382610015	7.05126089458285	6.91631837934757
ENSG00000141040.15	7.49196898311379	7.33463785012026	7.44642870137219	7.54911127969051	7.32492677304778	7.44798233521901	7.36110563055957	7.28717967992664
ENSG00000235554.1	8.62575688525317	8.60379373473282	8.71004420870519	8.49150723908849	8.95928508128768	8.73857947481945	8.71811141461087	8.46921039648651
ENSG00000197566.10	7.22560372627965	6.93971032520683	7.17436718409092	7.09044865010935	7.20562298294026	7.02268748670147	7.31140188978322	7.16361990109882
ENSG00000231458.2	7.00815477285245	7.14350454528051	7.09108446280084	7.17823401500456	7.07919306364178	7.33992354409416	7.03210343032744	7.14651045137942
ENSG00000170160.19	6.43935831587626	6.59090765639085	7.21976318525012	7.09044865010935	7.39536274240844	7.45918294560031	7.27193337104649	7.35517524719191
ENSG00000266302.6	6.43935831587626	6.59090765639085	6.81775463736341	6.7945679420554	6.9411167951386	6.8227146949241	6.78317777422319	6.98928066440998
ENSG00000226478.3	7.62465812806249	7.75759056734335	7.5599164488945	7.46211847900853	7.54959328369672	7.65848352294689	7.69776301465627	7.65083684186193
ENSG00000290976.1	6.58710938520095	6.65358313805485	6.92694345216041	7.0098403901942	7.09643284881219	7.1995052785116	7.12223304218743	7.09228017073694
ENSG00000288235.1	6.43935831587626	6.43935831587626	6.59420680516964	6.59853369009248	6.59133753825452	6.66112256367871	6.7059310337478	6.71556510257389
ENSG00000229749.1	6.64821876902176	6.70160896022124	6.78494942059072	6.85922707273188	6.70235148984962	6.71082973304335	6.7059310337478	6.88926596466494
ENSG00000133030.22	10.1454331653502	10.0884447731614	10.0554933328638	9.98621621328643	10.18707324482	10.2518974981777	10.1275640761729	10.2326873091899
ENSG00000278864.1	6.64821876902176	6.59090765639085	6.74861155170608	6.59853369009248	6.59133753825452	6.71082973304335	6.7059310337478	6.79557899802678
ENSG00000179598.6	6.58710938520095	6.70160896022124	6.87587918695416	6.82827584508646	6.74289715357801	6.90818894211843	6.81581663390162	6.8604197866415
ENSG00000154803.13	8.68388436688185	8.77539044196535	8.34679841838266	8.30782544105283	8.62018737050679	8.30455872168388	8.70743773746501	8.55817678995822
ENSG00000226359.1	6.88107787728229	7.12761863691294	7.07301585918763	7.09044865010935	7.06144390694469	7.30046544496281	7.12223304218743	7.27283391984739
ENSG00000141030.13	8.30601310289634	8.10108220150691	8.23706514198311	8.03469219569345	8.12755514661084	7.98764365952469	8.17571144371727	8.07747700978797
ENSG00000205309.14	6.80048767211086	6.7776134688375	6.74861155170608	6.66435240536893	6.74289715357801	6.8227146949241	6.81581663390162	6.79557899802678
ENSG00000215030.5	12.1020715235931	12.2362034493011	11.8301464859579	11.6246046557364	11.5369027163306	11.6603152031595	11.8328953165708	11.8101040050219
ENSG00000227158.1	6.6950477566315	6.74204092910778	6.43935831587626	6.7945679420554	6.65419024516067	6.66112256367871	6.43935831587626	6.43935831587626
ENSG00000230865.1	7.04437464747588	6.8923522352928	7.108633685461	7.07131815276461	6.9843346155731	6.93331040795514	6.99168415881239	6.94186705247055
ENSG00000141026.6	7.47273975491118	7.28489170224431	7.44642870137219	7.55942754482302	7.50108663116043	7.43663582560659	7.62871859695107	7.52040412488887
ENSG00000108551.5	6.88107787728229	7.50809339359925	6.87587918695416	7.43897863030172	6.65419024516067	6.43935831587626	6.7059310337478	6.94186705247055
ENSG00000133027.18	7.34740369896762	7.61915959597515	7.27612730333863	7.5386796252309	7.06144390694469	7.30046544496281	7.06980315318122	7.31508878620013
ENSG00000265511.1	6.58710938520095	6.70160896022124	6.43935831587626	6.71477957466235	6.59133753825452	6.59624643103017	6.43935831587626	6.59898859408845
ENSG00000264666.3	6.58710938520095	6.65358313805485	6.59420680516964	6.7945679420554	6.43935831587626	6.43935831587626	6.59340998201429	6.66499475927517
ENSG00000108557.20	8.41351725647478	8.12873241114287	8.15617978922234	7.87352666107061	8.15475565314993	8.08886318911581	8.33341830503675	8.1391765171313
ENSG00000072310.18	9.53511907499546	8.77539044196535	9.25158719839878	8.61993070768542	8.49552252103502	8.33460996827039	8.68945466677039	8.27547559475622
ENSG00000175662.18	8.81135331445567	8.66945082075565	8.91035675928867	9.02149532232987	8.66042828616241	8.70188504611406	8.66754660664733	8.88062840863375
ENSG00000197815.4	6.90477164752875	6.86663834971125	6.84787938213258	6.75722721090719	6.70235148984962	6.8227146949241	6.8736476562819	6.79557899802678
ENSG00000171962.19	7.09475955628197	6.91664027450674	7.09108446280084	6.94044784003456	7.06144390694469	6.93331040795514	7.08778312657617	7.01145139339895
ENSG00000171953.16	7.1261710930758	7.21771925882314	7.17436718409092	7.31266433276248	7.26101773105511	7.16782794342023	7.36110563055957	6.94186705247055
ENSG00000230273.1	6.80048767211086	6.70160896022124	6.78494942059072	6.82827584508646	6.43935831587626	6.78948382610015	6.74702469803714	6.8604197866415
ENSG00000232344.2	6.6950477566315	6.59090765639085	6.59420680516964	6.66435240536893	6.59133753825452	6.59624643103017	6.59340998201429	6.66499475927517
ENSG00000141034.10	7.86603970178097	7.8311134092205	7.78441668685265	8.06053677638145	8.07120804896537	7.89823722768494	7.77020173600278	8.09007748003442
ENSG00000108591.10	7.86603970178097	7.96471600692484	7.79213787144315	7.77906373948945	7.73793946192976	7.7930871569908	7.85244753991654	7.74911259867735
ENSG00000091536.20	6.94875647993495	7.00307188601783	6.95050159174117	6.82827584508646	6.86784265543588	6.85322918326179	6.99168415881239	6.8604197866415
ENSG00000091542.9	8.80526131888252	8.83009524327995	8.98868781356674	8.75170281571794	8.71339224026813	8.93668950070884	8.93664226649903	8.83957323474939
ENSG00000131899.12	8.83544800255456	8.61496757573041	8.69919306775109	8.37371714462343	8.60147929111783	8.4969066297634	8.8105033713971	8.53650368540077
ENSG00000177731.16	9.80259081628752	9.87805412013776	9.76224337566626	9.72763868162455	9.71650928225159	9.93285387398547	9.80109814148352	9.9327509701306
ENSG00000177427.13	7.46296681662396	7.20350296362254	7.15854104139589	7.37823908357656	7.12953635870483	7.16782794342023	7.473690062728	7.31508878620013
ENSG00000177302.15	7.79859690058102	7.86606472963437	7.73685703636698	7.59960123566234	7.76109202931333	7.74464773284164	7.83063603694373	7.89975520841695
ENSG00000176994.11	8.5974850230394	8.44056642674027	8.35630993721088	8.35881643191583	8.54762130945298	8.57298670203543	8.63398529871988	8.43655554138001
ENSG00000176974.21	6.90477164752875	7.29763067505793	7.17436718409092	7.43897863030172	7.12953635870483	7.40166807788686	7.06980315318122	7.25820899452454
ENSG00000273018.7	7.27669232675171	7.20350296362254	6.95050159174117	6.98773058354613	6.59133753825452	6.43935831587626	6.43935831587626	6.59898859408845
ENSG00000291090.1	6.92727869079218	7.07741058769147	6.95050159174117	6.82827584508646	6.59133753825452	6.43935831587626	6.43935831587626	6.59898859408845
ENSG00000227077.3	10.0287199688255	10.0082549853906	9.71442325340559	9.41992097254717	9.42211163503323	9.60980413365671	9.40190962903639	9.38491412038485
ENSG00000276532.1	6.88107787728229	6.65358313805485	6.43935831587626	6.43935831587626	6.43935831587626	6.43935831587626	6.43935831587626	6.59898859408845
ENSG00000174977.8	6.73447480136818	6.74204092910778	6.59420680516964	6.85922707273188	6.81077545829778	6.78948382610015	6.78317777422319	6.8604197866415
ENSG00000290687.1	6.73447480136818	6.59090765639085	6.84787938213258	6.88799280253678	6.74289715357801	6.59624643103017	6.74702469803714	6.75813289054065
ENSG00000240445.6	7.22560372627965	7.23165671836133	7.28957509974307	7.32621709880648	7.17621052194296	7.11729994506885	7.38485590504998	7.21249796257827
ENSG00000224126.2	6.6950477566315	6.7776134688375	6.87587918695416	6.71477957466235	6.74289715357801	6.88159019691735	6.65711701827342	6.75813289054065
ENSG00000291110.1	6.98910180233029	6.96172395444198	6.90214012777943	6.94044784003456	7.09643284881219	7.00173781955444	7.06980315318122	6.96613105083845
ENSG00000171928.14	7.60800394643117	7.65349286842667	7.82247350612604	8.11057340425038	7.64825748526627	7.74464773284164	7.57354186617709	7.69669142659574
ENSG00000141127.15	7.48240614695841	7.33463785012026	7.34114158796624	7.16159600164277	7.42845531208544	7.11729994506885	7.58296131680631	7.31508878620013
ENSG00000235672.1	7.61636675617904	7.5744605664324	7.69548126923447	7.4957285283425	7.64825748526627	7.53387740100055	7.46307138551635	7.4298931698597
ENSG00000188522.16	7.34740369896762	7.45754308492482	7.41277844705169	7.28482816674212	7.49106777286467	7.57397736363131	7.50480766329044	7.47630094354234
ENSG00000072134.16	8.0578353284304	8.1557544823047	7.84467468387166	8.16444748080062	8.01200987085907	8.1537052911248	7.91538379376805	8.42230018274426
ENSG00000108641.20	7.5107952635334	7.28489170224431	7.61642462857309	7.51745639052461	7.63105131876296	7.6311221033865	7.64643508021	7.30126033386385
ENSG00000166484.20	8.21759817148985	8.87962048488431	7.98221939775845	8.58271930592611	8.26764819178643	8.53127392090439	8.13708012008034	8.60876311695691
ENSG00000166482.12	12.9156624435365	11.8427307602496	12.7973888926982	11.8993551454437	12.7891962465922	11.7340055950517	12.8293429026695	12.0989413533944
ENSG00000128482.16	6.58710938520095	6.7776134688375	6.95050159174117	6.82827584508646	6.91798309639808	6.71082973304335	6.8736476562819	6.94186705247055
ENSG00000189343.7	12.291011310186	12.3989750896764	12.0055032888927	11.685204921197	12.0000098991609	11.9810629171184	11.8051962219083	11.7462877270789
ENSG00000142494.13	6.90477164752875	6.80972966199624	7.09108446280084	6.7945679420554	6.77856944871386	6.71082973304335	6.81581663390162	6.75813289054065
ENSG00000228331.2	8.78681705149384	8.92151059201882	8.63595820177263	8.64416291082648	8.81977678687804	8.62922532976403	8.63398529871988	8.59211831465108
ENSG00000266079.5	6.64821876902176	6.43935831587626	6.43935831587626	6.43935831587626	6.65419024516067	6.59624643103017	6.59340998201429	6.75813289054065
ENSG00000266179.2	7.34740369896762	7.47810826308903	7.43535750935192	7.74561254772177	7.68179846469262	7.54406502806642	7.39648013019841	7.44172872617975
ENSG00000271900.1	6.6950477566315	6.65358313805485	6.59420680516964	6.59853369009248	6.70235148984962	6.71082973304335	6.65711701827342	6.43935831587626
ENSG00000227225.1	6.76916552526763	6.7776134688375	6.81775463736341	6.7945679420554	6.77856944871386	6.75267309804514	6.92445549075663	6.8604197866415
ENSG00000242752.3	6.64821876902176	6.43935831587626	6.70730724183813	6.66435240536893	6.59133753825452	6.43935831587626	6.43935831587626	6.66499475927517
ENSG00000072210.19	8.71365042745441	8.2630670078437	8.73502310829623	8.14675831722519	8.76764590664555	7.73635120557041	8.63020275349566	8.08379413736791
ENSG00000108602.18	6.64821876902176	6.43935831587626	6.70730724183813	6.59853369009248	6.70235148984962	6.43935831587626	6.78317777422319	6.59898859408845
ENSG00000230607.3	6.80048767211086	6.8923522352928	6.78494942059072	6.7945679420554	6.86784265543588	6.85322918326179	6.94789582579647	6.82938173877161
ENSG00000083290.20	8.22241409684571	9.01815807030143	8.50372422706338	9.32872233519966	8.35743733965057	8.79178883848114	8.5681442864329	9.59076890007348
ENSG00000231096.1	7.59956810832586	7.50809339359925	7.55016197307786	7.59960123566234	7.60466017610213	7.5235761604705	7.67242820249571	7.52040412488887
ENSG00000270091.1	6.80048767211086	6.80972966199624	6.74861155170608	6.82827584508646	6.70235148984962	6.59624643103017	6.65711701827342	6.75813289054065
ENSG00000108599.15	8.13264777294881	8.15039873956335	8.08729913876379	8.18763502939763	8.18135214003151	8.1537052911248	8.14267580720293	8.10872894644836
ENSG00000128487.19	7.31284912597803	7.23165671836133	7.20495732381457	7.0098403901942	7.46031916101711	7.30046544496281	7.154911022967	7.07309757459527
ENSG00000225681.2	6.73447480136818	6.70160896022124	6.59420680516964	6.59853369009248	6.59133753825452	6.59624643103017	6.65711701827342	6.43935831587626
ENSG00000225014.1	7.4530841931163	7.45754308492482	7.38958189154179	7.64756992068165	7.36090700209148	7.53387740100055	7.40794524758021	7.65083684186193
ENSG00000214832.5	7.2889351845708	7.35838284574864	7.36572076328742	7.28482816674212	7.50108663116043	7.32698938300757	7.52497322330101	7.4298931698597
ENSG00000291194.1	6.43935831587626	6.59090765639085	6.65824228849862	6.66435240536893	6.74289715357801	6.43935831587626	6.74702469803714	6.59898859408845
ENSG00000235323.2	6.73447480136818	6.70160896022124	6.65824228849862	6.75722721090719	6.59133753825452	6.75267309804514	6.43935831587626	6.59898859408845
ENSG00000188013.6	7.34740369896762	7.54659591578931	7.31578320203042	7.5897156223468	7.37255303911769	7.61244741220389	7.32412257582945	7.4298931698597
ENSG00000235546.2	7.61636675617904	7.73449173685559	7.81497005132884	7.76247195917332	7.63105131876296	7.69383250369366	7.61973865045292	7.6876865873111
ENSG00000227685.1	6.85599478395576	7.04145533499291	6.74861155170608	7.0098403901942	6.70235148984962	6.88159019691735	6.78317777422319	7.07309757459527
ENSG00000213671.3	7.91714061190472	7.71880047709661	7.96920121745252	7.86596265754316	7.93668938797086	7.84693753072067	7.93559150993702	7.76601143632978
ENSG00000226549.3	8.37586730589481	7.28489170224431	7.99509041810467	7.10899739952712	8.05960714307928	7.54406502806642	7.37306654578911	7.09228017073694
ENSG00000264215.1	8.01855522723602	7.15901313005303	7.88069578471556	7.22586302421196	7.55899676174186	7.16782794342023	7.31140188978322	6.75813289054065
ENSG00000226981.2	8.1683565065201	8.18218049749399	8.13933002562177	7.93223971071163	7.74571447980836	8.13636891171056	8.05583026159972	8.15114088759465
ENSG00000233098.10	6.73447480136818	6.65358313805485	6.70730724183813	6.82827584508646	6.59133753825452	6.75267309804514	6.74702469803714	6.66499475927517
ENSG00000265790.1	6.80048767211086	6.7776134688375	6.81775463736341	6.75722721090719	6.70235148984962	6.90818894211843	6.78317777422319	6.82938173877161
ENSG00000124422.12	10.1823060750015	9.88249361347874	10.1011896658872	9.84618869494666	10.1567636732505	9.88466625562477	10.206309719329	9.88118844476012
ENSG00000109016.18	7.39128765045973	7.60152876040716	7.72871444430303	7.77906373948945	7.55899676174186	7.727987484491	7.54470548054276	7.89232771945194
ENSG00000178307.10	7.5824706789755	7.73449173685559	7.6434846476837	7.72847454025851	7.5775261695505	7.88382346882906	7.75453677176359	7.77435952733184
ENSG00000235530.7	6.43935831587626	6.80972966199624	6.59420680516964	6.71477957466235	6.89362786770973	6.78948382610015	6.78317777422319	6.82938173877161
ENSG00000274180.1	8.55389345600243	8.474083165168	8.73855343738381	8.87831368629399	8.51177824093896	8.71668495746507	8.71456307157741	8.92373780425114
ENSG00000034152.20	8.22241409684571	8.65873344979597	8.17279589303508	8.79167562953452	8.07696564776635	8.91147620810425	8.56416571024286	8.79363258412688
ENSG00000184185.10	6.80048767211086	7.05970936267722	6.84787938213258	6.88799280253678	6.81077545829778	6.8227146949241	6.7059310337478	6.79557899802678
ENSG00000212719.15	8.0299147144838	7.79498917829912	7.68700039082928	7.5897156223468	8.06542199132029	8.18205342782785	8.02538988119482	7.86973977394016
ENSG00000244582.2	10.3943894617649	10.4179815816543	10.4419685704865	10.268458896081	10.2226147807817	10.1637127852823	10.2751543623199	10.0231746057365
ENSG00000266806.1	6.58710938520095	6.59090765639085	6.70730724183813	6.75722721090719	6.65419024516067	6.43935831587626	6.65711701827342	6.71556510257389
ENSG00000283879.1	7.1261710930758	7.15901313005303	7.34114158796624	7.4957285283425	7.40653793477524	7.56411203989563	7.18605069584968	7.03275316416137
ENSG00000266529.1	6.98910180233029	7.14350454528051	7.03512952892631	7.39074271028615	7.09643284881219	7.08123610055129	6.99168415881239	7.01145139339895
ENSG00000243655.2	7.52006402892478	7.53712000475837	7.46815828495789	7.76247195917332	7.60466017610213	7.36518253504343	7.43042048399668	7.47630094354234
ENSG00000264168.2	7.35859763209898	7.32249514707143	7.38958189154179	7.35264675280945	7.4706875236321	7.31384000488249	7.33664123728787	7.27283391984739
ENSG00000263914.1	7.52006402892478	7.64502131481271	7.45736078985131	7.55942754482302	7.66516905996988	7.76914719723914	7.33664123728787	7.53110350692585
ENSG00000240103.2	10.0337788736979	10.2962378196808	10.3932182658955	10.5092817930281	10.6476528623912	10.6297569582242	10.3218932425548	10.3648297200658
ENSG00000263483.1	6.64821876902176	6.70160896022124	6.65824228849862	6.75722721090719	6.74289715357801	6.59624643103017	6.43935831587626	6.82938173877161
ENSG00000264316.1	8.89099845446828	9.02089927406244	8.89475946296833	9.06897964918231	8.50773352026152	8.43901958832003	8.67488981144829	8.70442537777881
ENSG00000284263.1	6.92727869079218	7.17416839145007	7.44642870137219	7.50665748875958	7.44982701895604	7.43663582560659	7.1706605785019	7.07309757459527
ENSG00000264970.2	6.73447480136818	7.02259645964244	6.81775463736341	6.98773058354613	6.70235148984962	6.8227146949241	6.99168415881239	6.88926596466494
ENSG00000264431.1	6.64821876902176	6.74204092910778	6.43935831587626	6.75722721090719	6.43935831587626	6.8227146949241	6.65711701827342	6.75813289054065
ENSG00000266736.1	7.35859763209898	7.24532990394283	7.27612730333863	7.07131815276461	7.20562298294026	7.21481668735571	7.1706605785019	7.16361990109882
ENSG00000265646.2	8.82043965366646	8.9332445956289	8.67352172795479	8.65611325836282	8.681869571358	8.67557968773929	8.40308165206878	8.65347376234716
ENSG00000239223.3	9.9479146386284	10.0176899377819	9.62663020348342	9.85452607570104	9.40969558962433	9.54495366036676	9.78973349452218	9.7361729734735
ENSG00000213664.4	8.1683565065201	8.2728117401915	8.02664925943111	7.98802457655724	7.76109202931333	7.78516739639465	7.76239860022902	7.86973977394016
ENSG00000109046.15	9.69295935247798	9.69138038918092	10.1403276877661	10.0856959588663	10.0286371356151	10.4035916164185	9.88430795516114	10.0022327634152
ENSG00000265683.1	6.73447480136818	6.80972966199624	6.59420680516964	6.71477957466235	6.59133753825452	6.71082973304335	6.81581663390162	6.82938173877161
ENSG00000141068.16	7.89825395739984	7.85221901848855	7.72871444430303	7.39074271028615	8.11093141227087	8.03301906744208	7.58296131680631	7.31508878620013
ENSG00000263368.1	7.95398093814888	7.61915959597515	7.7609075524307	7.65688835387656	8.12203973222431	7.5837409700516	7.89480219740134	7.66943162961777
ENSG00000168961.17	6.76916552526763	6.65358313805485	6.78494942059072	6.71477957466235	6.77856944871386	6.59624643103017	6.78317777422319	6.43935831587626
ENSG00000232859.10	7.1261710930758	6.98280971378101	7.14232897471387	7.16159600164277	7.12953635870483	6.93331040795514	7.13877762248489	7.01145139339895
ENSG00000087095.13	7.35859763209898	7.34659801429848	7.34114158796624	7.39074271028615	7.37255303911769	7.36518253504343	7.36110563055957	7.38083371180933
ENSG00000240873.1	6.80048767211086	6.83922341908603	7.27612730333863	7.07131815276461	7.31256185219234	7.1345826213474	7.05126089458285	6.96613105083845
ENSG00000267259.1	6.94875647993495	6.7776134688375	6.70730724183813	6.71477957466235	6.86784265543588	6.75267309804514	6.84578904393387	6.75813289054065
ENSG00000109084.14	7.36963937325821	7.51787147673622	7.05438194769747	7.36554313971766	7.31256185219234	7.43663582560659	7.08778312657617	7.21249796257827
ENSG00000109083.14	7.77750553605451	7.76517760927074	7.57912711229258	7.57972670055716	7.82763930614689	7.66743849015953	7.66383909367207	7.53110350692585
ENSG00000109079.10	8.27877271600797	8.43631421704517	8.32269809262215	8.57007565143005	8.41970521527325	8.48816947522852	8.23402347431729	8.44597112348344
ENSG00000004142.12	8.80526131888252	8.88265613180632	8.69190918699756	8.8374246245914	8.7907038042571	8.93043006668483	8.69307090765971	8.66540784782071
ENSG00000244045.13	7.25159134826769	7.00307188601783	7.05438194769747	6.94044784003456	7.00465224079014	7.08123610055129	6.99168415881239	7.19658682376258
ENSG00000004139.14	7.21224938124028	7.21771925882314	7.17436718409092	7.21034358070588	7.16101486394347	7.08123610055129	7.20110327591779	6.98928066440998
ENSG00000109072.14	6.6950477566315	6.65358313805485	6.84787938213258	6.7945679420554	6.86784265543588	6.71082973304335	6.43935831587626	6.66499475927517
ENSG00000076351.13	6.92727869079218	6.7776134688375	6.97297967273664	6.88799280253678	6.86784265543588	6.88159019691735	6.78317777422319	6.8604197866415
ENSG00000265541.1	6.73447480136818	6.59090765639085	6.81775463736341	6.66435240536893	6.81077545829778	6.59624643103017	6.65711701827342	6.71556510257389
ENSG00000263870.1	6.92727869079218	7.17416839145007	7.09108446280084	7.32621709880648	7.17621052194296	7.11729994506885	7.25830639574145	7.07309757459527
ENSG00000167524.17	6.82925412814796	6.91664027450674	6.81775463736341	6.88799280253678	6.74289715357801	6.93331040795514	6.84578904393387	6.82938173877161
ENSG00000263266.2	9.88484524190359	10.0176899377819	9.83904784554601	9.67766433874639	9.78340301754117	9.97798008752536	9.62571712932308	9.71971605623827
ENSG00000109103.12	7.90458531646278	7.78761490845097	7.74493594235559	7.56963165650772	7.82044737567963	8.00731013991199	7.85962159047878	7.72323672758876
ENSG00000087111.22	8.39273936542375	8.44056642674027	8.59728702280093	8.75170281571794	8.62759632820502	8.59335127857105	8.49037682726463	8.61700665595817
ENSG00000109107.14	7.97195849280366	7.67022199165375	7.85197485447261	7.57972670055716	7.82763930614689	7.98101219752136	7.65517527402342	7.60275175302611
ENSG00000076382.17	6.96933030555932	6.91664027450674	6.99450908177647	6.88799280253678	6.89362786770973	6.90818894211843	7.01226888740702	6.91631837934757
ENSG00000227543.5	6.58710938520095	6.59090765639085	6.74861155170608	6.71477957466235	6.43935831587626	6.66112256367871	6.65711701827342	6.43935831587626
ENSG00000007202.16	10.1003708211018	10.0350476988115	10.2647161859248	10.2113952851599	10.240059108468	10.3475756835684	10.2304260543178	10.2081208023721
ENSG00000132581.10	8.20790872955778	8.30632487509087	8.21069867931273	8.18187984015923	8.21251277425806	8.32467327448803	8.05583026159972	8.32807577091589
ENSG00000109111.15	9.80259081628752	9.83287749570641	9.87671754642816	9.83274601713684	9.92001959691368	10.0402608446419	9.77991920095221	9.82084780127204
ENSG00000265205.1	6.6950477566315	6.59090765639085	6.59420680516964	6.71477957466235	6.43935831587626	6.71082973304335	6.59340998201429	6.59898859408845
ENSG00000167525.16	6.76916552526763	6.91664027450674	6.81775463736341	6.85922707273188	6.77856944871386	6.8227146949241	6.8736476562819	6.88926596466494
ENSG00000109113.20	9.16504540073846	9.23823928319613	9.22719763530608	9.1890021266866	9.21359639584407	9.28247085042617	9.29248999806979	9.21108096878074
ENSG00000198242.14	10.608064042295	10.6077961578643	10.5435176354273	10.3364288342353	10.5533247109123	10.3384059745533	10.3507597353423	10.2042029364424
ENSG00000264577.1	6.6950477566315	6.59090765639085	6.70730724183813	6.71477957466235	6.65419024516067	6.66112256367871	6.65711701827342	6.66499475927517
ENSG00000160606.11	7.02655928775741	6.7776134688375	7.05438194769747	6.82827584508646	6.86784265543588	6.75267309804514	6.89977654313986	6.91631837934757
ENSG00000160602.14	7.14131259564342	7.14350454528051	7.21976318525012	7.22586302421196	7.02423010627822	7.08123610055129	7.08778312657617	7.07309757459527
ENSG00000076604.16	7.66509522035338	7.61038434521122	7.53034106345312	7.25593362173179	7.61353718986338	7.47024249410971	7.58296131680631	7.39336951568624
ENSG00000173065.14	7.66509522035338	7.8311134092205	7.59795691758673	7.81148480287117	7.69815726479008	7.70247920319046	7.58296131680631	7.76601143632978
ENSG00000243053.2	7.25159134826769	7.14350454528051	7.09108446280084	7.24105354332556	7.07919306364178	7.08123610055129	7.08778312657617	7.11087928794033
ENSG00000132591.12	7.87903900284121	7.93925012603722	7.8592262760543	7.85834589071616	7.92363259651444	8.03301906744208	7.93559150993702	7.80710639623428
ENSG00000132589.16	8.92214327228795	9.07196349011562	8.9349441416838	9.33595349951437	8.99343124550166	9.45997091160322	8.96641905565193	9.22424658100978
ENSG00000167536.14	6.76916552526763	6.86663834971125	6.59420680516964	6.66435240536893	6.70235148984962	6.59624643103017	6.81581663390162	6.88926596466494
ENSG00000109118.14	8.31049550137212	8.37075772098646	8.32269809262215	8.14675831722519	8.31571304455388	8.2633223656956	8.36174897610422	8.1978402696195
ENSG00000179761.12	6.58710938520095	6.70160896022124	6.87587918695416	6.66435240536893	6.74289715357801	6.71082973304335	6.78317777422319	6.82938173877161
ENSG00000263781.3	8.58672324963959	8.77210169049062	8.26797221141602	8.50047711774797	8.681869571358	8.68691764484034	8.42990427337695	8.36861285426085
ENSG00000196535.20	9.37749763181122	9.02363498133764	9.34280861715901	9.01240524276027	9.07787615501538	8.85959229648325	9.3932925343824	9.1293356695438
ENSG00000178082.6	8.53528924512736	8.65873344979597	8.78701903823567	8.43161956402546	8.85135720204444	8.84963761420882	8.63398529871988	8.56246826584081
ENSG00000108256.9	9.20203478344762	9.39712747403654	9.23455973030413	9.52246102532789	9.34590206306065	9.41215087034846	9.18630152791786	9.51201685062228
ENSG00000239256.1	8.89099845446828	9.01541134674718	8.81060726194045	8.68358246858275	8.69246088758504	8.77428736920155	8.68945466677039	8.70826449321337
ENSG00000160551.12	9.77407575612231	9.76068115229225	9.79050714546981	9.79683976591572	9.9372799685723	10.1268538339053	9.91149241472641	10.1081929632498
ENSG00000168792.5	7.5824706789755	7.8311134092205	7.66111972875557	7.90327224297391	7.56830694149834	7.80875146873545	7.58296131680631	7.9852325114109
ENSG00000167543.16	7.79859690058102	8.04961495432886	7.54030446467574	7.76247195917332	7.68179846469262	7.76914719723914	7.76239860022902	7.95745534025701
ENSG00000290082.1	6.73447480136818	6.80972966199624	6.78494942059072	6.75722721090719	6.65419024516067	6.71082973304335	6.84578904393387	6.91631837934757
ENSG00000264290.1	6.64821876902176	6.59090765639085	6.59420680516964	6.66435240536893	6.65419024516067	6.66112256367871	6.65711701827342	6.71556510257389
ENSG00000108262.16	8.38854247224846	8.86740904794094	8.22131384117443	8.73312887715283	8.61273623437813	8.66796652108119	8.4648096252929	8.89069958648002
ENSG00000198720.13	7.59105759081181	7.81680983412215	7.49978479649954	7.68433149028365	7.68179846469262	7.47024249410971	7.58296131680631	7.55213766364878
ENSG00000167549.19	8.0578353284304	10.0150006166281	8.13933002562177	9.66821243873508	8.01200987085907	8.8463029386995	8.06778679986642	9.89262892095393
ENSG00000264007.1	6.58710938520095	6.7776134688375	6.65824228849862	6.66435240536893	6.65419024516067	6.59624643103017	6.43935831587626	6.43935831587626
ENSG00000141298.19	8.55758245546871	9.57509545519326	8.76646359508031	9.65295637321746	8.96216359444021	9.35113210061651	8.45183183932673	9.66343159966668
ENSG00000176927.16	6.64821876902176	6.91664027450674	6.78494942059072	6.85922707273188	6.81077545829778	6.78948382610015	6.81581663390162	6.8604197866415
ENSG00000266876.1	7.5107952635334	7.47810826308903	7.66111972875557	7.50665748875958	7.51099567843774	7.60297351313665	7.61973865045292	7.5416801600786
ENSG00000126653.18	8.0578353284304	8.1610863911496	8.36103876195763	8.2600715011474	8.32510643283532	8.18764382388738	8.27474689705324	8.21489734142359
ENSG00000108576.10	6.64821876902176	6.59090765639085	6.43935831587626	6.59853369009248	6.59133753825452	6.59624643103017	6.59340998201429	6.75813289054065
ENSG00000108578.15	7.81242842702839	7.87292224382988	7.79980317571104	7.76247195917332	7.73793946192976	7.6311221033865	7.86674869824353	7.71446479958611
ENSG00000108582.12	10.0475988441237	10.2167133709306	10.6528067699978	11.2582248540371	10.3088827429567	11.0733544850826	10.7886376897448	11.2164001673272
ENSG00000108587.16	8.02424894652565	7.98962152577388	8.09906091927491	8.10443387078513	8.29671051794645	8.16512492539063	8.13145804711477	8.18633398517082
ENSG00000214719.13	6.88107787728229	6.80972966199624	6.87587918695416	6.75722721090719	6.77856944871386	6.78948382610015	6.65711701827342	6.91631837934757
ENSG00000264943.1	7.21224938124028	7.39275063909722	7.21976318525012	7.25593362173179	7.2742357569852	7.15141483343935	7.25830639574145	7.41789235457719
ENSG00000290450.1	7.14131259564342	7.17416839145007	7.07301585918763	7.10899739952712	7.17621052194296	6.97993461237282	7.18605069584968	7.11087928794033
ENSG00000290928.1	6.90477164752875	7.12761863691294	6.95050159174117	6.96464476970857	6.9411167951386	7.09953127654411	6.99168415881239	6.96613105083845
ENSG00000280069.1	6.73447480136818	6.59090765639085	6.78494942059072	6.59853369009248	6.59133753825452	6.71082973304335	6.43935831587626	6.59898859408845
ENSG00000176390.12	7.31284912597803	7.38145303967408	7.38958189154179	7.72847454025851	7.36090700209148	7.54406502806642	7.25830639574145	7.74055910340779
ENSG00000266490.1	6.64821876902176	6.70160896022124	6.81775463736341	6.7945679420554	6.65419024516067	6.66112256367871	6.59340998201429	6.43935831587626
ENSG00000242439.1	8.60105263921257	8.77867110421822	8.11648675706211	8.18187984015923	7.97497392845314	8.26855291877165	8.01920454216644	7.91446234634684
ENSG00000176208.9	6.85599478395576	6.91664027450674	6.84787938213258	6.7945679420554	6.8403514729454	6.75267309804514	6.81581663390162	6.88926596466494
ENSG00000172171.11	7.07843383662775	7.11132852487279	7.07301585918763	7.05155119182893	6.9843346155731	7.02268748670147	6.97026181459213	7.09228017073694
ENSG00000184060.11	6.6950477566315	6.65358313805485	6.81775463736341	6.75722721090719	6.81077545829778	6.66112256367871	6.89977654313986	6.75813289054065
ENSG00000181481.14	7.6491186765162	7.81680983412215	7.6434846476837	7.91058512894345	7.55899676174186	7.7930871569908	7.70606875678137	7.99887091107689
ENSG00000264456.1	6.58710938520095	6.43935831587626	6.65824228849862	6.43935831587626	6.74289715357801	6.71082973304335	6.59340998201429	6.59898859408845
ENSG00000291063.1	10.2026357832718	10.1824242447877	9.68457946744174	9.90515162896246	9.29267576113829	9.5748024695249	9.84566603428188	9.68433080543482
ENSG00000264107.1	6.58710938520095	6.65358313805485	6.59420680516964	6.71477957466235	6.65419024516067	6.66112256367871	6.59340998201429	6.71556510257389
ENSG00000196712.20	9.28825611014232	9.20511361312138	9.42415277244829	9.29941567250058	9.52150502070059	9.46210617985027	9.50736060590058	9.43534915049364
ENSG00000126861.5	7.77750553605451	7.41489871223988	7.9493890705598	7.25593362173179	8.06542199132029	7.21481668735571	7.72247987380231	7.09228017073694
ENSG00000185862.7	6.64821876902176	6.59090765639085	6.59420680516964	6.59853369009248	6.86784265543588	6.75267309804514	6.74702469803714	6.59898859408845
ENSG00000126860.12	6.88107787728229	6.83922341908603	6.90214012777943	6.71477957466235	6.91798309639808	6.78948382610015	6.94789582579647	6.71556510257389
ENSG00000263535.2	7.5107952635334	7.34659801429848	7.57912711229258	7.4957285283425	7.62233362512269	7.78516739639465	7.64643508021	7.53110350692585
ENSG00000131242.18	7.1261710930758	6.65358313805485	7.03512952892631	6.75722721090719	7.02423010627822	6.78948382610015	6.89977654313986	6.59898859408845
ENSG00000172301.11	8.3457851761835	8.01399515912775	8.45645812600074	8.1348184920743	8.48731692245855	8.19320846472767	8.38945413730409	7.9783516670837
ENSG00000108651.10	7.96599764984343	7.99576373928284	8.00147196549371	8.0149232431288	8.04788971536538	8.09490683036118	8.00044651460633	7.99207206489774
ENSG00000178691.11	8.06881871494655	7.97099376576087	8.15617978922234	8.29211160523288	8.23285091664581	8.18764382388738	8.26972968661156	8.11488125570062
ENSG00000185158.13	7.21224938124028	6.98280971378101	7.14232897471387	7.19447479440408	7.26101773105511	7.27299680592007	7.32412257582945	7.30126033386385
ENSG00000266777.1	7.48240614695841	7.71880047709661	7.20495732381457	7.52812918500009	7.49106777286467	7.44798233521901	7.39648013019841	7.5416801600786
ENSG00000278867.1	6.43935831587626	6.70160896022124	6.59420680516964	6.43935831587626	6.59133753825452	6.59624643103017	6.59340998201429	6.79557899802678
ENSG00000277511.2	6.73447480136818	6.74204092910778	6.59420680516964	6.71477957466235	6.59133753825452	6.59624643103017	6.65711701827342	6.71556510257389
ENSG00000126858.19	7.95398093814888	8.03194214479003	7.90175357110248	8.06690929578227	8.05960714307928	8.04566220110687	7.91538379376805	7.69669142659574
ENSG00000280020.1	6.58710938520095	6.59090765639085	6.59420680516964	6.71477957466235	6.65419024516067	6.43935831587626	6.65711701827342	6.43935831587626
ENSG00000266282.1	8.43395992687113	8.59629104580153	8.40737441325109	8.57007565143005	8.31098961357411	8.51420482874063	8.2443318321941	8.53650368540077
ENSG00000108666.11	7.36963937325821	7.33463785012026	7.30279019145036	7.43897863030172	7.299997787177	7.31384000488249	7.49455448047414	7.28717967992664
ENSG00000010244.19	9.2622934319359	9.35907402588726	9.12773744236094	9.1647327585921	9.29718997264914	9.38986136788033	9.02408459447808	9.30319311797272
ENSG00000264373.1	6.76916552526763	6.70160896022124	6.70730724183813	6.43935831587626	6.43935831587626	6.75267309804514	6.43935831587626	6.71556510257389
ENSG00000108671.11	8.44204580020583	8.42347160404191	8.38904400296594	8.64416291082648	8.55935168728202	8.42066653656792	8.42990427337695	8.39817933493717
ENSG00000176749.9	6.76916552526763	6.65358313805485	6.70730724183813	6.75722721090719	6.86784265543588	6.78948382610015	6.81581663390162	6.66499475927517
ENSG00000176658.17	10.8726716934681	10.8538801336353	10.9767055373389	11.2393927109155	10.7434963533548	10.6511751846256	10.8481201739696	11.3257824541965
ENSG00000266718.2	6.64821876902176	6.70160896022124	6.59420680516964	6.71477957466235	6.65419024516067	6.66112256367871	6.65711701827342	6.71556510257389
ENSG00000236377.2	6.43935831587626	6.59090765639085	6.59420680516964	6.71477957466235	6.59133753825452	6.71082973304335	6.7059310337478	6.59898859408845
ENSG00000006042.12	9.55119170910836	9.46032673010176	9.77061502838018	9.66441387018321	9.66374080657868	9.68824240594534	9.67607057381647	9.68433080543482
ENSG00000108684.15	6.6950477566315	6.59090765639085	6.43935831587626	6.59853369009248	6.65419024516067	6.43935831587626	6.59340998201429	6.66499475927517
ENSG00000226049.3	6.58710938520095	6.65358313805485	6.65824228849862	6.66435240536893	6.43935831587626	6.59624643103017	6.7059310337478	6.59898859408845
ENSG00000108691.10	7.94183480894215	7.70286503005945	8.42095003907238	7.96047627989416	9.04580400097687	9.33486643070423	8.09715487552138	7.63188578005326
ENSG00000108688.11	6.80048767211086	6.43935831587626	6.65824228849862	6.43935831587626	6.8403514729454	6.75267309804514	6.89977654313986	6.43935831587626
ENSG00000172156.4	7.71155094230012	7.15901313005303	7.66111972875557	7.05155119182893	8.64957524210947	8.80906402339697	7.67242820249571	7.12894230165379
ENSG00000108700.5	6.80048767211086	6.43935831587626	6.92694345216041	6.43935831587626	6.81077545829778	6.71082973304335	6.59340998201429	6.43935831587626
ENSG00000265614.1	6.43935831587626	6.65358313805485	6.43935831587626	6.43935831587626	6.70235148984962	6.59624643103017	6.84578904393387	6.66499475927517
ENSG00000181374.8	6.6950477566315	6.43935831587626	6.87587918695416	6.7945679420554	6.89362786770973	7.04287267906183	6.74702469803714	6.66499475927517
ENSG00000132141.14	6.73447480136818	7.02259645964244	6.78494942059072	6.9149699960699	6.8403514729454	6.97993461237282	6.92445549075663	6.82938173877161
ENSG00000198783.6	7.26424750246052	7.42575936841455	7.35352455666184	7.4957285283425	7.38403630536324	7.42513829273537	7.43042048399668	7.34203568759579
ENSG00000005156.12	7.78458286790898	7.68667566748816	7.70389168969008	7.65688835387656	7.75343165017171	7.81649810890002	7.67242820249571	7.64140692518333
ENSG00000092871.17	7.59105759081181	7.46788550087199	7.51008444991109	7.51745639052461	7.61353718986338	7.5837409700516	7.39648013019841	7.50957824954678
ENSG00000185379.21	7.68081969377741	7.62785634402111	7.65234145533654	7.45062524252812	7.51099567843774	7.53387740100055	7.72247987380231	7.67860060940167
ENSG00000073536.18	7.79859690058102	7.54659591578931	7.6784475540936	7.31266433276248	7.59570067362768	7.61244741220389	7.68938864382459	7.46492723626823
ENSG00000266947.3	6.80048767211086	6.59090765639085	6.59420680516964	6.66435240536893	6.43935831587626	6.75267309804514	6.74702469803714	6.43935831587626
ENSG00000166750.10	10.3105919948768	10.15706945284	10.2167417692845	10.1302090460545	10.2788280186163	10.1519688510951	10.0482941527157	10.067038321373
ENSG00000267364.4	6.73447480136818	6.70160896022124	6.81775463736341	6.7945679420554	6.59133753825452	6.71082973304335	6.81581663390162	6.79557899802678
ENSG00000172716.17	8.72990241311606	8.57734324412677	8.51213420647729	8.45960922867448	8.25285582771938	8.52276759526079	8.39401299943101	8.23727429489038
ENSG00000267315.1	7.43297652662458	7.35838284574864	7.28957509974307	7.28482816674212	7.32492677304778	7.37752396094456	7.32412257582945	7.45340490326501
ENSG00000267547.1	6.6950477566315	6.86663834971125	6.95050159174117	6.7945679420554	6.81077545829778	6.78948382610015	6.81581663390162	6.75813289054065
ENSG00000267745.1	6.85599478395576	6.96172395444198	6.97297967273664	7.10899739952712	6.8403514729454	7.1345826213474	6.84578904393387	6.94186705247055
ENSG00000267648.1	6.64821876902176	6.65358313805485	6.74861155170608	6.43935831587626	6.43935831587626	6.78948382610015	6.43935831587626	6.66499475927517
ENSG00000267102.1	6.88107787728229	6.91664027450674	6.84787938213258	7.25593362173179	6.9411167951386	7.11729994506885	6.97026181459213	6.98928066440998
ENSG00000172123.13	7.65713909464603	7.85916387826042	7.87358598792138	8.15858005660758	7.5775261695505	7.98764365952469	7.50480766329044	7.74055910340779
ENSG00000154760.14	6.94875647993495	6.7776134688375	6.95050159174117	6.94044784003456	6.81077545829778	7.11729994506885	6.84578904393387	6.71556510257389
ENSG00000267312.1	7.839566571993	7.66189258761927	7.71223310073222	7.71979742653821	7.83478345079549	7.64944708244119	7.83795555366702	7.7319343120311
ENSG00000205045.12	6.6950477566315	6.7776134688375	6.70730724183813	6.59853369009248	6.70235148984962	6.93331040795514	6.65711701827342	6.66499475927517
ENSG00000267369.1	6.96933030555932	7.05970936267722	6.84787938213258	7.05155119182893	6.96319099458342	6.97993461237282	6.92445549075663	6.96613105083845
ENSG00000255987.1	7.02655928775741	7.15901313005303	7.07301585918763	7.05155119182893	6.9843346155731	7.15141483343935	7.18605069584968	7.11087928794033
ENSG00000242660.1	6.64821876902176	6.43935831587626	6.65824228849862	6.59853369009248	6.59133753825452	6.8227146949241	6.78317777422319	6.59898859408845
ENSG00000267321.4	6.6950477566315	6.93971032520683	6.65824228849862	6.75722721090719	6.65419024516067	6.59624643103017	6.84578904393387	6.75813289054065
ENSG00000108733.11	7.53832524413779	7.36999908323021	7.66982120414353	7.39074271028615	7.36090700209148	7.41348430139145	7.55441649012552	7.3681050056998
ENSG00000006125.18	10.583355877748	10.3840936348821	10.6033985729381	10.757519401076	10.5561077458412	10.5840002366056	10.5254059602507	10.723727184487
ENSG00000267592.1	6.73447480136818	6.80972966199624	6.43935831587626	6.59853369009248	6.65419024516067	6.71082973304335	6.81581663390162	6.59898859408845
ENSG00000270885.2	7.04437464747588	7.39275063909722	7.01519640410775	7.43897863030172	7.16101486394347	7.65848352294689	7.01226888740702	7.35517524719191
ENSG00000270647.7	9.26665443527738	9.6414634340445	9.38736648901487	9.53294071911987	9.48653050334763	9.59823340625175	9.34715799965505	9.28324609879845
ENSG00000270871.1	6.64821876902176	6.70160896022124	6.65824228849862	6.75722721090719	6.65419024516067	6.66112256367871	6.65711701827342	6.66499475927517
ENSG00000271268.1	7.33605180474466	7.40389744949579	7.40126016169906	7.51745639052461	7.32492677304778	7.33992354409416	7.37306654578911	7.45340490326501
ENSG00000273611.5	7.53832524413779	7.50809339359925	7.57912711229258	7.52812918500009	7.59570067362768	7.5837409700516	7.60152565292806	7.57270868804437
ENSG00000278259.5	7.59105759081181	7.68667566748816	7.5599164488945	7.57972670055716	7.60466017610213	7.71105292743666	7.64643508021	7.75759624383526
ENSG00000277161.2	7.02655928775741	7.17416839145007	7.09108446280084	7.14453248643456	7.11320248327584	7.09953127654411	7.06980315318122	7.07309757459527
ENSG00000278311.5	8.63273043161717	8.82377421256747	8.96208185391143	8.91473572988311	8.8356598735534	8.70560056751784	8.73920436351744	8.90731965492589
ENSG00000274756.1	6.43935831587626	6.59090765639085	6.65824228849862	6.59853369009248	6.65419024516067	6.59624643103017	6.7059310337478	6.43935831587626
ENSG00000278535.5	7.04437464747588	6.98280971378101	6.70730724183813	6.82827584508646	6.96319099458342	6.8227146949241	6.97026181459213	6.82938173877161
ENSG00000278619.5	6.92727869079218	7.04145533499291	6.87587918695416	7.14453248643456	6.74289715357801	6.95716985536871	6.8736476562819	6.98928066440998
ENSG00000275700.6	8.07969993310128	8.32972018886719	8.06943279280258	8.27084434665789	8.28709886155051	8.29437788994059	8.04980569809878	8.1978402696195
ENSG00000278540.5	8.81741771675401	8.60752897412855	8.77678090880381	8.51823142003907	8.49552252103502	8.64485918245739	8.55617179441919	8.68506078684053
ENSG00000275029.1	8.6670530370599	8.86433880957856	8.83378706131424	8.67188000891043	8.85447478239339	8.81591212931941	8.78041204946765	8.55817678995822
ENSG00000276810.1	8.08510291865735	8.07848633939226	7.42414244258766	7.31266433276248	7.21987687823564	7.57397736363131	7.37306654578911	7.30126033386385
ENSG00000276234.5	7.44308858615331	7.51787147673622	7.55016197307786	7.62866455534041	7.50108663116043	7.64944708244119	7.50480766329044	7.58282854979468
ENSG00000275839.1	6.76916552526763	6.80972966199624	6.43935831587626	6.75722721090719	6.65419024516067	6.71082973304335	6.7059310337478	6.75813289054065
ENSG00000276023.5	8.09583497938652	8.29207315061939	8.0573685887661	8.4503474615651	7.86981357676268	8.1479543955451	8.11443058436105	8.23171842826016
ENSG00000275066.5	8.5974850230394	8.28248000506604	8.39824244598851	8.32334284674356	8.65682054835067	8.32467327448803	8.54812830546111	8.30205461139779
ENSG00000278053.5	7.98378711673182	7.88650986148881	8.02664925943111	8.11057340425038	8.12755514661084	8.0643727506272	7.98137616765061	7.9783516670837
ENSG00000274512.6	6.6950477566315	6.98280971378101	6.87587918695416	6.88799280253678	6.9411167951386	6.66112256367871	6.8736476562819	6.82938173877161
ENSG00000291088.1	6.6950477566315	6.59090765639085	6.65824228849862	6.43935831587626	6.43935831587626	6.66112256367871	6.43935831587626	6.71556510257389
ENSG00000278845.5	8.0578353284304	8.08983849887901	8.11070661450786	8.10443387078513	8.07696564776635	7.99423679139767	8.09133966874546	8.03884015605894
ENSG00000274211.6	7.5107952635334	7.77271004383747	7.63454750251705	7.71979742653821	7.65674929913366	7.727987484491	7.57354186617709	7.86210577694485
ENSG00000275832.5	9.44805395337821	9.53598528109016	9.4827078701058	9.57612083529683	9.1599074337923	9.44493209752748	9.64571392647141	9.75961077139578
ENSG00000276170.6	6.92727869079218	6.70160896022124	6.70730724183813	6.66435240536893	6.65419024516067	6.75267309804514	7.01226888740702	6.8604197866415
ENSG00000273604.2	6.85599478395576	6.93971032520683	6.81775463736341	6.94044784003456	6.65419024516067	6.75267309804514	6.8736476562819	6.82938173877161
ENSG00000277969.2	6.80048767211086	6.65358313805485	6.74861155170608	6.7945679420554	6.81077545829778	6.59624643103017	6.74702469803714	6.75813289054065
ENSG00000275023.5	9.10518455308051	9.27059075749598	9.06552398859023	9.15106283332691	9.15492137167106	9.25055402024172	9.16862971130875	9.29823316066685
ENSG00000277972.2	7.34740369896762	7.51787147673622	7.23426748932137	7.40306160487349	7.21987687823564	7.502619290972	7.25830639574145	7.41789235457719
ENSG00000277258.5	7.79161306754496	7.71086387004231	7.83732495842324	7.70221924781346	7.86289723469436	7.64944708244119	7.80837343534679	7.66943162961777
ENSG00000277791.5	8.37586730589481	8.32041478539414	8.32269809262215	8.32334284674356	8.30624815333993	8.45711177039893	8.20256497231548	8.22053022080322
ENSG00000276293.5	9.30741430450377	9.07459899592194	9.28266503615598	9.22071152110529	9.17967323107322	9.2127891638135	9.29712869409681	9.33500845643432
ENSG00000273559.5	7.8725586470527	7.63647635145749	7.80741358384332	7.77080064623082	7.77624648061692	7.83940786280983	7.83795555366702	7.8544179502028
ENSG00000125691.14	11.3991199910844	11.4747877817863	11.3272233825201	11.2431789073228	11.3139134666969	11.3045112365883	11.2353331144235	11.2001659252251
ENSG00000244086.1	8.48562487284833	8.59252346106907	8.50793608337051	8.38844340066602	8.39781767574374	8.3639546623941	8.54003456426915	8.42706976209089
ENSG00000002834.19	10.5138033367554	10.6990536612013	10.7272872207489	11.0178162797502	10.4423485401618	10.9911334856628	10.5910093831679	11.0008550955207
ENSG00000263874.2	6.73447480136818	6.91664027450674	6.99450908177647	7.07131815276461	6.9411167951386	6.88159019691735	6.97026181459213	6.94186705247055
ENSG00000263818.5	6.73447480136818	6.43935831587626	6.59420680516964	6.59853369009248	6.43935831587626	6.71082973304335	6.59340998201429	6.71556510257389
ENSG00000161381.14	8.12745822336423	7.38145303967408	8.19459986491871	7.99480871648771	8.44122149723114	7.71105292743666	8.13708012008034	7.74055910340779
ENSG00000067191.17	7.15611003539891	7.21771925882314	7.18983193912691	7.29887197002558	7.16101486394347	7.2444858616082	7.1052465005924	7.30126033386385
ENSG00000108298.12	11.8755075138434	12.0144107711377	11.9028688653816	11.5522193337281	11.7307692821751	11.7296452100998	11.6349077907295	11.5249922180278
ENSG00000108306.13	8.02424894652565	7.82398544242565	7.935984770437	8.0149232431288	7.83478345079549	7.76914719723914	8.06778679986642	8.03227402989139
ENSG00000125686.12	8.77437784299017	8.81742323646153	8.80391011547124	8.6679559868673	8.81977678687804	8.80906402339697	8.90311370631897	8.82911046168424
ENSG00000167258.16	8.67043654199227	8.49051788464214	8.65862482547413	8.64015517745768	8.681869571358	8.58117079408694	8.70386063506874	8.73483123264719
ENSG00000131771.14	7.21224938124028	6.70160896022124	7.15854104139589	6.59853369009248	6.9411167951386	6.59624643103017	7.78563618477975	6.88926596466494
ENSG00000131748.16	8.26955744523915	8.41916171161722	8.23183726740843	8.27084434665789	8.21762924586895	8.28411263040106	8.28967723591713	8.13314905527914
ENSG00000161395.14	7.891886128349	7.89324122508137	7.82247350612604	7.9250681263089	7.64825748526627	7.5837409700516	7.72247987380231	7.74055910340779
ENSG00000141736.14	8.96890961717062	9.03723187548965	9.10103401235088	9.12330887162661	8.9063984631454	9.05618081494	9.11156599913038	9.20843273303617
ENSG00000141741.12	7.75598276436193	7.8311134092205	7.79213787144315	7.87352666107061	7.73793946192976	7.78516739639465	7.64643508021	7.86973977394016
ENSG00000161405.17	6.58710938520095	6.65358313805485	6.70730724183813	6.43935831587626	6.43935831587626	6.71082973304335	6.74702469803714	6.43935831587626
ENSG00000226117.1	6.58710938520095	6.65358313805485	6.59420680516964	6.59853369009248	6.43935831587626	6.71082973304335	6.59340998201429	6.59898859408845
ENSG00000073605.19	7.34740369896762	7.25875213933517	7.36572076328742	7.41520286082544	7.4706875236321	7.38968347960865	7.43042048399668	7.32867691594172
ENSG00000172057.10	8.89099845446828	8.85508584152178	9.00034768204237	8.98786438685822	8.6312851518295	8.86947386293495	8.97522620818456	8.98124859982436
ENSG00000108344.15	9.01673281802965	9.05604302067371	9.06275394173773	8.91146492188363	9.04038476113172	9.07605689993267	8.88759409451246	8.95917197833946
ENSG00000008838.21	8.68053524484646	8.59629104580153	8.4388278998835	8.4029997055338	8.51982979254133	8.60541904039174	8.4561724393225	8.59211831465108
ENSG00000126351.13	8.89671481732305	9.00713782191212	8.73502310829623	8.97229857671928	8.82932919211117	8.79526177679002	8.73920436351744	8.94959958939824
ENSG00000126368.6	8.00130305110178	7.64502131481271	7.61642462857309	7.63816271278865	7.7686966415592	7.502619290972	7.68938864382459	7.49862191757299
ENSG00000279199.1	6.43935831587626	6.70160896022124	6.65824228849862	6.59853369009248	6.59133753825452	6.71082973304335	6.74702469803714	6.66499475927517
ENSG00000188895.12	9.20658953841412	9.25219679861055	9.21483973095892	9.35978962424255	9.38028805577123	9.29455363968269	9.29944224472576	9.26300818707164
ENSG00000108349.17	9.13902695431281	9.07985484521226	8.97397106060727	9.02752190141562	9.18945090849154	9.15280076149469	9.1247444601948	8.92047007849844
ENSG00000108352.13	7.07843383662775	6.8923522352928	7.09108446280084	6.82827584508646	7.04314031960162	7.06236787266546	6.92445549075663	6.88926596466494
ENSG00000171475.14	8.42989763399034	8.40614342014762	8.54114465266683	8.57430387309023	8.41099554728992	8.42527971417446	8.44747641996916	8.50105247569651
ENSG00000094804.12	6.88107787728229	7.02259645964244	6.74861155170608	6.71477957466235	6.77856944871386	6.85322918326179	6.78317777422319	6.75813289054065
ENSG00000131759.18	8.31496178192373	8.28728588501806	8.13366018703028	8.03469219569345	8.01200987085907	7.91246546544061	8.23918851566049	8.16298682314211
ENSG00000265666.1	6.96933030555932	6.74204092910778	6.92694345216041	6.75722721090719	6.70235148984962	6.8227146949241	6.8736476562819	6.88926596466494
ENSG00000183153.7	7.31284912597803	7.44707726361988	7.40126016169906	7.61907318227621	7.31256185219234	7.06236787266546	7.43042048399668	7.40572002503538
ENSG00000131747.15	7.79161306754496	7.76517760927074	7.45736078985131	7.42717312377348	7.74571447980836	7.36518253504343	7.73058789344141	7.40572002503538
ENSG00000141753.7	13.5162616557329	13.4449772449851	13.5129198327369	13.205979754693	14.8111306179578	14.5796968140886	13.5507476373286	13.130295942432
ENSG00000126353.3	6.82925412814796	6.70160896022124	6.84787938213258	6.75722721090719	6.81077545829778	6.93331040795514	6.74702469803714	6.75813289054065
ENSG00000073584.20	7.70395500220955	7.61915959597515	7.72050690154538	7.59960123566234	7.63969203824786	7.57397736363131	7.86674869824353	7.63188578005326
ENSG00000186395.9	7.44308858615331	7.45754308492482	7.27612730333863	7.51745639052461	7.16101486394347	7.08123610055129	7.28531745965193	7.24328953958212
ENSG00000167920.12	7.22560372627965	7.27193565334964	7.24848656199303	7.42717312377348	7.24756026874977	7.16782794342023	7.39648013019841	7.40572002503538
ENSG00000221852.5	6.43935831587626	6.43935831587626	6.59420680516964	6.43935831587626	6.59133753825452	6.66112256367871	6.65711701827342	6.82938173877161
ENSG00000171345.13	6.64821876902176	6.70160896022124	6.70730724183813	6.75722721090719	6.59133753825452	6.43935831587626	6.89977654313986	6.98928066440998
ENSG00000173812.11	10.3616579974446	10.5112841449568	10.3899804605465	10.768082634744	10.3923183022735	10.2567757972432	10.5919384257699	10.6998766478687
ENSG00000173805.16	6.88107787728229	6.96172395444198	6.78494942059072	6.98773058354613	6.96319099458342	7.08123610055129	6.94789582579647	6.88926596466494
ENSG00000173801.17	7.38053434470014	7.31016218469815	7.38958189154179	7.63816271278865	7.32492677304778	7.2588783846982	7.48418315538238	7.77435952733184
ENSG00000141696.13	7.84624563766608	7.74224866825456	7.7609075524307	7.86596265754316	7.88351651281543	7.87654517062335	7.84522578755965	7.77435952733184
ENSG00000141756.20	10.597891568823	10.4766389186576	10.3605056331191	10.2293940138685	10.5242456803243	10.4785033892173	10.5437723344482	10.5155487791827
ENSG00000141698.17	8.0299147144838	8.17694152925787	8.12796323213583	8.17609705756851	8.04788971536538	8.13053369195952	8.15378915905498	8.03884015605894
ENSG00000161594.7	6.58710938520095	6.65358313805485	6.59420680516964	6.43935831587626	6.59133753825452	6.59624643103017	6.59340998201429	6.71556510257389
ENSG00000178502.6	7.15611003539891	7.11132852487279	7.108633685461	6.88799280253678	6.96319099458342	7.08123610055129	7.27193337104649	7.19658682376258
ENSG00000131473.17	9.79961614242604	9.94747146413395	9.56039229519747	9.67010789292276	9.57792603038283	9.78308126052243	9.61837459780767	9.8122601860684
ENSG00000204815.10	6.73447480136818	6.74204092910778	6.78494942059072	6.66435240536893	6.8403514729454	6.75267309804514	6.43935831587626	6.98928066440998
ENSG00000173786.17	9.41322128685266	9.46430766402437	9.0488189595257	9.31658622325078	9.19915981134778	9.30175316360581	9.09290106363032	9.27316405378361
ENSG00000168259.17	8.43800928521903	8.42347160404191	8.56147516681124	8.66007268819075	8.67832015942962	8.5270277620234	8.48615088384481	8.43182149904368
ENSG00000168256.18	8.05230461342198	8.17167967716356	7.95603180873754	8.03469219569345	8.07120804896537	7.92651383395467	7.96198086873598	8.07747700978797
ENSG00000108771.13	7.55623339430288	7.58356889364687	7.59795691758673	7.48466534449845	7.52079799556434	7.55414222814662	7.60152565292806	7.69669142659574
ENSG00000108773.11	8.15318303719619	8.19776235859406	7.86642973277182	7.84295042916282	7.82763930614689	7.92651383395467	7.85244753991654	7.83887705215951
ENSG00000108774.15	8.5464838146051	8.7149122205155	8.64355729193442	8.82001326417985	8.6959725351359	8.74939281485308	8.51130056949803	8.70826449321337
ENSG00000167925.17	7.84624563766608	8.07848633939226	7.69548126923447	7.89591075074674	7.50108663116043	7.76914719723914	7.59228848521555	7.84667536170827
ENSG00000173757.11	8.70380266774035	8.87047230103553	8.80726287787887	8.96916391327411	8.69947487683988	9.0816831971664	8.74962650682354	9.10954259772126
ENSG00000126561.18	7.99549418333944	8.51076986048779	8.12223885824832	8.4410179433635	7.96235606711256	8.17079426181621	8.09715487552138	8.36861285426085
ENSG00000168610.16	10.5129009229852	11.0198859536425	10.3834827835789	10.8515581911013	10.534631726416	10.9808845629182	10.3887205867516	11.111273047082
ENSG00000177469.13	11.5052133130689	12.0103923774763	11.8137873336494	12.3311867921919	11.3067860634471	12.267521931615	11.842270894068	12.3664451817563
ENSG00000289579.1	6.64821876902176	6.65358313805485	6.74861155170608	6.71477957466235	6.43935831587626	6.66112256367871	6.74702469803714	6.66499475927517
ENSG00000033627.18	8.30601310289634	8.64067475853043	8.30307635733182	8.64015517745768	8.19182842618823	8.17643700071364	8.44747641996916	8.64947154518311
ENSG00000267632.1	6.43935831587626	6.59090765639085	6.59420680516964	6.71477957466235	6.74289715357801	6.43935831587626	6.7059310337478	6.59898859408845
ENSG00000267185.1	8.31049550137212	8.64430641121164	8.48245542696521	8.68358246858275	8.55154324053547	8.64096814919507	8.65273617236443	8.70826449321337
ENSG00000108784.10	8.83842962999589	8.95928040009422	8.72793416102032	8.78449637897173	8.43265863852243	8.69815905736024	8.65645444180601	8.7900324991038
ENSG00000108785.7	6.90477164752875	6.86663834971125	6.97297967273664	6.82827584508646	6.96319099458342	6.88159019691735	6.92445549075663	6.91631837934757
ENSG00000266962.3	6.90477164752875	6.93971032520683	6.92694345216041	6.94044784003456	6.91798309639808	6.97993461237282	6.78317777422319	6.96613105083845
ENSG00000108786.11	6.58710938520095	6.43935831587626	6.70730724183813	6.66435240536893	6.59133753825452	6.43935831587626	6.65711701827342	6.66499475927517
ENSG00000068120.15	8.3238465086794	8.4448044826006	8.37977799325249	8.39331416872435	8.22779811446108	8.4020440987344	8.25455411677689	8.56246826584081
ENSG00000108788.12	7.92955587820145	8.12325369656868	7.96920121745252	8.07324726887114	7.96235606711256	8.03935786641897	7.90170530207688	8.18053948215222
ENSG00000131470.15	6.94875647993495	7.04145533499291	6.84787938213258	6.96464476970857	6.91798309639808	6.95716985536871	6.78317777422319	6.8604197866415
ENSG00000141699.11	8.30151445447047	8.54252534468115	8.51213420647729	8.74058963652415	8.29671051794645	8.61737633078874	8.44747641996916	8.54086742252703
ENSG00000131462.9	7.91714061190472	8.00187314249238	7.98221939775845	7.48466534449845	7.98745316308388	7.89105390319849	7.69776301465627	7.46492723626823
ENSG00000267132.1	7.17058439460064	7.02259645964244	7.18983193912691	7.10899739952712	7.17621052194296	7.22980414512121	7.2158380607488	7.12894230165379
ENSG00000037042.9	7.64103263573616	7.78761490845097	7.8877598470217	7.79539814839956	7.89705074552145	7.77718778579345	7.80084831253943	7.64140692518333
ENSG00000068137.15	7.83284596275836	7.99576373928284	7.85197485447261	7.63816271278865	7.64825748526627	7.53387740100055	7.67242820249571	7.65083684186193
ENSG00000184451.5	6.80048767211086	6.86663834971125	6.90214012777943	6.71477957466235	6.70235148984962	6.78948382610015	6.84578904393387	6.79557899802678
ENSG00000108797.12	9.12703580958091	8.60379373473282	9.27555479436081	8.87158453693796	8.86687334601808	8.62133792383098	9.26432744875558	8.75718707929064
ENSG00000108799.13	8.52777199916961	8.71147015539277	8.66981327022723	9.02149532232987	8.55154324053547	8.75655316414078	8.72517972710268	9.00297258132658
ENSG00000214578.5	7.17058439460064	7.09460393922451	7.30279019145036	7.10899739952712	7.14546483287167	7.15141483343935	7.28531745965193	7.12894230165379
ENSG00000197291.9	6.64821876902176	6.65358313805485	6.59420680516964	6.59853369009248	6.81077545829778	6.59624643103017	6.7059310337478	6.66499475927517
ENSG00000131477.11	6.58710938520095	6.65358313805485	6.59420680516964	6.59853369009248	6.65419024516067	6.71082973304335	6.65711701827342	6.59898859408845
ENSG00000131475.7	7.8725586470527	7.79498917829912	7.935984770437	8.0015528396266	8.01806780031752	7.99423679139767	7.88086502223893	7.95040320913262
ENSG00000126562.17	6.82925412814796	6.43935831587626	6.78494942059072	6.66435240536893	6.8403514729454	6.66112256367871	6.89977654313986	6.82938173877161
ENSG00000183978.8	7.71155094230012	7.80958579722031	7.6784475540936	7.69331492013102	7.67351829167121	7.80875146873545	7.90170530207688	7.8151377702856
ENSG00000176563.10	6.43935831587626	6.70160896022124	6.59420680516964	6.71477957466235	6.74289715357801	6.66112256367871	6.7059310337478	6.71556510257389
ENSG00000126581.13	8.50495390450871	8.49459388201078	8.61676549708676	8.64815844871383	8.38895546963466	8.63706554612938	8.53596863275223	8.63739120002741
ENSG00000131467.12	8.93606634578843	9.15139848681228	8.72437543394279	9.01544200584058	8.91237782882013	9.16077490707476	8.83344878943352	8.99370472083928
ENSG00000131480.9	6.6950477566315	6.80972966199624	6.74861155170608	6.75722721090719	6.8403514729454	6.8227146949241	6.81581663390162	6.82938173877161
ENSG00000131471.7	7.33605180474466	7.43648408248628	7.40126016169906	7.35264675280945	7.12953635870483	7.27299680592007	8.07371951010923	8.09007748003442
ENSG00000266967.7	6.80048767211086	6.93971032520683	6.78494942059072	6.82827584508646	6.81077545829778	6.71082973304335	6.7059310337478	6.59898859408845
ENSG00000267060.7	6.58710938520095	6.7776134688375	6.70730724183813	6.66435240536893	6.59133753825452	6.66112256367871	6.43935831587626	6.59898859408845
ENSG00000198863.8	7.43297652662458	7.50809339359925	7.63454750251705	7.61907318227621	7.65674929913366	7.76914719723914	7.61067500802485	7.5928419639991
ENSG00000131469.15	10.9906295381115	11.131520253104	10.8182696388946	10.6233261292844	10.7047543987622	10.6222315216596	10.5844891719171	10.534358871782
ENSG00000068079.8	7.82608317359775	7.84522946153912	7.60723492303637	7.85834589071616	7.59570067362768	7.91951179134216	7.65517527402342	7.71446479958611
ENSG00000108828.16	11.6283262790325	10.7958104667158	11.6806136058552	11.176758259872	11.3586056537119	10.7250341405775	11.6743811925298	11.286962145124
ENSG00000108830.11	7.39128765045973	6.86663834971125	7.85197485447261	6.94044784003456	7.62233362512269	7.16782794342023	7.64643508021	7.09228017073694
ENSG00000012048.25	7.69630188053823	7.04145533499291	7.63454750251705	7.33954120017837	7.59570067362768	7.1995052785116	7.65517527402342	7.38083371180933
ENSG00000240828.1	7.3009847601845	7.36999908323021	7.23426748932137	7.27052005651109	7.37255303911769	7.21481668735571	7.37306654578911	7.38083371180933
ENSG00000198496.12	7.46296681662396	7.27193565334964	6.99450908177647	7.14453248643456	7.02423010627822	7.11729994506885	7.230272921022	7.24328953958212
ENSG00000267681.1	7.4530841931163	7.41489871223988	7.75295238609057	7.36554313971766	7.7686966415592	7.61244741220389	7.60152565292806	7.12894230165379
ENSG00000267002.4	7.59105759081181	7.32249514707143	7.56957062449411	7.4957285283425	7.52079799556434	7.2588783846982	7.60152565292806	7.49862191757299
ENSG00000267340.1	8.89385966208517	9.15139848681228	8.84685502528042	8.85802451358188	8.55545334049	8.76367519948876	8.78041204946765	8.73106841266785
ENSG00000188554.15	10.1430966443849	10.1436062693693	10.2623553584551	10.5029649567053	10.2492763346661	10.2975821861864	10.206309719329	10.4814863241017
ENSG00000184988.8	7.02655928775741	6.7776134688375	7.108633685461	6.94044784003456	7.17621052194296	7.04287267906183	6.99168415881239	6.79557899802678
ENSG00000236383.9	6.6950477566315	6.43935831587626	6.59420680516964	6.71477957466235	6.65419024516067	6.59624643103017	6.65711701827342	6.43935831587626
ENSG00000188825.16	7.1261710930758	7.05970936267722	7.18983193912691	7.16159600164277	7.12953635870483	7.08123610055129	7.37306654578911	7.12894230165379
ENSG00000175906.5	7.38053434470014	7.24532990394283	7.44642870137219	7.37823908357656	7.299997787177	7.32698938300757	7.34896630445935	7.34203568759579
ENSG00000237888.1	7.65713909464603	7.62785634402111	7.35352455666184	7.31266433276248	7.46031916101711	7.41348430139145	7.40794524758021	7.46492723626823
ENSG00000067596.12	8.46994923585601	8.58115492014318	8.62447635889694	8.5313885222794	8.47490927644503	8.46606257889973	8.54812830546111	8.57525826484737
ENSG00000175832.13	6.94875647993495	6.83922341908603	6.84787938213258	6.82827584508646	6.74289715357801	7.06236787266546	6.97026181459213	6.94186705247055
ENSG00000267253.1	7.86603970178097	7.78761490845097	7.83732495842324	7.85067545762235	8.03008896982306	7.94726080750155	7.92889614143034	7.99207206489774
ENSG00000108861.9	9.02713604403908	9.44428876460594	8.86622177153411	9.14831249155473	8.99343124550166	9.45569057657357	8.87504856505984	9.34465317364546
ENSG00000231256.8	6.43935831587626	6.65358313805485	6.59420680516964	6.66435240536893	6.59133753825452	6.59624643103017	6.7059310337478	6.59898859408845
ENSG00000161647.19	7.07843383662775	7.41489871223988	7.01519640410775	7.40306160487349	7.11320248327584	7.56411203989563	7.03210343032744	7.61256061542771
ENSG00000108852.16	7.23871374446255	7.31016218469815	7.32856396165289	7.25593362173179	7.20562298294026	6.93331040795514	7.34896630445935	7.16361990109882
ENSG00000161653.11	6.92727869079218	6.86663834971125	7.01519640410775	6.88799280253678	6.8403514729454	6.88159019691735	6.8736476562819	6.98928066440998
ENSG00000091947.10	7.8594816048451	7.82398544242565	7.69548126923447	7.71104619633136	7.75343165017171	7.69383250369366	7.72247987380231	7.66017771161906
ENSG00000161654.10	8.2272110559286	8.36175371067113	8.22658690787074	8.34878338909221	8.37104195183015	8.3639546623941	8.33818487420542	8.36861285426085
ENSG00000141349.10	8.00708261705269	8.27765534588413	8.17828395006397	8.09826227370041	8.23285091664581	8.31967505546413	7.97494782196698	8.16886621714788
ENSG00000108840.16	9.16270029216741	9.39504041090857	9.0205153834822	9.45788264628774	8.89435975253241	9.56095189683265	9.21853224203987	9.71233987364466
ENSG00000125319.15	6.82925412814796	6.80972966199624	6.74861155170608	6.71477957466235	6.74289715357801	6.75267309804514	6.92445549075663	6.82938173877161
ENSG00000161664.7	6.76916552526763	6.65358313805485	6.81775463736341	6.85922707273188	6.91798309639808	6.71082973304335	6.74702469803714	6.71556510257389
ENSG00000267080.8	7.32453580139174	7.27193565334964	7.31578320203042	7.32621709880648	7.33710086212212	7.18384980236706	7.2158380607488	7.21249796257827
ENSG00000168591.16	8.38854247224846	8.38857465552383	8.42095003907238	8.31819186174865	8.4497271589931	8.38314329819754	8.39401299943101	8.4738079726005
ENSG00000087152.16	8.60105263921257	8.74213170925307	8.39365160145441	8.52263203892149	8.43265863852243	8.46606257889973	8.50714295675832	8.60876311695691
ENSG00000267394.2	6.82925412814796	6.70160896022124	6.65824228849862	6.43935831587626	6.65419024516067	6.88159019691735	6.78317777422319	6.59898859408845
ENSG00000108312.16	9.28825611014232	9.3908568971718	9.32457847916027	9.15654709225558	9.4323747171791	9.15280076149469	9.26432744875558	9.1293356695438
ENSG00000260793.4	6.58710938520095	6.74204092910778	6.74861155170608	6.82827584508646	6.81077545829778	6.75267309804514	6.84578904393387	6.71556510257389
ENSG00000267691.1	8.63273043161717	8.60379373473282	8.6397632474236	8.4410179433635	8.85447478239339	8.9429201509363	8.47765699953752	8.40304041467014
ENSG00000267750.6	6.6950477566315	6.65358313805485	6.84787938213258	6.7945679420554	6.81077545829778	6.78948382610015	6.7059310337478	6.82938173877161
ENSG00000108309.14	6.6950477566315	6.70160896022124	6.65824228849862	6.82827584508646	6.70235148984962	6.75267309804514	6.7059310337478	6.43935831587626
ENSG00000013306.16	8.38854247224846	8.47821163994976	8.39824244598851	8.24920336030472	8.61646710740434	8.53127392090439	8.33341830503675	8.42706976209089
ENSG00000030582.19	11.1014358797823	10.8613490189033	11.2088520140663	11.0840788037091	11.1954091077959	10.986750035161	11.4226043360233	11.2764720411839
ENSG00000161682.15	7.6885904864755	7.42575936841455	7.5599164488945	7.37823908357656	7.5775261695505	7.30046544496281	7.78563618477975	7.52040412488887
ENSG00000005961.19	6.58710938520095	6.59090765639085	6.59420680516964	6.43935831587626	6.59133753825452	6.59624643103017	6.74702469803714	6.71556510257389
ENSG00000186566.13	8.74276217577989	8.60379373473282	8.83378706131424	8.8374246245914	8.78743410644234	8.80218070247562	8.83669489040414	8.81148903031953
ENSG00000180340.7	9.05787853312006	9.20989471823552	9.22226771690929	9.31170196166769	9.11436890877801	9.07605689993267	9.26669629022067	9.34705394771738
ENSG00000180336.18	6.73447480136818	6.70160896022124	6.74861155170608	6.75722721090719	6.70235148984962	6.59624643103017	6.81581663390162	6.71556510257389
ENSG00000180329.14	7.50143111481955	7.49820890347423	7.49978479649954	7.45062524252812	7.54009405689529	7.36518253504343	7.53489200646806	7.40572002503538
ENSG00000279879.1	6.58710938520095	6.43935831587626	6.70730724183813	6.59853369009248	6.70235148984962	6.43935831587626	6.65711701827342	6.66499475927517
ENSG00000161692.18	7.09475955628197	7.02259645964244	7.18983193912691	7.03108379795622	7.06144390694469	7.02268748670147	7.18605069584968	7.14651045137942
ENSG00000240305.1	9.42103725145766	9.43620029229009	9.2802990017328	9.22852649969854	9.34590206306065	9.26291682979813	9.26432744875558	9.22424658100978
ENSG00000073670.14	6.88107787728229	6.65358313805485	6.81775463736341	6.75722721090719	6.70235148984962	6.66112256367871	6.81581663390162	6.94186705247055
ENSG00000182963.11	7.83284596275836	7.74994792739892	7.75295238609057	7.74561254772177	7.94316115186456	7.92651383395467	7.85962159047878	7.71446479958611
ENSG00000108883.13	8.3457851761835	8.41049773243296	8.33721404321627	8.42689419643518	8.51581030272668	8.65646360204324	8.352376477772	8.46459623992219
ENSG00000167131.17	6.96933030555932	6.7776134688375	6.92694345216041	6.66435240536893	6.8403514729454	6.66112256367871	6.78317777422319	6.82938173877161
ENSG00000186185.14	6.58710938520095	6.74204092910778	6.65824228849862	6.43935831587626	6.59133753825452	6.59624643103017	6.78317777422319	6.43935831587626
ENSG00000136448.13	9.50241083583416	9.62560552345268	9.6061466260513	9.53502730036594	9.62327317537504	9.65515903566137	9.450452066849	9.61474846218115
ENSG00000131094.4	6.76916552526763	6.59090765639085	6.74861155170608	6.66435240536893	6.91798309639808	6.95716985536871	6.74702469803714	6.79557899802678
ENSG00000172992.13	8.03555285264975	7.97099376576087	7.88069578471556	8.06053677638145	8.06542199132029	7.82418907980601	7.94886350969263	7.8544179502028
ENSG00000161714.12	9.29467158491254	9.20271684218393	9.15393208824338	9.11487225981382	9.16239371420603	9.03891126970114	9.42322252986627	9.46431803605737
ENSG00000181513.15	7.34740369896762	7.60152876040716	7.49978479649954	7.59960123566234	7.33710086212212	7.502619290972	7.53489200646806	7.45340490326501
ENSG00000276728.2	6.73447480136818	6.65358313805485	6.43935831587626	6.66435240536893	6.70235148984962	6.71082973304335	6.7059310337478	6.66499475927517
ENSG00000186834.4	8.30151445447047	8.75553507991544	8.4388278998835	8.41261163184229	8.47074654873245	8.28411263040106	8.27474689705324	8.36861285426085
ENSG00000224505.4	6.76916552526763	6.65358313805485	6.70730724183813	6.59853369009248	6.77856944871386	6.66112256367871	6.78317777422319	6.59898859408845
ENSG00000168517.11	6.58710938520095	6.59090765639085	6.78494942059072	6.66435240536893	6.74289715357801	6.59624643103017	6.7059310337478	6.71556510257389
ENSG00000267288.2	6.58710938520095	6.65358313805485	6.65824228849862	6.7945679420554	6.59133753825452	6.43935831587626	6.59340998201429	6.43935831587626
ENSG00000267121.7	7.06165156972064	7.02259645964244	6.95050159174117	6.96464476970857	6.9411167951386	6.93331040795514	7.08778312657617	6.94186705247055
ENSG00000184922.15	7.60800394643117	7.70286503005945	7.69548126923447	7.43897863030172	7.97497392845314	7.77718778579345	7.89480219740134	7.69669142659574
ENSG00000267278.6	6.76916552526763	6.65358313805485	6.78494942059072	6.66435240536893	6.8403514729454	6.43935831587626	6.84578904393387	6.59898859408845
ENSG00000006062.18	7.52006402892478	7.56526380531823	7.55016197307786	7.05155119182893	7.53049652038317	7.1995052785116	7.37306654578911	7.18030257494647
ENSG00000159314.13	7.17058439460064	7.09460393922451	7.20495732381457	7.03108379795622	7.02423010627822	6.93331040795514	7.18605069584968	7.03275316416137
ENSG00000225190.12	8.74276217577989	8.74549523942413	8.6845849202979	8.79167562953452	8.89435975253241	8.65260683577441	8.87189385083316	8.79722299708275
ENSG00000236234.1	6.73447480136818	6.43935831587626	6.59420680516964	6.66435240536893	6.65419024516067	6.66112256367871	6.65711701827342	6.66499475927517
ENSG00000291175.1	6.82925412814796	6.74204092910778	6.81775463736341	6.82827584508646	6.59133753825452	6.43935831587626	6.81581663390162	6.88926596466494
ENSG00000280022.1	6.90477164752875	6.98280971378101	7.01519640410775	6.9149699960699	7.00465224079014	6.90818894211843	7.05126089458285	6.94186705247055
ENSG00000263503.1	6.88107787728229	6.83922341908603	7.07301585918763	6.88799280253678	6.9843346155731	6.93331040795514	6.92445549075663	6.88926596466494
ENSG00000204652.6	9.87781789393124	9.8957293375299	9.72997119415882	9.64911641939378	8.7907038042571	8.84963761420882	8.68945466677039	8.54086742252703
ENSG00000204650.14	7.11066214356251	7.09460393922451	7.09108446280084	7.14453248643456	7.63105131876296	7.56411203989563	7.31140188978322	7.21249796257827
ENSG00000186868.18	6.96933030555932	6.98280971378101	6.78494942059072	6.82827584508646	7.02423010627822	6.75267309804514	6.92445549075663	6.71556510257389
ENSG00000120071.15	8.53153608822402	8.54644048287344	8.41191580161707	8.4029997055338	8.56711342913726	8.27894784122235	8.42102628568309	8.53212517402509
ENSG00000214401.6	6.73447480136818	6.91664027450674	6.70730724183813	6.59853369009248	6.74289715357801	6.85322918326179	6.7059310337478	6.82938173877161
ENSG00000262500.1	6.6950477566315	6.65358313805485	6.81775463736341	6.71477957466235	6.65419024516067	6.66112256367871	6.78317777422319	6.66499475927517
ENSG00000228696.11	6.76916552526763	6.65358313805485	6.59420680516964	6.43935831587626	6.74289715357801	6.71082973304335	6.84578904393387	6.66499475927517
ENSG00000176681.15	6.6950477566315	6.65358313805485	6.59420680516964	6.43935831587626	6.74289715357801	6.66112256367871	6.43935831587626	6.71556510257389
ENSG00000185829.19	7.07843383662775	6.86663834971125	6.90214012777943	6.66435240536893	6.9411167951386	7.18384980236706	6.92445549075663	6.96613105083845
ENSG00000238083.10	7.09475955628197	7.07741058769147	6.99450908177647	7.0098403901942	7.23385110540525	7.22980414512121	6.94789582579647	6.88926596466494
ENSG00000073969.19	8.28791966240273	8.16639470961912	8.25775611217378	8.39816621703521	8.38895546963466	8.30455872168388	8.21839587865356	8.06473967964075
ENSG00000213326.4	8.4010915328813	8.54252534468115	8.46082787497282	8.4173903786565	8.6711925428509	8.73495538293023	8.51957576368048	8.44127203490402
ENSG00000108379.11	6.96933030555932	6.91664027450674	6.97297967273664	6.85922707273188	6.9843346155731	6.85322918326179	7.06980315318122	6.82938173877161
ENSG00000108433.17	8.33266830510143	8.18739680967067	8.34679841838266	8.15268377873029	8.25780643342561	8.38314329819754	8.10870001215132	8.06473967964075
ENSG00000262879.7	8.2556038630699	7.97723697395642	8.44767349068063	8.1348184920743	8.49552252103502	8.59335127857105	8.30930811022746	8.4738079726005
ENSG00000004897.12	8.85618173082018	8.86740904794094	8.91035675928867	8.92774044391676	8.92721159487215	8.91147620810425	8.94564413774132	8.95917197833946
ENSG00000239291.1	6.6950477566315	6.65358313805485	6.43935831587626	6.59853369009248	6.65419024516067	6.66112256367871	6.43935831587626	6.59898859408845
ENSG00000198336.9	6.58710938520095	6.74204092910778	6.81775463736341	6.59853369009248	6.70235148984962	6.71082973304335	6.65711701827342	6.71556510257389
ENSG00000259207.10	7.36963937325821	7.58356889364687	7.18983193912691	7.39074271028615	7.21987687823564	7.1345826213474	7.154911022967	7.30126033386385
ENSG00000178852.16	6.90477164752875	6.96172395444198	6.90214012777943	7.0098403901942	7.04314031960162	6.90818894211843	6.92445549075663	7.01145139339895
ENSG00000291120.1	6.82925412814796	6.86663834971125	6.70730724183813	6.66435240536893	6.65419024516067	6.71082973304335	6.78317777422319	6.88926596466494
ENSG00000141279.18	9.69456403353397	9.72480502781437	9.84222550591362	9.92110452485178	9.6980099952109	9.47907208438795	9.73827709595413	9.97023015463397
ENSG00000263766.6	6.58710938520095	6.65358313805485	6.65824228849862	6.75722721090719	6.43935831587626	6.66112256367871	6.59340998201429	6.43935831587626
ENSG00000108424.11	10.0894861615824	10.2108599206317	10.153138496611	10.3887985088679	10.2446751582524	10.4659365809911	10.0523642084915	10.2555772851781
ENSG00000198933.11	7.72657547304852	8.03786305649687	7.84467468387166	7.96742630626945	7.77624648061692	7.89105390319849	7.85962159047878	8.10872894644836
ENSG00000006025.13	7.5107952635334	7.28489170224431	7.45736078985131	7.14453248643456	7.33710086212212	6.71082973304335	7.39648013019841	7.05327662428992
ENSG00000159111.13	8.10116457520489	8.16639470961912	8.1505895374335	8.0412074448204	8.12755514661084	8.08278834336868	8.06778679986642	8.16886621714788
ENSG00000141294.10	6.73447480136818	6.80972966199624	6.43935831587626	6.59853369009248	6.81077545829778	6.75267309804514	6.65711701827342	6.66499475927517
ENSG00000141295.14	7.81242842702839	7.74994792739892	7.63454750251705	7.48466534449845	7.62233362512269	7.64944708244119	7.80837343534679	7.79901405289424
ENSG00000266821.1	6.58710938520095	6.65358313805485	6.59420680516964	6.43935831587626	6.65419024516067	6.66112256367871	6.59340998201429	6.59898859408845
ENSG00000264920.4	6.90477164752875	6.86663834971125	6.99450908177647	7.05155119182893	6.8403514729454	7.00173781955444	6.78317777422319	6.91631837934757
ENSG00000167182.16	7.67298833912015	7.5744605664324	7.70389168969008	7.70221924781346	7.64825748526627	7.65848352294689	7.76239860022902	7.69669142659574
ENSG00000234494.8	6.80048767211086	6.7776134688375	6.78494942059072	6.71477957466235	6.86784265543588	6.85322918326179	6.84578904393387	6.59898859408845
ENSG00000108439.11	7.40190410202062	7.56526380531823	7.61642462857309	7.55942754482302	7.54009405689529	7.43663582560659	7.62871859695107	7.40572002503538
ENSG00000108465.15	7.40190410202062	7.66189258761927	7.5599164488945	7.4957285283425	7.61353718986338	7.64944708244119	7.51494615070391	7.66943162961777
ENSG00000005243.10	8.57223449725896	8.44056642674027	8.47384820350297	8.52263203892149	8.3204186003347	8.18205342782785	8.46049833130942	8.54955100886884
ENSG00000263412.3	6.58710938520095	6.74204092910778	6.74861155170608	6.75722721090719	6.65419024516067	6.43935831587626	6.81581663390162	6.66499475927517
ENSG00000082641.16	10.9217019169706	11.100318874	11.2167702351144	11.4522192705995	11.0038599169149	11.1287643659939	11.1541534127825	11.4875082597162
ENSG00000278765.1	6.6950477566315	6.43935831587626	6.59420680516964	6.66435240536893	6.65419024516067	6.43935831587626	6.59340998201429	6.66499475927517
ENSG00000108468.15	8.97699778229449	8.60004778104333	9.02337228938241	8.65214187140992	8.80693338001748	8.5270277620234	9.04648480591099	8.61289138290814
ENSG00000002919.15	7.2889351845708	7.60152876040716	7.45736078985131	7.5897156223468	7.39536274240844	7.60297351313665	7.54470548054276	7.62227113346484
ENSG00000173917.11	7.39128765045973	7.50809339359925	7.30279019145036	7.40306160487349	7.20562298294026	7.35265173077004	7.40794524758021	7.41789235457719
ENSG00000230148.8	6.73447480136818	6.86663834971125	6.65824228849862	6.85922707273188	6.81077545829778	6.95716985536871	6.8736476562819	6.94186705247055
ENSG00000120093.12	8.46203884409634	8.40614342014762	8.54114465266683	8.5270177025596	8.55545334049	8.26855291877165	8.33818487420542	8.41751261121546
ENSG00000233101.10	7.17058439460064	7.15901313005303	7.20495732381457	7.16159600164277	6.70235148984962	6.78948382610015	7.03210343032744	7.11087928794033
ENSG00000239552.2	6.82925412814796	6.7776134688375	6.97297967273664	6.85922707273188	6.81077545829778	6.78948382610015	6.8736476562819	6.91631837934757
ENSG00000182742.6	7.44308858615331	7.53712000475837	7.59795691758673	7.64756992068165	7.3490918626578	7.38968347960865	7.51494615070391	7.55213766364878
ENSG00000257178.5	6.76916552526763	6.80972966199624	6.90214012777943	6.96464476970857	6.70235148984962	6.75267309804514	6.94789582579647	6.91631837934757
ENSG00000120075.6	7.04437464747588	7.04145533499291	7.31578320203042	7.19447479440408	6.77856944871386	6.71082973304335	7.1706605785019	7.19658682376258
ENSG00000108511.10	7.00815477285245	7.04145533499291	7.05438194769747	7.05155119182893	6.70235148984962	6.66112256367871	7.03210343032744	7.05327662428992
ENSG00000260027.5	7.06165156972064	7.00307188601783	7.15854104139589	7.21034358070588	6.74289715357801	6.66112256367871	6.99168415881239	7.24328953958212
ENSG00000120068.7	6.64821876902176	6.65358313805485	6.59420680516964	6.71477957466235	6.43935831587626	6.43935831587626	6.65711701827342	6.66499475927517
ENSG00000242067.1	9.51339853990465	9.59696502559741	9.0205153834822	8.97542602665616	8.90039252173047	8.94912229620664	8.88759409451246	8.79363258412688
ENSG00000170703.16	6.64821876902176	6.65358313805485	6.70730724183813	6.75722721090719	6.43935831587626	6.43935831587626	6.43935831587626	6.66499475927517
ENSG00000136436.15	8.8881311671446	9.77190797022526	9.22226771690929	10.385366223845	9.21598789930025	9.82986219525742	9.09290106363032	10.1910651527832
ENSG00000248278.1	6.64821876902176	6.70160896022124	6.65824228849862	6.66435240536893	6.65419024516067	6.43935831587626	6.59340998201429	6.59898859408845
ENSG00000159199.14	7.81242842702839	7.85916387826042	7.54030446467574	7.68433149028365	7.50108663116043	7.62182953188988	7.45232310044787	7.60275175302611
ENSG00000159202.18	9.48762530421826	9.63971023349039	9.5171003616663	9.67200080306159	9.6410107744258	9.57873483741355	9.50736060590058	9.52474879864257
ENSG00000159210.10	8.13781480581551	8.04375387383245	8.1505895374335	8.29737172340916	8.11649858103912	8.27894784122235	8.09133966874546	8.07747700978797
ENSG00000159217.10	7.14131259564342	7.12761863691294	7.108633685461	7.10899739952712	7.31256185219234	7.49195645196654	7.24442409608208	7.30126033386385
ENSG00000255851.2	6.58710938520095	6.65358313805485	6.43935831587626	6.59853369009248	6.65419024516067	6.71082973304335	6.59340998201429	6.43935831587626
ENSG00000251550.1	6.85599478395576	6.98280971378101	6.97297967273664	6.98773058354613	6.86784265543588	7.00173781955444	6.8736476562819	6.91631837934757
ENSG00000167080.9	6.43935831587626	6.43935831587626	6.43935831587626	6.59853369009248	6.86784265543588	6.66112256367871	6.81581663390162	6.66499475927517
ENSG00000198740.9	7.60800394643117	7.58356889364687	7.6434846476837	7.62866455534041	7.75343165017171	7.727987484491	7.63761678562617	7.56247942439768
ENSG00000248714.7	6.6950477566315	6.65358313805485	6.74861155170608	6.59853369009248	6.70235148984962	6.59624643103017	6.59340998201429	6.43935831587626
ENSG00000167085.14	8.24621259093973	8.38414399277109	8.35156320701011	8.4173903786565	8.25780643342561	8.45261273203976	8.25963348981326	8.46921039648651
ENSG00000229944.3	7.6885904864755	7.80958579722031	7.81497005132884	7.59960123566234	7.75343165017171	7.74464773284164	7.88086502223893	7.61256061542771
ENSG00000182575.8	7.23871374446255	7.36999908323021	7.37773757760165	7.88849986554341	7.23385110540525	7.41348430139145	7.55441649012552	8.15114088759465
ENSG00000121067.19	8.3194120748349	8.43204774806586	8.33721404321627	8.42215118374908	8.31098961357411	8.30455872168388	8.49878722257248	8.37854565068615
ENSG00000121073.15	7.75598276436193	7.88650986148881	7.8877598470217	7.9250681263089	7.79118566849827	8.070543514736	7.81584583690489	7.92174355293815
ENSG00000121104.8	7.44308858615331	7.09460393922451	7.43535750935192	7.22586302421196	7.40653793477524	7.11729994506885	7.31140188978322	7.25820899452454
ENSG00000136504.15	8.18829448588273	8.01399515912775	8.27304862473266	8.22160319106451	8.1760796851549	8.03301906744208	8.19189505300651	8.19210081368291
ENSG00000235183.3	8.82946480094949	8.76549974784571	8.74558607498058	8.97854629806007	8.97930774751476	8.89869107266823	8.79051795990734	8.77188501516425
ENSG00000249176.1	7.19863772985699	7.29763067505793	7.31578320203042	7.37823908357656	7.12953635870483	7.42513829273537	7.24442409608208	7.32867691594172
ENSG00000108813.12	6.43935831587626	6.43935831587626	6.70730724183813	6.59853369009248	6.59133753825452	6.66112256367871	6.59340998201429	6.66499475927517
ENSG00000246640.2	6.43935831587626	6.65358313805485	6.70730724183813	6.59853369009248	6.65419024516067	6.66112256367871	6.7059310337478	6.43935831587626
ENSG00000005884.18	8.12224592814166	8.13418600960235	8.69555614552099	8.88834483909524	8.38450091547393	9.0214206334711	8.6490073553433	8.818565433407
ENSG00000005882.12	8.0299147144838	8.11221983375721	8.24227075024647	8.12275781326579	8.27253970302693	7.91246546544061	8.23918851566049	8.22613715921755
ENSG00000167100.15	7.04437464747588	6.91664027450674	7.108633685461	6.94044784003456	6.91798309639808	6.85322918326179	7.08778312657617	7.03275316416137
ENSG00000108819.11	9.0502574897124	8.81423642382208	8.91035675928867	9.01544200584058	8.97930774751476	8.78131551747262	9.2379993766592	8.95917197833946
ENSG00000108823.17	6.58710938520095	6.59090765639085	6.65824228849862	6.9149699960699	6.70235148984962	6.43935831587626	6.59340998201429	6.66499475927517
ENSG00000108821.14	14.7288445223713	13.4535086772006	14.6409830026454	13.3889300824186	14.8523348552442	13.6953329418603	14.7993472450666	13.3392838731829
ENSG00000249406.3	6.43935831587626	6.70160896022124	6.74861155170608	6.43935831587626	6.43935831587626	6.66112256367871	6.59340998201429	6.43935831587626
ENSG00000167105.8	6.73447480136818	6.43935831587626	6.70730724183813	6.43935831587626	6.77856944871386	6.71082973304335	6.59340998201429	6.66499475927517
ENSG00000251179.1	6.76916552526763	6.80972966199624	6.65824228849862	6.9149699960699	6.65419024516067	6.75267309804514	6.8736476562819	6.75813289054065
ENSG00000015532.10	8.10116457520489	8.08983849887901	8.06943279280258	8.10443387078513	7.99364191608739	8.14217570668182	8.00673329239189	8.12100179232244
ENSG00000108826.16	7.59956810832586	7.67022199165375	7.79213787144315	7.60938623084126	7.84893143532124	7.5837409700516	7.72247987380231	7.57270868804437
ENSG00000154920.15	6.82925412814796	6.59090765639085	6.78494942059072	6.71477957466235	6.70235148984962	6.66112256367871	6.78317777422319	6.59898859408845
ENSG00000108829.10	8.81438894805207	9.3199518916524	8.6845849202979	8.95020245611273	8.96790238077197	9.42096799164185	8.80054799736095	9.05729506589825
ENSG00000167107.13	7.71909075774064	7.88650986148881	7.7609075524307	7.6752671697904	7.93668938797086	7.96088243005773	7.68094420379084	7.74055910340779
ENSG00000136457.10	6.6950477566315	6.70160896022124	6.65824228849862	6.71477957466235	6.65419024516067	6.75267309804514	6.81581663390162	6.82938173877161
ENSG00000136444.10	8.00708261705269	7.94567078327275	7.88069578471556	7.77906373948945	7.65674929913366	7.69383250369366	7.83063603694373	7.64140692518333
ENSG00000136449.16	6.98910180233029	6.93971032520683	6.87587918695416	6.7945679420554	6.65419024516067	6.66112256367871	6.97026181459213	7.03275316416137
ENSG00000250286.2	6.6950477566315	6.59090765639085	6.43935831587626	6.59853369009248	6.77856944871386	6.43935831587626	6.65711701827342	6.59898859408845
ENSG00000049283.19	6.6950477566315	6.65358313805485	6.81775463736341	6.71477957466235	6.77856944871386	6.75267309804514	6.7059310337478	6.71556510257389
ENSG00000006282.22	8.93606634578843	8.71147015539277	8.57352230837657	8.49600000462482	8.69246088758504	8.66030909095834	8.8105033713971	8.74605614745847
ENSG00000006283.18	7.19863772985699	7.00307188601783	6.84787938213258	6.59853369009248	7.28722563583692	6.95716985536871	7.01226888740702	6.82938173877161
ENSG00000108846.16	7.40190410202062	7.72667604685279	7.48936634673305	7.78726249992622	7.7686966415592	8.33954879842997	7.65517527402342	7.84667536170827
ENSG00000154945.7	8.4010915328813	8.44902848881835	8.23183726740843	8.46880432605766	8.37554428332016	8.64873872015675	8.44747641996916	8.6046217683828
ENSG00000108848.16	9.60689456850552	9.67436648955084	9.579637845974	9.63947050862962	9.62327317537504	9.42754450732773	9.72298047434682	9.6538285959294
ENSG00000248702.1	7.00815477285245	6.80972966199624	6.87587918695416	6.75722721090719	6.8403514729454	6.75267309804514	6.92445549075663	6.88926596466494
ENSG00000173714.8	6.76916552526763	6.43935831587626	6.65824228849862	6.43935831587626	6.43935831587626	6.59624643103017	6.59340998201429	6.66499475927517
ENSG00000243521.2	7.66509522035338	7.78761490845097	7.38958189154179	7.5386796252309	7.48093586964645	7.727987484491	7.61067500802485	7.49862191757299
ENSG00000141232.5	8.18334081899439	8.28248000506604	8.22658690787074	8.46421504458824	8.22779811446108	8.16512492539063	8.36174897610422	8.53212517402509
ENSG00000229980.5	6.58710938520095	6.70160896022124	6.65824228849862	6.75722721090719	6.59133753825452	6.43935831587626	6.65711701827342	6.59898859408845
ENSG00000008294.22	9.51886027837111	9.47421075094825	9.60989315026611	9.62585431281771	9.54434613455929	9.53486141701422	9.69188106583701	9.74161629226722
ENSG00000239672.8	7.23871374446255	7.14350454528051	7.09108446280084	7.12701163853944	7.12953635870483	7.2444858616082	7.1706605785019	6.96613105083845
ENSG00000243678.12	7.07843383662775	7.14350454528051	7.46815828495789	7.22586302421196	7.40653793477524	7.40166807788686	7.2158380607488	7.27283391984739
ENSG00000011258.16	7.8725586470527	7.60152876040716	7.78441668685265	7.68433149028365	7.76109202931333	7.59340550825574	7.95544125003487	7.66017771161906
ENSG00000279089.1	6.85599478395576	6.91664027450674	6.74861155170608	6.43935831587626	6.74289715357801	6.75267309804514	6.78317777422319	6.8604197866415
ENSG00000011260.14	7.91088070518703	7.87292224382988	7.66111972875557	7.9250681263089	7.73010550684785	7.727987484491	7.67242820249571	7.9852325114109
ENSG00000262902.1	13.965490629405	14.1768021883881	14.1539103815304	14.40995903349	14.6909267821536	14.4641203845988	14.2969846252446	14.3913962572107
ENSG00000262271.1	6.85599478395576	6.7776134688375	6.90214012777943	6.71477957466235	6.8403514729454	6.85322918326179	6.65711701827342	6.82938173877161
ENSG00000262384.1	6.6950477566315	6.59090765639085	6.65824228849862	6.66435240536893	6.70235148984962	6.66112256367871	6.74702469803714	6.66499475927517
ENSG00000233380.1	7.47273975491118	7.55597636827698	7.14232897471387	7.32621709880648	7.07919306364178	7.30046544496281	7.18605069584968	7.19658682376258
ENSG00000263189.1	7.34740369896762	7.28489170224431	7.36572076328742	7.41520286082544	7.42845531208544	7.2868549344026	7.39648013019841	7.52040412488887
ENSG00000263199.1	6.43935831587626	6.65358313805485	6.65824228849862	6.59853369009248	6.65419024516067	6.43935831587626	6.65711701827342	6.71556510257389
ENSG00000263125.1	6.6950477566315	6.70160896022124	6.43935831587626	6.71477957466235	6.59133753825452	6.66112256367871	6.59340998201429	6.71556510257389
ENSG00000141198.16	7.21224938124028	7.34659801429848	7.31578320203042	7.64756992068165	7.42845531208544	7.61244741220389	7.03210343032744	7.3681050056998
ENSG00000166260.13	8.03555285264975	8.53465935563046	7.92922206635735	8.67188000891043	7.89705074552145	8.11877667325603	7.83063603694373	8.65746383218361
ENSG00000279059.1	7.02655928775741	7.09460393922451	6.90214012777943	7.22586302421196	6.91798309639808	7.08123610055129	7.01226888740702	7.39336951568624
ENSG00000166263.13	7.71909075774064	7.86606472963437	7.56957062449411	8.34878338909221	7.74571447980836	7.73635120557041	7.78563618477975	8.40304041467014
ENSG00000108924.14	6.73447480136818	6.91664027450674	6.81775463736341	6.96464476970857	6.74289715357801	6.85322918326179	7.1052465005924	7.30126033386385
ENSG00000108960.9	8.30151445447047	9.56772934982619	8.22658690787074	9.37856916640755	8.7305857965785	9.1634227318837	8.10294154859053	9.41493628822727
ENSG00000236319.2	7.8725586470527	7.79498917829912	7.84467468387166	7.77080064623082	7.82044737567963	7.68511125196689	7.80084831253943	7.78264182386985
ENSG00000262135.1	7.18475458628006	7.14350454528051	7.36572076328742	7.29887197002558	7.33710086212212	7.22980414512121	7.20110327591779	7.11087928794033
ENSG00000166292.12	6.85599478395576	7.04145533499291	6.74861155170608	7.09044865010935	6.81077545829778	6.75267309804514	6.7059310337478	6.8604197866415
ENSG00000141179.14	7.44308858615331	7.43648408248628	7.48936634673305	7.47346354243093	7.42845531208544	7.51315796183049	7.24442409608208	7.30126033386385
ENSG00000153930.13	6.43935831587626	6.59090765639085	6.59420680516964	6.71477957466235	6.59133753825452	6.66112256367871	6.43935831587626	6.66499475927517
ENSG00000261882.1	6.94875647993495	6.93971032520683	7.108633685461	6.98773058354613	6.86784265543588	6.95716985536871	7.05126089458285	6.88926596466494
ENSG00000214226.9	6.43935831587626	6.7776134688375	6.92694345216041	6.66435240536893	6.9411167951386	6.78948382610015	6.97026181459213	6.82938173877161
ENSG00000153933.10	7.15611003539891	7.23165671836133	7.18983193912691	7.24105354332556	7.28722563583692	7.33992354409416	7.06980315318122	7.3681050056998
ENSG00000121060.19	8.93883386759248	8.88870700089129	8.85657325645372	8.8511929069303	8.82615261283952	8.92098632541934	8.94265015132868	8.97183107406831
ENSG00000262408.1	6.88107787728229	6.86663834971125	6.70730724183813	6.7945679420554	6.77856944871386	6.66112256367871	6.59340998201429	6.94186705247055
ENSG00000121058.5	7.6491186765162	7.41489871223988	7.35352455666184	7.55942754482302	7.54959328369672	7.54406502806642	7.55441649012552	7.56247942439768
ENSG00000262623.1	7.04437464747588	7.02259645964244	6.99450908177647	6.9149699960699	6.9411167951386	7.00173781955444	7.08778312657617	6.96613105083845
ENSG00000121064.13	9.37749763181122	9.10067902096398	9.53102042336189	9.60815206786194	9.45871143193634	9.24058371890276	9.57349627246312	9.5477948697165
ENSG00000263120.1	6.73447480136818	6.43935831587626	6.65824228849862	6.43935831587626	6.65419024516067	6.66112256367871	6.59340998201429	6.43935831587626
ENSG00000261192.1	7.23871374446255	7.36999908323021	7.05438194769747	7.14453248643456	7.24756026874977	7.2868549344026	7.1706605785019	7.38083371180933
ENSG00000263004.3	6.82925412814796	6.59090765639085	6.84787938213258	6.7945679420554	6.74289715357801	6.59624643103017	6.94789582579647	6.75813289054065
ENSG00000121057.13	7.77038028493323	7.98962152577388	7.66982120414353	7.86596265754316	7.58665669470262	7.67631381289578	7.85962159047878	7.87732084698278
ENSG00000153944.12	8.15318303719619	8.21823120566873	8.03285858670101	7.9178501746869	8.2428942464101	8.08278834336868	8.17571144371727	8.09632745681447
ENSG00000181610.13	7.67298833912015	7.83819450041638	7.7609075524307	7.95348325587438	7.64825748526627	7.82418907980601	7.75453677176359	7.83102203381577
ENSG00000180891.13	8.36306316271789	8.80783995655038	8.26287477355428	8.47337720394141	8.38003056201196	8.64485918245739	8.32863345968827	8.72729489384364
ENSG00000136451.9	8.83544800255456	8.97919074536322	8.8821505641188	9.02752190141562	9.05120184101392	9.05903798785109	8.78041204946765	9.05433315504389
ENSG00000264112.1	7.1261710930758	7.24532990394283	7.12570350423684	7.37823908357656	7.39536274240844	7.1345826213474	7.44144096185602	7.24328953958212
ENSG00000136450.13	8.3238465086794	8.21314624784568	8.16728269276431	8.37371714462343	8.17078404725026	8.37837350526834	8.27974376845071	8.21489734142359
ENSG00000279069.2	6.85599478395576	6.70160896022124	6.90214012777943	6.66435240536893	6.81077545829778	6.75267309804514	6.7059310337478	6.75813289054065
ENSG00000264364.3	8.98503811498988	8.90669851882859	9.34054286765496	9.12330887162661	8.8852597359497	8.89547579039322	8.9897791900491	8.87387225061706
ENSG00000279207.1	7.15611003539891	7.25875213933517	7.36572076328742	7.29887197002558	7.16101486394347	7.08123610055129	7.34896630445935	7.09228017073694
ENSG00000011143.19	7.4530841931163	7.35838284574864	7.30279019145036	7.31266433276248	7.11320248327584	7.1345826213474	7.34896630445935	7.24328953958212
ENSG00000005379.17	7.38053434470014	7.29763067505793	7.20495732381457	7.16159600164277	7.33710086212212	7.35265173077004	7.20110327591779	7.22805870833429
ENSG00000265148.7	6.82925412814796	6.65358313805485	6.90214012777943	6.43935831587626	6.8403514729454	6.85322918326179	6.7059310337478	6.66499475927517
ENSG00000213246.7	6.88107787728229	6.83922341908603	6.95050159174117	6.7945679420554	6.70235148984962	6.88159019691735	6.81581663390162	6.88926596466494
ENSG00000266648.1	7.83284596275836	7.85916387826042	7.96920121745252	7.82733273254756	7.84893143532124	8.05193250916527	7.92889614143034	7.83887705215951
ENSG00000108389.10	8.51641343303544	8.44056642674027	8.33239413986315	8.32334284674356	8.26273716123835	8.56887526116254	8.28472048694752	8.43655554138001
ENSG00000108387.16	6.85599478395576	6.83922341908603	6.43935831587626	6.75722721090719	6.70235148984962	6.93331040795514	6.59340998201429	6.79557899802678
ENSG00000266826.3	7.77038028493323	7.88650986148881	8.0573685887661	7.90327224297391	7.95599399335361	7.95409218281053	7.96848288894374	8.24831086624047
ENSG00000108384.16	7.32453580139174	7.29763067505793	7.40126016169906	7.37823908357656	7.42845531208544	7.37752396094456	7.4192569214772	7.47630094354234
ENSG00000108395.14	8.27877271600797	8.17694152925787	8.25775611217378	8.35380995258763	8.48731692245855	8.35424930086931	8.33341830503675	8.18053948215222
ENSG00000224738.2	6.43935831587626	6.7776134688375	6.59420680516964	6.59853369009248	6.70235148984962	6.66112256367871	6.7059310337478	6.75813289054065
ENSG00000182628.13	7.77038028493323	7.74994792739892	7.96263567822461	7.75407637533425	7.86289723469436	7.71105292743666	7.69776301465627	7.71446479958611
ENSG00000068489.13	7.3009847601845	7.20350296362254	7.05438194769747	7.17823401500456	7.37255303911769	7.2444858616082	7.31140188978322	7.24328953958212
ENSG00000266537.1	6.88107787728229	6.70160896022124	6.78494942059072	6.85922707273188	6.8403514729454	6.71082973304335	6.81581663390162	6.75813289054065
ENSG00000167447.13	7.74870880572759	7.80231252261367	7.76880258900063	7.95348325587438	7.79118566849827	7.70247920319046	7.78563618477975	7.79085959083904
ENSG00000153982.11	6.94875647993495	6.83922341908603	6.74861155170608	6.7945679420554	6.8403514729454	6.8227146949241	6.78317777422319	6.79557899802678
ENSG00000271063.1	6.98910180233029	7.04145533499291	6.90214012777943	6.98773058354613	6.86784265543588	7.02268748670147	7.01226888740702	7.05327662428992
ENSG00000175155.11	7.94792425882723	8.00187314249238	8.08729913876379	8.24920336030472	7.93668938797086	7.83182535067464	8.10870001215132	8.21489734142359
ENSG00000265313.8	6.43935831587626	6.43935831587626	6.70730724183813	6.66435240536893	6.70235148984962	6.59624643103017	6.65711701827342	6.59898859408845
ENSG00000108406.10	8.71365042745441	8.60004778104333	8.82390190231884	8.83396038404714	8.80046516755168	8.73495538293023	8.83019481707156	8.96551627390721
ENSG00000273702.1	6.58710938520095	6.59090765639085	6.59420680516964	6.66435240536893	6.43935831587626	6.43935831587626	6.65711701827342	6.71556510257389
ENSG00000141367.13	11.2026380347264	11.1955102834308	11.2622091857018	11.3138864651975	11.2902022427753	11.3358473978983	11.2826190398609	11.2092796572102
ENSG00000141378.15	7.38053434470014	7.31016218469815	7.38958189154179	7.40306160487349	7.31256185219234	7.47024249410971	7.38485590504998	7.39336951568624
ENSG00000062716.13	9.3010575563953	9.80506360126652	9.47036495368599	9.93059092017675	9.58344549961222	9.75390519328384	9.21853224203987	9.73070860605602
ENSG00000108423.15	6.88107787728229	6.70160896022124	6.90214012777943	6.88799280253678	6.89362786770973	7.08123610055129	7.08778312657617	6.75813289054065
ENSG00000270264.1	7.67298833912015	7.66189258761927	7.60723492303637	7.5386796252309	7.60466017610213	7.61244741220389	7.50480766329044	7.50957824954678
ENSG00000108443.14	8.19322792297138	8.02000857201118	8.17279589303508	8.30782544105283	8.28226486638574	8.36877934366584	8.04980569809878	8.1978402696195
ENSG00000189050.16	7.2889351845708	7.23165671836133	7.30279019145036	7.27052005651109	7.20562298294026	7.06236787266546	7.27193337104649	7.25820899452454
ENSG00000068097.16	7.8192775516661	7.84522946153912	7.98221939775845	7.78726249992622	8.04198643940983	7.88382346882906	7.85244753991654	7.89232771945194
ENSG00000261040.9	6.82925412814796	6.86663834971125	6.99450908177647	6.75722721090719	6.96319099458342	6.85322918326179	6.65711701827342	6.91631837934757
ENSG00000280852.2	7.23871374446255	7.29763067505793	7.32856396165289	7.46211847900853	7.21987687823564	7.38968347960865	7.40794524758021	7.40572002503538
ENSG00000267248.5	6.6950477566315	6.74204092910778	6.59420680516964	6.71477957466235	6.65419024516067	6.75267309804514	6.89977654313986	6.75813289054065
ENSG00000170832.13	8.83842962999589	8.77210169049062	8.61676549708676	9.0631334994703	8.7168488398962	8.9522127654618	8.78041204946765	8.93024968355111
ENSG00000241157.1	6.64821876902176	6.70160896022124	6.59420680516964	6.43935831587626	6.59133753825452	6.66112256367871	6.43935831587626	6.71556510257389
ENSG00000275562.1	7.86603970178097	7.91319277585848	7.84467468387166	7.9250681263089	7.59570067362768	7.88382346882906	7.90170530207688	7.92174355293815
ENSG00000213228.5	10.239171085616	10.197897199429	10.0513900049796	9.61997826045192	10.2144005688602	10.05295833325	9.81076717484002	9.66343159966668
ENSG00000062725.10	8.97161102403417	8.94487782264583	8.87261590664529	9.11769022331752	9.20157640878583	8.88902215767517	8.98106609959385	8.94318026433659
ENSG00000270553.1	7.57380559050133	7.63647635145749	7.66982120414353	7.70221924781346	7.62233362512269	7.61244741220389	7.61067500802485	7.55213766364878
ENSG00000259349.4	6.58710938520095	6.43935831587626	6.74861155170608	6.59853369009248	6.65419024516067	6.66112256367871	6.65711701827342	6.43935831587626
ENSG00000266943.1	7.56506047187438	7.64502131481271	7.28957509974307	7.24105354332556	7.17621052194296	7.30046544496281	7.44144096185602	7.31508878620013
ENSG00000170836.13	7.91714061190472	7.75759056734335	7.83732495842324	7.61907318227621	8.07696564776635	7.62182953188988	7.88785565950243	7.66943162961777
ENSG00000141376.24	8.00708261705269	8.11221983375721	8.21601784149852	8.23823798313709	8.20737466894077	7.95409218281053	8.28472048694752	8.24280502154398
ENSG00000224011.1	7.36963937325821	7.35838284574864	7.27612730333863	7.29887197002558	7.20562298294026	7.16782794342023	7.28531745965193	7.18030257494647
ENSG00000254114.1	7.57380559050133	7.35838284574864	7.40126016169906	7.42717312377348	7.54009405689529	7.22980414512121	7.48418315538238	7.16361990109882
ENSG00000286997.1	6.43935831587626	6.65358313805485	6.59420680516964	6.66435240536893	6.65419024516067	6.71082973304335	6.65711701827342	6.59898859408845
ENSG00000267280.6	7.41238824137725	7.35838284574864	7.108633685461	7.19447479440408	6.9411167951386	7.06236787266546	7.27193337104649	7.24328953958212
ENSG00000289926.1	7.06165156972064	6.96172395444198	6.81775463736341	6.88799280253678	6.96319099458342	7.00173781955444	7.01226888740702	7.05327662428992
ENSG00000121068.14	9.63226500803141	9.7909490523113	9.27792892591801	9.43567726705128	9.31287517705377	9.61937427203783	9.56396360493811	9.7667449261635
ENSG00000187013.4	6.76916552526763	6.59090765639085	6.65824228849862	6.71477957466235	6.70235148984962	6.66112256367871	6.81581663390162	6.75813289054065
ENSG00000121075.11	7.99549418333944	8.12325369656868	8.36103876195763	8.46880432605766	7.62233362512269	7.68511125196689	8.01298582220099	8.29678429626651
ENSG00000253506.3	10.7426167798759	10.6644410818015	10.7734990635077	10.6998303673762	10.6476528623912	10.5417315437835	10.62951995883	10.535396671224
ENSG00000136492.10	6.92727869079218	7.11132852487279	7.01519640410775	7.22586302421196	6.96319099458342	7.16782794342023	7.08778312657617	6.88926596466494
ENSG00000108506.14	7.47273975491118	7.48821493471538	7.42414244258766	7.5897156223468	7.48093586964645	7.61244741220389	7.48418315538238	7.50957824954678
ENSG00000108510.10	8.92772969389867	8.86433880957856	8.91345473023355	9.12330887162661	8.93309987735851	9.07605689993267	9.01274512209248	9.13773194430207
ENSG00000279133.1	6.64821876902176	6.65358313805485	6.65824228849862	6.75722721090719	6.43935831587626	6.66112256367871	6.7059310337478	6.66499475927517
ENSG00000289293.1	6.82925412814796	6.74204092910778	6.74861155170608	6.9149699960699	6.74289715357801	6.78948382610015	6.92445549075663	6.91631837934757
ENSG00000266066.1	7.83284596275836	7.9065820971097	7.61642462857309	7.75407637533425	7.69815726479008	7.99423679139767	7.78563618477975	7.8544179502028
ENSG00000242123.1	6.98910180233029	6.7776134688375	6.95050159174117	6.75722721090719	6.8403514729454	6.88159019691735	6.97026181459213	7.03275316416137
ENSG00000172421.10	6.64821876902176	6.7776134688375	6.59420680516964	6.66435240536893	6.77856944871386	6.75267309804514	6.65711701827342	6.75813289054065
ENSG00000239809.1	8.5464838146051	8.50674489030678	8.27810420944299	8.23271820651057	8.04788971536538	7.96763213549531	8.22883649757873	8.16886621714788
ENSG00000087995.16	8.0467474954807	8.07276881804544	8.17828395006397	8.26546971698801	8.10533794004156	8.13053369195952	8.15378915905498	8.27009043701389
ENSG00000146872.19	8.04116367647417	8.10666413066704	8.15617978922234	8.29737172340916	8.1760796851549	8.22607030974618	8.19189505300651	8.25924892037978
ENSG00000239246.3	7.00815477285245	7.07741058769147	6.95050159174117	6.94044784003456	6.91798309639808	6.93331040795514	6.99168415881239	6.98928066440998
ENSG00000274565.1	7.09475955628197	7.04145533499291	7.14232897471387	6.85922707273188	7.07919306364178	6.88159019691735	7.25830639574145	7.03275316416137
ENSG00000011028.14	11.7309476256978	11.4630685589456	11.9178793695192	11.5903529374248	11.5298589460369	11.40148909324	11.7522982897894	11.6468454263608
ENSG00000279713.1	6.73447480136818	6.86663834971125	6.81775463736341	6.66435240536893	6.81077545829778	6.71082973304335	6.74702469803714	6.66499475927517
ENSG00000265702.2	6.43935831587626	6.7776134688375	6.65824228849862	6.43935831587626	6.43935831587626	6.59624643103017	6.43935831587626	6.66499475927517
ENSG00000173838.12	6.64821876902176	7.07741058769147	6.59420680516964	7.27052005651109	6.70235148984962	7.21481668735571	6.59340998201429	6.98928066440998
ENSG00000264907.1	6.92727869079218	6.98280971378101	6.81775463736341	6.98773058354613	7.00465224079014	6.78948382610015	6.97026181459213	6.79557899802678
ENSG00000283538.3	6.58710938520095	6.43935831587626	6.59420680516964	6.71477957466235	6.43935831587626	6.75267309804514	6.65711701827342	6.59898859408845
ENSG00000265262.1	7.67298833912015	7.71880047709661	7.51008444991109	7.5386796252309	7.50108663116043	7.53387740100055	7.49455448047414	7.6876865873111
ENSG00000170921.16	8.97430707160507	9.27742606463798	8.86942263413909	9.36450828543807	8.91833086708428	9.4937505159589	9.07125396157868	9.43534915049364
ENSG00000264529.1	6.73447480136818	6.65358313805485	6.65824228849862	6.43935831587626	6.65419024516067	6.43935831587626	6.65711701827342	6.59898859408845
ENSG00000271919.1	7.22560372627965	7.27193565334964	7.28957509974307	7.05155119182893	7.2742357569852	7.37752396094456	7.29847011027295	7.21249796257827
ENSG00000008283.16	7.98378711673182	7.97099376576087	8.02664925943111	7.87352666107061	7.94316115186456	8.00731013991199	7.88785565950243	7.87732084698278
ENSG00000159640.17	6.90477164752875	7.00307188601783	6.99450908177647	6.98773058354613	7.41756713940696	7.32698938300757	7.13877762248489	7.22805870833429
ENSG00000136485.16	8.67043654199227	8.77539044196535	8.57352230837657	8.8059194590331	8.69947487683988	8.89225283174366	8.83019481707156	8.74977681689284
ENSG00000136463.9	6.94875647993495	6.96172395444198	6.65824228849862	6.85922707273188	6.96319099458342	6.75267309804514	7.01226888740702	6.82938173877161
ENSG00000270587.1	6.90477164752875	6.83922341908603	6.95050159174117	6.96464476970857	6.8403514729454	6.8227146949241	6.89977654313986	7.01145139339895
ENSG00000198909.8	8.4817239025678	8.96214266425202	8.78701903823567	9.04840791112608	8.63496362360515	8.63706554612938	8.42102628568309	9.1123876974861
ENSG00000263883.1	7.71909075774064	7.73449173685559	7.48936634673305	7.47346354243093	7.56830694149834	7.49195645196654	7.52497322330101	7.52040412488887
ENSG00000266173.7	7.19863772985699	7.18899186515845	7.32856396165289	7.03108379795622	7.31256185219234	7.30046544496281	7.20110327591779	7.03275316416137
ENSG00000136490.9	6.98910180233029	6.96172395444198	6.95050159174117	6.98773058354613	6.9411167951386	6.97993461237282	7.06980315318122	6.8604197866415
ENSG00000279369.1	6.6950477566315	6.70160896022124	6.59420680516964	6.59853369009248	6.59133753825452	6.59624643103017	6.65711701827342	6.66499475927517
ENSG00000108588.15	8.57223449725896	8.95928040009422	8.77335066724851	8.93741264554657	8.7237351066478	8.90509876272163	8.74268749971219	8.74605614745847
ENSG00000198231.14	9.56356671488012	9.40337000393878	9.49291120124158	9.62193967030619	9.72649858543091	9.62128051791899	9.60728849708695	9.57862407769807
ENSG00000108592.17	8.59032038725821	8.85198731940245	8.7064370406981	8.88500940566583	8.62018737050679	8.68314914137165	8.34293332358872	8.72351061043017
ENSG00000087191.14	8.74914567991423	9.05604302067371	8.6845849202979	8.93097219193236	8.74079598417664	8.96450474217017	8.58000746612736	8.90731965492589
ENSG00000108604.18	8.72342550553316	9.94605935116962	8.7136415750139	9.57612083529683	8.6711925428509	9.23557151602654	8.64526792559267	9.67486953653777
ENSG00000178607.17	7.68081969377741	7.68667566748816	7.7609075524307	7.72847454025851	7.55899676174186	7.57397736363131	7.85962159047878	8.05186195708522
ENSG00000136478.9	8.84140465046774	9.79723956683372	9.15911173165571	10.4955599328517	9.02399683919909	10.312881742729	9.25481139273745	10.6180364545988
ENSG00000256358.1	6.76916552526763	6.86663834971125	6.78494942059072	6.59853369009248	6.59133753825452	6.66112256367871	6.84578904393387	6.59898859408845
ENSG00000261371.6	6.43935831587626	6.65358313805485	6.59420680516964	6.71477957466235	6.81077545829778	6.71082973304335	6.43935831587626	6.43935831587626
ENSG00000271605.6	6.76916552526763	6.83922341908603	7.12570350423684	7.03108379795622	6.9843346155731	7.00173781955444	6.8736476562819	6.82938173877161
ENSG00000256525.8	7.33605180474466	7.31016218469815	7.34114158796624	7.35264675280945	7.20562298294026	7.06236787266546	7.1706605785019	7.28717967992664
ENSG00000256826.1	6.98910180233029	6.91664027450674	6.92694345216041	6.88799280253678	6.81077545829778	7.02268748670147	6.92445549075663	6.82938173877161
ENSG00000108654.16	11.53078110887	11.6738666275014	11.6139551184186	11.6898336787778	11.6862777452607	11.6676282509888	11.4479131761175	11.6654009024795
ENSG00000258890.8	7.76320630521015	7.65349286842667	7.66982120414353	7.83516984902588	7.71425625019853	7.45918294560031	7.77020173600278	7.78264182386985
ENSG00000108854.16	9.36335420826853	9.45633444040506	10.1607701003542	9.54126849989669	9.74299205546763	9.51445658095534	9.65829298003674	9.62855018010521
ENSG00000270714.1	7.75598276436193	8.08417612886211	7.53034106345312	7.77080064623082	7.439207131166	7.51315796183049	7.69776301465627	7.74055910340779
ENSG00000215769.8	6.85599478395576	7.05970936267722	6.97297967273664	7.17823401500456	6.9843346155731	6.90818894211843	6.89977654313986	7.19658682376258
ENSG00000265298.1	8.05230461342198	8.07276881804544	8.13366018703028	8.23823798313709	8.15475565314993	8.07668191413005	8.14824539352677	8.09632745681447
ENSG00000291117.1	7.31284912597803	7.48821493471538	7.31578320203042	7.48466534449845	7.26101773105511	7.42513829273537	7.38485590504998	7.75759624383526
ENSG00000176809.11	7.18475458628006	6.91664027450674	7.20495732381457	7.14453248643456	7.2742357569852	7.1345826213474	7.24442409608208	6.98928066440998
ENSG00000265218.1	6.58710938520095	6.43935831587626	6.43935831587626	6.43935831587626	6.65419024516067	6.78948382610015	6.7059310337478	6.59898859408845
ENSG00000291140.1	7.19863772985699	7.11132852487279	7.09108446280084	7.05155119182893	7.09643284881219	6.95716985536871	7.2158380607488	7.07309757459527
ENSG00000120063.10	8.72990241311606	8.76218646974946	8.49525891604367	8.69132683999145	8.60524239336569	8.52276759526079	8.80387469245936	8.68506078684053
ENSG00000108370.17	7.14131259564342	7.09460393922451	7.01519640410775	7.0098403901942	6.9843346155731	7.04287267906183	7.06980315318122	7.01145139339895
ENSG00000168646.14	7.32453580139174	7.9197643734435	7.40126016169906	7.95348325587438	7.32492677304778	7.60297351313665	7.46307138551635	7.95745534025701
ENSG00000154240.18	7.40190410202062	7.56526380531823	7.42414244258766	7.57972670055716	7.42845531208544	7.43663582560659	7.65517527402342	7.82310928929184
ENSG00000270870.1	7.32453580139174	7.51787147673622	7.63454750251705	7.59960123566234	7.51099567843774	7.51315796183049	7.50480766329044	7.38083371180933
ENSG00000266707.1	7.66509522035338	7.76517760927074	7.69548126923447	7.82733273254756	7.62233362512269	7.78516739639465	7.70606875678137	7.89232771945194
ENSG00000154229.12	9.53691403601333	9.58242316532644	9.80687295703312	9.74211255504504	9.83503747180192	10.2725161748439	9.59424336646835	9.88446657750051
ENSG00000198265.12	8.45806521404504	8.38857465552383	8.48245542696521	8.4173903786565	8.61273623437813	8.85628224986103	8.65645444180601	8.70826449321337
ENSG00000213180.4	9.11736702149809	9.04532551278642	9.19483435423023	8.90818618136028	9.16487551675691	8.93356339926647	8.93060762361629	8.81503190516802
ENSG00000285877.1	6.64821876902176	6.80972966199624	6.78494942059072	6.66435240536893	6.74289715357801	6.78948382610015	6.78317777422319	6.79557899802678
ENSG00000197170.10	8.17836673051647	8.20803992579713	8.11070661450786	8.28682902862385	8.26273716123835	8.25806946596233	8.04980569809878	8.10872894644836
ENSG00000154217.16	7.07843383662775	7.38145303967408	7.24848656199303	7.48466534449845	7.21987687823564	7.56411203989563	7.12223304218743	7.39336951568624
ENSG00000130935.10	7.97195849280366	7.86606472963437	7.91557259013486	7.88103877916032	8.03008896982306	7.97434187159909	7.91538379376805	7.92174355293815
ENSG00000213179.4	8.39692235146039	8.46994133659094	8.31782161816045	8.44569124004405	8.4497271589931	8.35424930086931	8.36174897610422	8.2646816247008
ENSG00000171634.19	9.06040947524272	8.89172228778665	9.09833488416628	9.06897964918231	9.11950385442488	9.07323506318531	9.15330002414198	9.16808738371669
ENSG00000279573.1	6.64821876902176	6.59090765639085	6.74861155170608	6.66435240536893	6.59133753825452	6.71082973304335	6.59340998201429	6.59898859408845
ENSG00000186665.10	7.53832524413779	7.45754308492482	7.69548126923447	7.25593362173179	7.66516905996988	7.31384000488249	7.64643508021	7.46492723626823
ENSG00000182481.10	8.5974850230394	8.72176963768975	8.80054892967666	8.45960922867448	8.75092830776045	8.48816947522852	8.63020275349566	8.48750252263373
ENSG00000266117.1	6.76916552526763	6.7776134688375	6.78494942059072	6.59853369009248	6.8403514729454	6.78948382610015	6.74702469803714	6.82938173877161
ENSG00000265055.2	6.64821876902176	6.70160896022124	6.70730724183813	6.71477957466235	6.65419024516067	6.43935831587626	6.65711701827342	6.59898859408845
ENSG00000291214.1	7.59105759081181	7.34659801429848	7.77663860782185	7.54911127969051	7.63105131876296	7.40166807788686	7.67242820249571	7.50957824954678
ENSG00000267023.6	7.07843383662775	6.7776134688375	7.03512952892631	6.98773058354613	6.9411167951386	6.8227146949241	6.99168415881239	6.91631837934757
ENSG00000278730.1	7.88548131796998	7.62785634402111	8.18374712640244	7.96047627989416	7.68179846469262	7.61244741220389	8.01298582220099	7.76601143632978
ENSG00000274561.1	6.90477164752875	6.83922341908603	6.87587918695416	6.75722721090719	6.89362786770973	6.8227146949241	6.78317777422319	6.66499475927517
ENSG00000277476.1	7.27669232675171	7.33463785012026	7.07301585918763	7.07131815276461	6.9843346155731	7.00173781955444	7.2158380607488	7.16361990109882
ENSG00000196704.14	8.39273936542375	8.48232685578834	8.54114465266683	8.46880432605766	8.37554428332016	8.33460996827039	8.42990427337695	8.45065294908546
ENSG00000290793.1	6.64821876902176	6.7776134688375	6.90214012777943	6.75722721090719	6.81077545829778	6.75267309804514	6.74702469803714	6.82938173877161
ENSG00000265100.2	6.43935831587626	6.74204092910778	6.59420680516964	6.59853369009248	6.59133753825452	6.43935831587626	6.65711701827342	6.59898859408845
ENSG00000141337.13	7.78458286790898	8.02599077399634	7.77663860782185	8.04768631012802	8.17078404725026	8.35911136874781	7.68094420379084	8.03884015605894
ENSG00000108932.13	6.80048767211086	6.7776134688375	6.81775463736341	6.71477957466235	6.81077545829778	7.38968347960865	6.59340998201429	6.71556510257389
ENSG00000070540.13	9.36538350535427	10.2873702011556	9.27792892591801	10.0997562561005	9.85183898578251	10.3081916070273	9.16862971130875	10.1454694597596
ENSG00000207561.1	7.09475955628197	7.18899186515845	6.84787938213258	7.07131815276461	6.91798309639808	7.11729994506885	6.92445549075663	7.14651045137942
ENSG00000108946.17	10.6455807276702	10.8190139874574	10.6608784821722	11.0462795347166	10.804790786048	11.0406052893684	10.7001302693933	10.9403393332239
ENSG00000108950.12	8.12224592814166	8.6515397261952	8.34201541621616	9.04247298785003	7.98745316308388	8.83624895491231	8.08549559786007	8.87725456342256
ENSG00000141338.15	9.89879636223878	10.1919659029576	9.89365398541183	9.96021985729014	10.1245430950396	9.8116678596794	9.88278232684218	9.93433250558616
ENSG00000231749.3	6.58710938520095	6.65358313805485	6.70730724183813	6.71477957466235	6.65419024516067	6.66112256367871	6.65711701827342	6.59898859408845
ENSG00000154258.17	8.4010915328813	8.93616227838545	9.10641639626724	9.26695302185531	8.90039252173047	8.62922532976403	9.34715799965505	9.53527121092395
ENSG00000154262.13	8.85323928239706	9.52651056324448	8.9196294615333	9.79683976591572	8.82615261283952	9.38536042729963	9.06578831778137	9.9886054704725
ENSG00000267361.1	6.64821876902176	6.80972966199624	6.59420680516964	6.9149699960699	6.65419024516067	6.71082973304335	6.74702469803714	6.8604197866415
ENSG00000154263.18	7.66509522035338	7.29763067505793	7.70389168969008	7.31266433276248	7.52079799556434	7.04287267906183	7.59228848521555	7.14651045137942
ENSG00000154265.16	7.6491186765162	7.67848254651082	7.92241820840479	8.07955113110666	7.60466017610213	7.502619290972	8.14267580720293	7.84667536170827
ENSG00000267203.1	7.43297652662458	7.6948027216387	7.40126016169906	7.52812918500009	7.58665669470262	7.64032726805419	7.53489200646806	7.39336951568624
ENSG00000108984.16	7.67298833912015	7.67848254651082	7.8877598470217	7.78726249992622	7.3490918626578	7.2444858616082	7.33664123728787	7.07309757459527
ENSG00000227517.7	6.64821876902176	6.43935831587626	6.70730724183813	6.59853369009248	6.65419024516067	6.66112256367871	6.65711701827342	6.71556510257389
ENSG00000267184.1	6.80048767211086	6.65358313805485	6.81775463736341	6.75722721090719	6.65419024516067	6.75267309804514	6.7059310337478	6.71556510257389
ENSG00000267365.2	6.96933030555932	6.8923522352928	6.97297967273664	6.7945679420554	7.12953635870483	6.95716985536871	7.08778312657617	6.96613105083845
ENSG00000123700.5	8.2833546579029	8.1610863911496	8.04517823456318	8.16444748080062	8.54368746844172	8.27894784122235	8.41656389468675	8.65347376234716
ENSG00000267170.1	8.69719653618925	8.72518508872801	9.26840792053584	9.10069505105112	9.20398878586849	9.25798493279662	8.96936112027818	8.84304278251533
ENSG00000271101.1	6.76916552526763	6.83922341908603	6.70730724183813	6.96464476970857	6.86784265543588	6.66112256367871	6.74702469803714	6.8604197866415
ENSG00000228118.3	9.83054284469246	10.4341276548512	10.4971561350125	10.7557512801787	10.2261207394716	10.9735189028877	10.2304260543178	10.5773120302376
ENSG00000256124.6	6.85599478395576	6.70160896022124	6.78494942059072	6.59853369009248	6.8403514729454	6.75267309804514	6.59340998201429	6.43935831587626
ENSG00000125398.8	8.24621259093973	7.94567078327275	8.36574983212462	7.6752671697904	7.85593675118672	7.18384980236706	8.49037682726463	7.6876865873111
ENSG00000227036.10	6.76916552526763	6.8923522352928	6.84787938213258	6.85922707273188	6.74289715357801	6.75267309804514	6.92445549075663	6.88926596466494
ENSG00000133195.12	7.47273975491118	7.42575936841455	7.66982120414353	7.76247195917332	7.48093586964645	7.49195645196654	7.34896630445935	7.27283391984739
ENSG00000265469.1	6.43935831587626	6.59090765639085	6.43935831587626	6.43935831587626	6.70235148984962	6.71082973304335	6.65711701827342	6.59898859408845
ENSG00000180616.9	7.46296681662396	7.39275063909722	7.12570350423684	7.50665748875958	7.14546483287167	7.1995052785116	7.25830639574145	7.27283391984739
ENSG00000166685.13	8.11175216568132	7.95205499038516	8.04517823456318	7.99480871648771	8.06542199132029	8.05816921911942	8.01920454216644	7.88484987668438
ENSG00000133193.13	7.74870880572759	7.64502131481271	7.68700039082928	7.4957285283425	7.81320686986702	7.82418907980601	7.61973865045292	7.70561692124889
ENSG00000141219.16	7.80553511202083	7.64502131481271	7.98221939775845	7.77080064623082	7.96235606711256	7.89823722768494	7.81584583690489	7.79901405289424
ENSG00000179604.10	8.78371810114656	8.64792804716861	8.82390190231884	8.65611325836282	8.54762130945298	8.22607030974618	8.79386967569011	8.93995916835324
ENSG00000069188.17	6.73447480136818	6.65358313805485	6.70730724183813	6.59853369009248	6.65419024516067	6.66112256367871	6.81581663390162	6.43935831587626
ENSG00000172809.13	9.83345332889705	10.02171441121	10.0265184720739	9.91951727852672	9.97814660776222	9.85268573316304	9.73149903436113	9.68621546913574
ENSG00000246731.3	6.43935831587626	6.59090765639085	6.65824228849862	6.66435240536893	6.65419024516067	6.43935831587626	6.7059310337478	6.59898859408845
ENSG00000141540.11	7.17058439460064	6.98280971378101	6.97297967273664	6.85922707273188	6.86784265543588	6.78948382610015	6.8736476562819	6.79557899802678
ENSG00000170412.18	7.00815477285245	6.83922341908603	6.59420680516964	6.66435240536893	6.65419024516067	6.43935831587626	6.74702469803714	6.8604197866415
ENSG00000109062.12	7.42274436180699	7.34659801429848	7.38958189154179	7.27052005651109	7.51099567843774	7.47024249410971	7.36110563055957	7.38083371180933
ENSG00000109065.12	7.98965565915041	7.98344608075603	7.935984770437	7.89591075074674	7.9812306475363	7.99423679139767	7.88086502223893	7.92174355293815
ENSG00000109066.14	7.94183480894215	7.91319277585848	7.87358598792138	8.14675831722519	7.80591697709899	8.11877667325603	7.71430726161147	7.92174355293815
ENSG00000161513.12	8.50878508744372	8.06124930019699	8.14497304512813	7.5386796252309	8.25780643342561	7.84693753072067	8.04980569809878	7.71446479958611
ENSG00000167861.16	6.64821876902176	6.65358313805485	6.65824228849862	6.71477957466235	6.59133753825452	6.66112256367871	6.59340998201429	6.71556510257389
ENSG00000109089.7	7.89825395739984	8.18218049749399	7.8592262760543	8.07955113110666	8.14936488059002	7.95409218281053	8.00673329239189	8.08379413736791
ENSG00000167862.10	7.47273975491118	7.38145303967408	7.38958189154179	7.42717312377348	7.55899676174186	7.502619290972	7.36110563055957	7.41789235457719
ENSG00000180901.11	8.46994923585601	8.31573587199899	8.42095003907238	8.48247426408445	8.42835549183071	8.40672544585835	8.46910642995349	8.6046217683828
ENSG00000167863.12	8.79607099638688	9.04263295651087	8.77335066724851	9.05431718269489	8.83249826642927	9.04757331092365	8.67854612847834	8.75348710682062
ENSG00000270993.1	6.58710938520095	6.65358313805485	6.59420680516964	6.71477957466235	6.43935831587626	6.59624643103017	6.74702469803714	6.79557899802678
ENSG00000170190.16	7.15611003539891	7.39275063909722	7.36572076328742	7.37823908357656	7.37255303911769	7.45918294560031	7.36110563055957	7.50957824954678
ENSG00000125449.7	7.34740369896762	7.42575936841455	7.30279019145036	7.31266433276248	7.28722563583692	7.42513829273537	7.28531745965193	7.31508878620013
ENSG00000125458.7	7.4530841931163	7.41489871223988	7.49978479649954	7.37823908357656	7.38403630536324	7.502619290972	7.32412257582945	7.53110350692585
ENSG00000189159.16	7.89825395739984	7.97099376576087	7.87358598792138	7.95348325587438	7.94316115186456	7.90537417662272	7.71430726161147	7.87732084698278
ENSG00000188612.12	9.18827969319933	8.97636420774867	9.15133494359274	9.16745054433403	9.07787615501538	8.93356339926647	9.2258645560026	8.99370472083928
ENSG00000125450.11	7.8594816048451	7.97099376576087	7.80741358384332	7.81148480287117	7.73010550684785	7.97434187159909	7.88086502223893	7.87732084698278
ENSG00000125447.18	7.99549418333944	8.11774959575711	8.07541853659001	7.98119985167366	8.10533794004156	8.08886318911581	7.95544125003487	8.17471699718002
ENSG00000125445.11	7.91714061190472	7.77271004383747	7.76880258900063	7.75407637533425	7.75343165017171	7.74464773284164	7.82326641368976	7.5416801600786
ENSG00000125457.15	7.19863772985699	7.39275063909722	7.47882545550073	7.64756992068165	7.2742357569852	7.32698938300757	7.43042048399668	7.66017771161906
ENSG00000263843.1	6.73447480136818	6.65358313805485	6.43935831587626	6.59853369009248	6.65419024516067	6.59624643103017	6.59340998201429	6.59898859408845
ENSG00000125454.12	7.02655928775741	7.02259645964244	6.95050159174117	7.10899739952712	6.86784265543588	6.85322918326179	6.99168415881239	6.88926596466494
ENSG00000177885.15	9.13184482044745	9.00159410536329	8.97100849819624	9.07480094467028	9.06193402679269	9.0816831971664	8.93664226649903	9.08656696405247
ENSG00000228007.1	9.84935500220564	9.88101532570404	9.54480378172451	9.5161354325071	9.4241702899882	9.38536042729963	9.38244578969579	9.29075985271012
ENSG00000177728.17	8.55758245546871	8.66231561114355	8.5246471535924	8.4779338074318	8.69246088758504	8.6331512982497	8.49458890683893	8.68895647863393
ENSG00000177303.10	7.59956810832586	7.76517760927074	7.49978479649954	7.5897156223468	7.67351829167121	7.56411203989563	7.77020173600278	7.80710639623428
ENSG00000182173.14	6.94875647993495	7.04145533499291	7.23426748932137	7.07131815276461	7.02423010627822	7.00173781955444	7.25830639574145	7.16361990109882
ENSG00000266714.11	7.39128765045973	7.41489871223988	7.14232897471387	7.27052005651109	6.9411167951386	7.08123610055129	7.2158380607488	7.21249796257827
ENSG00000108469.15	7.8725586470527	7.77271004383747	7.7609075524307	7.77906373948945	7.69001099865491	7.70247920319046	7.72247987380231	7.71446479958611
ENSG00000161526.15	8.15826221817368	8.11774959575711	8.19459986491871	8.19906382635027	8.10533794004156	8.1479543955451	8.07371951010923	8.17471699718002
ENSG00000132470.14	6.6950477566315	6.43935831587626	6.65824228849862	6.59853369009248	6.81077545829778	6.66112256367871	6.7059310337478	6.66499475927517
ENSG00000108479.13	7.50143111481955	7.44707726361988	7.23426748932137	7.16159600164277	7.26101773105511	7.45918294560031	7.29847011027295	7.47630094354234
ENSG00000132475.10	9.80704114048574	9.66922204655805	9.80524486370738	9.55572431956614	9.71650928225159	9.53283423286894	9.83149298202732	9.63442404542754
ENSG00000132478.10	7.94183480894215	7.81680983412215	7.61642462857309	7.4957285283425	7.67351829167121	7.5837409700516	7.63761678562617	7.6876865873111
ENSG00000092929.13	6.96933030555932	6.96172395444198	6.92694345216041	6.98773058354613	6.9411167951386	6.78948382610015	6.78317777422319	6.91631837934757
ENSG00000132471.12	8.88237824308768	8.77539044196535	8.85010224819272	9.02451193850058	8.77427464305198	8.71668495746507	8.64526792559267	9.0394265932925
ENSG00000132481.7	7.00815477285245	7.07741058769147	7.05438194769747	7.0098403901942	7.04314031960162	6.93331040795514	7.03210343032744	6.98928066440998
ENSG00000141569.12	7.67298833912015	7.81680983412215	7.6434846476837	7.4957285283425	7.63969203824786	7.76914719723914	7.66383909367207	7.64140692518333
ENSG00000267342.1	6.58710938520095	6.65358313805485	6.43935831587626	6.66435240536893	6.43935831587626	6.71082973304335	6.65711701827342	6.59898859408845
ENSG00000204316.13	6.92727869079218	6.80972966199624	6.84787938213258	6.7945679420554	6.77856944871386	6.8227146949241	6.7059310337478	6.79557899802678
ENSG00000188878.20	6.92727869079218	6.91664027450674	6.92694345216041	6.9149699960699	7.07919306364178	6.95716985536871	7.01226888740702	7.01145139339895
ENSG00000161533.12	8.30601310289634	8.33895666660245	8.42095003907238	8.26546971698801	8.37104195183015	8.13053369195952	8.17026825787473	8.42706976209089
ENSG00000261408.7	6.73447480136818	6.70160896022124	6.65824228849862	6.59853369009248	6.59133753825452	6.71082973304335	6.74702469803714	6.59898859408845
ENSG00000250506.9	6.43935831587626	6.65358313805485	6.59420680516964	6.71477957466235	6.43935831587626	6.59624643103017	6.59340998201429	6.75813289054065
ENSG00000167881.15	8.72017515051815	8.58495546792167	8.79041437575815	8.55730778785526	8.7168488398962	8.82950422179242	8.80387469245936	8.67330421973529
ENSG00000182473.22	9.15564092313602	8.78520833093712	9.24188287097008	8.81298490316745	9.27675940747211	9.04469205935693	9.25481139273745	9.0091163119675
ENSG00000279382.1	6.85599478395576	6.7776134688375	6.81775463736341	6.85922707273188	6.74289715357801	6.93331040795514	6.99168415881239	6.82938173877161
ENSG00000141576.16	7.04437464747588	7.5275460819255	6.95050159174117	7.16159600164277	7.06144390694469	7.09953127654411	7.03210343032744	7.28717967992664
ENSG00000228218.1	10.1570586835635	9.9175181795039	10.2203963009944	10.0969552762014	10.3263992026348	9.99563687647738	10.4360925955708	10.2793474338954
ENSG00000185262.9	7.57380559050133	7.95205499038516	7.55016197307786	7.82733273254756	7.73793946192976	7.71105292743666	7.55441649012552	8.16886621714788
ENSG00000129646.16	7.00815477285245	6.91664027450674	6.92694345216041	6.85922707273188	7.02423010627822	6.90818894211843	7.03210343032744	7.09228017073694
ENSG00000161542.17	8.11701065449538	7.74994792739892	7.66111972875557	7.73707908320655	8.03008896982306	7.98101219752136	8.1201335774936	8.05186195708522
ENSG00000176170.14	7.21224938124028	7.61038434521122	6.87587918695416	7.0098403901942	7.31256185219234	7.92651383395467	7.27193337104649	7.16361990109882
ENSG00000175931.13	7.93571216101591	7.95205499038516	7.79213787144315	7.83516984902588	7.95599399335361	8.1537052911248	7.92216043222622	7.97142893434587
ENSG00000129667.13	6.85599478395576	6.8923522352928	6.97297967273664	6.82827584508646	7.14546483287167	7.15141483343935	6.99168415881239	6.94186705247055
ENSG00000161544.10	8.86204738715047	8.59629104580153	8.57751333723246	8.26546971698801	8.64228976279914	8.47051459230345	8.83993316051612	8.63739120002741
ENSG00000214140.11	6.96933030555932	6.8923522352928	6.87587918695416	6.9149699960699	6.9411167951386	6.78948382610015	6.94789582579647	6.94186705247055
ENSG00000267546.2	6.64821876902176	6.59090765639085	6.43935831587626	6.59853369009248	6.65419024516067	6.75267309804514	6.65711701827342	6.66499475927517
ENSG00000267543.1	6.43935831587626	6.70160896022124	6.74861155170608	6.59853369009248	6.70235148984962	6.59624643103017	6.43935831587626	6.59898859408845
ENSG00000163597.17	8.15826221817368	8.07276881804544	8.01412948616165	7.98119985167366	7.9686825551829	7.97434187159909	7.80084831253943	7.86973977394016
ENSG00000267084.1	6.88107787728229	6.74204092910778	6.74861155170608	6.82827584508646	6.81077545829778	6.8227146949241	6.81581663390162	6.8604197866415
ENSG00000182534.14	10.5218995823434	10.6746583186175	10.613602214812	10.7794391011519	10.7668895394589	10.9838202908647	10.5087709086965	10.6840649406968
ENSG00000070495.15	7.52006402892478	7.76517760927074	7.34114158796624	7.5897156223468	7.62233362512269	7.76914719723914	7.38485590504998	7.8151377702856
ENSG00000181038.14	7.40190410202062	7.35838284574864	7.31578320203042	7.36554313971766	7.33710086212212	7.2588783846982	7.34896630445935	7.30126033386385
ENSG00000161547.17	8.73634786079226	8.87047230103553	8.83706599533432	8.81298490316745	8.67832015942962	8.80906402339697	8.74616153046411	8.61700665595817
ENSG00000092931.12	7.79161306754496	7.6948027216387	7.91557259013486	7.82733273254756	7.63969203824786	7.41348430139145	7.92216043222622	7.79901405289424
ENSG00000267065.2	6.6950477566315	6.43935831587626	6.74861155170608	6.71477957466235	6.43935831587626	6.59624643103017	6.7059310337478	6.75813289054065
ENSG00000234912.12	6.88107787728229	7.00307188601783	7.01519640410775	7.09044865010935	6.86784265543588	7.11729994506885	7.03210343032744	6.8604197866415
ENSG00000129657.16	8.4778110268723	8.43204774806586	8.60900891745341	8.68358246858275	8.64957524210947	8.58524362231729	8.65645444180601	8.76455631712234
ENSG00000184640.20	11.200961781308	10.884991786309	10.9513614714044	10.5040196991085	10.8754943499523	10.5246706217833	10.7649606096501	10.3039486171836
ENSG00000078687.18	7.82608317359775	7.66189258761927	7.79213787144315	7.71979742653821	7.70623858823703	7.76914719723914	7.84522578755965	7.95040320913262
ENSG00000141524.19	6.58710938520095	6.59090765639085	6.70730724183813	6.43935831587626	6.65419024516067	6.71082973304335	6.43935831587626	6.43935831587626
ENSG00000108639.8	7.47273975491118	7.46788550087199	7.68700039082928	7.94644659356849	7.54959328369672	7.86921823426047	7.67242820249571	7.94330664897457
ENSG00000167900.12	7.00815477285245	7.05970936267722	6.78494942059072	6.82827584508646	6.91798309639808	6.90818894211843	7.03210343032744	7.12894230165379
ENSG00000183077.16	7.46296681662396	7.51787147673622	7.54030446467574	7.71979742653821	7.65674929913366	7.76104446668259	7.49455448047414	7.78264182386985
ENSG00000089685.15	7.06165156972064	7.09460393922451	6.81775463736341	7.0098403901942	6.91798309639808	6.90818894211843	6.89977654313986	6.96613105083845
ENSG00000267737.1	6.43935831587626	6.65358313805485	6.65824228849862	6.71477957466235	6.77856944871386	6.66112256367871	6.59340998201429	6.43935831587626
ENSG00000184557.4	8.77437784299017	8.72176963768975	8.60900891745341	8.3786450542677	8.59392038238382	8.67557968773929	8.28472048694752	8.43182149904368
ENSG00000266970.3	6.58710938520095	6.43935831587626	6.43935831587626	6.59853369009248	6.70235148984962	6.71082973304335	6.65711701827342	6.59898859408845
ENSG00000087157.19	8.2272110559286	8.29684196439577	8.05128937389968	8.29737172340916	7.9812306475363	8.070543514736	7.96198086873598	8.19210081368291
ENSG00000187775.17	6.94875647993495	6.8923522352928	6.97297967273664	6.88799280253678	6.96319099458342	6.93331040795514	6.84578904393387	6.8604197866415
ENSG00000267432.6	6.58710938520095	6.70160896022124	6.70730724183813	6.59853369009248	6.59133753825452	6.43935831587626	6.59340998201429	6.59898859408845
ENSG00000108669.18	7.65713909464603	7.71880047709661	7.69548126923447	7.77906373948945	7.66516905996988	7.38968347960865	7.61067500802485	7.69669142659574
ENSG00000055483.20	8.33266830510143	8.474083165168	8.15617978922234	8.28152377518258	8.12755514661084	8.26855291877165	8.35707148468111	8.36861285426085
ENSG00000035862.13	13.1077861711101	13.09624691281	13.3603687681741	13.6592259744332	13.3665269051374	13.4713149184694	13.2857313711941	13.4045605390683
ENSG00000178404.11	6.58710938520095	6.43935831587626	6.65824228849862	6.59853369009248	6.74289715357801	6.59624643103017	6.43935831587626	6.59898859408845
ENSG00000279339.1	6.43935831587626	6.7776134688375	6.65824228849862	6.71477957466235	6.59133753825452	6.66112256367871	6.43935831587626	6.43935831587626
ENSG00000108679.13	9.53870670491656	9.37823055321869	10.2349215862185	10.2023100901158	9.48259002334597	9.36263520174659	9.97583122185083	9.90397788710826
ENSG00000171302.17	8.80831078260498	8.63338116092925	8.74558607498058	8.75538666752681	8.75764055894134	8.82272540328897	8.85600844399618	8.85339798776488
ENSG00000173918.15	7.79161306754496	8.43631421704517	7.82992484977011	8.72185851095424	8.31098961357411	9.07040740090294	8.10294154859053	8.74977681689284
ENSG00000167280.17	7.68081969377741	7.67022199165375	7.75295238609057	7.54911127969051	7.77624648061692	7.727987484491	7.67242820249571	7.57270868804437
ENSG00000173894.11	6.88107787728229	6.8923522352928	6.87587918695416	6.82827584508646	6.81077545829778	6.75267309804514	6.8736476562819	6.75813289054065
ENSG00000141570.11	7.38053434470014	7.29763067505793	7.28957509974307	7.27052005651109	7.14546483287167	7.41348430139145	7.28531745965193	7.16361990109882
ENSG00000141582.15	7.53832524413779	7.71086387004231	7.6784475540936	7.54911127969051	7.5775261695505	7.64032726805419	7.58296131680631	7.61256061542771
ENSG00000167291.16	9.2601077747289	9.84202874495689	9.06275394173773	9.38786492685377	9.37177077018762	9.75390519328384	9.2404136255431	9.73798974362959
ENSG00000141519.15	7.09475955628197	7.32249514707143	6.95050159174117	6.96464476970857	7.04314031960162	7.08123610055129	7.13877762248489	6.8604197866415
ENSG00000289689.1	6.80048767211086	6.59090765639085	6.87587918695416	6.71477957466235	6.9411167951386	6.75267309804514	6.59340998201429	6.43935831587626
ENSG00000171298.14	9.50424810942091	9.31332322533203	9.4516441151119	9.35505492716046	9.89667439809511	9.77627024697586	9.34938986601581	9.36611259622265
ENSG00000141543.12	8.51641343303544	8.70108993060885	8.28815366201231	8.27084434665789	8.50773352026152	8.66030909095834	8.43872067087854	8.46459623992219
ENSG00000141527.19	6.82925412814796	6.7776134688375	6.81775463736341	6.85922707273188	6.77856944871386	6.59624643103017	6.92445549075663	6.75813289054065
ENSG00000262580.5	7.00815477285245	7.07741058769147	6.92694345216041	7.0098403901942	6.86784265543588	6.78948382610015	7.1052465005924	6.82938173877161
ENSG00000181523.13	8.64656725681585	8.59629104580153	8.85657325645372	8.65214187140992	8.70645185467972	8.60941696937049	8.73920436351744	8.64545710015167
ENSG00000181045.15	7.67298833912015	7.67022199165375	7.68700039082928	7.60938623084126	7.66516905996988	7.43663582560659	7.69776301465627	7.70561692124889
ENSG00000173821.20	10.3934085239066	10.3322460538671	10.2950571088355	10.2659705708994	10.2191001905304	10.5467110447538	10.2751543623199	10.6287685456225
ENSG00000263069.6	6.80048767211086	6.80972966199624	6.70730724183813	6.66435240536893	6.81077545829778	7.00173781955444	6.78317777422319	6.75813289054065
ENSG00000173818.17	7.79161306754496	7.93279251651767	7.94270691255159	7.73707908320655	7.66516905996988	7.67631381289578	7.66383909367207	7.66017771161906
ENSG00000171246.7	6.6950477566315	6.70160896022124	6.81775463736341	6.66435240536893	6.8403514729454	6.59624643103017	6.74702469803714	6.43935831587626
ENSG00000213128.3	7.81242842702839	7.79498917829912	7.52026877270809	7.51745639052461	7.42845531208544	7.36518253504343	7.50480766329044	7.34203568759579
ENSG00000141564.16	8.08510291865735	8.24830348476283	8.06341626803668	8.07955113110666	8.03008896982306	8.14217570668182	8.03766208755717	8.08379413736791
ENSG00000232083.3	9.63226500803141	9.68459942954323	9.5171003616663	9.46666705277001	9.23497249235036	9.34186071756495	9.4973664340706	9.38491412038485
ENSG00000240270.1	7.02655928775741	6.8923522352928	6.74861155170608	7.0098403901942	6.89362786770973	6.85322918326179	6.89977654313986	6.88926596466494
ENSG00000176108.9	7.33605180474466	7.39275063909722	7.48936634673305	7.28482816674212	7.46031916101711	7.56411203989563	7.50480766329044	7.45340490326501
ENSG00000280351.2	6.82925412814796	6.74204092910778	6.70730724183813	6.88799280253678	6.70235148984962	6.78948382610015	6.92445549075663	6.82938173877161
ENSG00000226137.5	7.95398093814888	7.67848254651082	8.00781816815883	7.70221924781346	7.99364191608739	7.71105292743666	7.88785565950243	7.75759624383526
ENSG00000175866.16	7.48240614695841	7.60152876040716	7.47882545550073	7.47346354243093	7.26101773105511	7.04287267906183	7.70606875678137	7.66943162961777
ENSG00000181409.14	6.58710938520095	6.80972966199624	6.70730724183813	6.59853369009248	6.74289715357801	6.59624643103017	6.78317777422319	6.82938173877161
ENSG00000141577.14	7.46296681662396	7.46788550087199	7.40126016169906	7.21034358070588	7.20562298294026	7.36518253504343	7.29847011027295	7.31508878620013
ENSG00000167302.11	7.34740369896762	7.43648408248628	7.32856396165289	7.45062524252812	7.32492677304778	7.35265173077004	7.43042048399668	7.49862191757299
ENSG00000260005.6	6.64821876902176	6.7776134688375	6.78494942059072	6.71477957466235	6.86784265543588	6.71082973304335	6.7059310337478	6.8604197866415
ENSG00000224877.4	7.70395500220955	7.67022199165375	7.55016197307786	7.31266433276248	7.53049652038317	7.49195645196654	7.4192569214772	7.39336951568624
ENSG00000157637.13	9.35724852370597	9.41988158002361	9.3268703527098	9.41992097254717	8.87915876953285	9.24557784195911	9.2379993766592	9.48185152481406
ENSG00000287431.1	6.88107787728229	6.74204092910778	6.78494942059072	6.75722721090719	6.8403514729454	6.71082973304335	6.81581663390162	6.91631837934757
ENSG00000262223.10	6.58710938520095	6.65358313805485	6.65824228849862	6.59853369009248	6.59133753825452	6.43935831587626	6.65711701827342	6.71556510257389
ENSG00000262877.5	6.96933030555932	6.96172395444198	6.95050159174117	6.96464476970857	6.70235148984962	6.85322918326179	6.84578904393387	6.91631837934757
ENSG00000289913.1	6.76916552526763	6.70160896022124	6.95050159174117	6.85922707273188	6.59133753825452	6.71082973304335	6.65711701827342	6.75813289054065
ENSG00000266074.11	8.23198921865619	7.94567078327275	8.15617978922234	7.89591075074674	8.01200987085907	7.80094816099002	8.16480032327658	8.02567042734841
ENSG00000184009.13	13.4426157145694	13.8491903552492	13.6759082555375	14.2797850560731	13.1976794453014	14.2842366405597	13.6065752603906	14.1389966444636
ENSG00000229848.1	6.64821876902176	6.65358313805485	6.78494942059072	6.43935831587626	6.65419024516067	6.71082973304335	6.59340998201429	6.43935831587626
ENSG00000289182.1	6.90477164752875	6.74204092910778	7.01519640410775	6.75722721090719	6.91798309639808	6.78948382610015	7.01226888740702	6.88926596466494
ENSG00000186765.12	6.43935831587626	6.59090765639085	6.81775463736341	6.75722721090719	6.65419024516067	6.88159019691735	6.8736476562819	6.82938173877161
ENSG00000185504.17	8.13264777294881	7.88650986148881	8.00781816815883	7.82733273254756	7.87668645069667	7.83940786280983	8.02538988119482	7.8151377702856
ENSG00000182446.15	8.91934138999135	9.22177562473374	9.00034768204237	9.26189064892956	9.06992829050881	9.17920375389036	8.99267119970492	9.16808738371669
ENSG00000182612.11	6.85599478395576	6.96172395444198	6.84787938213258	6.88799280253678	7.28722563583692	7.2444858616082	6.84578904393387	6.91631837934757
ENSG00000204237.5	7.64103263573616	7.60152876040716	7.35352455666184	7.55942754482302	7.40653793477524	7.27299680592007	7.473690062728	7.48753095159613
ENSG00000185298.13	7.73400608171363	7.78761490845097	7.68700039082928	7.69331492013102	7.76109202931333	7.83182535067464	7.75453677176359	7.6876865873111
ENSG00000214087.9	7.8192775516661	7.76517760927074	7.58858841204689	7.69331492013102	7.81320686986702	7.91246546544061	7.80837343534679	7.71446479958611
ENSG00000185359.14	8.79914146004759	8.98201141989354	8.74558607498058	8.74800873422777	8.67832015942962	8.93668950070884	8.83669489040414	8.99060136297012
ENSG00000262814.8	7.11066214356251	7.18899186515845	6.92694345216041	7.07131815276461	6.9843346155731	7.1345826213474	6.8736476562819	7.01145139339895
ENSG00000183048.12	6.64821876902176	6.80972966199624	6.65824228849862	6.66435240536893	6.65419024516067	6.75267309804514	6.7059310337478	6.71556510257389
ENSG00000225663.8	8.77124983338676	8.69062758439571	8.54114465266683	8.5487255424393	8.62018737050679	8.65646360204324	8.63020275349566	8.57525826484737
ENSG00000185624.16	11.6611875910328	11.5959849957712	11.7115290340679	11.5714123313834	11.6697133521772	11.8618263344672	11.5667727496553	11.4473734504569
ENSG00000141522.12	9.32631194681522	9.74611444806712	9.24916748344566	9.48407223095659	9.06193402679269	9.66627327995178	9.28316584976009	9.61672843842159
ENSG00000263731.1	6.64821876902176	6.59090765639085	6.43935831587626	6.7945679420554	6.74289715357801	6.66112256367871	6.59340998201429	6.43935831587626
ENSG00000183684.8	7.78458286790898	7.94567078327275	7.72871444430303	7.68433149028365	7.77624648061692	7.84693753072067	7.77794725101851	7.74911259867735
ENSG00000141552.18	8.16331997210664	8.31103928571145	7.95603180873754	8.12275781326579	7.86981357676268	8.07668191413005	7.98137616765061	8.10872894644836
ENSG00000185813.11	7.65713909464603	8.1557544823047	7.60723492303637	8.14675831722519	7.41756713940696	7.87654517062335	7.473690062728	8.21489734142359
ENSG00000187531.14	7.3009847601845	7.44707726361988	7.42414244258766	7.45062524252812	7.31256185219234	7.56411203989563	7.32412257582945	7.45340490326501
ENSG00000197063.11	8.38854247224846	8.47821163994976	8.09906091927491	8.33866927927742	8.18660164420327	8.1479543955451	8.23402347431729	8.5538710723008
ENSG00000264769.1	6.58710938520095	6.70160896022124	6.65824228849862	6.59853369009248	6.43935831587626	6.59624643103017	6.59340998201429	6.71556510257389
ENSG00000265688.2	6.6950477566315	6.65358313805485	6.78494942059072	6.7945679420554	6.9411167951386	6.85322918326179	6.81581663390162	6.79557899802678
ENSG00000183010.17	7.81242842702839	7.55597636827698	7.8592262760543	7.31266433276248	7.69001099865491	7.55414222814662	7.68938864382459	7.27283391984739
ENSG00000169696.16	7.5107952635334	7.48821493471538	7.58858841204689	7.45062524252812	7.50108663116043	7.60297351313665	7.51494615070391	7.45340490326501
ENSG00000169689.15	7.31284912597803	7.54659591578931	7.31578320203042	7.40306160487349	7.37255303911769	7.57397736363131	7.25830639574145	7.31508878620013
ENSG00000169683.8	7.46296681662396	7.51787147673622	7.30279019145036	7.42717312377348	7.12953635870483	7.45918294560031	7.38485590504998	7.46492723626823
ENSG00000169750.9	6.73447480136818	7.09460393922451	6.84787938213258	7.16159600164277	6.91798309639808	7.04287267906183	6.97026181459213	7.30126033386385
ENSG00000169738.8	7.49196898311379	8.07848633939226	7.61642462857309	8.76637744897478	7.49106777286467	8.29437788994059	7.40794524758021	8.59629945947648
ENSG00000169733.12	8.17337202565004	8.16639470961912	8.12796323213583	8.18187984015923	8.19182842618823	8.17079426181621	7.99412504120244	8.22053022080322
ENSG00000169727.14	8.75549868977028	8.95928040009422	8.78361504625256	8.76637744897478	8.6959725351359	8.77428736920155	8.76339687357997	8.85339798776488
ENSG00000169718.18	8.03555285264975	8.2728117401915	7.91557259013486	7.91058512894345	7.91042120781572	7.83940786280983	7.94886350969263	8.11488125570062
ENSG00000169710.9	9.24912748012631	9.15388602622126	8.80391011547124	8.59108069760004	8.56323835805394	8.75655316414078	8.60727512122833	9.08076241062787
ENSG00000176155.21	7.9778881868857	7.81680983412215	7.76880258900063	7.71979742653821	7.89705074552145	7.89105390319849	7.78563618477975	7.82310928929184
ENSG00000265678.1	6.76916552526763	6.70160896022124	6.70730724183813	6.59853369009248	6.74289715357801	6.75267309804514	6.59340998201429	6.43935831587626
ENSG00000264548.1	6.64821876902176	6.7776134688375	6.78494942059072	6.59853369009248	6.59133753825452	6.43935831587626	6.7059310337478	6.66499475927517
ENSG00000141526.18	8.80831078260498	8.85817724076871	8.62447635889694	8.4779338074318	8.73399792352559	10.183073651962	8.47338885266925	8.71590948362115
ENSG00000141551.15	9.55473856218806	9.60417997218575	9.5171003616663	9.42894630834332	9.4627195874392	9.43843706462428	9.50536746281201	9.36374447488044
ENSG00000275888.1	6.6950477566315	6.70160896022124	6.78494942059072	6.7945679420554	6.70235148984962	6.78948382610015	6.74702469803714	6.66499475927517
ENSG00000280407.3	6.73447480136818	6.59090765639085	6.65824228849862	6.75722721090719	6.65419024516067	6.71082973304335	6.74702469803714	6.71556510257389
ENSG00000287737.3	6.88107787728229	6.8923522352928	6.81775463736341	7.0098403901942	6.91798309639808	6.78948382610015	6.81581663390162	6.82938173877161
ENSG00000260563.3	6.96933030555932	7.02259645964244	7.09108446280084	6.96464476970857	6.96319099458342	6.8227146949241	6.94789582579647	7.11087928794033
ENSG00000173762.8	6.64821876902176	6.70160896022124	6.59420680516964	6.71477957466235	6.59133753825452	6.59624643103017	6.7059310337478	6.66499475927517
ENSG00000141574.8	8.27417369351725	7.84522946153912	8.22658690787074	7.85067545762235	8.05376316603888	7.95409218281053	8.37105199435538	7.93616498434839
ENSG00000181396.13	8.06881871494655	7.97723697395642	7.89477888006559	7.97433396014109	7.99979733816824	8.05193250916527	7.96848288894374	7.80710639623428
ENSG00000169660.17	7.42274436180699	7.38145303967408	7.26243529216601	7.25593362173179	7.39536274240844	7.33992354409416	7.29847011027295	7.27283391984739
ENSG00000279066.1	6.43935831587626	6.43935831587626	6.65824228849862	6.66435240536893	6.65419024516067	6.71082973304335	6.59340998201429	6.59898859408845
ENSG00000178927.19	8.37161373376247	8.48232685578834	8.4388278998835	8.27084434665789	8.35743733965057	8.18764382388738	8.36640909799934	8.25924892037978
ENSG00000265458.3	6.76916552526763	6.65358313805485	6.70730724183813	6.7945679420554	6.81077545829778	6.71082973304335	6.84578904393387	6.79557899802678
ENSG00000141562.19	8.18829448588273	8.00187314249238	8.24745430738549	7.93223971071163	8.20737466894077	7.98764365952469	8.25963348981326	8.17471699718002
ENSG00000279744.1	6.64821876902176	6.59090765639085	6.59420680516964	6.71477957466235	6.65419024516067	6.66112256367871	6.59340998201429	6.71556510257389
ENSG00000141568.21	8.20790872955778	8.25816553416571	7.92241820840479	8.04768631012802	8.23788289567133	8.17643700071364	8.09715487552138	8.24280502154398
ENSG00000265136.1	7.39128765045973	7.33463785012026	7.43535750935192	7.29887197002558	7.40653793477524	7.44798233521901	7.46307138551635	7.39336951568624
ENSG00000141580.16	9.03230807080296	9.07196349011562	9.18472193456306	8.98165942564062	9.05120184101392	9.28489583704013	9.11156599913038	9.03642567079455
ENSG00000141542.11	7.64103263573616	7.61915959597515	7.58858841204689	7.52812918500009	7.49106777286467	7.36518253504343	7.68094420379084	7.66943162961777
ENSG00000141560.15	7.891886128349	7.79498917829912	7.83732495842324	7.88849986554341	7.79857686279957	7.727987484491	7.92216043222622	7.92174355293815
ENSG00000167363.14	7.09475955628197	7.05970936267722	7.15854104139589	7.22586302421196	7.16101486394347	7.06236787266546	7.18605069584968	7.01145139339895
ENSG00000141556.22	8.93883386759248	8.86126155194354	9.00034768204237	8.86482160044106	9.10921469566216	9.12588164552901	8.82366309437355	8.94318026433659
ENSG00000175711.9	6.90477164752875	7.04145533499291	6.87587918695416	6.82827584508646	6.96319099458342	7.02268748670147	6.92445549075663	6.8604197866415
ENSG00000176845.13	8.78990882719545	8.51478229293039	8.61289295887716	8.21038579268428	8.47490927644503	8.02664535710509	8.58000746612736	8.35356482740709
ENSG00000274370.1	7.14131259564342	6.98280971378101	7.24848656199303	6.98773058354613	7.04314031960162	6.95716985536871	7.1052465005924	6.75813289054065
ENSG00000261888.1	7.85288378024292	7.59259093712928	8.00147196549371	7.68433149028365	7.75343165017171	7.27299680592007	7.65517527402342	7.50957824954678
ENSG00000232938.2	7.74870880572759	7.5275460819255	7.56957062449411	7.50665748875958	7.78374251085235	7.5235761604705	7.57354186617709	7.4298931698597
