Geneid	N61311_untreated	N61311_dex	N052611_untreated	N052611_dex	N080611_untreated	N080611_dex	N061011_untreated	N061011_dex
ENSG00000250020.1	0	0	0	0	0	0	0	0
ENSG00000153404.15	0	0	1	0	0	0	1	0
ENSG00000199540.1	0	0	0	0	0	0	0	0
ENSG00000185028.4	0	0	0	0	0	0	0	0
ENSG00000261434.1	0	0	0	0	0	0	0	0
ENSG00000164366.4	177	180	196	197	190	170	199	220
ENSG00000260774.1	2	1	4	1	0	4	4	1
ENSG00000286001.1	6	3	4	4	6	2	1	1
ENSG00000073578.18	128	121	85	81	108	101	92	86
ENSG00000248925.3	0	0	1	1	2	1	4	1
ENSG00000249915.9	32	29	31	19	31	21	27	29
ENSG00000288622.1	0	0	0	0	0	0	0	0
ENSG00000250848.1	57	36	40	33	52	46	41	31
ENSG00000063438.20	6	5	6	7	12	15	15	6
ENSG00000214278.4	24	28	32	31	26	20	19	21
ENSG00000250645.1	0	0	3	0	0	0	1	0
ENSG00000221990.5	14	9	19	16	8	10	13	12
ENSG00000180104.16	201	197	169	147	191	188	189	190
ENSG00000188242.4	0	2	0	1	1	0	1	0
ENSG00000066230.12	20	22	9	7	9	7	10	10
ENSG00000225138.8	111	96	43	63	38	27	50	41
ENSG00000250385.2	0	0	0	0	0	0	0	0
ENSG00000264233.1	0	0	0	0	0	0	0	0
ENSG00000249650.1	0	0	0	0	0	0	0	0
ENSG00000112877.8	9	4	5	2	5	2	11	4
ENSG00000171368.12	0	0	1	1	0	1	0	1
ENSG00000271781.1	1	1	0	0	0	0	0	1
ENSG00000289088.1	0	0	0	0	0	0	1	0
ENSG00000206077.14	1	0	0	0	0	0	0	1
ENSG00000249908.2	0	0	0	0	0	0	0	0
ENSG00000285522.1	0	0	0	0	0	0	0	0
ENSG00000288930.1	0	0	0	0	0	0	0	0
ENSG00000188818.13	6	6	5	3	6	5	4	6
ENSG00000247872.2	53	61	47	34	56	55	44	38
ENSG00000028310.18	103	101	103	98	118	126	115	95
ENSG00000071539.14	9	13	8	7	7	9	11	10
ENSG00000287600.1	3	0	0	0	0	0	0	0
ENSG00000248949.1	0	0	0	0	0	0	0	0
ENSG00000288763.1	0	1	1	1	1	0	0	1
ENSG00000250173.1	0	0	0	0	0	0	0	0
ENSG00000215246.6	0	2	1	1	1	3	1	0
ENSG00000272347.1	0	2	0	0	0	0	1	0
ENSG00000145506.14	16	40	7	22	4	34	32	69
ENSG00000113504.21	149	133	86	92	96	94	128	130
ENSG00000263834.1	0	0	0	0	0	0	0	0
ENSG00000249201.2	0	0	0	0	0	1	0	0
ENSG00000174358.16	0	0	0	0	0	0	0	0
ENSG00000164363.10	0	0	0	0	0	0	0	0
ENSG00000287486.1	0	0	0	0	0	0	0	0
ENSG00000164362.21	0	0	0	0	1	0	1	0
ENSG00000263670.1	0	0	0	0	0	0	0	0
ENSG00000049656.14	307	325	237	272	280	317	277	284
ENSG00000286388.1	22	19	48	26	25	21	39	15
ENSG00000250584.4	3	0	1	0	0	0	1	0
ENSG00000248951.2	0	0	0	0	0	0	0	0
ENSG00000279908.1	0	1	0	0	0	0	0	0
ENSG00000142319.18	0	2	0	0	0	0	0	0
ENSG00000153395.10	302	308	184	187	237	347	186	228
ENSG00000273742.1	0	0	0	0	0	0	0	0
ENSG00000251532.1	0	0	0	0	1	0	0	0
ENSG00000291055.1	59	82	44	47	53	37	57	38
ENSG00000185986.14	0	2	4	0	1	1	0	0
ENSG00000271119.1	1	1	4	3	2	2	3	3
ENSG00000248126.1	1	0	0	0	1	1	0	0
ENSG00000188002.13	0	0	0	0	0	0	0	0
ENSG00000291079.1	16	15	16	14	20	11	28	20
ENSG00000232615.4	41	32	26	24	40	37	39	35
ENSG00000288549.1	0	2	0	1	0	1	4	2
ENSG00000263746.1	0	0	0	0	0	0	0	0
ENSG00000260066.1	0	0	0	0	0	0	0	0
ENSG00000171421.13	38	61	41	41	51	64	40	45
ENSG00000145494.12	83	113	89	87	90	78	79	64
ENSG00000249966.1	0	0	0	0	0	0	0	0
ENSG00000250417.1	0	0	0	0	0	0	0	0
ENSG00000279222.1	0	0	0	0	0	0	0	0
ENSG00000113430.10	0	1	0	0	0	0	0	0
ENSG00000249116.2	0	0	0	0	0	0	0	0
ENSG00000249326.1	0	0	0	0	0	0	0	0
ENSG00000288108.1	0	0	0	0	0	0	0	0
ENSG00000248994.2	4	5	4	2	5	8	3	5
ENSG00000248597.2	0	0	0	0	0	0	0	0
ENSG00000249731.1	0	0	0	0	0	0	0	0
ENSG00000201026.1	0	0	0	0	0	0	0	0
ENSG00000275733.1	0	0	0	0	0	0	0	0
ENSG00000281560.1	0	0	0	0	0	0	0	0
ENSG00000259757.1	0	0	0	0	0	0	0	0
ENSG00000170561.13	8	10	8	9	5	1	26	19
ENSG00000186493.14	14	11	17	21	5	3	43	53
ENSG00000289075.2	4	3	2	2	1	0	3	5
ENSG00000249541.1	47	44	51	46	43	38	54	34
ENSG00000248137.1	0	0	0	0	0	0	0	0
ENSG00000248736.3	0	0	0	0	1	0	0	0
ENSG00000249808.4	0	0	0	0	0	0	0	0
ENSG00000248118.2	0	0	0	0	0	0	0	0
ENSG00000249830.1	0	0	0	0	0	0	0	0
ENSG00000250716.1	0	0	0	0	0	0	0	0
ENSG00000170549.4	0	0	0	0	0	0	0	0
ENSG00000259603.1	0	0	0	0	0	0	0	0
ENSG00000288978.3	0	0	0	0	0	0	0	0
ENSG00000248962.1	0	0	0	0	0	0	0	0
ENSG00000249994.1	0	0	0	0	0	0	0	0
ENSG00000250921.2	0	0	0	0	0	0	0	0
ENSG00000260763.1	0	0	1	0	0	0	0	0
ENSG00000248973.3	0	0	1	0	0	0	0	0
ENSG00000231291.3	0	0	0	0	0	0	0	0
ENSG00000251371.1	0	0	0	0	0	0	0	0
ENSG00000249521.1	0	0	0	0	0	0	0	0
ENSG00000248311.1	0	0	0	0	0	0	0	0
ENSG00000249941.1	0	0	0	0	0	0	0	0
ENSG00000251506.1	0	0	0	0	0	0	0	0
ENSG00000250481.2	0	0	0	0	0	0	0	0
ENSG00000215231.8	0	0	0	0	0	0	0	0
ENSG00000251426.1	0	0	0	0	0	0	0	0
ENSG00000250529.1	0	0	0	0	0	0	0	0
ENSG00000223007.1	0	0	0	0	0	0	0	0
ENSG00000250579.3	0	0	0	0	2	1	0	0
ENSG00000145536.15	1	1	1	0	0	0	0	0
ENSG00000250866.1	0	0	0	0	0	0	0	0
ENSG00000251568.1	23	19	15	17	25	22	22	17
ENSG00000286753.3	0	0	4	4	2	3	3	1
ENSG00000248729.1	0	0	0	0	0	0	1	0
ENSG00000250808.1	0	0	0	0	0	0	0	0
ENSG00000251476.2	0	1	0	0	0	0	1	0
ENSG00000164151.12	252	259	226	228	303	236	233	259
ENSG00000286986.1	0	0	0	0	0	0	0	0
ENSG00000261037.1	0	0	0	0	0	0	0	0
ENSG00000259861.1	0	0	0	0	0	0	0	0
ENSG00000278913.1	0	0	0	0	0	0	0	0
ENSG00000250730.2	1	0	0	0	0	0	0	1
ENSG00000250490.1	1	0	0	0	0	1	0	0
ENSG00000133398.4	87	110	102	93	68	94	98	97
ENSG00000287031.1	0	0	1	0	0	0	1	1
ENSG00000215218.4	0	0	0	0	0	0	0	0
ENSG00000271230.1	34	32	36	30	43	23	41	44
ENSG00000250056.8	0	0	1	1	0	2	1	0
ENSG00000037474.15	158	136	128	133	200	188	131	142
ENSG00000145545.12	87	93	85	95	80	96	86	82
ENSG00000248677.2	0	0	3	1	5	2	0	1
ENSG00000112941.14	108	104	96	100	93	80	110	98
ENSG00000251365.6	0	0	0	0	0	0	0	0
ENSG00000272071.1	0	0	0	0	0	0	0	0
ENSG00000283420.1	0	0	0	0	0	0	0	0
ENSG00000250974.4	0	0	0	0	0	0	0	0
ENSG00000200243.1	0	0	0	0	0	0	0	1
ENSG00000250060.2	0	0	0	0	0	0	0	0
ENSG00000212258.1	0	0	0	0	0	0	0	0
ENSG00000287790.1	0	0	0	0	0	0	0	0
ENSG00000286254.1	0	0	0	0	0	0	0	0
ENSG00000237611.2	1	0	0	0	0	0	0	1
ENSG00000285689.1	0	0	0	0	0	0	0	0
ENSG00000248775.1	0	0	0	0	0	0	0	0
ENSG00000290510.1	0	2	1	3	1	0	3	1
ENSG00000251250.4	0	0	0	0	0	0	0	0
ENSG00000205976.4	0	0	0	0	0	0	1	0
ENSG00000251678.1	0	0	0	0	0	0	0	0
ENSG00000250668.2	0	0	0	0	0	0	0	0
ENSG00000249638.1	0	0	0	0	0	0	0	0
ENSG00000249865.1	0	0	0	0	0	0	0	0
ENSG00000223597.3	0	0	0	0	0	0	0	0
ENSG00000078295.17	2	2	1	0	26	11	1	2
ENSG00000250761.2	0	0	0	0	0	0	0	0
ENSG00000215217.7	0	0	0	0	0	0	0	1
ENSG00000124275.15	128	102	93	78	117	116	115	114
ENSG00000124279.12	26	19	21	17	29	25	23	19
ENSG00000251168.1	0	0	0	0	0	0	0	0
ENSG00000199773.1	0	0	0	0	0	0	0	0
ENSG00000287947.1	0	0	0	0	0	0	0	0
ENSG00000280338.1	0	0	0	0	0	0	0	0
ENSG00000280251.1	0	0	0	0	0	0	0	0
ENSG00000249486.1	0	0	0	0	0	0	0	0
ENSG00000288002.1	5	4	0	0	10	2	3	2
ENSG00000245729.2	0	0	0	0	1	0	0	0
ENSG00000249159.6	1	0	0	0	1	0	0	0
ENSG00000251549.2	0	0	0	0	0	0	0	0
ENSG00000272049.1	0	0	0	0	0	0	0	0
ENSG00000247516.8	16	14	18	11	24	11	19	15
ENSG00000250037.1	0	0	0	0	0	0	0	0
ENSG00000279075.1	0	0	0	1	0	0	0	0
ENSG00000284000.1	0	0	0	0	0	0	0	0
ENSG00000249782.2	0	0	0	0	0	0	0	0
ENSG00000279097.1	0	0	0	0	0	0	0	0
ENSG00000279264.1	0	0	0	0	0	0	0	0
ENSG00000250389.1	0	0	0	0	0	0	0	0
ENSG00000248765.1	2	0	0	0	0	0	1	0
ENSG00000279002.1	0	0	0	0	0	0	0	0
ENSG00000280373.1	0	0	0	0	0	0	0	0
ENSG00000279125.1	0	0	0	0	0	0	0	0
ENSG00000280438.1	0	0	0	0	0	0	0	0
ENSG00000278877.1	0	0	0	0	0	0	0	0
ENSG00000260981.1	0	0	0	0	0	0	0	0
ENSG00000280185.1	0	0	0	0	0	0	0	0
ENSG00000250198.5	2	0	0	0	1	1	1	0
ENSG00000279635.1	0	0	0	0	0	0	0	0
ENSG00000250619.1	0	0	0	0	0	0	0	0
ENSG00000112902.12	952	659	533	360	1388	1170	1074	878
ENSG00000266415.1	0	0	0	0	0	0	0	0
ENSG00000248537.1	0	0	0	0	0	0	0	0
ENSG00000279698.1	0	0	0	0	0	0	0	0
ENSG00000251370.1	1	0	0	0	0	0	0	0
ENSG00000250001.1	0	0	0	0	0	0	0	0
ENSG00000250786.4	42	53	74	60	78	71	97	75
ENSG00000239112.1	0	0	1	0	0	0	1	0
ENSG00000248525.2	0	0	0	0	0	0	0	0
ENSG00000169777.7	0	0	0	0	0	0	0	1
ENSG00000249781.7	0	0	0	1	0	0	0	0
ENSG00000222054.1	0	0	0	0	0	0	0	0
ENSG00000286556.1	0	0	0	0	0	0	0	0
ENSG00000250814.3	0	0	0	0	0	0	0	0
ENSG00000279011.1	0	0	0	0	0	0	0	0
ENSG00000279755.1	0	0	0	0	0	0	0	0
ENSG00000278874.1	0	0	0	0	0	0	0	0
ENSG00000280016.1	0	0	0	0	0	0	0	0
ENSG00000249807.1	0	0	0	0	0	0	0	0
ENSG00000280449.1	0	0	0	0	0	0	0	0
ENSG00000280368.1	0	0	0	0	0	0	0	0
ENSG00000260515.1	0	0	0	0	0	0	0	0
ENSG00000271998.1	0	0	0	0	0	0	0	0
ENSG00000272417.1	0	0	0	0	0	0	0	0
ENSG00000150756.14	56	42	54	35	41	35	36	19
ENSG00000248968.1	0	0	0	0	0	0	0	0
ENSG00000150753.12	317	388	293	315	362	457	312	372
ENSG00000271980.1	0	0	1	0	0	0	0	0
ENSG00000271715.1	0	0	0	0	1	0	1	0
ENSG00000164237.9	212	121	164	64	179	90	148	70
ENSG00000252341.1	0	0	0	0	0	0	0	0
ENSG00000259802.3	3	0	4	2	1	2	3	3
ENSG00000252671.1	0	0	0	0	0	0	0	0
ENSG00000280369.1	0	0	0	0	0	0	0	0
ENSG00000145495.17	520	468	512	494	550	448	555	491
ENSG00000250600.2	0	0	1	0	1	0	0	0
ENSG00000145491.12	0	1	1	0	2	0	5	0
ENSG00000277073.1	0	0	0	0	0	0	0	0
ENSG00000246016.2	0	0	0	0	0	0	0	1
ENSG00000244361.1	507	465	402	343	403	381	371	287
ENSG00000249166.1	0	0	0	0	0	0	0	0
ENSG00000249396.2	0	0	0	0	0	0	0	0
ENSG00000249160.4	0	0	0	0	0	0	0	0
ENSG00000280017.1	0	0	0	1	0	0	0	0
ENSG00000279450.1	0	0	0	0	0	0	0	0
ENSG00000164236.12	498	476	597	539	507	455	485	530
ENSG00000250106.1	0	0	0	0	0	0	1	0
ENSG00000251196.1	0	0	0	0	0	0	0	0
ENSG00000251548.1	30	41	36	50	39	38	30	47
ENSG00000279979.1	0	0	0	0	0	0	0	0
ENSG00000278865.1	0	0	0	0	0	0	0	0
ENSG00000112977.16	861	802	906	728	763	685	876	729
ENSG00000272324.5	0	0	0	0	0	0	0	0
ENSG00000250576.1	0	0	0	0	0	0	0	0
ENSG00000169862.21	1	0	0	0	0	0	0	0
ENSG00000207312.1	0	0	0	0	0	0	0	0
ENSG00000212305.1	0	0	0	0	0	0	0	0
ENSG00000248783.1	0	0	0	0	0	0	0	0
ENSG00000248131.6	0	0	0	0	0	0	0	0
ENSG00000288967.1	0	0	0	0	0	0	0	0
ENSG00000251112.2	0	0	0	0	0	0	0	0
ENSG00000249053.1	0	0	0	0	0	0	0	0
ENSG00000248457.1	0	0	0	0	0	0	0	0
ENSG00000248145.2	0	0	0	0	0	0	0	0
ENSG00000242608.1	0	0	0	0	0	0	0	0
ENSG00000248462.1	0	0	0	0	0	0	0	0
ENSG00000243744.2	7	12	6	8	2	4	4	6
ENSG00000039139.11	32	29	59	25	52	68	47	32
ENSG00000251423.3	0	0	0	0	0	0	0	0
ENSG00000038382.23	1371	1114	1309	872	1233	1146	1454	1169
ENSG00000287581.1	0	1	1	0	0	0	0	0
ENSG00000145569.6	3	14	3	12	0	1	0	5
ENSG00000248791.1	0	0	1	0	0	0	0	0
ENSG00000250526.1	250	264	196	196	200	207	200	186
ENSG00000250182.3	19	24	13	20	13	8	19	21
ENSG00000261360.3	3	2	7	0	2	0	2	1
ENSG00000154124.6	92	87	64	76	71	69	68	88
ENSG00000154122.14	142	137	158	110	151	160	162	143
ENSG00000286970.1	0	0	0	0	0	0	0	0
ENSG00000249485.1	208	176	173	164	196	134	191	141
ENSG00000264792.1	0	0	0	0	0	0	0	0
ENSG00000272057.1	0	0	0	0	0	0	0	2
ENSG00000249928.2	0	0	0	0	0	0	0	0
ENSG00000250662.1	16	6	4	1	5	6	6	4
ENSG00000250247.1	14	30	19	32	27	24	20	20
ENSG00000286441.1	0	0	0	0	0	0	0	0
ENSG00000202269.1	0	0	0	0	0	0	0	0
ENSG00000249332.2	0	0	0	0	0	0	0	0
ENSG00000248834.2	0	0	0	0	0	0	0	0
ENSG00000286377.1	0	0	0	0	0	0	0	1
ENSG00000248699.1	16	22	38	21	24	47	18	33
ENSG00000183580.10	136	221	97	150	135	93	84	145
ENSG00000250250.2	0	1	0	0	0	0	0	0
ENSG00000216077.3	0	0	0	0	0	0	0	0
ENSG00000222312.1	0	0	0	0	0	0	0	0
ENSG00000183654.9	0	1	0	0	0	0	0	0
ENSG00000250981.3	0	0	0	0	0	0	0	0
ENSG00000250448.1	0	0	0	0	0	0	0	0
ENSG00000248403.1	0	0	0	0	0	0	0	0
ENSG00000248150.1	1	1	0	0	0	0	0	0
ENSG00000249737.1	0	0	0	0	0	0	0	0
ENSG00000173545.5	91	104	89	90	110	118	90	118
ENSG00000289112.2	2	0	0	0	1	0	1	0
ENSG00000154153.15	3	5	2	2	7	5	4	4
ENSG00000246214.3	4	2	4	2	3	4	2	3
ENSG00000250415.1	0	0	0	0	0	0	0	0
ENSG00000201370.1	0	0	0	0	0	0	0	0
ENSG00000145555.15	1262	1069	1353	1362	1835	2591	1389	1406
ENSG00000253093.1	0	0	0	0	0	0	0	0
ENSG00000243538.1	11	11	1	16	5	4	5	3
ENSG00000201436.1	0	0	0	0	0	0	0	0
ENSG00000176788.9	1082	1101	836	633	1302	1250	951	855
ENSG00000215196.5	13	11	21	7	13	14	13	8
ENSG00000271892.1	0	0	0	0	0	0	0	0
ENSG00000206814.1	0	0	0	0	0	0	0	0
ENSG00000251990.1	0	0	0	0	0	0	0	0
ENSG00000250816.1	3	3	4	7	3	5	6	3
ENSG00000252908.1	0	0	0	0	0	0	0	0
ENSG00000185296.8	9	16	7	3	9	9	15	7
ENSG00000201715.1	0	0	0	0	0	0	0	0
ENSG00000223361.5	7595	7768	7532	9037	10226	7523	6421	6751
ENSG00000248223.1	0	0	0	0	0	0	0	0
ENSG00000249199.2	0	0	0	0	0	0	1	0
ENSG00000250822.1	1	0	0	0	0	0	0	0
ENSG00000248455.8	0	0	0	0	0	0	0	0
ENSG00000249662.7	0	0	0	0	0	0	0	0
ENSG00000268799.4	0	0	0	0	0	0	0	0
ENSG00000250667.1	0	0	0	0	0	0	0	0
ENSG00000284373.1	0	0	0	0	0	0	0	0
ENSG00000248205.1	0	0	0	0	0	0	0	0
ENSG00000249620.1	0	0	0	0	0	0	0	0
ENSG00000284439.1	0	0	0	0	0	0	0	0
ENSG00000284283.1	0	0	0	0	0	0	0	0
ENSG00000284234.1	0	0	0	0	0	0	0	0
ENSG00000284042.1	0	0	0	0	0	0	0	0
ENSG00000284465.1	0	0	0	0	0	0	0	0
ENSG00000250088.1	0	0	0	0	0	0	0	0
ENSG00000283967.1	0	0	0	0	0	0	0	0
ENSG00000283988.1	0	0	0	0	0	0	0	0
ENSG00000284356.1	0	0	0	0	0	0	0	0
ENSG00000248422.1	0	0	0	0	0	0	0	0
ENSG00000249282.1	0	0	0	0	0	0	0	0
ENSG00000283740.2	0	5	0	0	0	0	0	0
ENSG00000249156.2	0	3	0	0	0	0	0	0
ENSG00000271296.1	0	0	0	0	0	0	0	0
ENSG00000250351.1	0	0	0	0	0	0	0	0
ENSG00000250386.1	0	0	0	0	0	0	0	0
ENSG00000283776.1	0	0	0	0	0	0	0	0
ENSG00000250782.1	0	2	0	0	0	0	0	0
ENSG00000248471.2	0	0	0	0	0	0	0	0
ENSG00000248160.1	0	0	0	0	0	0	0	0
ENSG00000248542.2	0	0	0	0	0	0	0	0
ENSG00000248337.1	0	0	0	0	0	0	0	0
ENSG00000269466.4	1	10	0	0	0	0	0	0
ENSG00000274832.1	0	0	0	0	0	0	0	0
ENSG00000250715.1	0	0	0	0	0	0	0	0
ENSG00000249937.9	3	3	5	3	4	6	7	4
ENSG00000240785.2	326	275	300	278	345	245	267	261
ENSG00000212278.1	0	0	0	0	0	0	0	0
ENSG00000241552.3	0	0	0	0	0	0	0	0
ENSG00000248693.1	0	0	0	0	0	0	0	0
ENSG00000249191.1	1	0	1	0	0	1	0	0
ENSG00000249927.1	0	0	0	0	0	0	0	0
ENSG00000249285.1	0	0	0	0	0	0	0	0
ENSG00000276764.1	0	0	0	0	0	0	0	0
ENSG00000249174.1	0	0	0	1	0	0	0	0
ENSG00000251487.1	0	0	0	0	0	0	0	0
ENSG00000242654.1	0	0	0	0	0	0	0	0
ENSG00000249557.2	0	0	0	0	0	0	0	0
ENSG00000145526.12	2	0	2	1	5	2	3	3
ENSG00000248766.2	2	2	0	1	0	1	1	0
ENSG00000214132.4	13	15	3	7	11	10	11	9
ENSG00000249854.3	0	0	0	1	0	0	0	0
ENSG00000249490.2	0	0	0	0	0	0	0	0
ENSG00000251629.7	0	1	0	0	0	0	0	0
ENSG00000248308.1	0	0	0	0	0	0	0	0
ENSG00000286751.1	0	0	0	0	0	0	0	0
ENSG00000248286.1	0	1	0	0	0	0	0	0
ENSG00000249359.3	1	0	0	0	0	0	0	0
ENSG00000291102.1	17	14	8	11	15	9	17	9
ENSG00000183666.20	0	0	0	0	0	0	0	0
ENSG00000233974.3	0	1	0	0	0	1	0	0
ENSG00000279107.1	0	0	0	0	0	0	0	0
ENSG00000272130.1	0	0	0	0	0	0	0	0
ENSG00000253766.1	0	0	0	0	0	0	0	0
ENSG00000154162.15	0	0	0	0	0	0	0	0
ENSG00000213430.6	449	412	431	332	491	472	395	341
ENSG00000253104.1	0	0	0	0	0	0	0	0
ENSG00000290530.1	2	2	3	0	1	1	3	1
ENSG00000168967.15	0	0	0	0	0	0	0	0
ENSG00000287471.1	0	0	0	0	0	0	0	0
ENSG00000249206.2	8	13	10	12	7	12	14	9
ENSG00000286961.2	0	0	0	0	0	0	0	0
ENSG00000249404.1	0	0	0	0	0	0	0	0
ENSG00000250319.1	0	0	0	0	0	0	0	0
ENSG00000206912.1	0	0	0	0	0	0	0	0
ENSG00000250332.1	174	243	204	211	269	319	175	269
ENSG00000249289.1	0	0	0	0	0	0	0	0
ENSG00000164256.11	0	0	0	0	0	0	0	0
ENSG00000248591.1	0	0	0	0	0	0	0	0
ENSG00000249607.1	0	0	0	0	1	0	0	2
ENSG00000248874.5	0	1	0	1	0	2	0	0
ENSG00000252083.1	0	0	0	1	0	0	1	1
ENSG00000234865.3	0	0	0	0	0	0	0	0
ENSG00000200600.1	0	0	0	0	0	0	0	0
ENSG00000286134.2	0	0	0	1	0	0	0	0
ENSG00000226432.3	62	55	53	45	58	48	56	58
ENSG00000250694.1	0	0	0	0	0	0	0	0
ENSG00000277455.1	0	0	0	0	0	1	0	0
ENSG00000287199.1	0	0	0	0	0	0	0	0
ENSG00000040731.10	21	13	17	5	4	1	45	5
ENSG00000251294.1	0	0	0	0	0	0	0	0
ENSG00000249562.1	0	0	0	0	0	0	0	0
ENSG00000286454.1	0	1	0	0	0	0	0	0
ENSG00000250099.1	1	5	1	6	0	3	2	8
ENSG00000286238.1	0	0	0	0	0	0	0	0
ENSG00000248156.2	0	0	0	0	0	0	0	0
ENSG00000223004.1	0	0	0	0	0	0	0	0
ENSG00000248908.1	0	0	0	0	0	0	0	0
ENSG00000250524.1	0	0	0	0	0	0	0	0
ENSG00000199911.1	0	0	0	0	0	0	0	0
ENSG00000251273.4	56	51	41	34	18	44	46	53
ENSG00000245662.4	434	410	528	507	464	512	437	504
ENSG00000285042.1	0	0	0	0	0	0	0	0
ENSG00000251654.2	0	0	0	0	0	0	0	0
ENSG00000260761.1	0	0	0	0	0	0	0	0
ENSG00000279671.1	0	0	0	0	0	0	0	0
ENSG00000248605.5	0	0	0	0	1	0	0	0
ENSG00000279531.1	0	0	0	0	0	0	0	0
ENSG00000201016.1	0	0	0	0	0	0	0	0
ENSG00000279869.1	0	0	0	0	0	0	0	0
ENSG00000251593.1	978	912	1000	869	1143	1249	900	883
ENSG00000286625.1	0	0	0	0	0	0	0	0
ENSG00000222560.1	0	0	0	0	0	0	0	0
ENSG00000249099.1	0	0	0	0	0	0	0	0
ENSG00000286204.1	0	0	0	0	0	1	0	0
ENSG00000230571.2	12	20	9	10	11	5	11	14
ENSG00000248426.1	9	10	3	8	10	10	7	7
ENSG00000250703.1	1	0	0	0	0	1	0	0
ENSG00000251033.1	0	0	0	0	0	0	0	0
ENSG00000249616.1	0	0	0	0	0	0	0	0
ENSG00000113100.10	0	1	1	0	0	0	0	0
ENSG00000207261.1	0	0	0	0	0	0	0	0
ENSG00000250337.10	27	19	34	17	39	22	16	7
ENSG00000248490.2	0	0	0	0	0	0	0	0
ENSG00000250079.1	0	0	0	0	0	0	0	0
ENSG00000249785.3	0	0	0	0	0	0	0	0
ENSG00000250453.2	0	0	0	0	0	1	0	0
ENSG00000286432.1	0	0	0	0	0	0	0	0
ENSG00000252867.1	0	0	0	0	0	0	0	0
ENSG00000270495.1	0	0	0	0	0	0	0	0
ENSG00000259786.7	0	1	0	0	0	0	0	0
ENSG00000271035.1	0	0	0	0	0	0	0	0
ENSG00000162685.6	42	33	27	24	17	26	38	25
ENSG00000226400.2	11	6	7	1	7	3	3	6
ENSG00000277878.1	0	0	0	0	0	2	1	0
ENSG00000249226.1	38	37	30	31	24	18	25	33
ENSG00000252601.1	0	0	0	0	0	0	0	0
ENSG00000248687.2	0	0	0	1	0	0	0	0
ENSG00000270430.1	0	0	0	0	0	0	0	0
ENSG00000286182.1	0	0	1	0	0	0	0	1
ENSG00000248391.6	0	0	0	0	0	0	0	0
ENSG00000276098.1	0	0	0	0	0	0	0	0
ENSG00000248418.2	0	0	0	0	0	0	0	0
ENSG00000250984.1	0	0	0	0	0	0	0	0
ENSG00000249744.1	0	0	0	0	0	0	0	0
ENSG00000233787.3	1	2	3	3	0	0	4	3
ENSG00000223136.1	0	0	0	0	0	0	0	0
ENSG00000280305.1	0	0	0	0	0	0	0	1
ENSG00000250587.2	2	2	0	0	2	0	2	2
ENSG00000250118.1	8	9	2	10	11	6	8	10
ENSG00000287176.1	0	0	0	0	0	0	0	0
ENSG00000287940.1	0	0	0	0	0	0	0	0
ENSG00000241668.2	1	0	0	0	0	0	0	0
ENSG00000253940.1	0	0	0	0	0	0	0	0
ENSG00000289601.1	1	1	1	2	3	1	0	3
ENSG00000254138.1	0	0	0	0	0	0	1	0
ENSG00000113361.13	269	118	979	357	399	260	969	309
ENSG00000250482.3	0	0	0	0	0	0	0	0
ENSG00000113360.17	263	256	236	275	239	241	219	235
ENSG00000206682.1	0	0	0	0	0	0	0	0
ENSG00000082213.18	74	75	84	107	90	94	66	85
ENSG00000279923.1	1	0	2	0	0	2	0	2
ENSG00000199765.1	0	0	0	0	0	0	0	0
ENSG00000133401.16	5	20	11	26	17	15	10	46
ENSG00000248624.1	0	0	0	0	0	0	0	0
ENSG00000248878.1	22	16	16	11	25	21	23	10
ENSG00000249114.1	0	0	0	0	0	0	0	0
ENSG00000248813.1	0	0	0	0	0	0	0	0
ENSG00000248378.1	0	0	0	0	0	0	0	0
ENSG00000250164.1	0	0	0	0	0	0	0	0
ENSG00000249688.1	0	0	0	0	0	0	0	0
ENSG00000252373.1	0	0	0	0	0	0	0	0
ENSG00000224282.3	554	598	494	347	411	372	364	343
ENSG00000251887.2	0	0	0	0	0	0	0	0
ENSG00000241739.1	0	0	0	0	1	0	0	0
ENSG00000243914.1	62	65	46	44	36	29	36	27
ENSG00000214108.4	335	284	199	239	164	197	212	186
ENSG00000249774.1	581	514	411	381	351	385	368	348
ENSG00000266243.1	0	0	0	0	0	0	0	0
ENSG00000250764.1	0	0	1	1	1	0	0	0
ENSG00000113384.14	585	698	468	622	514	502	560	686
ENSG00000200065.1	0	0	0	0	0	0	0	0
ENSG00000272086.2	14	19	11	12	9	6	8	16
ENSG00000230829.3	0	0	0	0	0	0	0	0
ENSG00000150712.11	148	150	147	196	122	120	160	189
ENSG00000199731.1	0	0	0	0	0	0	0	0
ENSG00000207052.1	0	0	0	1	0	1	0	0
ENSG00000056097.16	543	563	542	599	630	713	539	569
ENSG00000207956.1	0	0	1	1	0	0	0	0
ENSG00000249142.1	152	134	134	127	139	123	126	136
ENSG00000113387.12	594	443	414	375	500	419	498	387
ENSG00000250885.1	0	0	0	0	0	0	0	0
ENSG00000286741.1	0	0	0	0	1	0	0	0
ENSG00000113389.16	364	721	650	1034	904	1755	745	1221
ENSG00000251062.1	75	83	31	42	46	37	39	37
ENSG00000250697.2	0	0	0	0	1	0	2	1
ENSG00000248279.5	0	1	0	0	0	0	0	0
ENSG00000249102.3	0	1	1	0	0	0	0	0
ENSG00000251281.1	0	0	0	0	0	0	0	0
ENSG00000250672.1	25	34	27	24	26	15	22	19
ENSG00000240376.1	4198	4213	3641	2807	3130	2753	2983	2714
ENSG00000251443.3	0	0	0	1	0	1	0	0
ENSG00000288579.1	2	0	0	0	1	0	0	0
ENSG00000249572.3	5	6	2	3	5	6	5	8
ENSG00000113407.14	276	243	353	233	351	269	323	242
ENSG00000249360.1	27	56	26	17	35	43	31	30
ENSG00000250583.1	0	0	0	0	0	0	0	0
ENSG00000151388.11	132	123	289	210	168	241	166	153
ENSG00000201623.1	0	0	0	0	0	0	0	0
ENSG00000182631.7	0	0	0	0	0	0	0	0
ENSG00000164175.15	0	0	1	0	0	0	0	0
ENSG00000250914.1	46	42	52	47	75	48	49	49
ENSG00000242110.9	2	2	2	1	4	0	1	1
ENSG00000273294.1	0	0	0	1	1	0	0	0
ENSG00000289791.1	0	0	0	0	1	0	0	0
ENSG00000250767.1	7	7	1	4	1	3	0	2
ENSG00000082196.21	1	4	4	2	2	1	4	3
ENSG00000278900.1	0	0	0	0	0	0	0	0
ENSG00000279995.1	0	0	0	0	0	0	0	0
ENSG00000271771.1	0	0	0	0	0	0	0	0
ENSG00000290548.1	4	6	3	5	3	4	5	2
ENSG00000215158.10	0	0	0	0	0	0	0	0
ENSG00000215156.5	0	0	0	0	0	1	0	0
ENSG00000286543.1	0	0	0	0	0	0	0	0
ENSG00000249380.1	0	0	0	0	0	0	0	0
ENSG00000271874.1	0	0	0	0	0	1	1	1
ENSG00000039560.14	829	922	864	1148	954	1649	979	1107
ENSG00000250234.1	0	0	0	1	0	0	0	0
ENSG00000272323.1	0	1	2	1	2	0	2	2
ENSG00000205838.15	1	5	2	6	6	4	4	7
ENSG00000250140.1	0	0	0	0	0	0	0	1
ENSG00000241829.1	1	0	0	1	0	0	0	0
ENSG00000113456.20	176	274	163	259	165	268	146	272
ENSG00000113460.13	45	94	71	169	85	152	70	110
ENSG00000168724.18	238	283	284	388	230	304	255	328
ENSG00000113492.14	0	0	0	0	0	0	0	0
ENSG00000113494.17	0	0	0	1	0	2	0	2
ENSG00000250886.1	0	0	0	0	0	0	0	0
ENSG00000201368.2	0	0	0	0	0	0	0	0
ENSG00000152582.14	17	20	32	31	30	38	35	28
ENSG00000238441.1	0	0	0	0	0	0	0	0
ENSG00000248969.1	0	0	0	0	0	0	0	0
ENSG00000168685.15	12	17	18	12	13	30	4	10
ENSG00000279737.1	0	0	0	0	0	0	0	0
ENSG00000248349.1	0	0	0	0	0	0	0	0
ENSG00000152611.12	0	0	1	0	0	1	0	0
ENSG00000249748.1	0	0	0	0	0	0	0	0
ENSG00000145626.12	0	0	0	0	0	0	0	0
ENSG00000168671.10	0	0	0	0	0	0	0	0
ENSG00000251591.2	0	0	0	0	0	0	0	0
ENSG00000164187.7	100	89	92	110	92	78	111	115
ENSG00000207756.1	0	0	0	0	0	0	1	0
ENSG00000145604.17	80	132	133	186	109	189	88	196
ENSG00000201223.1	0	0	0	0	0	0	0	0
ENSG00000152620.13	69	64	50	62	63	51	67	52
ENSG00000245711.2	2	2	1	2	2	1	2	1
ENSG00000164188.9	2	2	1	4	0	1	1	3
ENSG00000287634.1	0	0	0	0	0	0	0	0
ENSG00000222178.1	0	0	0	0	0	0	0	0
ENSG00000242292.2	0	0	0	0	0	0	0	0
ENSG00000079215.15	26	24	12	4	15	17	11	4
ENSG00000274441.1	0	0	0	0	0	0	0	0
ENSG00000250155.3	0	0	1	1	0	0	1	0
ENSG00000272103.2	1	0	1	1	3	0	1	0
ENSG00000285967.1	54	34	40	32	39	32	39	39
ENSG00000164190.19	354	319	375	333	396	327	351	386
ENSG00000249850.1	0	0	0	1	2	1	1	0
ENSG00000244073.1	1281	1249	1223	1034	1076	925	1437	1436
ENSG00000197603.16	153	154	183	124	192	160	195	158
ENSG00000271378.1	3	0	4	1	0	1	0	2
ENSG00000228212.1	66	50	72	82	99	108	129	89
ENSG00000242493.3	0	0	0	0	0	0	0	0
ENSG00000286193.3	0	0	0	1	1	0	2	0
ENSG00000270558.1	0	0	1	2	1	0	2	1
ENSG00000113569.16	133	72	73	100	100	77	118	85
ENSG00000251880.1	0	0	0	0	0	0	0	0
ENSG00000250455.1	0	0	0	0	0	1	2	0
ENSG00000082068.9	140	137	116	115	145	107	121	142
ENSG00000248216.1	78	88	66	102	56	114	48	134
ENSG00000222743.1	0	0	0	0	0	0	0	0
ENSG00000206743.1	0	0	0	0	0	0	0	0
ENSG00000248587.8	15	22	11	18	15	15	24	20
ENSG00000168621.15	12	36	15	53	30	63	22	80
ENSG00000248539.1	0	2	1	1	0	0	0	0
ENSG00000250032.1	0	0	0	0	0	0	0	0
ENSG00000251518.1	0	0	0	0	0	0	0	0
ENSG00000248533.1	0	0	0	0	0	0	0	0
ENSG00000248461.3	0	0	0	1	0	0	0	0
ENSG00000276332.1	0	0	0	0	0	0	0	0
ENSG00000164318.18	2	2	0	0	1	0	4	1
ENSG00000248730.1	0	0	0	0	0	0	0	0
ENSG00000249071.2	0	0	0	0	0	0	0	0
ENSG00000248572.6	0	0	0	0	0	0	0	0
ENSG00000249491.1	0	0	0	0	0	0	0	0
ENSG00000248234.1	0	0	0	0	0	0	0	0
ENSG00000251257.3	1	1	0	0	0	2	1	1
ENSG00000113594.10	128	142	95	155	110	102	161	204
ENSG00000244968.7	3	1	1	3	0	4	3	2
ENSG00000265304.1	0	0	0	0	0	0	0	0
ENSG00000251189.1	0	0	0	0	0	0	0	0
ENSG00000249740.4	9	4	6	3	3	8	7	3
ENSG00000248577.1	0	2	1	1	0	0	1	2
ENSG00000250629.1	0	0	0	0	0	1	0	0
ENSG00000145623.13	1077	1263	1134	1346	1355	2026	1006	1335
ENSG00000164327.14	157	193	203	186	201	217	190	209
ENSG00000249089.1	0	0	0	0	0	0	0	0
ENSG00000289196.2	1	0	0	0	1	0	1	0
ENSG00000286809.1	0	0	0	0	0	0	0	0
ENSG00000082074.19	0	1	3	1	1	2	4	1
ENSG00000251215.1	71	65	64	61	59	75	65	57
ENSG00000113600.12	0	2	0	2	2	0	1	0
ENSG00000289699.1	0	0	0	0	0	0	0	0
ENSG00000153071.15	2234	2225	2287	2517	2746	2374	2310	2516
ENSG00000271334.6	0	2	1	1	1	2	4	0
ENSG00000251515.1	0	0	0	0	0	0	0	0
ENSG00000250492.1	90	81	84	77	100	97	83	70
ENSG00000248651.1	0	0	0	0	0	0	0	0
ENSG00000250048.2	0	0	0	0	0	0	0	0
ENSG00000249668.1	0	0	0	0	0	0	0	0
ENSG00000250585.3	0	0	0	0	0	0	0	0
ENSG00000199361.1	0	0	0	0	0	0	0	0
ENSG00000287597.1	0	0	0	0	0	0	0	0
ENSG00000283286.2	0	0	0	0	0	0	0	0
ENSG00000285552.1	0	0	0	0	0	0	0	0
ENSG00000285616.1	0	0	0	0	0	0	0	0
ENSG00000113638.14	62	58	48	56	60	49	63	47
ENSG00000199552.1	2	0	0	0	0	1	3	0
ENSG00000289540.1	0	0	0	1	0	0	0	1
ENSG00000171522.6	79	34	50	26	72	121	80	40
ENSG00000132356.12	396	649	367	560	328	573	379	611
ENSG00000212567.1	0	0	0	0	1	0	0	0
ENSG00000288911.2	0	3	0	2	0	0	2	0
ENSG00000145592.14	3042	3124	2607	2000	2483	2365	2340	2079
ENSG00000212296.1	0	0	0	0	0	0	0	0
ENSG00000132357.14	126	188	116	177	133	157	115	144
ENSG00000112936.21	58	1148	61	267	182	1054	52	444
ENSG00000253098.1	0	0	0	0	0	0	0	0
ENSG00000248120.1	15	16	9	12	19	14	14	9
ENSG00000171495.17	0	0	0	0	0	0	0	0
ENSG00000039537.16	0	4	1	10	7	14	1	6
ENSG00000182836.11	0	6	1	0	1	25	2	5
ENSG00000251478.1	0	0	0	0	0	0	0	0
ENSG00000083720.13	124	204	181	277	140	206	140	230
ENSG00000286164.1	0	0	0	0	0	0	0	0
ENSG00000248668.3	3	2	1	2	0	1	1	2
ENSG00000240281.2	0	0	0	0	0	0	0	0
ENSG00000205765.10	218	282	180	248	218	261	207	280
ENSG00000151876.13	29	35	26	36	24	11	27	22
ENSG00000239694.1	0	0	0	0	1	0	0	0
ENSG00000199487.1	0	0	0	0	0	0	0	0
ENSG00000249266.1	27	24	20	35	23	7	41	40
ENSG00000260786.1	0	1	0	0	0	0	0	0
ENSG00000112964.14	35	41	28	29	11	6	31	29
ENSG00000248873.1	281	388	267	285	295	322	242	339
ENSG00000250860.1	10	6	14	9	9	11	14	11
ENSG00000270513.1	0	0	0	0	0	0	0	0
ENSG00000198865.10	49	35	43	33	33	29	37	34
ENSG00000250722.6	1094	1418	886	1278	627	799	1077	1286
ENSG00000272234.1	0	0	0	0	0	0	0	0
ENSG00000286271.3	0	2	0	3	3	0	2	4
ENSG00000249092.1	6	8	3	5	3	2	4	4
ENSG00000251163.1	0	0	0	3	0	0	0	1
ENSG00000251656.1	0	1	1	1	1	2	2	1
ENSG00000249516.1	3	1	3	2	3	3	1	3
ENSG00000250711.1	1	1	2	2	1	3	1	3
ENSG00000287263.3	11	22	22	17	11	14	21	13
ENSG00000289206.1	1	0	0	1	1	1	1	1
ENSG00000286656.2	5	4	5	2	2	5	3	6
ENSG00000271788.1	1	0	2	0	3	0	1	0
ENSG00000177738.6	16	15	9	14	9	15	15	8
ENSG00000251131.3	0	0	0	1	1	1	1	1
ENSG00000272382.1	1	0	1	0	0	0	1	0
ENSG00000177721.5	3	8	4	3	4	0	6	2
ENSG00000215068.10	44	20	30	16	49	28	39	32
ENSG00000272144.1	0	1	2	3	5	0	1	0
ENSG00000172262.12	99	98	67	98	101	100	96	92
ENSG00000278487.1	3	7	12	3	3	6	5	7
ENSG00000177453.7	18	9	9	2	22	17	28	4
ENSG00000249779.1	5	2	4	0	5	2	5	2
ENSG00000249888.1	0	1	0	0	0	0	0	0
ENSG00000247763.2	2226	956	1719	622	1391	955	1191	460
ENSG00000112972.15	77	42	62	45	65	42	57	39
ENSG00000261604.1	0	0	0	0	0	0	0	0
ENSG00000188850.9	0	0	3	2	1	1	2	1
ENSG00000151882.11	19	16	23	11	24	29	22	15
ENSG00000151881.15	51	48	33	38	40	33	54	28
ENSG00000249492.3	1	4	2	1	2	2	2	1
ENSG00000172244.9	8	6	6	6	5	4	9	2
ENSG00000249855.1	9	7	8	7	5	2	8	5
ENSG00000248554.1	0	2	0	1	0	2	1	0
ENSG00000248240.1	2	1	1	0	1	1	0	0
ENSG00000172239.14	237	191	181	173	242	204	201	180
ENSG00000248092.8	52	55	54	55	71	41	83	43
ENSG00000279557.1	0	0	0	0	0	0	0	0
ENSG00000249286.1	0	0	2	0	1	1	0	0
ENSG00000112992.18	360	344	284	286	380	290	382	331
ENSG00000224993.3	387	398	308	236	320	267	265	263
ENSG00000249276.1	0	0	0	0	0	0	0	0
ENSG00000212561.1	0	0	0	0	0	0	0	0
ENSG00000070193.5	121	46	17	11	79	32	39	14
ENSG00000248464.1	2	0	0	0	0	0	0	1
ENSG00000249203.2	0	0	0	0	0	0	0	0
ENSG00000250418.1	0	0	0	0	0	0	0	0
ENSG00000263556.2	0	0	0	0	0	0	0	0
ENSG00000251141.6	19	10	13	14	17	10	10	10
ENSG00000248779.1	1	0	0	0	0	0	0	0
ENSG00000112996.11	130	88	98	88	122	90	99	113
ENSG00000272335.1	18	25	22	25	22	17	26	17
ENSG00000248148.1	0	0	0	0	0	1	0	0
ENSG00000287540.1	0	0	0	0	0	0	0	0
ENSG00000164588.8	0	0	0	0	0	0	0	0
ENSG00000250422.1	0	0	1	0	0	0	0	0
ENSG00000250017.1	0	0	0	0	0	0	0	0
ENSG00000250122.1	1	0	0	0	0	0	0	0
ENSG00000170571.12	28	16	19	22	119	146	12	7
ENSG00000271455.1	0	0	0	0	0	0	0	0
ENSG00000213956.4	1	2	2	0	0	1	0	0
ENSG00000271752.1	1	0	0	0	0	0	0	0
ENSG00000151883.19	78	77	67	43	109	99	53	56
ENSG00000289056.2	17	11	5	8	13	15	16	8
ENSG00000249405.1	0	0	0	0	0	0	0	0
ENSG00000270830.1	0	0	0	0	0	0	0	0
ENSG00000251601.1	0	0	0	0	0	0	0	0
ENSG00000250360.1	0	0	0	0	0	0	0	0
ENSG00000251573.2	0	0	0	0	0	0	0	0
ENSG00000248918.2	0	0	0	0	0	0	0	0
ENSG00000207060.1	0	0	0	0	0	0	0	0
ENSG00000278734.1	0	0	0	0	0	0	0	0
ENSG00000206606.1	0	0	0	0	0	0	0	0
ENSG00000240627.1	0	1	0	0	0	0	0	0
ENSG00000259663.2	0	0	0	0	0	0	0	0
ENSG00000016082.15	0	0	0	0	0	0	0	0
ENSG00000249338.1	0	0	0	0	0	0	0	0
ENSG00000248891.2	0	0	0	0	0	0	0	0
ENSG00000288035.1	0	0	0	0	0	0	0	0
ENSG00000251125.1	0	0	0	0	0	0	0	0
ENSG00000251873.1	0	0	0	0	0	0	0	0
ENSG00000249270.1	0	1	0	0	0	0	0	1
ENSG00000279470.1	0	0	0	0	0	0	0	0
ENSG00000248789.5	0	0	0	0	0	0	0	0
ENSG00000244621.1	0	0	0	0	0	0	0	0
ENSG00000250827.1	0	0	0	0	0	0	0	0
ENSG00000248898.4	0	1	1	0	0	0	1	2
ENSG00000152684.11	100	101	79	60	108	102	68	54
ENSG00000213949.10	168	272	201	215	279	327	146	276
ENSG00000288539.1	0	0	0	0	0	0	0	0
ENSG00000251237.1	0	0	0	0	0	0	0	0
ENSG00000241809.1	0	0	0	0	0	0	0	0
ENSG00000249899.6	1	0	0	0	1	1	0	1
ENSG00000164171.11	262	126	152	87	270	102	214	112
ENSG00000286048.1	0	0	0	0	0	0	0	0
ENSG00000272123.1	0	0	0	0	1	0	0	0
ENSG00000164172.20	211	166	224	159	255	151	226	132
ENSG00000247796.3	18	8	27	15	17	7	28	10
ENSG00000213940.4	145	158	146	135	164	137	144	143
ENSG00000285831.1	2	0	4	0	1	1	5	0
ENSG00000240052.1	1288	1305	727	661	756	741	741	653
ENSG00000134363.12	675	156	1288	284	1030	389	739	206
ENSG00000164258.12	150	117	143	103	134	102	118	83
ENSG00000250447.6	0	0	0	0	0	0	0	0
ENSG00000217791.4	79	57	73	45	142	135	73	61
ENSG00000272416.1	0	1	1	0	0	2	0	3
ENSG00000185305.12	125	135	166	148	148	79	126	163
ENSG00000287087.1	0	2	0	2	2	1	1	0
ENSG00000222960.1	0	0	0	0	0	0	0	0
ENSG00000207627.1	0	0	0	0	0	0	0	0
ENSG00000241230.3	0	0	0	0	0	0	0	0
ENSG00000265421.1	0	0	0	0	0	0	0	0
ENSG00000279638.1	0	0	0	0	0	0	0	0
ENSG00000288957.2	0	0	0	0	0	0	0	0
ENSG00000249069.8	0	0	0	0	0	0	0	1
ENSG00000251597.1	0	0	0	0	0	0	0	0
ENSG00000169271.3	8	18	9	34	4	50	5	14
ENSG00000178996.14	801	621	749	782	816	875	905	738
ENSG00000280159.1	1	3	1	1	0	0	2	0
ENSG00000287367.2	0	0	4	4	0	3	0	0
ENSG00000232517.2	2	0	1	1	4	8	4	1
ENSG00000226810.3	54	34	68	35	47	46	56	41
ENSG00000249843.1	0	0	0	0	0	0	0	0
ENSG00000289060.1	1	0	0	1	0	0	2	1
ENSG00000249016.1	0	0	0	0	0	0	0	0
ENSG00000164283.13	3	4	8	7	5	2	5	3
ENSG00000240535.8	0	0	1	0	0	0	0	0
ENSG00000113088.6	0	0	0	0	0	0	0	0
ENSG00000207229.1	0	0	0	0	0	0	0	0
ENSG00000251376.1	0	0	0	0	0	0	0	0
ENSG00000248029.2	0	1	0	0	0	0	0	0
ENSG00000249454.1	0	0	0	0	0	0	0	0
ENSG00000145649.8	0	0	0	0	0	0	0	0
ENSG00000164287.13	0	0	0	0	0	0	0	1
ENSG00000164294.14	1015	646	860	535	830	543	945	589
ENSG00000198983.1	0	0	0	0	0	0	0	0
ENSG00000207728.1	0	0	0	0	0	0	0	0
ENSG00000251856.1	0	0	0	0	0	0	0	0
ENSG00000234602.9	0	1	0	0	0	0	0	0
ENSG00000152669.9	0	1	0	0	0	0	0	2
ENSG00000251307.1	0	0	1	0	0	0	0	0
ENSG00000067248.11	244	267	246	207	264	284	239	189
ENSG00000039123.16	275	267	256	265	232	235	268	248
ENSG00000271410.1	1	1	1	0	3	0	4	2
ENSG00000067113.17	345	247	275	186	318	118	454	179
ENSG00000279883.1	0	0	0	0	0	0	0	0
ENSG00000265135.1	0	0	0	0	0	0	0	0
ENSG00000250853.1	6	7	6	8	18	3	10	5
ENSG00000249410.1	0	0	0	0	0	0	0	0
ENSG00000177058.12	66	56	68	65	63	64	63	50
ENSG00000152670.19	0	0	0	0	0	0	0	0
ENSG00000251368.1	0	0	0	0	0	0	0	0
ENSG00000199322.1	0	0	0	0	0	0	0	0
ENSG00000248854.1	3	4	2	4	1	0	0	0
ENSG00000164509.16	77	31	23	12	16	11	20	3
ENSG00000134352.21	8930	7452	8353	9378	6421	7676	9484	9457
ENSG00000262211.1	0	0	0	0	0	0	0	0
ENSG00000264281.3	2323	2401	2554	1816	2455	2106	2031	1705
ENSG00000249236.2	1	0	0	0	0	0	0	0
ENSG00000227908.5	2	3	1	1	2	0	1	0
ENSG00000238326.1	0	0	0	0	0	0	0	0
ENSG00000164512.18	2	1	3	0	0	1	2	0
ENSG00000253032.1	0	0	0	0	0	0	0	0
ENSG00000243592.1	438	443	325	298	370	306	284	262
ENSG00000223003.1	0	0	0	0	0	0	0	0
ENSG00000251435.1	36	42	50	43	34	45	35	38
ENSG00000212265.1	0	0	0	0	0	0	0	0
ENSG00000248781.1	96	101	83	82	83	94	74	86
ENSG00000210678.1	0	0	0	0	0	0	0	0
ENSG00000249697.1	0	0	0	0	0	0	0	0
ENSG00000250787.1	0	1	0	0	0	1	0	1
ENSG00000248727.6	2	4	7	5	3	1	3	5
ENSG00000285997.1	0	0	0	0	1	0	0	0
ENSG00000226221.1	3	1	21	8	27	16	15	8
ENSG00000225940.7	0	0	0	0	0	0	0	0
ENSG00000234553.1	0	0	0	0	0	0	0	0
ENSG00000289709.1	0	0	0	0	0	0	1	0
ENSG00000228650.2	0	0	0	0	0	0	0	0
ENSG00000095015.6	70	59	89	68	44	57	79	54
ENSG00000237705.1	0	0	0	0	0	0	0	0
ENSG00000225230.1	0	0	0	0	0	0	0	0
ENSG00000155542.12	10	6	10	4	14	17	14	17
ENSG00000155545.20	111	94	101	77	81	78	86	86
ENSG00000271828.1	0	1	0	0	2	2	0	3
ENSG00000235635.1	0	0	0	0	0	0	0	0
ENSG00000233943.1	1	0	0	0	0	0	0	0
ENSG00000248652.2	0	0	0	1	1	0	2	2
ENSG00000250480.3	11	16	7	8	9	17	12	7
ENSG00000207293.1	0	0	0	0	0	0	0	0
ENSG00000289152.2	0	0	1	0	0	0	0	0
ENSG00000062194.16	232	195	250	194	228	221	231	187
ENSG00000248586.2	0	0	0	0	1	0	0	0
ENSG00000250961.2	0	3	0	1	0	2	0	2
ENSG00000250308.2	0	0	0	0	0	0	0	0
ENSG00000169067.4	0	0	0	0	0	0	0	0
ENSG00000249436.2	0	0	0	0	0	0	0	0
ENSG00000287709.3	0	0	0	0	0	0	0	0
ENSG00000249198.1	0	0	0	0	0	0	0	0
ENSG00000249584.1	0	1	0	0	0	0	0	0
ENSG00000248132.3	0	0	0	0	0	0	0	0
ENSG00000286853.1	0	0	0	0	0	0	0	0
ENSG00000248271.1	2	3	4	3	5	1	6	2
ENSG00000145632.15	122	56	198	83	166	95	109	55
ENSG00000175857.9	0	0	0	0	0	0	0	0
ENSG00000271257.1	0	0	0	0	0	0	0	0
ENSG00000265699.1	0	0	0	0	0	0	0	0
ENSG00000250127.1	0	0	1	0	0	0	0	0
ENSG00000152932.8	0	0	1	0	0	0	0	0
ENSG00000248475.5	0	1	0	0	1	0	1	0
ENSG00000240412.1	8	9	4	8	5	8	5	5
ENSG00000248733.1	0	0	0	0	0	0	0	0
ENSG00000113448.21	57	124	27	27	119	210	30	31
ENSG00000247345.2	0	0	0	0	1	0	1	0
ENSG00000276214.1	0	0	0	0	0	0	0	0
ENSG00000251306.1	16	15	8	17	15	12	12	12
ENSG00000202601.4	0	0	0	0	0	0	0	0
ENSG00000248935.1	0	0	0	0	0	0	0	0
ENSG00000202017.1	0	0	0	0	0	0	0	0
ENSG00000213896.4	73	70	49	67	48	61	59	49
ENSG00000214244.4	98	127	122	112	135	121	126	134
ENSG00000273701.1	0	0	0	0	0	0	0	0
ENSG00000152931.9	0	0	0	0	0	0	0	0
ENSG00000275634.1	0	0	0	0	0	0	0	0
ENSG00000276233.1	0	0	0	0	0	0	0	0
ENSG00000035499.13	6	2	1	2	5	4	7	0
ENSG00000251303.1	0	0	0	0	0	0	0	0
ENSG00000287434.1	0	0	0	0	0	0	0	0
ENSG00000250148.1	0	0	1	0	1	1	1	0
ENSG00000164181.14	0	0	0	1	1	0	0	0
ENSG00000049167.16	62	44	50	33	54	40	66	49
ENSG00000215032.2	0	0	0	0	0	0	0	0
ENSG00000233847.1	0	0	0	0	0	0	0	0
ENSG00000164182.12	72	69	58	48	66	70	54	50
ENSG00000279985.1	0	0	0	0	0	0	0	0
ENSG00000276945.1	0	0	1	1	0	1	1	1
ENSG00000188725.8	183	165	150	166	144	184	168	153
ENSG00000251279.3	3	1	0	2	5	4	5	2
ENSG00000249279.6	0	0	1	0	0	0	1	0
ENSG00000288936.1	1	0	0	0	1	0	0	0
ENSG00000130449.6	138	104	139	130	151	137	107	101
ENSG00000251682.1	0	0	0	0	0	0	0	0
ENSG00000250461.1	47	36	37	33	39	33	32	36
ENSG00000213891.3	334	389	261	246	203	235	226	235
ENSG00000178722.15	1	0	1	1	1	0	2	1
ENSG00000248529.5	0	0	0	0	0	0	0	0
ENSG00000212215.1	0	0	0	0	0	0	0	0
ENSG00000251575.3	0	0	0	0	0	0	0	0
ENSG00000249878.1	0	0	0	0	0	0	0	1
ENSG00000248199.2	0	0	0	0	0	0	0	0
ENSG00000289916.1	0	0	0	0	0	0	0	0
ENSG00000251983.1	0	0	0	0	0	0	0	0
ENSG00000068796.19	164	161	163	114	172	153	127	130
ENSG00000288643.1	0	0	0	0	0	0	0	0
ENSG00000086189.11	65	52	40	40	48	40	40	49
ENSG00000086200.17	114	88	112	86	97	106	110	79
ENSG00000199279.1	0	0	0	0	0	0	0	0
ENSG00000268942.2	28	13	23	19	18	15	19	13
ENSG00000241991.1	0	0	0	0	0	0	0	0
ENSG00000240436.1	10	3	2	2	1	2	0	1
ENSG00000186105.8	0	0	0	0	0	0	0	2
ENSG00000217416.4	59	60	44	53	38	67	42	52
ENSG00000249579.2	0	0	0	0	0	0	0	0
ENSG00000248185.1	0	2	2	4	3	1	2	5
ENSG00000287179.1	0	0	0	0	0	0	0	0
ENSG00000178394.5	0	0	0	0	0	0	0	0
ENSG00000248285.1	0	0	0	0	0	0	0	0
ENSG00000164197.12	3	7	5	7	1	0	4	3
ENSG00000236068.2	0	0	0	0	0	0	0	0
ENSG00000186479.5	0	0	0	0	0	1	0	0
ENSG00000242547.3	0	0	0	0	0	0	0	0
ENSG00000201869.1	0	0	0	0	0	0	0	0
ENSG00000224296.3	0	0	0	0	0	0	0	0
ENSG00000145642.12	0	0	0	0	0	0	0	0
ENSG00000153006.16	94	104	82	102	82	102	82	118
ENSG00000153015.17	113	98	96	103	128	107	90	87
ENSG00000207439.1	0	0	0	0	0	0	0	0
ENSG00000049192.15	28	33	43	26	50	31	29	8
ENSG00000248288.1	259	255	204	243	207	217	221	207
ENSG00000250732.1	0	0	0	0	0	0	0	0
ENSG00000205644.5	0	0	0	0	0	0	0	0
ENSG00000250081.1	0	0	0	0	1	1	1	0
ENSG00000123219.13	11	10	12	6	5	2	14	3
ENSG00000113593.12	129	124	132	117	118	121	141	122
ENSG00000113595.15	85	73	79	99	90	88	95	108
ENSG00000207352.1	0	0	1	0	0	0	0	0
ENSG00000113597.18	51	49	72	58	64	51	62	37
ENSG00000253251.3	10	4	2	1	4	0	5	2
ENSG00000197860.10	83	138	81	141	83	135	62	128
ENSG00000123213.23	80	173	77	102	83	170	86	118
ENSG00000251648.2	0	0	0	0	0	0	0	0
ENSG00000112851.16	498	579	436	633	513	619	471	562
ENSG00000269961.1	0	5	0	1	0	1	2	2
ENSG00000252904.1	0	0	0	0	0	0	0	0
ENSG00000286314.1	0	1	0	0	0	0	1	0
ENSG00000285999.1	1	0	0	4	1	1	1	1
ENSG00000153914.16	336	322	281	318	364	309	371	277
ENSG00000253744.1	0	0	0	0	0	0	0	0
ENSG00000248846.3	0	0	0	0	0	0	0	0
ENSG00000251391.5	0	0	0	0	0	0	0	0
ENSG00000286062.2	0	0	0	0	0	0	0	0
ENSG00000250313.3	0	0	0	0	0	0	0	0
ENSG00000234838.3	2	1	2	3	1	1	1	3
ENSG00000069020.19	234	122	235	109	240	155	189	106
ENSG00000248803.1	0	0	0	0	0	0	0	0
ENSG00000249057.1	0	0	0	0	0	0	0	0
ENSG00000229666.2	1	0	1	1	0	1	0	1
ENSG00000134061.5	0	1	1	0	0	0	1	0
ENSG00000251206.1	0	0	0	0	0	0	0	0
ENSG00000286647.1	0	0	0	0	0	0	0	0
ENSG00000249364.7	0	11	0	11	0	1	0	9
ENSG00000250978.5	0	27	0	26	0	16	0	29
ENSG00000239870.1	1	0	1	0	1	0	0	0
ENSG00000249736.1	0	1	0	0	1	1	0	0
ENSG00000249238.1	0	0	0	0	0	0	0	1
ENSG00000250669.1	13	10	7	16	16	12	7	7
ENSG00000249721.1	0	0	0	2	0	0	0	1
ENSG00000250421.5	0	0	0	1	0	0	0	1
ENSG00000249894.1	0	1	1	0	0	0	0	0
ENSG00000273860.1	10	12	5	7	10	6	6	8
ENSG00000253801.2	0	0	0	0	0	0	0	0
ENSG00000252108.1	0	0	0	0	0	0	0	0
ENSG00000213864.3	1320	1420	1150	912	1157	917	1059	844
ENSG00000253787.1	0	0	0	0	0	0	0	0
ENSG00000145675.16	323	1126	434	1145	293	473	366	1363
ENSG00000248884.2	0	0	0	0	0	0	0	0
ENSG00000248359.2	0	0	0	0	0	0	0	0
ENSG00000249588.1	0	0	0	0	0	0	0	0
ENSG00000250237.3	0	0	0	0	0	0	0	0
ENSG00000249335.5	0	0	0	0	0	0	0	0
ENSG00000250289.1	2	3	0	1	3	1	4	5
ENSG00000212249.2	0	0	0	0	0	0	0	0
ENSG00000250066.1	0	0	0	0	0	0	0	0
ENSG00000276309.1	0	0	0	0	0	0	0	0
ENSG00000249352.4	0	0	0	0	0	0	1	0
ENSG00000249183.1	0	0	0	0	0	0	0	0
ENSG00000145740.20	226	216	210	211	213	207	205	196
ENSG00000248664.3	0	4	0	0	0	0	0	1
ENSG00000220986.1	0	0	0	0	0	0	0	0
ENSG00000280894.1	0	0	0	0	0	0	0	0
ENSG00000134057.15	18	34	25	21	30	16	20	15
ENSG00000280187.2	19	4	11	1	9	4	9	4
ENSG00000153044.10	21	11	9	6	8	4	15	5
ENSG00000134056.12	50	68	41	62	41	56	51	78
ENSG00000134058.12	76	102	104	112	81	108	99	115
ENSG00000183323.13	48	41	67	75	53	59	73	69
ENSG00000213830.3	466	574	404	441	297	516	333	375
ENSG00000215006.4	344	339	273	229	260	290	269	299
ENSG00000271045.1	6	5	9	10	10	10	9	6
ENSG00000085231.14	50	63	47	51	46	41	35	42
ENSG00000273841.6	81	104	110	129	123	126	78	114
ENSG00000152942.19	109	107	116	80	105	78	91	82
ENSG00000152939.17	3	4	3	4	9	2	4	5
ENSG00000244717.1	615	674	965	597	898	683	838	705
ENSG00000249295.1	0	0	0	0	0	0	0	0
ENSG00000266477.2	2	0	0	0	0	0	0	0
ENSG00000197822.12	3	6	9	4	5	1	5	5
ENSG00000212260.1	0	0	0	0	0	0	0	0
ENSG00000183474.16	24	14	21	18	16	22	12	6
ENSG00000290556.1	0	0	0	0	0	0	0	0
ENSG00000248477.7	0	0	0	0	0	0	0	0
ENSG00000250138.4	0	0	1	2	1	0	0	0
ENSG00000290560.1	0	0	0	0	0	0	0	2
ENSG00000253203.7	0	0	0	0	0	0	0	0
ENSG00000248769.1	0	0	0	0	0	0	0	0
ENSG00000198237.8	1	0	0	0	0	2	1	0
ENSG00000251158.1	0	0	0	0	0	0	0	0
ENSG00000249230.1	0	0	0	0	0	0	0	0
ENSG00000205572.11	4	2	1	1	4	1	2	2
ENSG00000205571.15	8	6	8	7	21	17	7	4
ENSG00000285151.1	0	0	0	0	0	0	0	0
ENSG00000179978.11	2	2	2	0	2	1	0	0
ENSG00000253492.1	0	0	0	0	0	0	0	0
ENSG00000254701.3	0	0	1	0	1	0	0	0
ENSG00000253816.3	3	0	1	0	2	1	0	0
ENSG00000226259.11	0	0	0	0	0	0	0	0
ENSG00000291220.1	2	0	0	2	2	2	2	0
ENSG00000269983.1	0	0	0	0	0	0	0	2
ENSG00000291221.1	0	0	0	0	0	0	0	0
ENSG00000250687.7	0	0	0	0	0	0	0	0
ENSG00000253333.1	0	0	0	0	2	0	0	0
ENSG00000196302.5	0	0	0	0	0	0	0	0
ENSG00000253366.3	0	0	0	0	0	1	0	0
ENSG00000288349.1	0	0	0	0	0	0	0	0
ENSG00000254335.1	0	0	0	0	0	0	0	0
ENSG00000172058.16	6	3	5	4	5	2	5	3
ENSG00000172062.17	12	9	16	18	6	9	11	11
ENSG00000285204.1	0	0	0	0	0	0	0	0
ENSG00000249437.8	4	3	2	1	3	0	2	0
ENSG00000289810.1	0	1	1	2	1	3	3	6
ENSG00000145736.15	7	11	9	11	7	14	7	5
ENSG00000230847.4	0	0	0	0	0	0	3	1
ENSG00000251634.2	4	1	2	0	0	1	0	0
ENSG00000253900.1	0	0	0	0	0	0	0	0
ENSG00000215630.6	2	1	0	1	1	0	0	0
ENSG00000235558.3	0	0	0	0	0	0	0	0
ENSG00000250387.3	0	0	0	0	0	0	0	0
ENSG00000253985.1	0	0	0	0	0	0	0	0
ENSG00000290836.1	0	0	1	0	1	0	4	3
ENSG00000169040.15	0	0	0	0	0	0	0	0
ENSG00000249981.1	0	0	0	0	0	0	0	0
ENSG00000145734.20	176	183	189	186	192	223	187	218
ENSG00000253536.1	2	0	0	0	1	0	1	1
ENSG00000247911.3	0	0	0	0	0	1	0	0
ENSG00000131844.17	111	144	105	141	122	125	111	141
ENSG00000164326.5	0	0	0	0	0	0	0	0
ENSG00000278824.1	0	0	0	0	0	0	0	0
ENSG00000285804.2	5	2	2	7	4	3	5	5
ENSG00000131711.15	1521	868	1300	939	1351	946	2181	1467
ENSG00000264099.1	0	0	0	0	0	0	0	0
ENSG00000113048.19	248	222	245	211	268	200	197	200
ENSG00000244748.3	0	0	0	0	0	0	0	0
ENSG00000049883.15	93	58	84	77	50	54	83	67
ENSG00000244061.1	0	1	0	0	1	0	1	0
ENSG00000251108.1	60	50	39	41	51	51	48	35
ENSG00000261269.1	0	0	0	0	0	0	0	0
ENSG00000178175.12	0	0	0	0	2	0	2	0
ENSG00000248371.5	0	0	0	0	0	0	0	0
ENSG00000251613.4	0	0	0	0	0	0	0	0
ENSG00000226544.4	0	0	0	0	0	0	0	0
ENSG00000223497.1	0	0	0	0	0	0	0	0
ENSG00000206770.1	0	0	0	0	0	0	0	0
ENSG00000249085.1	0	0	0	0	1	0	0	0
ENSG00000083312.19	926	874	811	922	1041	1029	1068	979
ENSG00000263593.1	0	0	0	0	0	0	0	0
ENSG00000242602.1	146	142	105	111	92	101	110	92
ENSG00000271926.1	0	1	0	1	1	0	0	1
ENSG00000272081.1	1	0	2	0	1	1	0	0
ENSG00000157107.14	170	176	150	213	139	149	173	221
ENSG00000251467.1	0	0	0	0	0	0	0	0
ENSG00000248930.1	63	86	57	84	80	88	80	75
ENSG00000157111.13	3	7	9	8	6	9	12	14
ENSG00000251599.1	0	0	0	0	0	0	0	0
ENSG00000250747.1	0	0	0	0	0	0	0	0
ENSG00000164325.8	0	0	0	0	0	0	0	0
ENSG00000287090.1	0	0	0	0	0	0	0	0
ENSG00000249743.8	1	0	0	0	1	0	0	0
ENSG00000251543.1	0	0	0	0	0	0	0	0
ENSG00000249149.2	2	3	1	1	2	1	5	0
ENSG00000251493.5	51	27	36	21	51	33	37	52
ENSG00000247993.2	0	0	0	0	0	0	0	0
ENSG00000251604.1	0	0	0	0	0	0	0	1
ENSG00000251324.1	0	0	0	0	0	0	0	0
ENSG00000272525.2	1	0	0	0	1	0	0	0
ENSG00000145741.17	1206	1274	1199	1080	1188	997	1055	1004
ENSG00000255883.1	98	143	87	86	74	116	88	107
ENSG00000164331.10	86	71	90	86	92	66	103	94
ENSG00000164338.10	38	38	28	41	37	52	34	31
ENSG00000214944.10	78	120	83	202	107	167	82	187
ENSG00000249293.1	0	0	0	0	0	0	0	0
ENSG00000184084.7	16	9	7	3	6	6	7	5
ENSG00000238913.1	0	0	0	0	0	0	0	0
ENSG00000259968.3	0	0	0	0	0	0	0	0
ENSG00000248474.1	0	0	0	0	0	0	0	0
ENSG00000248673.2	0	0	0	0	0	0	0	0
ENSG00000248942.3	0	0	0	0	0	0	0	0
ENSG00000288883.1	0	0	0	0	0	0	0	0
ENSG00000244326.3	0	0	0	0	0	0	0	0
ENSG00000249343.3	0	0	0	0	0	0	0	0
ENSG00000250446.1	0	0	0	0	0	0	0	0
ENSG00000171617.16	266	83	265	41	203	146	216	80
ENSG00000049860.14	807	692	891	973	1007	976	910	820
ENSG00000164347.18	70	67	78	71	99	81	75	63
ENSG00000207336.1	1	1	0	0	2	0	0	0
ENSG00000164346.10	287	285	374	321	339	277	358	327
ENSG00000198780.13	0	1	1	0	1	1	1	0
ENSG00000199645.1	0	0	0	0	0	0	0	0
ENSG00000250071.1	239	259	201	204	213	204	241	207
ENSG00000271714.1	0	0	0	0	0	0	0	0
ENSG00000289639.1	0	0	0	0	0	1	0	0
ENSG00000212363.1	2	0	0	1	0	1	0	1
ENSG00000287701.1	0	0	0	0	0	0	0	0
ENSG00000249856.1	0	0	0	0	0	1	0	0
ENSG00000196390.6	29	28	41	20	38	36	22	28
ENSG00000239517.1	1	0	3	0	2	3	1	0
ENSG00000289535.2	0	0	0	2	1	2	0	0
ENSG00000182383.8	68	61	59	60	79	53	55	57
ENSG00000249157.1	8	2	2	6	6	8	7	2
ENSG00000176928.7	25	45	51	173	42	291	33	67
ENSG00000145700.10	3	6	4	1	1	1	3	0
ENSG00000251663.1	0	0	0	0	0	0	0	0
ENSG00000247372.2	0	0	0	0	0	1	0	0
ENSG00000113161.17	87	73	79	78	78	78	84	97
ENSG00000113163.19	347	461	316	413	246	242	351	417
ENSG00000242198.1	3	1	3	1	5	0	2	3
ENSG00000122008.16	161	155	148	147	173	145	145	135
ENSG00000251724.1	0	0	0	0	0	0	0	0
ENSG00000248881.1	0	0	0	0	0	0	0	0
ENSG00000189045.15	2	5	4	5	2	1	3	3
ENSG00000152359.15	30	19	16	13	19	7	12	18
ENSG00000207333.1	0	0	0	0	0	0	0	0
ENSG00000251078.1	2	0	2	1	0	0	1	0
ENSG00000251419.1	0	0	0	0	0	0	0	0
ENSG00000249301.1	0	0	0	0	0	0	0	0
ENSG00000248684.1	0	0	0	0	0	0	0	0
ENSG00000228367.3	91	103	87	82	78	60	63	87
ENSG00000249777.1	12	18	9	14	8	5	18	13
ENSG00000251342.1	0	2	1	0	1	0	0	0
ENSG00000248127.1	0	0	0	0	0	0	0	0
ENSG00000122012.14	1	2	0	2	0	1	0	1
ENSG00000252833.1	0	0	0	0	0	0	0	0
ENSG00000251668.2	0	0	0	0	0	0	0	0
ENSG00000254893.6	247	314	314	370	349	345	271	290
ENSG00000249014.2	99	55	104	50	108	74	97	69
ENSG00000251107.1	93	101	64	89	72	88	70	73
ENSG00000250348.1	0	0	0	0	0	0	0	0
ENSG00000251235.3	0	0	0	0	0	0	0	0
ENSG00000145703.17	45	16	12	7	16	16	13	10
ENSG00000250574.1	12	6	6	10	13	6	8	9
ENSG00000249713.1	1	0	0	0	2	1	0	0
ENSG00000164220.7	523	352	514	323	764	594	420	300
ENSG00000225407.3	0	0	0	0	0	0	0	0
ENSG00000277188.1	0	0	0	0	0	0	0	0
ENSG00000278237.1	0	0	0	0	0	0	0	0
ENSG00000181104.7	1458	1253	1256	1316	1585	2214	1219	1447
ENSG00000289924.1	0	0	1	0	1	2	1	0
ENSG00000164251.5	11	8	13	16	2	7	13	7
ENSG00000264391.2	0	0	0	0	0	0	0	0
ENSG00000171643.14	0	0	0	0	0	0	0	0
ENSG00000252684.1	0	0	0	0	0	0	0	0
ENSG00000145708.11	0	0	0	0	1	0	0	0
ENSG00000164252.13	84	92	49	54	77	56	75	60
ENSG00000285000.1	0	0	0	0	0	0	1	0
ENSG00000132846.6	70	80	74	40	60	39	73	37
ENSG00000250615.1	0	0	0	0	0	0	0	0
ENSG00000238961.1	0	0	0	0	0	0	0	0
ENSG00000250802.7	6	10	5	10	15	3	7	3
ENSG00000284762.1	0	0	0	0	0	0	0	0
ENSG00000251566.1	0	0	0	0	0	0	0	0
ENSG00000113231.14	3	1	3	3	4	6	4	3
ENSG00000251400.1	0	0	1	0	0	0	0	0
ENSG00000164253.14	113	126	144	114	97	101	130	103
ENSG00000244019.1	1	0	0	0	0	0	0	0
ENSG00000244363.3	177	172	137	114	124	110	115	90
ENSG00000171540.8	0	0	0	0	0	0	0	0
ENSG00000171530.15	191	185	211	173	228	194	198	184
ENSG00000213763.4	3495	5172	3986	5776	3064	8310	3407	5545
ENSG00000253572.2	0	0	1	0	0	0	0	0
ENSG00000287162.2	0	0	0	0	0	0	0	0
ENSG00000132842.15	396	364	369	409	396	393	350	366
ENSG00000253558.2	0	0	0	0	0	0	0	0
ENSG00000249372.1	0	0	0	0	0	0	0	0
ENSG00000251605.1	0	0	0	0	0	0	0	0
ENSG00000200331.1	0	0	0	0	0	0	0	0
ENSG00000206714.1	0	0	0	0	0	0	0	0
ENSG00000245556.5	20	17	23	21	19	14	14	23
ENSG00000085365.18	251	205	216	211	236	182	253	211
ENSG00000145685.14	756	281	495	241	528	231	526	232
ENSG00000248909.1	14	7	16	12	18	20	17	8
ENSG00000254170.1	27	35	32	28	24	28	25	20
ENSG00000254310.1	0	0	0	0	0	0	0	0
ENSG00000113273.17	321	268	314	304	426	411	330	380
ENSG00000132837.15	30	22	20	26	46	34	24	15
ENSG00000214890.3	38	19	34	29	39	21	44	27
ENSG00000132840.10	98	78	94	67	193	161	71	35
ENSG00000145692.15	0	3	1	1	0	0	0	2
ENSG00000201955.1	0	0	0	1	0	1	0	0
ENSG00000249829.2	0	0	0	0	0	0	0	0
ENSG00000206592.1	0	0	0	0	0	0	0	0
ENSG00000250330.1	7	8	7	3	6	3	7	12
ENSG00000152409.9	198	180	171	242	179	144	208	185
ENSG00000213757.3	1327	1321	1178	1023	1132	990	1027	935
ENSG00000152413.15	38	24	21	16	30	39	25	13
ENSG00000213755.3	1	0	1	2	1	1	3	0
ENSG00000243160.1	769	721	684	499	721	618	512	444
ENSG00000207391.1	0	0	0	0	0	0	0	0
ENSG00000288846.1	0	0	0	0	0	0	0	0
ENSG00000277818.1	0	0	0	0	0	0	0	0
ENSG00000164329.15	200	179	170	225	195	178	221	218
ENSG00000164309.15	97	63	107	97	61	70	220	169
ENSG00000250258.1	0	0	0	0	0	0	0	0
ENSG00000286818.2	4	0	2	0	0	0	1	0
ENSG00000238254.3	0	0	0	0	0	0	0	0
ENSG00000250888.1	0	0	0	0	0	0	0	0
ENSG00000177034.18	128	129	112	109	106	95	161	115
ENSG00000113296.14	5	6	11	13	7	6	6	5
ENSG00000251050.1	2	2	1	1	1	2	1	0
ENSG00000249778.1	10	4	7	2	7	8	5	7
ENSG00000249825.6	0	1	0	0	1	0	1	1
ENSG00000164300.17	143	148	129	116	148	97	146	125
ENSG00000251675.1	0	0	0	1	0	0	0	0
ENSG00000288741.1	3	3	4	0	3	2	3	1
ENSG00000249438.2	0	0	0	0	0	0	0	0
ENSG00000184188.6	299	335	230	395	201	493	212	324
ENSG00000251828.1	0	0	0	0	0	0	0	0
ENSG00000244076.1	0	0	0	1	1	1	0	0
ENSG00000164299.7	0	0	0	0	0	0	0	0
ENSG00000227087.4	24	19	33	23	36	36	35	28
ENSG00000248569.1	45	42	42	33	52	34	44	29
ENSG00000220157.4	1553	1667	1218	1179	1077	1086	1068	1030
ENSG00000206774.1	0	0	0	0	0	0	0	0
ENSG00000289317.2	0	2	2	1	0	2	1	0
ENSG00000039319.17	214	188	197	150	243	205	195	175
ENSG00000249042.6	6	2	5	2	6	1	3	2
ENSG00000152380.10	6	4	5	4	6	8	4	3
ENSG00000242706.2	17	10	13	9	8	9	10	12
ENSG00000240003.2	0	1	0	0	0	0	0	1
ENSG00000189127.8	0	0	0	0	0	0	0	0
ENSG00000251366.1	0	0	0	0	0	0	0	0
ENSG00000251221.1	1	0	0	0	0	2	0	0
ENSG00000228716.7	109	92	78	57	78	79	85	49
ENSG00000249655.1	1	0	0	1	0	0	2	0
ENSG00000113318.11	115	73	74	59	89	80	98	99
ENSG00000248967.1	0	0	0	0	1	0	0	0
ENSG00000244630.2	0	0	0	0	0	0	0	0
ENSG00000251450.2	2	1	2	0	3	1	1	0
ENSG00000113319.13	109	70	69	31	211	109	68	33
ENSG00000251001.1	0	0	0	0	0	0	0	0
ENSG00000249772.1	0	0	0	0	0	0	0	0
ENSG00000247572.9	24	15	21	10	32	12	27	20
ENSG00000131730.16	7	3	4	2	7	3	2	2
ENSG00000248794.1	0	0	2	2	1	0	1	0
ENSG00000131732.12	168	134	111	78	172	115	138	101
ENSG00000172497.9	3	5	5	1	11	2	6	4
ENSG00000286721.1	1	1	2	0	1	1	2	0
ENSG00000145687.17	201	142	177	109	206	104	198	118
ENSG00000287938.1	0	0	0	0	0	0	0	0
ENSG00000249483.1	0	0	0	0	0	0	0	0
ENSG00000214857.4	144	164	137	131	127	138	141	143
ENSG00000152348.16	25	13	17	24	22	23	14	24
ENSG00000236447.2	0	0	1	1	1	0	0	0
ENSG00000251495.1	627	686	577	581	607	581	468	524
ENSG00000248192.1	0	0	0	0	0	0	0	0
ENSG00000265684.2	0	0	0	0	0	0	0	0
ENSG00000251374.1	0	0	0	1	0	0	0	0
ENSG00000186468.13	2103	2191	1712	1420	1347	1101	1308	1089
ENSG00000205464.13	18	15	23	18	25	15	23	22
ENSG00000248393.1	0	0	0	0	0	0	0	0
ENSG00000248870.1	0	0	0	0	0	0	0	0
ENSG00000249100.1	4	1	6	3	7	5	7	4
ENSG00000240411.2	0	0	0	0	0	0	0	0
ENSG00000281327.4	0	0	0	0	0	0	0	0
ENSG00000248105.1	0	0	0	0	0	0	0	0
ENSG00000283359.1	0	0	0	0	0	0	0	0
ENSG00000248112.1	0	0	0	0	0	0	0	0
ENSG00000249857.1	0	0	0	0	0	0	0	0
ENSG00000248400.2	604	521	617	437	735	479	591	467
ENSG00000249664.1	0	0	0	0	0	0	0	0
ENSG00000271862.1	2	1	3	1	3	1	1	2
ENSG00000174695.10	474	472	440	461	422	500	337	436
ENSG00000238835.1	1	0	0	0	0	0	0	0
ENSG00000152422.16	19	25	26	21	32	20	16	26
ENSG00000243385.2	0	0	0	0	0	0	0	0
ENSG00000251552.1	12	17	8	11	12	13	10	11
ENSG00000251395.1	0	0	0	0	0	0	0	0
ENSG00000038427.16	2168	1567	2047	1221	2041	1603	2242	1947
ENSG00000249835.2	1	1	0	0	1	1	0	1
ENSG00000145681.11	20	45	333	369	79	161	254	368
ENSG00000253073.1	0	0	0	0	0	0	0	0
ENSG00000206744.1	0	0	0	0	0	1	0	0
ENSG00000242858.1	6455	6720	4783	3691	4697	4036	4576	3830
ENSG00000202157.1	0	0	0	0	0	0	0	0
ENSG00000250013.1	0	0	0	0	0	0	0	0
ENSG00000164176.13	358	308	430	432	637	691	783	620
ENSG00000252861.1	0	0	0	0	0	0	0	0
ENSG00000250320.7	12	5	4	7	5	14	6	8
ENSG00000214853.5	0	1	0	1	0	1	0	0
ENSG00000249349.1	0	0	0	1	0	0	0	0
ENSG00000248674.1	0	0	0	0	0	0	0	0
ENSG00000250253.3	65	65	79	71	90	82	79	51
ENSG00000249792.1	0	0	0	0	0	0	0	0
ENSG00000248170.1	0	0	0	0	0	0	0	0
ENSG00000248667.1	0	0	0	0	0	0	0	0
ENSG00000249023.1	0	0	0	0	0	0	0	0
ENSG00000249842.1	0	0	0	0	0	0	0	0
ENSG00000243859.3	1012	1077	884	804	1015	807	870	732
ENSG00000251066.1	148	184	148	141	142	126	158	139
ENSG00000250874.1	0	0	0	0	0	0	2	0
ENSG00000241965.2	0	0	0	0	0	0	0	0
ENSG00000249153.1	0	0	0	0	0	0	0	0
ENSG00000250359.1	0	0	0	0	0	0	0	0
ENSG00000290550.1	7	10	5	6	9	11	8	6
ENSG00000205449.12	0	0	0	0	0	0	1	0
ENSG00000280009.1	18	21	10	16	8	8	12	14
ENSG00000248195.1	0	0	0	0	0	0	0	0
ENSG00000248363.5	0	0	0	0	0	0	0	0
ENSG00000250124.1	0	0	0	0	0	0	0	0
ENSG00000251585.1	0	0	0	0	0	0	0	0
ENSG00000127184.13	565	479	501	414	389	413	427	343
ENSG00000284078.1	0	0	0	0	0	0	0	0
ENSG00000207013.1	0	0	0	0	0	0	0	0
ENSG00000250544.2	0	0	0	0	0	0	0	0
ENSG00000248701.1	0	0	0	0	0	0	0	0
ENSG00000242477.1	0	1	0	0	1	0	0	0
ENSG00000249061.1	0	0	0	0	1	0	0	0
ENSG00000233828.5	1	0	0	0	2	0	1	0
ENSG00000251951.1	0	0	0	0	0	0	0	0
ENSG00000265919.1	0	0	0	0	0	0	0	0
ENSG00000288569.1	0	0	1	0	0	0	0	0
ENSG00000145715.15	306	240	251	199	304	285	252	233
ENSG00000241243.3	0	0	0	0	0	0	0	0
ENSG00000207452.1	0	0	0	0	0	0	0	0
ENSG00000134480.16	55	71	63	63	79	76	32	67
ENSG00000285190.1	0	0	0	0	0	0	2	0
ENSG00000200462.1	0	0	0	1	0	0	0	0
ENSG00000249362.3	0	0	0	0	0	0	0	0
ENSG00000248708.2	0	0	0	0	0	0	0	0
ENSG00000287783.1	0	0	0	0	0	0	0	0
ENSG00000287862.1	0	0	0	0	0	0	0	0
ENSG00000289462.1	0	0	0	0	0	0	0	0
ENSG00000289184.1	0	0	0	0	0	0	0	0
ENSG00000164180.14	63	59	59	63	61	65	64	72
ENSG00000247828.10	46	39	64	37	69	64	45	39
ENSG00000207129.1	0	0	0	0	0	0	0	0
ENSG00000240083.2	98	87	28	44	15	22	41	27
ENSG00000206958.1	0	0	0	0	0	0	0	0
ENSG00000250306.1	0	0	0	0	0	0	0	0
ENSG00000250156.3	0	0	0	0	0	0	0	0
ENSG00000271904.1	0	0	0	0	0	0	0	0
ENSG00000245526.13	0	0	0	0	0	0	0	0
ENSG00000250705.1	9	6	3	7	3	5	3	0
ENSG00000284447.1	0	0	0	0	0	0	0	0
ENSG00000245864.5	0	1	0	0	0	0	0	0
ENSG00000289008.1	0	0	0	0	0	0	0	0
ENSG00000250377.2	0	2	0	1	0	0	0	0
ENSG00000250555.2	0	0	0	0	0	0	0	0
ENSG00000081189.17	35	29	30	17	27	23	33	25
ENSG00000248309.9	6	7	2	5	8	5	12	11
ENSG00000288740.1	0	0	0	0	0	0	0	0
ENSG00000250831.1	0	0	0	0	0	0	0	0
ENSG00000250437.1	0	0	0	0	0	0	0	0
ENSG00000214942.6	0	0	0	0	0	0	0	1
ENSG00000264342.3	0	0	0	0	0	0	0	0
ENSG00000248555.7	0	0	0	0	0	0	0	0
ENSG00000253321.1	0	0	0	0	0	0	0	0
ENSG00000260871.1	0	2	1	1	0	0	1	0
ENSG00000153140.9	37	55	40	46	70	45	69	46
ENSG00000255647.3	0	0	0	0	0	0	0	0
ENSG00000176055.10	26	19	21	17	28	15	22	11
ENSG00000113356.13	26	15	34	27	39	30	27	22
ENSG00000176018.13	135	112	79	87	123	115	97	94
ENSG00000164199.18	2	4	0	0	1	0	1	1
ENSG00000249514.1	7	7	7	7	13	12	10	6
ENSG00000248323.8	10	9	17	11	7	9	7	13
ENSG00000285618.1	0	0	0	0	0	0	0	0
ENSG00000212930.3	0	0	1	0	0	0	0	0
ENSG00000251093.1	0	0	0	0	0	0	0	0
ENSG00000199643.1	0	0	0	0	0	0	0	0
ENSG00000234292.3	0	0	0	0	0	0	0	0
ENSG00000286638.2	0	0	0	1	1	1	1	1
ENSG00000277001.1	1	0	1	0	0	0	0	0
ENSG00000240388.2	0	0	0	0	0	0	0	0
ENSG00000241059.2	0	0	0	0	0	0	0	0
ENSG00000113369.9	243	121	243	231	230	123	244	225
ENSG00000281357.5	2	1	0	1	3	2	1	1
ENSG00000251356.1	0	0	0	0	0	0	0	0
ENSG00000286121.1	0	0	0	0	0	0	0	0
ENSG00000248826.2	132	132	97	150	116	101	104	115
ENSG00000276426.1	0	0	0	0	0	0	0	0
ENSG00000250049.7	0	0	0	0	0	0	0	0
ENSG00000249776.5	1	3	0	1	2	0	2	1
ENSG00000249169.1	1	0	0	0	0	1	0	0
ENSG00000249984.1	1	0	0	0	2	0	0	0
ENSG00000248588.2	0	1	1	0	0	2	1	0
ENSG00000248950.1	0	0	0	0	0	0	0	0
ENSG00000249958.1	28	39	38	25	36	33	27	44
ENSG00000248528.1	0	0	0	0	0	0	1	0
ENSG00000251361.1	0	0	0	0	0	0	0	0
ENSG00000286509.1	0	0	0	1	0	0	0	0
ENSG00000213730.3	117	102	116	93	109	100	81	77
ENSG00000237187.9	160	90	105	87	161	119	161	107
ENSG00000175745.15	1057	847	619	488	1035	692	794	582
ENSG00000289274.1	0	0	0	0	0	0	0	0
ENSG00000278905.1	5	4	2	1	6	8	3	1
ENSG00000113391.19	230	193	212	194	183	160	248	264
ENSG00000284336.1	0	0	0	0	0	0	0	0
ENSG00000287180.1	3	0	0	0	1	3	0	0
ENSG00000249353.2	14	14	18	7	15	3	15	9
ENSG00000248483.7	0	1	1	2	0	0	0	1
ENSG00000272406.1	0	0	0	0	0	0	0	0
ENSG00000287447.1	0	0	2	0	0	0	0	0
ENSG00000251023.1	1	1	0	0	0	1	1	0
ENSG00000286577.1	0	1	0	0	0	0	0	0
ENSG00000185261.16	18	23	16	19	23	22	20	19
ENSG00000251544.1	93	82	111	86	105	92	60	64
ENSG00000254132.1	86	129	100	96	99	98	86	106
ENSG00000251340.1	692	873	802	1157	964	953	610	699
ENSG00000232578.4	15	11	15	9	18	25	6	10
ENSG00000270133.1	0	0	1	0	0	0	0	0
ENSG00000133302.13	33	20	27	27	19	23	22	44
ENSG00000175471.20	19	42	3	29	22	43	31	79
ENSG00000249175.1	0	0	0	0	0	0	0	0
ENSG00000243806.1	0	0	0	0	1	0	0	0
ENSG00000276514.1	0	0	0	0	0	0	0	0
ENSG00000249545.1	0	0	0	0	0	0	0	0
ENSG00000153347.10	0	0	0	0	0	0	0	0
ENSG00000225165.3	133	149	124	130	130	112	118	117
ENSG00000198677.13	661	613	578	612	712	598	533	561
ENSG00000212259.1	0	0	0	0	0	0	0	0
ENSG00000164291.17	60	118	75	146	79	126	70	145
ENSG00000178015.5	1	6	3	9	3	2	3	4
ENSG00000175449.15	3	4	7	6	4	4	3	3
ENSG00000145757.16	4	4	9	5	6	2	4	6
ENSG00000250240.6	4	2	4	7	7	6	7	4
ENSG00000164292.13	1598	3019	2345	3817	2509	5404	1584	3498
ENSG00000173221.14	245	538	282	550	319	511	249	474
ENSG00000251348.1	4	7	10	10	10	32	4	17
ENSG00000251000.1	12	9	8	8	16	10	10	6
ENSG00000251409.2	0	1	0	0	0	1	1	0
ENSG00000236882.9	1	3	5	4	5	7	1	8
ENSG00000272021.1	2	1	0	0	0	0	0	0
ENSG00000250362.1	0	0	0	0	1	0	0	0
ENSG00000118985.16	1183	1323	1042	1000	1562	1716	1001	1118
ENSG00000251314.2	1	0	4	4	5	4	3	5
ENSG00000250955.1	0	0	0	0	0	0	0	0
ENSG00000213716.3	0	0	0	0	0	0	0	0
ENSG00000250551.1	0	0	0	0	0	1	0	0
ENSG00000207578.1	0	0	0	0	0	0	0	0
ENSG00000289337.1	0	0	0	0	0	0	0	0
ENSG00000206997.1	0	0	0	0	0	0	0	0
ENSG00000249746.3	0	0	0	0	0	0	0	0
ENSG00000250158.1	0	0	0	0	0	0	0	0
ENSG00000175426.11	1	4	1	2	4	3	2	2
ENSG00000153113.24	1399	1582	1434	1740	1599	1823	1384	1862
ENSG00000249180.1	0	0	0	0	0	0	0	0
ENSG00000164307.13	296	206	276	243	278	257	260	218
ENSG00000248734.2	3	3	1	1	1	3	4	2
ENSG00000272109.2	0	0	0	0	0	0	0	0
ENSG00000247121.8	5	2	2	9	3	4	7	5
ENSG00000164308.17	259	192	23	16	202	158	309	261
ENSG00000113441.16	232	342	210	311	216	251	245	406
ENSG00000227836.1	0	0	0	0	0	0	0	0
ENSG00000200884.1	0	0	0	0	0	0	0	0
ENSG00000213701.4	77	105	142	136	159	138	128	127
ENSG00000251513.2	0	0	0	0	0	0	0	0
ENSG00000145721.12	0	0	0	0	1	0	1	0
ENSG00000058729.11	76	72	75	62	93	79	72	54
ENSG00000206698.1	0	0	0	1	0	0	0	0
ENSG00000286828.1	1	1	0	0	2	0	3	4
ENSG00000248758.1	0	0	0	0	0	0	0	0
ENSG00000251054.1	0	0	0	0	0	0	0	0
ENSG00000249761.1	13	17	12	10	26	19	16	19
ENSG00000251389.1	0	2	2	1	2	4	2	2
ENSG00000249977.1	14	15	4	2	2	6	4	8
ENSG00000250331.2	0	0	1	0	2	0	0	0
ENSG00000248931.1	0	0	0	0	0	0	0	0
ENSG00000251193.1	13	28	10	22	11	11	10	18
ENSG00000286953.1	0	0	0	0	0	0	0	0
ENSG00000248202.2	0	0	1	0	0	1	1	0
ENSG00000249101.1	14	12	17	5	15	11	21	13
ENSG00000248901.2	0	0	0	0	0	0	0	0
ENSG00000249135.1	0	0	0	0	0	0	0	0
ENSG00000238000.1	179	143	146	84	119	88	116	79
ENSG00000176183.8	133	202	143	192	99	255	119	184
ENSG00000250221.1	1	2	1	5	2	3	2	0
ENSG00000250830.1	2	0	0	0	0	0	1	1
ENSG00000249990.1	0	0	0	0	0	0	0	0
ENSG00000249448.1	354	331	316	308	398	358	352	356
ENSG00000251102.1	122	115	79	89	123	101	119	115
ENSG00000251553.1	37	26	20	50	29	48	23	31
ENSG00000174136.13	272	151	272	118	255	138	208	84
ENSG00000246763.7	61	23	57	10	59	28	39	8
ENSG00000279232.2	3	0	0	0	0	1	2	0
ENSG00000250162.1	0	0	0	0	0	0	0	0
ENSG00000153922.12	131	119	107	104	157	143	113	126
ENSG00000222610.1	0	0	0	0	0	0	0	0
ENSG00000248489.4	18	14	10	8	13	2	7	10
ENSG00000200351.1	0	0	0	0	0	0	0	0
ENSG00000241597.2	0	0	0	0	0	0	0	1
ENSG00000290580.1	0	0	0	0	0	0	0	0
ENSG00000249444.3	0	0	0	0	0	0	0	0
ENSG00000206356.5	0	0	0	0	0	4	0	0
ENSG00000227762.4	4	3	0	2	4	1	2	2
ENSG00000249515.1	0	0	0	0	0	0	0	0
ENSG00000248236.1	0	0	0	0	0	0	0	0
ENSG00000248928.1	0	0	0	0	0	0	0	0
ENSG00000250391.1	0	0	0	0	0	0	0	0
ENSG00000249963.1	0	0	0	0	0	0	0	0
ENSG00000199378.1	0	0	0	0	0	0	0	0
ENSG00000270232.1	27	40	21	30	29	29	19	30
ENSG00000270230.1	224	271	365	488	461	403	251	224
ENSG00000271687.1	308	313	443	411	507	519	312	324
ENSG00000270906.1	182	172	312	392	331	287	223	269
ENSG00000270350.1	0	0	0	0	2	0	0	0
ENSG00000271480.1	16	20	10	14	21	15	15	13
ENSG00000270388.1	2482	2992	2852	3038	2267	1909	2344	2377
ENSG00000270307.1	2595	2898	2845	3158	2757	2205	2280	2140
ENSG00000270225.1	2547	3697	3556	4220	4401	3881	2694	2735
ENSG00000271207.1	5175	5848	5522	5938	8377	6745	6370	6013
ENSG00000274455.1	1	0	0	1	0	1	0	0
ENSG00000207077.1	0	0	0	0	0	0	0	0
ENSG00000275374.1	5	4	3	5	1	4	2	2
ENSG00000273957.1	0	0	1	0	0	1	0	1
ENSG00000249787.2	0	0	0	0	0	0	0	0
ENSG00000247877.8	0	0	0	0	0	0	0	0
ENSG00000174132.9	27	45	38	33	22	38	20	27
ENSG00000250806.2	0	0	0	0	1	0	1	1
ENSG00000207269.1	0	0	0	0	0	0	0	0
ENSG00000113532.13	0	0	0	0	0	0	0	1
ENSG00000221263.1	0	0	0	0	0	0	0	0
ENSG00000289912.1	0	0	0	0	0	0	0	0
ENSG00000277506.1	0	0	0	0	0	0	0	0
ENSG00000251261.4	0	0	0	0	0	0	0	0
ENSG00000249495.1	0	0	0	0	0	0	0	1
ENSG00000199786.1	0	0	0	0	0	0	0	0
ENSG00000248261.2	0	0	0	0	0	0	0	0
ENSG00000173930.9	1	0	0	2	2	0	1	2
ENSG00000222987.1	0	0	0	0	0	0	0	0
ENSG00000205359.10	0	0	0	0	0	0	0	0
ENSG00000249017.1	0	0	0	0	0	0	0	0
ENSG00000250958.1	0	0	0	1	0	0	0	0
ENSG00000250682.6	1	0	0	0	0	0	0	0
ENSG00000247402.2	0	0	0	0	0	0	0	0
ENSG00000286338.1	0	0	0	0	0	0	0	0
ENSG00000145730.21	2025	1683	2649	2777	2562	2468	2660	2501
ENSG00000175749.11	90	94	64	93	69	59	57	48
ENSG00000145723.17	14	10	17	11	18	16	16	13
ENSG00000145725.21	245	198	217	197	224	194	248	196
ENSG00000248203.1	0	0	0	0	0	0	0	0
ENSG00000181751.10	35	44	38	51	39	39	36	51
ENSG00000250567.1	0	0	0	0	0	0	0	0
ENSG00000226926.7	0	0	0	0	0	0	0	0
ENSG00000248757.2	0	0	0	0	0	0	0	0
ENSG00000112874.10	60	51	77	65	61	45	78	54
ENSG00000283462.3	0	2	0	1	1	0	1	1
ENSG00000251026.2	0	0	0	0	0	0	1	0
ENSG00000201910.1	0	0	0	0	0	0	0	0
ENSG00000239808.3	0	0	0	0	0	0	0	0
ENSG00000251574.8	0	0	0	0	0	0	0	0
ENSG00000278958.1	0	0	0	0	0	0	0	0
ENSG00000253776.1	0	0	0	0	0	0	0	0
ENSG00000252881.1	0	0	0	0	0	0	0	0
ENSG00000253584.1	0	0	0	0	0	0	0	0
ENSG00000232159.3	31	19	25	25	23	14	31	25
ENSG00000201790.1	0	0	0	0	0	0	0	0
ENSG00000251204.1	86	54	67	43	99	66	75	42
ENSG00000250145.1	13	8	15	6	7	10	15	6
ENSG00000252337.1	0	0	0	0	0	0	0	0
ENSG00000251027.2	0	0	0	0	0	0	0	0
ENSG00000250273.1	23	16	24	24	19	27	27	25
ENSG00000184349.14	59	51	61	43	37	40	33	63
ENSG00000249959.6	0	0	0	0	0	0	0	0
ENSG00000248827.1	137	122	133	105	143	134	126	113
ENSG00000239708.3	0	0	0	0	0	0	0	0
ENSG00000251732.1	0	0	0	0	0	0	0	0
ENSG00000145743.18	100	108	90	118	96	75	112	144
ENSG00000286503.1	1	0	0	1	0	0	0	0
ENSG00000244245.1	1801	1723	1434	1303	1330	1239	1461	1265
ENSG00000272523.2	1	0	3	0	1	0	1	1
ENSG00000289260.2	0	1	1	0	1	0	0	1
ENSG00000151422.14	172	174	174	170	182	169	217	161
ENSG00000249921.2	0	0	0	0	0	0	0	0
ENSG00000250383.1	0	0	0	0	0	0	0	0
ENSG00000207404.1	0	0	0	0	0	0	0	0
ENSG00000250441.1	0	0	0	0	0	0	0	0
ENSG00000206593.1	0	0	0	0	1	0	0	0
ENSG00000176857.5	0	0	0	0	0	0	0	0
ENSG00000286882.1	0	0	0	0	0	0	0	0
ENSG00000249476.2	0	2	1	4	0	0	2	1
ENSG00000198961.10	788	650	684	710	648	664	798	674
ENSG00000248867.1	24	26	16	16	26	32	24	28
ENSG00000251367.1	0	0	0	1	0	0	0	0
ENSG00000248876.1	0	0	0	0	0	0	0	0
ENSG00000248440.1	0	0	0	0	0	0	0	0
ENSG00000214794.4	0	0	0	0	0	1	0	1
ENSG00000271849.1	0	0	1	0	0	0	0	0
ENSG00000112893.10	415	411	416	407	437	348	438	434
ENSG00000202512.1	0	0	0	0	0	0	0	0
ENSG00000249068.1	0	0	0	0	0	0	0	0
ENSG00000254106.1	0	0	0	0	0	0	0	0
ENSG00000253224.1	0	0	0	0	0	0	0	0
ENSG00000186952.15	18	8	16	9	8	1	25	7
ENSG00000221436.1	0	0	0	0	0	0	0	0
ENSG00000207177.1	0	0	0	0	0	0	0	0
ENSG00000164209.17	360	369	308	343	314	341	287	295
ENSG00000270779.1	0	0	0	0	0	0	0	0
ENSG00000248966.1	0	0	0	0	0	0	0	0
ENSG00000248428.1	0	0	1	0	0	0	0	0
ENSG00000251627.1	19	12	15	8	14	8	10	9
ENSG00000145777.15	59	7	56	6	64	8	90	7
ENSG00000253613.2	0	0	0	0	0	0	0	0
ENSG00000134987.13	268	170	209	140	305	196	359	158
ENSG00000250728.1	14	14	6	15	12	7	7	7
ENSG00000214784.4	2379	2348	1803	1750	1674	1591	1757	1542
ENSG00000152495.11	29	11	13	8	21	13	28	9
ENSG00000288965.1	0	0	0	0	0	0	0	0
ENSG00000249318.1	0	0	0	0	0	0	0	0
ENSG00000248268.1	0	0	0	0	0	0	0	0
ENSG00000164211.13	93	49	56	45	53	61	71	65
ENSG00000246859.3	32	21	39	17	24	25	28	20
ENSG00000249619.1	0	0	0	0	0	0	0	0
ENSG00000251099.2	0	0	0	0	0	0	0	0
ENSG00000134986.14	45	25	43	16	28	25	41	14
ENSG00000253057.1	0	0	0	0	0	0	1	0
ENSG00000249439.1	0	1	0	0	1	0	0	0
ENSG00000250095.5	0	0	0	0	0	0	0	0
ENSG00000129595.14	2	0	0	0	1	1	0	1
ENSG00000224032.9	102	98	75	70	59	44	77	69
ENSG00000238363.1	0	0	0	0	0	0	0	0
ENSG00000250882.1	0	0	0	0	0	0	0	0
ENSG00000251187.5	0	0	0	0	0	0	0	0
ENSG00000251076.1	0	0	0	0	0	0	0	0
ENSG00000248350.1	0	0	0	0	0	0	0	1
ENSG00000278921.2	0	0	1	0	0	0	0	1
ENSG00000248430.1	0	0	0	0	0	0	0	1
ENSG00000290027.1	0	1	0	0	2	1	1	1
ENSG00000251014.1	0	0	0	0	0	0	0	0
ENSG00000250358.7	0	0	1	0	0	0	2	0
ENSG00000134982.18	240	273	224	233	253	229	220	292
ENSG00000250045.2	16	20	19	15	40	27	21	18
ENSG00000212370.1	0	0	0	0	0	0	0	0
ENSG00000258864.1	0	0	1	0	0	0	0	0
ENSG00000153037.15	54	58	52	47	47	62	57	45
ENSG00000129625.13	596	611	613	694	725	636	560	676
ENSG00000249947.2	14	25	22	8	24	20	11	11
ENSG00000212643.3	0	0	0	0	0	0	0	0
ENSG00000172795.17	96	104	65	108	89	72	87	109
ENSG00000171444.19	347	329	182	135	283	226	181	245
ENSG00000232633.4	0	0	0	0	0	0	0	1
ENSG00000212122.4	0	0	0	0	0	0	0	0
ENSG00000251741.1	1	0	0	0	0	0	0	0
ENSG00000047188.16	151	184	135	126	143	143	151	148
ENSG00000286839.1	0	0	0	0	0	0	0	0
ENSG00000080709.17	0	0	0	1	0	0	0	0
ENSG00000222706.1	0	0	0	0	0	0	0	0
ENSG00000246316.8	0	0	0	0	0	0	0	0
ENSG00000251542.1	0	0	0	0	0	0	0	0
ENSG00000251132.1	0	0	0	0	0	0	0	0
ENSG00000250242.1	0	0	0	0	0	0	0	0
ENSG00000152503.10	1	1	0	0	0	0	0	1
ENSG00000250472.1	0	0	0	0	0	0	0	0
ENSG00000249791.1	0	0	1	0	0	0	1	0
ENSG00000164219.10	71	63	69	77	74	89	90	84
ENSG00000271797.1	0	2	1	0	1	1	1	0
ENSG00000243304.3	1	2	3	3	2	3	1	1
ENSG00000164221.13	22	27	32	39	34	44	30	26
ENSG00000250197.1	0	0	0	1	0	0	0	1
ENSG00000289497.2	0	0	0	0	0	0	0	0
ENSG00000249026.2	0	0	0	0	0	0	0	0
ENSG00000248722.1	0	0	0	0	0	0	0	0
ENSG00000249944.1	0	0	0	0	0	0	1	0
ENSG00000249433.1	0	0	0	0	0	0	0	0
ENSG00000250444.1	0	0	0	0	0	0	0	0
ENSG00000145780.8	132	151	122	117	134	117	118	98
ENSG00000243414.6	3	0	1	1	2	1	0	0
ENSG00000251201.8	0	0	2	3	3	2	1	2
ENSG00000249249.2	2	1	4	4	1	2	4	6
ENSG00000134970.14	433	393	401	536	346	464	404	408
ENSG00000249021.1	0	0	0	0	0	0	0	0
ENSG00000248709.3	0	0	0	0	0	0	0	0
ENSG00000251118.1	82	59	88	55	84	64	65	52
ENSG00000222598.1	0	0	0	0	0	0	0	0
ENSG00000129596.5	8	12	11	52	4	4	17	38
ENSG00000145782.13	330	287	273	343	303	273	247	293
ENSG00000177879.17	475	464	462	512	461	391	445	446
ENSG00000287148.1	0	0	0	0	0	0	0	0
ENSG00000172901.21	1	1	4	6	6	5	1	1
ENSG00000248295.2	0	0	0	0	0	0	0	0
ENSG00000268223.7	0	0	0	1	1	0	0	0
ENSG00000185641.6	1910	1999	1613	1378	1481	1390	1455	1345
ENSG00000272265.1	0	0	0	0	0	0	1	0
ENSG00000271918.2	7	3	3	2	11	2	5	2
ENSG00000145781.9	45	35	47	41	45	52	50	45
ENSG00000212457.1	0	0	0	0	0	0	0	0
ENSG00000232916.1	3	1	8	3	6	4	5	6
ENSG00000250015.1	0	0	0	0	1	0	1	0
ENSG00000092421.17	12	13	16	7	9	14	2	5
ENSG00000248445.5	0	1	1	0	0	0	0	0
ENSG00000239528.1	15	8	18	11	0	0	0	0
ENSG00000249167.2	0	0	0	0	0	0	0	0
ENSG00000197575.6	2127	2368	1632	1452	1645	1477	1487	1244
ENSG00000251311.1	1	0	2	0	0	0	0	0
ENSG00000249150.2	0	0	1	0	0	0	0	0
ENSG00000250650.1	0	0	0	0	0	0	0	0
ENSG00000250949.1	0	0	0	0	0	0	0	0
ENSG00000243758.1	3	3	3	0	1	0	0	1
ENSG00000285809.1	0	0	0	0	0	0	0	0
ENSG00000248663.7	0	0	0	0	0	0	0	0
ENSG00000251477.1	2	1	4	2	2	1	5	2
ENSG00000249797.2	0	0	0	0	2	0	0	0
ENSG00000249582.1	0	0	0	0	0	0	0	0
ENSG00000250891.3	0	0	0	0	1	0	0	0
ENSG00000250427.1	2	0	0	0	0	0	0	0
ENSG00000249551.1	0	0	1	0	0	0	0	0
ENSG00000286745.1	0	0	0	0	0	0	0	0
ENSG00000249128.1	0	0	0	0	0	0	0	0
ENSG00000238904.1	0	0	0	0	0	0	0	0
ENSG00000249426.1	0	0	0	0	0	0	0	0
ENSG00000169570.10	24	7	16	19	21	16	19	14
ENSG00000197744.5	717	771	875	636	1370	1326	871	660
ENSG00000283498.1	305	317	227	297	317	346	264	197
ENSG00000249494.6	3	8	4	2	6	2	5	2
ENSG00000223179.3	0	0	0	0	0	0	0	0
ENSG00000250678.1	0	0	0	0	0	0	0	0
ENSG00000250928.1	0	0	0	0	0	0	0	0
ENSG00000172869.15	244	249	258	269	232	221	269	294
ENSG00000248885.1	166	208	232	205	192	212	199	200
ENSG00000248979.2	4	6	4	6	4	5	5	4
ENSG00000206786.1	0	0	0	0	0	0	0	0
ENSG00000264536.1	0	0	0	0	0	0	0	0
ENSG00000145779.8	236	351	286	367	211	268	253	239
ENSG00000243333.3	0	0	0	0	0	0	0	0
ENSG00000202092.1	0	0	0	0	0	0	0	0
ENSG00000133835.18	491	677	509	554	511	543	468	510
ENSG00000213663.4	0	0	0	0	0	0	0	0
ENSG00000249919.1	0	2	1	0	0	0	0	0
ENSG00000164334.16	0	0	0	0	0	0	0	0
ENSG00000250895.1	554	266	421	163	355	260	346	147
ENSG00000234259.3	0	0	0	0	0	0	0	0
ENSG00000251293.1	0	0	0	0	0	0	0	0
ENSG00000251975.1	0	0	0	0	0	0	0	0
ENSG00000261036.2	0	0	0	0	0	0	0	0
ENSG00000184838.15	42	67	45	46	67	71	39	57
ENSG00000270741.1	0	0	0	0	0	0	0	0
ENSG00000222609.1	0	0	0	0	0	0	0	0
ENSG00000248927.1	1	7	1	3	2	3	3	1
ENSG00000251135.2	0	0	0	0	0	0	0	0
ENSG00000248853.1	0	0	0	0	0	0	0	0
ENSG00000229855.9	0	0	1	2	1	1	1	2
ENSG00000250847.1	12	12	21	13	13	19	12	16
ENSG00000279860.1	0	0	0	0	0	0	0	0
ENSG00000244088.1	0	0	0	0	0	0	1	0
ENSG00000213661.3	749	734	555	383	514	486	491	451
ENSG00000249600.1	5	7	9	4	5	9	3	2
ENSG00000181867.3	0	0	0	0	0	0	0	0
ENSG00000151304.6	33	33	21	29	34	31	35	25
ENSG00000113083.15	1996	2277	3093	4167	1976	2471	2570	3442
ENSG00000247311.3	1	7	4	14	2	5	2	9
ENSG00000164185.7	0	3	1	2	1	0	1	2
ENSG00000250803.7	0	0	0	0	0	0	0	0
ENSG00000249610.1	0	0	0	0	0	0	0	0
ENSG00000272139.1	0	0	0	0	0	0	0	0
ENSG00000064692.20	27	15	16	4	8	1	16	2
ENSG00000249621.1	0	0	0	0	0	0	0	0
ENSG00000289054.1	0	0	0	0	0	0	0	0
ENSG00000249916.1	0	0	0	0	0	0	0	0
ENSG00000287794.1	0	0	0	0	0	0	0	0
ENSG00000250328.7	0	0	1	0	0	0	0	0
ENSG00000251538.7	0	0	0	1	0	0	0	0
ENSG00000240058.3	0	0	0	0	0	0	0	0
ENSG00000205302.7	439	321	387	320	395	276	365	250
ENSG00000260686.1	0	0	0	0	0	0	0	0
ENSG00000064652.11	40	64	50	66	45	59	45	66
ENSG00000263432.2	0	3	3	3	2	1	2	3
ENSG00000168938.6	231	164	252	201	223	136	239	169
ENSG00000249996.1	2	1	1	1	2	1	0	1
ENSG00000276047.1	2	0	0	0	0	0	0	0
ENSG00000223652.2	1	1	3	3	3	4	2	2
ENSG00000061455.11	249	245	195	181	185	140	148	162
ENSG00000213655.4	10	10	11	8	8	10	14	8
ENSG00000168944.17	101	89	117	81	111	94	113	91
ENSG00000250539.1	6	3	13	6	12	13	8	12
ENSG00000249400.1	0	0	0	0	0	0	0	1
ENSG00000279772.1	0	0	0	0	0	0	0	0
ENSG00000288766.1	2	1	1	1	1	0	1	1
ENSG00000151292.19	176	163	137	159	183	140	178	156
ENSG00000288890.1	0	5	2	3	1	1	1	1
ENSG00000235275.3	0	1	2	2	6	13	1	0
ENSG00000253807.6	0	0	0	0	0	0	0	0
ENSG00000250862.1	1	2	0	1	0	0	0	0
ENSG00000251421.2	0	0	0	0	0	0	0	0
ENSG00000248600.2	0	0	0	0	0	0	0	0
ENSG00000251214.1	0	0	0	0	0	0	0	0
ENSG00000250438.1	0	0	0	0	0	0	0	0
ENSG00000248296.1	0	0	0	0	0	0	0	0
ENSG00000289458.2	0	0	0	0	0	0	0	0
ENSG00000168916.16	118	117	62	48	122	106	148	146
ENSG00000249112.1	0	0	0	0	0	0	0	0
ENSG00000251456.1	0	0	0	0	0	0	0	0
ENSG00000242814.2	375	334	147	137	135	112	120	136
ENSG00000260192.3	0	0	0	1	0	0	0	0
ENSG00000248443.1	0	0	0	0	0	0	0	0
ENSG00000249261.1	0	0	0	0	0	0	0	0
ENSG00000288008.1	0	0	0	0	0	0	0	0
ENSG00000250194.1	9	11	6	11	9	11	14	4
ENSG00000250721.1	1	0	2	0	1	0	0	0
ENSG00000248752.3	0	2	0	0	0	2	0	0
ENSG00000222107.1	0	0	0	0	0	0	0	0
ENSG00000250402.2	0	0	0	0	0	0	0	0
ENSG00000286111.1	0	0	0	0	0	0	0	0
ENSG00000249950.1	0	0	0	0	0	0	0	0
ENSG00000249904.1	0	0	0	0	0	0	0	0
ENSG00000241888.2	0	0	0	0	0	0	0	0
ENSG00000248107.2	0	0	0	0	0	0	0	0
ENSG00000155324.10	44	72	73	198	70	176	85	205
ENSG00000250602.6	1	0	0	2	4	3	1	1
ENSG00000279118.1	5	11	16	58	19	28	14	44
ENSG00000164904.18	194	225	292	271	156	184	181	205
ENSG00000202082.2	0	0	0	0	0	0	0	0
ENSG00000164902.14	236	204	177	188	239	203	193	193
ENSG00000230929.5	179	177	116	137	88	99	109	100
ENSG00000196900.5	0	0	0	0	0	0	0	0
ENSG00000213630.3	16	22	23	26	21	25	17	12
ENSG00000249768.2	36	24	40	22	40	31	20	30
ENSG00000251072.2	0	0	0	0	0	0	0	0
ENSG00000252185.1	0	0	0	0	0	0	0	0
ENSG00000113368.12	24	13	20	5	12	6	18	3
ENSG00000173926.6	10	6	14	4	13	13	7	13
ENSG00000164241.14	16	14	13	11	6	12	6	13
ENSG00000279446.1	0	0	0	0	0	0	0	0
ENSG00000214743.4	16	22	14	16	18	18	9	18
ENSG00000250080.1	10	10	4	2	7	7	7	5
ENSG00000271585.1	18	13	11	12	28	14	14	11
ENSG00000250956.1	0	0	0	0	0	0	0	0
ENSG00000283897.2	0	0	0	1	1	0	1	0
ENSG00000286615.3	0	1	0	0	0	0	0	0
ENSG00000145794.17	0	0	2	1	0	0	1	0
ENSG00000249577.1	0	0	0	0	0	0	0	0
ENSG00000271766.1	0	0	0	0	0	0	0	0
ENSG00000250859.1	1162	1089	928	971	1089	1132	1019	987
ENSG00000164244.21	380	334	294	258	346	332	338	222
ENSG00000282925.1	0	0	0	0	0	0	0	0
ENSG00000205279.9	0	0	0	0	0	0	0	0
ENSG00000248799.1	0	0	0	0	0	0	0	0
ENSG00000230561.7	1	0	0	2	3	1	2	3
ENSG00000251032.1	82	119	78	94	105	125	86	90
ENSG00000250603.1	0	0	0	0	0	0	0	0
ENSG00000245937.10	73	63	71	75	59	62	84	51
ENSG00000064651.14	74	89	99	98	104	87	137	108
ENSG00000250329.1	43	33	41	37	30	33	30	23
ENSG00000138829.14	1430	3796	790	2090	2107	10900	757	3363
ENSG00000207290.1	0	0	0	0	0	0	0	0
ENSG00000113396.13	1	5	0	1	1	3	2	2
ENSG00000248634.1	0	0	0	0	0	1	0	0
ENSG00000288697.1	0	0	0	0	0	0	0	0
ENSG00000066583.12	80	87	54	47	46	47	69	58
ENSG00000264563.1	0	0	0	0	0	0	0	0
ENSG00000286274.1	0	2	1	0	1	0	1	1
ENSG00000265691.1	0	0	0	0	0	0	0	0
ENSG00000249421.2	1	1	0	0	0	0	0	0
ENSG00000145808.10	3	0	0	0	1	1	2	1
ENSG00000251680.6	0	0	0	0	1	1	0	0
ENSG00000186367.7	0	1	0	0	1	0	0	0
ENSG00000198108.4	7	20	4	6	9	15	5	6
ENSG00000221562.1	0	0	0	0	0	0	0	0
ENSG00000199455.1	0	0	0	0	0	0	0	0
ENSG00000248610.1	574	481	741	629	980	710	604	463
ENSG00000252514.1	0	0	0	0	0	0	0	0
ENSG00000249312.1	4	4	11	4	6	3	2	6
ENSG00000249418.2	0	0	0	0	0	0	0	0
ENSG00000287390.1	0	0	0	0	0	0	0	0
ENSG00000244192.1	2005	1898	1866	1516	1692	1424	1618	1262
ENSG00000250405.2	33	32	41	36	45	39	27	34
ENSG00000248955.1	0	0	0	0	0	0	0	0
ENSG00000169567.13	360	416	296	380	314	347	293	283
ENSG00000186687.16	101	67	78	71	78	62	83	57
ENSG00000290020.1	0	0	0	0	0	0	0	0
ENSG00000158985.14	83	74	67	114	75	82	71	103
ENSG00000279370.1	0	0	0	0	0	0	0	0
ENSG00000158987.22	68	61	35	32	57	48	47	37
ENSG00000273217.1	0	0	0	0	0	0	0	0
ENSG00000275939.1	0	0	0	0	0	0	0	1
ENSG00000217128.13	406	339	261	314	336	250	362	331
ENSG00000286676.1	59	112	66	128	68	163	64	95
ENSG00000279584.1	1	0	0	0	0	0	0	0
ENSG00000239642.6	0	0	0	0	0	0	0	0
ENSG00000281938.2	0	0	0	0	0	0	0	0
ENSG00000234758.1	0	0	0	0	0	0	0	0
ENSG00000164398.15	1	1	1	0	0	0	3	2
ENSG00000223548.1	0	0	0	0	0	0	0	0
ENSG00000231585.1	0	0	0	0	0	0	0	0
ENSG00000164399.5	0	0	0	0	0	0	0	0
ENSG00000164400.6	0	0	0	0	0	0	0	0
ENSG00000253067.1	0	0	0	0	0	0	0	0
ENSG00000227616.1	0	0	0	0	0	0	0	0
ENSG00000235775.1	0	0	0	0	0	0	0	0
ENSG00000224015.1	0	0	0	0	0	0	0	0
ENSG00000237714.1	0	0	1	0	0	1	0	0
ENSG00000072682.20	1112	788	779	558	790	580	874	662
ENSG00000224431.1	8	8	5	2	9	7	6	4
ENSG00000283678.1	0	0	0	0	0	0	0	0
ENSG00000131435.13	89	59	64	55	37	42	89	45
ENSG00000197208.6	4	5	3	1	7	2	5	2
ENSG00000233006.8	2	0	4	4	4	5	4	2
ENSG00000263597.1	0	0	0	0	0	0	0	0
ENSG00000197375.14	36	27	31	28	32	19	36	10
ENSG00000197536.11	36	20	38	25	28	28	39	23
ENSG00000283782.2	0	0	0	0	0	0	0	0
ENSG00000238160.2	0	0	0	0	0	0	0	0
ENSG00000125347.15	94	57	103	83	75	35	87	60
ENSG00000202533.1	0	2	4	1	0	0	0	0
ENSG00000113525.10	1	0	0	0	2	0	0	0
ENSG00000113522.14	33	29	28	21	24	33	20	29
ENSG00000223442.1	1	2	0	0	0	2	1	1
ENSG00000169194.10	1	0	0	0	0	0	1	0
ENSG00000113520.11	1	0	0	0	0	0	1	0
ENSG00000230612.3	1	1	1	0	0	1	0	1
ENSG00000131437.16	84	60	99	64	110	84	87	58
ENSG00000205089.8	0	0	0	0	1	2	0	0
ENSG00000164402.14	554	341	457	334	447	328	453	339
ENSG00000198944.6	4	0	6	2	6	0	3	4
ENSG00000272203.1	0	0	0	0	0	0	0	0
ENSG00000164403.15	70	52	47	46	53	58	47	44
ENSG00000201274.1	0	0	1	0	0	0	0	0
ENSG00000164404.9	0	0	3	3	1	0	2	0
ENSG00000164405.11	199	191	160	167	183	208	157	114
ENSG00000164406.8	1	1	2	0	5	2	0	2
ENSG00000072364.13	779	659	685	626	795	722	723	702
ENSG00000235253.1	0	0	0	0	0	0	0	0
ENSG00000202417.1	0	0	0	0	0	0	0	0
ENSG00000225364.1	0	0	0	0	0	0	0	0
ENSG00000272023.1	0	0	0	0	1	0	0	1
ENSG00000229738.1	48	52	63	46	59	52	42	41
ENSG00000199677.1	0	0	0	0	0	0	0	1
ENSG00000155329.12	30	41	34	34	31	39	32	35
ENSG00000248648.1	183	227	188	166	151	176	141	149
ENSG00000287054.1	0	0	0	1	0	0	0	1
ENSG00000286408.1	0	2	2	0	1	1	1	0
ENSG00000170606.16	610	659	619	602	704	741	604	534
ENSG00000279691.1	0	0	0	0	0	0	0	0
ENSG00000251616.1	1	0	0	0	0	0	0	0
ENSG00000248245.1	0	0	0	0	0	0	0	0
ENSG00000240611.1	128	118	50	51	38	56	52	35
ENSG00000053108.18	0	0	0	0	1	0	0	0
ENSG00000288758.2	0	0	0	0	0	0	0	1
ENSG00000249478.1	0	0	0	0	0	0	0	0
ENSG00000250244.5	0	0	0	0	0	0	0	0
ENSG00000250409.1	0	0	0	0	0	0	0	0
ENSG00000221287.1	0	0	0	0	0	0	0	0
ENSG00000280104.1	0	0	0	0	0	0	0	0
ENSG00000279197.1	0	0	0	0	0	0	0	0
ENSG00000251243.1	0	1	0	1	0	0	1	0
ENSG00000249073.1	0	0	0	0	0	0	0	0
ENSG00000113583.8	354	320	313	379	304	254	301	334
ENSG00000213585.11	571	599	529	512	494	707	465	444
ENSG00000271737.2	6	1	2	3	1	2	2	0
ENSG00000271128.1	1	3	0	2	1	3	6	2
ENSG00000081059.20	9	9	10	8	9	5	21	12
ENSG00000113558.19	78	96	79	71	82	79	70	88
ENSG00000272772.2	0	0	0	0	0	0	0	0
ENSG00000113575.12	70	71	51	53	41	53	78	54
ENSG00000273345.6	2	0	0	2	1	2	1	0
ENSG00000266751.1	0	0	0	0	0	0	0	0
ENSG00000270177.1	1	0	1	1	0	0	0	0
ENSG00000239615.1	91	102	103	79	54	75	75	73
ENSG00000006837.12	10	3	4	7	3	2	5	1
ENSG00000119048.9	296	326	227	340	211	202	285	261
ENSG00000279469.1	0	1	0	0	0	0	0	0
ENSG00000248559.1	0	0	1	1	0	0	1	1
ENSG00000237190.4	36	44	32	48	47	61	27	50
ENSG00000243648.1	0	0	2	0	0	0	0	0
ENSG00000250564.2	0	0	0	0	0	0	0	0
ENSG00000250994.3	0	0	0	0	0	1	0	0
ENSG00000207222.1	0	0	0	0	0	0	0	0
ENSG00000251169.3	1	0	0	0	0	0	0	0
ENSG00000240250.3	0	0	0	0	0	0	0	0
ENSG00000280420.1	0	0	0	0	0	0	0	0
ENSG00000043143.22	341	406	276	318	282	326	250	320
ENSG00000152700.14	175	188	205	252	210	264	195	211
ENSG00000207459.1	0	0	0	0	0	0	0	0
ENSG00000113615.13	201	240	170	175	222	236	204	160
ENSG00000201298.1	0	0	0	0	0	0	0	0
ENSG00000222266.1	0	0	0	0	0	0	0	0
ENSG00000164615.6	225	257	171	194	199	156	215	238
ENSG00000145833.16	283	269	202	257	217	279	285	241
ENSG00000241179.1	9	17	5	3	3	3	7	4
ENSG00000181904.9	262	332	222	283	265	325	244	260
ENSG00000270892.1	1	0	0	0	0	0	0	0
ENSG00000113621.15	242	269	188	233	247	260	252	250
ENSG00000132570.15	16	18	22	27	19	21	34	25
ENSG00000279799.1	1	0	2	1	0	0	0	0
ENSG00000244921.2	3610	4099	4354	5580	5608	5583	3796	4067
ENSG00000249119.1	2593	3109	3819	4673	4462	4417	2853	2753
ENSG00000248923.1	6056	6730	8593	8815	10302	10998	6337	6674
ENSG00000247627.2	13011	14656	15790	18801	16458	13383	13224	12934
ENSG00000198868.3	1282	1347	1624	1788	1443	1272	1350	1361
ENSG00000263963.1	0	0	0	0	0	0	0	0
ENSG00000249192.1	66	95	52	78	39	39	50	49
ENSG00000152705.8	0	0	1	0	2	3	0	1
ENSG00000069011.16	32	26	12	5	0	3	41	18
ENSG00000224186.8	3	10	2	4	0	2	5	4
ENSG00000277619.1	0	0	0	0	0	0	0	0
ENSG00000249082.2	1	0	0	0	0	0	0	0
ENSG00000248753.1	0	0	0	0	0	0	0	0
ENSG00000248482.1	0	0	0	0	0	0	0	0
ENSG00000249647.2	0	0	0	0	0	0	0	0
ENSG00000113648.17	356	356	281	259	361	408	276	282
ENSG00000270021.1	0	3	4	3	3	0	3	3
ENSG00000251380.3	0	0	0	0	0	0	0	0
ENSG00000255833.2	0	0	0	0	0	0	0	0
ENSG00000249639.1	0	0	0	0	0	0	0	0
ENSG00000250167.2	0	0	0	0	0	0	0	0
ENSG00000145832.16	0	0	1	0	1	0	0	0
ENSG00000181965.6	0	0	0	0	0	0	0	0
ENSG00000145824.13	0	0	0	1	0	0	1	1
ENSG00000251045.1	0	0	0	0	0	0	0	0
ENSG00000223539.4	3	8	4	3	5	3	3	4
ENSG00000265924.1	0	0	0	0	0	0	0	0
ENSG00000250378.4	0	0	0	0	0	0	0	0
ENSG00000145839.2	0	0	0	0	0	0	0	0
ENSG00000254239.1	0	0	0	0	0	0	0	0
ENSG00000253927.1	0	0	0	0	0	0	0	0
ENSG00000145826.9	0	0	0	0	0	0	0	0
ENSG00000164616.16	0	0	0	0	0	0	0	0
ENSG00000120708.17	1302	739	2345	1871	4112	3150	2691	1919
ENSG00000270123.4	0	0	0	0	0	0	0	0
ENSG00000278815.1	0	0	0	0	0	0	0	0
ENSG00000164621.5	0	0	0	1	0	0	0	0
ENSG00000277859.1	0	0	0	0	0	0	0	0
ENSG00000113658.18	491	388	371	351	403	356	426	322
ENSG00000275646.1	0	0	0	0	0	0	0	0
ENSG00000277524.1	0	0	0	0	0	0	0	0
ENSG00000274934.1	0	0	0	0	0	0	0	0
ENSG00000271824.2	0	0	0	0	0	0	0	0
ENSG00000069018.19	0	0	0	0	0	0	0	0
ENSG00000248211.1	0	0	0	0	0	0	0	0
ENSG00000250947.1	1	1	0	0	0	0	0	0
ENSG00000279240.1	0	0	0	0	0	0	0	0
ENSG00000248351.1	1	0	0	0	1	0	1	0
ENSG00000213568.4	33	29	21	26	25	18	21	20
ENSG00000249803.6	0	0	2	0	0	0	0	0
ENSG00000250284.3	0	0	0	0	0	0	0	0
ENSG00000248616.1	11	12	12	14	12	18	14	18
ENSG00000222285.1	0	0	0	0	0	0	0	0
ENSG00000152377.15	692	1227	742	1752	1429	2009	963	1628
ENSG00000146021.15	18	13	16	11	22	15	15	14
ENSG00000216009.3	0	0	0	0	0	0	0	0
ENSG00000177733.7	580	540	381	376	343	399	458	365
ENSG00000287067.1	1	3	0	0	2	3	1	1
ENSG00000270697.1	0	0	0	0	0	0	0	0
ENSG00000226306.8	0	0	0	0	1	0	0	0
ENSG00000250159.7	2	4	1	1	2	5	4	2
ENSG00000120729.10	0	0	0	0	0	1	0	0
ENSG00000078795.17	1	1	0	0	1	0	0	0
ENSG00000031003.11	249	195	226	228	260	266	289	259
ENSG00000246323.2	0	0	0	0	0	0	0	0
ENSG00000250260.1	0	0	0	0	0	0	1	1
ENSG00000222924.1	0	0	0	0	0	0	0	0
ENSG00000061492.12	0	0	0	0	0	0	0	0
ENSG00000112981.5	4	4	4	13	12	6	6	5
ENSG00000212460.1	0	0	0	0	0	0	0	0
ENSG00000199880.1	0	0	1	0	0	0	0	1
ENSG00000112983.18	308	234	329	250	316	279	273	234
ENSG00000112984.12	4	12	13	7	5	2	9	2
ENSG00000094880.11	135	105	140	149	130	99	130	101
ENSG00000146013.11	0	0	0	0	0	0	0	0
ENSG00000249851.1	0	1	1	0	0	1	0	0
ENSG00000158402.21	1	2	0	2	0	0	1	2
ENSG00000120709.11	284	243	213	197	223	216	245	227
ENSG00000249971.1	0	0	0	0	0	0	0	0
ENSG00000120733.15	399	423	398	370	411	381	357	410
ENSG00000132563.17	52	57	74	87	65	92	103	93
ENSG00000271196.1	5	19	4	4	7	8	7	9
ENSG00000289267.1	0	0	0	0	0	0	0	0
ENSG00000120738.8	193	45	117	46	156	161	235	89
ENSG00000241458.1	80	72	43	38	36	33	45	40
ENSG00000120705.13	574	653	496	596	643	676	519	578
ENSG00000289155.2	0	0	2	0	3	1	1	1
ENSG00000113013.16	713	615	662	537	788	641	724	468
ENSG00000222937.1	0	0	0	0	0	0	0	0
ENSG00000206989.1	0	0	0	0	0	0	0	0
ENSG00000044115.21	1538	1502	1663	1568	1506	1724	1609	1531
ENSG00000232174.3	0	0	0	0	0	0	0	0
ENSG00000238745.1	0	0	0	0	0	0	0	0
ENSG00000253404.1	1	0	0	0	0	0	0	0
ENSG00000146006.8	23	2	18	1	15	4	11	0
ENSG00000120725.13	209	164	221	186	214	204	197	170
ENSG00000201532.1	0	0	0	0	0	0	0	0
ENSG00000249593.6	0	0	0	1	0	0	0	0
ENSG00000242683.1	0	0	0	1	0	0	1	0
ENSG00000252533.1	0	0	0	0	0	0	0	0
ENSG00000280987.4	2	5	0	0	1	1	3	0
ENSG00000281398.4	32	33	18	28	32	29	41	17
ENSG00000252213.1	0	0	0	0	0	0	0	0
ENSG00000200959.1	0	0	0	0	0	0	0	0
ENSG00000015479.20	18	12	19	20	12	17	19	14
ENSG00000199545.1	0	0	0	0	0	0	0	0
ENSG00000253015.1	1	0	0	0	0	0	0	0
ENSG00000120727.13	149	173	151	143	179	167	139	152
ENSG00000272742.1	0	0	0	0	0	0	0	0
ENSG00000170482.17	2	2	2	5	1	3	3	0
ENSG00000170476.16	0	0	0	1	2	0	1	2
ENSG00000228672.4	4	6	10	12	10	7	8	9
ENSG00000170469.11	4	0	3	7	8	4	4	4
ENSG00000170464.10	104	69	96	79	98	95	90	79
ENSG00000279686.1	0	0	0	0	0	0	0	0
ENSG00000200378.1	0	0	0	0	0	0	0	0
ENSG00000249751.4	0	0	0	0	0	0	0	0
ENSG00000283288.2	0	0	0	0	0	0	0	0
ENSG00000184584.14	201	188	231	354	199	299	230	284
ENSG00000249689.1	8	3	14	12	8	6	7	9
ENSG00000249215.1	467	402	369	333	428	363	355	315
ENSG00000286403.1	1	0	1	2	1	3	0	0
ENSG00000131508.17	245	270	192	333	214	240	249	263
ENSG00000207020.1	0	0	0	0	0	0	0	0
ENSG00000275506.1	0	0	0	0	0	1	0	0
ENSG00000272255.1	0	1	0	0	0	0	0	0
ENSG00000171604.12	163	103	171	83	140	109	163	91
ENSG00000250635.1	0	0	0	0	1	0	0	1
ENSG00000249526.1	0	0	0	0	0	0	0	0
ENSG00000200756.1	0	0	0	0	0	0	0	0
ENSG00000249131.2	1	1	0	0	0	0	0	0
ENSG00000251387.1	0	0	0	0	0	0	0	0
ENSG00000271792.1	0	0	0	0	0	0	0	0
ENSG00000146005.4	1	0	0	0	0	0	0	0
ENSG00000158458.21	0	0	0	0	0	0	0	0
ENSG00000250692.1	0	0	0	0	0	0	0	0
ENSG00000207317.1	0	0	0	0	0	0	0	0
ENSG00000245146.7	10	7	8	12	6	1	10	8
ENSG00000185129.8	230	238	247	228	246	290	298	300
ENSG00000182700.5	57	92	72	100	70	84	86	80
ENSG00000254363.6	3	2	3	3	2	3	2	2
ENSG00000120306.11	110	122	89	89	74	97	94	119
ENSG00000250069.1	3	0	0	1	2	1	1	0
ENSG00000113068.10	170	175	168	151	169	147	158	142
ENSG00000113070.8	2	1	1	1	1	1	4	1
ENSG00000253965.3	0	1	0	0	1	0	1	1
ENSG00000113073.15	0	0	0	0	0	0	0	0
ENSG00000249637.4	3	2	0	0	0	0	0	1
ENSG00000222790.1	0	0	0	0	0	0	0	0
ENSG00000131503.21	7	9	6	9	7	8	6	8
ENSG00000254996.5	11	3	7	7	10	4	9	8
ENSG00000200051.1	0	0	0	0	0	0	0	0
ENSG00000213523.12	124	98	85	79	102	121	65	80
ENSG00000243056.2	9	9	10	9	7	6	11	17
ENSG00000113108.20	82	68	56	70	64	60	52	51
ENSG00000283155.1	0	0	0	0	0	0	0	0
ENSG00000283717.1	0	0	0	0	0	0	0	0
ENSG00000176087.16	228	248	191	203	183	201	197	176
ENSG00000283602.1	2	1	1	0	0	0	0	0
ENSG00000200235.1	0	0	0	0	0	0	0	0
ENSG00000251453.1	62	44	42	47	57	28	37	53
ENSG00000240518.2	10	3	4	2	3	2	3	2
ENSG00000170458.15	3	4	7	12	3	8	0	3
ENSG00000131495.9	102	110	91	89	91	95	90	90
ENSG00000113119.13	28	28	27	35	22	24	21	31
ENSG00000113141.19	448	428	409	395	473	397	365	371
ENSG00000284325.1	0	0	0	0	0	0	0	0
ENSG00000120314.19	94	97	100	75	106	101	97	84
ENSG00000256453.2	0	0	0	0	0	0	0	0
ENSG00000170445.16	199	219	192	182	217	194	204	179
ENSG00000112855.17	115	98	89	92	102	85	110	87
ENSG00000146007.11	266	228	286	271	288	235	236	204
ENSG00000292256.1	0	0	0	0	0	0	0	0
ENSG00000199990.1	0	0	0	0	0	0	0	0
ENSG00000202111.1	0	0	0	0	0	0	0	0
ENSG00000202515.1	0	0	0	0	0	0	0	0
ENSG00000250515.1	0	0	0	0	0	0	0	0
ENSG00000248106.2	0	0	0	0	0	0	0	0
ENSG00000279726.2	0	0	0	0	0	0	0	0
ENSG00000204970.10	0	0	0	0	0	0	0	0
ENSG00000204969.7	0	0	0	0	0	1	0	1
ENSG00000255408.4	3	1	0	2	1	0	1	0
ENSG00000204967.13	1	1	2	0	2	0	0	1
ENSG00000204965.9	0	0	0	0	0	0	0	0
ENSG00000081842.18	1	1	0	0	0	0	0	0
ENSG00000204963.6	3	2	1	0	0	0	1	0
ENSG00000204962.6	0	0	0	0	1	0	0	0
ENSG00000204961.7	1	2	0	1	1	0	2	1
ENSG00000278907.1	0	0	0	0	0	0	0	0
ENSG00000250120.8	3	5	0	1	1	1	2	0
ENSG00000249504.3	0	0	0	0	0	0	0	0
ENSG00000278946.1	0	0	0	0	0	0	0	0
ENSG00000249158.7	0	1	0	0	0	0	0	0
ENSG00000251664.5	0	0	0	0	0	0	0	0
ENSG00000278915.1	0	0	0	0	0	0	0	0
ENSG00000278901.1	0	0	0	0	0	0	0	0
ENSG00000239389.8	0	0	0	0	0	0	0	0
ENSG00000248383.5	1	0	0	0	0	0	0	1
ENSG00000279028.1	0	0	0	0	0	0	0	0
ENSG00000243232.6	2	1	0	0	0	0	0	0
ENSG00000288892.1	0	0	0	0	0	0	0	0
ENSG00000279047.4	0	0	0	0	0	0	0	0
ENSG00000171815.6	0	0	0	2	3	1	4	3
ENSG00000279558.1	0	0	0	0	0	0	0	0
ENSG00000289752.1	0	0	0	0	0	0	0	0
ENSG00000112852.7	12	12	6	11	7	3	6	7
ENSG00000272154.5	3	0	0	0	0	0	0	0
ENSG00000113205.5	4	3	5	1	2	4	1	3
ENSG00000272108.1	2	0	1	1	0	0	0	0
ENSG00000081818.4	7	6	3	3	5	0	3	3
ENSG00000113209.9	9	4	9	6	2	3	2	0
ENSG00000280029.4	0	0	0	0	0	0	0	0
ENSG00000113211.6	4	3	0	3	5	3	2	3
ENSG00000255622.4	0	0	0	0	0	0	0	0
ENSG00000290893.1	0	0	0	0	0	0	0	0
ENSG00000280336.1	0	0	0	0	0	0	0	0
ENSG00000113212.7	17	15	10	8	10	5	14	7
ENSG00000120322.4	4	7	3	4	9	4	2	0
ENSG00000279472.1	0	0	0	0	1	0	0	0
ENSG00000272674.4	8	7	13	9	13	8	11	5
ENSG00000279068.1	0	0	0	0	0	0	0	0
ENSG00000278936.1	0	0	0	0	0	0	0	0
ENSG00000177839.7	7	3	7	9	11	11	9	6
ENSG00000279375.1	0	1	0	2	2	0	0	1
ENSG00000120324.9	10	9	5	6	23	10	4	9
ENSG00000197479.7	5	6	1	2	5	7	4	2
ENSG00000120328.6	6	4	4	1	5	6	2	1
ENSG00000187372.11	14	5	17	8	36	26	11	6
ENSG00000120327.7	14	21	22	18	28	16	17	10
ENSG00000279983.1	0	0	0	0	0	0	0	0
ENSG00000290894.1	0	0	0	2	2	0	0	3
ENSG00000146001.6	0	0	0	0	0	0	0	0
ENSG00000262096.3	0	0	0	0	2	0	0	0
ENSG00000290895.1	0	0	0	0	0	0	1	0
ENSG00000113248.6	12	5	1	1	5	3	5	1
ENSG00000277795.1	0	0	0	0	0	0	0	0
ENSG00000178913.9	334	358	353	380	372	376	380	325
ENSG00000120329.7	3	2	1	1	2	2	0	2
ENSG00000288095.2	1	1	1	0	0	0	0	0
ENSG00000272070.3	6	6	7	3	21	8	10	7
ENSG00000204956.6	15	5	18	16	22	15	12	11
ENSG00000081853.15	32	33	37	34	73	80	28	28
ENSG00000254245.3	29	21	9	18	15	5	8	19
ENSG00000254221.3	14	13	14	8	30	30	11	11
ENSG00000280026.1	0	0	0	0	0	0	0	0
ENSG00000262576.3	51	58	77	75	89	52	69	96
ENSG00000253910.3	70	57	77	64	13	13	33	42
ENSG00000253485.3	17	26	26	24	17	4	34	41
ENSG00000262209.3	20	24	28	29	77	54	27	21
ENSG00000253731.3	33	27	33	24	35	30	26	22
ENSG00000253537.3	57	59	54	61	24	22	61	71
ENSG00000253953.3	47	28	46	47	18	12	82	69
ENSG00000253767.3	3	3	7	1	2	3	12	3
ENSG00000276547.2	95	98	149	126	79	59	109	97
ENSG00000261934.3	31	18	12	14	24	21	21	19
ENSG00000253305.3	29	23	27	21	17	13	24	19
ENSG00000253846.3	142	115	92	77	123	99	120	114
ENSG00000254122.3	167	144	137	104	386	269	162	194
ENSG00000253873.6	68	71	79	73	76	74	119	129
ENSG00000248449.2	0	1	0	0	0	2	1	2
ENSG00000279855.1	0	0	0	0	0	0	0	0
ENSG00000253159.3	237	193	172	136	30	24	288	287
ENSG00000276545.1	1	2	2	0	3	2	1	0
ENSG00000273557.1	0	0	0	1	0	1	0	1
ENSG00000240184.7	724	651	444	450	438	440	501	492
ENSG00000242020.3	0	0	0	1	1	0	0	0
ENSG00000242419.6	3	1	2	2	2	2	1	2
ENSG00000240764.4	7	3	4	1	6	3	18	9
ENSG00000131504.18	279	317	297	394	304	301	373	458
ENSG00000246422.2	0	0	0	0	0	0	0	0
ENSG00000240974.1	0	0	1	0	0	0	0	0
ENSG00000228737.2	1	1	0	0	1	0	1	1
ENSG00000171720.10	196	197	173	153	187	173	145	124
ENSG00000164620.9	7	6	8	2	7	8	9	2
ENSG00000197948.11	123	126	123	134	104	124	108	128
ENSG00000120318.16	76	66	65	35	70	52	85	43
ENSG00000289478.1	0	0	0	0	0	0	0	0
ENSG00000286736.1	0	0	0	0	0	0	0	0
ENSG00000287527.1	0	0	0	0	0	0	0	0
ENSG00000278925.1	0	0	0	0	0	0	0	0
ENSG00000156453.14	2	0	0	1	10	1	6	1
ENSG00000287726.1	1	0	1	2	0	0	0	3
ENSG00000226040.3	35	40	40	45	47	36	37	38
ENSG00000081791.9	233	193	196	182	247	213	211	194
ENSG00000113555.6	7	6	8	4	10	5	9	7
ENSG00000271871.1	1	0	1	1	0	2	0	1
ENSG00000013561.18	163	187	175	201	187	167	158	235
ENSG00000254099.1	0	0	1	1	0	0	0	0
ENSG00000113552.16	471	290	298	235	395	224	454	259
ENSG00000250347.1	31	28	32	22	22	25	32	19
ENSG00000131507.11	510	620	474	738	522	559	604	678
ENSG00000289306.1	1	1	2	2	3	0	1	3
ENSG00000280047.1	2	6	14	7	13	14	4	7
ENSG00000187678.10	22	7	26	18	19	32	26	41
ENSG00000277968.1	0	0	0	0	0	0	1	0
ENSG00000274721.1	0	0	0	0	0	0	0	0
ENSG00000231185.9	4	4	2	0	3	5	1	2
ENSG00000225147.1	0	0	0	0	0	0	0	0
ENSG00000113578.18	10	30	45	68	16	68	18	29
ENSG00000261757.1	0	0	0	0	0	0	1	0
ENSG00000236714.3	0	0	0	2	0	0	1	0
ENSG00000287203.1	0	0	0	0	0	0	0	0
ENSG00000145819.18	98	77	88	83	104	125	107	104
ENSG00000226272.5	0	0	0	0	0	0	0	0
ENSG00000285366.1	0	0	0	0	0	0	0	0
ENSG00000230789.1	0	0	0	0	0	0	0	0
ENSG00000113580.15	887	395	744	339	578	319	898	403
ENSG00000231579.3	0	1	0	0	1	0	0	0
ENSG00000279679.1	0	0	0	0	0	0	0	0
ENSG00000279130.1	0	0	0	0	0	1	1	0
ENSG00000249429.1	0	0	0	0	0	0	1	0
ENSG00000251205.3	1	0	0	0	0	0	0	0
ENSG00000253023.1	0	0	0	0	0	0	0	0
ENSG00000249881.1	0	0	0	0	0	0	0	0
ENSG00000266478.1	0	0	0	0	0	0	0	0
ENSG00000225869.4	0	0	0	0	0	0	0	0
ENSG00000158497.6	0	0	0	0	0	0	0	0
ENSG00000239390.3	0	1	0	0	0	0	0	0
ENSG00000145817.17	441	334	418	318	417	408	421	291
ENSG00000183775.11	27	8	21	7	20	14	23	8
ENSG00000249605.1	0	0	0	0	0	0	0	0
ENSG00000285605.1	0	0	0	0	0	0	1	0
ENSG00000250972.1	0	0	0	0	0	0	0	0
ENSG00000213488.4	0	0	0	1	0	0	0	0
ENSG00000201423.1	0	0	0	0	0	0	0	0
ENSG00000251031.2	1	0	0	1	0	2	0	0
ENSG00000249229.2	0	0	0	0	0	0	0	0
ENSG00000215325.4	22	17	21	18	48	45	35	23
ENSG00000250842.1	0	0	0	0	0	0	0	0
ENSG00000248125.2	0	0	0	0	0	1	0	0
ENSG00000186314.12	8	11	11	13	7	21	11	20
ENSG00000249363.1	2	15	1	15	3	22	10	22
ENSG00000204928.3	0	0	0	0	0	0	0	0
ENSG00000156463.18	4	4	1	1	1	5	4	5
ENSG00000248493.1	13	18	19	12	11	11	13	30
ENSG00000173261.9	1	0	1	0	1	0	0	0
ENSG00000251556.1	0	0	0	0	0	0	0	0
ENSG00000133706.20	415	403	380	369	410	397	430	325
ENSG00000239602.1	106	92	66	67	47	59	72	62
ENSG00000239317.1	148	140	145	128	161	109	129	106
ENSG00000275740.1	1	0	0	0	0	0	1	0
ENSG00000091009.8	72	72	51	68	59	50	54	51
ENSG00000238374.1	0	0	0	0	0	0	0	0
ENSG00000250025.2	0	2	0	1	0	0	0	0
ENSG00000091010.6	0	1	0	1	0	0	0	0
ENSG00000271724.1	0	0	0	0	0	0	0	0
ENSG00000248842.1	0	0	0	0	0	0	0	0
ENSG00000113649.14	203	150	173	144	197	202	172	126
ENSG00000277568.1	0	0	0	0	0	0	0	0
ENSG00000173250.3	0	0	0	0	0	0	0	0
ENSG00000250407.1	0	0	0	0	0	0	0	0
ENSG00000156475.19	0	0	2	0	0	0	2	1
ENSG00000280646.2	0	0	0	0	0	0	0	0
ENSG00000241291.3	0	0	0	0	0	0	0	0
ENSG00000248568.1	2	1	1	0	1	0	1	2
ENSG00000249553.1	0	0	0	0	0	0	0	0
ENSG00000286468.1	0	0	0	0	0	0	0	0
ENSG00000250343.1	3	0	0	0	1	0	1	1
ENSG00000169302.16	15	2	11	5	1	0	13	8
ENSG00000113657.13	1319	848	1265	622	1180	773	1019	635
ENSG00000272239.1	0	0	0	0	0	0	0	0
ENSG00000280780.4	0	0	0	0	0	0	0	0
ENSG00000176049.16	0	1	0	0	0	0	0	0
ENSG00000287630.1	0	0	0	0	0	0	0	0
ENSG00000164266.11	0	0	1	0	0	0	0	0
ENSG00000249518.1	0	0	0	0	0	0	0	0
ENSG00000164265.9	0	0	0	0	0	0	0	0
ENSG00000288774.1	0	1	0	0	0	0	0	0
ENSG00000178776.5	0	0	0	0	0	0	0	0
ENSG00000248362.1	0	0	0	0	0	0	0	0
ENSG00000251320.1	0	0	0	0	0	0	0	0
ENSG00000250346.1	1145	1133	951	804	969	789	866	767
ENSG00000133710.17	0	0	0	0	0	0	0	0
ENSG00000247199.6	4	4	6	3	5	3	5	7
ENSG00000196800.7	0	0	0	0	0	0	0	0
ENSG00000178172.7	0	0	0	0	0	0	0	0
ENSG00000249503.1	0	0	0	0	0	0	0	0
ENSG00000248109.3	0	0	0	0	0	0	0	0
ENSG00000214510.10	0	0	0	0	0	0	0	0
ENSG00000249834.3	0	0	0	1	0	0	0	0
ENSG00000145879.11	0	0	0	0	0	0	0	0
ENSG00000204909.8	0	0	0	0	0	0	1	0
ENSG00000283653.1	0	0	0	0	0	0	0	0
ENSG00000145868.17	181	146	181	194	185	138	189	178
ENSG00000274799.1	0	0	0	0	0	0	0	0
ENSG00000251330.3	0	2	0	0	2	3	0	2
ENSG00000164270.19	0	0	0	0	1	0	0	0
ENSG00000253297.1	0	0	0	0	0	0	0	0
ENSG00000169252.6	2	2	3	1	2	3	4	1
ENSG00000289430.1	0	0	0	0	0	0	0	0
ENSG00000169247.14	2	2	14	10	1	7	2	6
ENSG00000272411.1	0	0	0	0	0	0	0	0
ENSG00000251842.1	0	0	0	0	0	0	0	0
ENSG00000207714.3	0	0	0	0	0	0	0	0
ENSG00000250072.8	0	0	1	0	0	0	0	0
ENSG00000200161.1	0	0	0	0	0	0	0	0
ENSG00000173210.21	501	502	508	351	620	396	309	271
ENSG00000248647.2	0	0	0	0	0	1	1	0
ENSG00000253406.1	1	0	0	0	2	2	0	0
ENSG00000157510.14	45	184	54	166	82	123	42	162
ENSG00000285736.1	0	0	0	0	0	0	0	0
ENSG00000164284.15	39	53	48	31	52	43	44	33
ENSG00000253618.1	0	0	0	0	0	0	0	0
ENSG00000145882.11	33	39	34	34	34	34	43	32
ENSG00000127743.6	0	0	0	0	0	1	0	0
ENSG00000253865.1	0	0	0	0	0	0	0	0
ENSG00000249669.12	78	73	75	80	82	116	57	53
ENSG00000275871.1	0	0	0	0	0	0	0	0
ENSG00000284182.1	0	0	0	0	0	0	0	0
ENSG00000276365.1	1	2	0	1	1	1	0	0
ENSG00000113712.19	677	581	609	492	663	654	591	530
ENSG00000230551.4	53	61	50	35	75	77	56	50
ENSG00000241112.1	0	0	1	0	0	1	0	0
ENSG00000183111.12	34	16	51	36	35	35	56	38
ENSG00000222213.1	0	0	0	0	0	0	0	0
ENSG00000287323.1	0	0	0	0	0	0	0	0
ENSG00000221043.2	0	0	0	0	0	0	0	0
ENSG00000242928.3	0	0	0	0	0	0	0	0
ENSG00000155846.17	5	2	0	1	0	0	1	1
ENSG00000199047.3	0	0	0	0	0	0	0	0
ENSG00000132915.12	1	0	1	1	1	1	1	0
ENSG00000251583.1	140	137	160	152	191	219	155	177
ENSG00000200334.1	0	0	0	0	0	0	0	0
ENSG00000155850.9	122	163	89	154	132	166	158	157
ENSG00000164296.7	31	30	32	27	43	29	23	35
ENSG00000113716.13	209	207	236	243	251	203	183	197
ENSG00000248696.1	14	5	12	8	8	9	11	10
ENSG00000241907.1	6	14	7	3	5	5	3	6
ENSG00000182578.14	2	3	1	0	2	1	0	2
ENSG00000214485.6	2422	2397	1974	1943	1770	1612	1875	1733
ENSG00000199409.1	0	0	0	0	0	0	0	0
ENSG00000113721.14	3853	4205	3748	4715	3804	4295	3518	4857
ENSG00000113722.18	4	2	6	5	1	2	3	0
ENSG00000011083.9	0	0	0	1	0	0	0	0
ENSG00000070808.17	11	4	6	3	8	1	10	2
ENSG00000183876.9	60	21	57	10	82	31	23	6
ENSG00000070814.22	168	139	134	92	174	150	127	110
ENSG00000019582.17	9	3	10	10	6	2	26	7
ENSG00000286331.1	1	1	1	0	2	1	0	0
ENSG00000164587.13	2420	2490	1827	1528	1894	1774	1693	1541
ENSG00000254333.1	1	0	1	0	2	1	0	1
ENSG00000070614.15	1289	1518	1820	1587	1253	1917	1508	1678
ENSG00000171992.13	1190	879	1062	691	694	725	1278	978
ENSG00000253852.1	0	0	0	0	0	0	0	0
ENSG00000286657.1	0	1	0	0	0	0	0	0
ENSG00000164591.14	2	1	1	1	5	3	3	5
ENSG00000250309.2	0	0	0	0	0	0	0	0
ENSG00000086589.12	98	115	97	82	109	105	119	84
ENSG00000132912.13	328	287	313	325	300	260	306	285
ENSG00000256235.3	147	305	138	253	144	356	138	322
ENSG00000237693.5	0	0	1	0	0	1	0	0
ENSG00000145908.14	38	25	36	31	17	11	35	20
ENSG00000291115.1	5	7	2	6	3	3	3	2
ENSG00000197083.14	0	0	0	0	0	0	0	0
ENSG00000274235.1	0	0	0	0	0	0	0	0
ENSG00000277866.1	0	0	0	0	0	0	0	0
ENSG00000211445.13	187	3623	549	6879	268	2285	397	5184
ENSG00000145901.16	377	551	432	545	442	703	421	605
ENSG00000289970.1	0	0	0	0	0	1	1	0
ENSG00000197043.15	2140	4197	2122	3224	1892	3442	1805	3393
ENSG00000254298.1	0	0	0	0	0	0	0	0
ENSG00000285420.1	0	3	0	1	0	1	0	1
ENSG00000198624.13	93	928	127	745	64	490	142	673
ENSG00000196743.9	265	283	263	294	278	358	291	414
ENSG00000186334.10	1	0	0	0	0	0	0	2
ENSG00000186335.9	0	2	1	1	0	1	0	0
ENSG00000270904.1	0	0	0	0	1	0	0	0
ENSG00000290991.1	0	0	0	0	0	0	0	0
ENSG00000253897.3	0	0	0	0	0	0	0	0
ENSG00000253472.1	0	0	0	0	0	0	0	0
ENSG00000271494.1	0	0	0	0	0	0	0	0
ENSG00000123643.14	145	170	122	197	126	219	131	226
ENSG00000200227.1	0	0	0	0	0	0	0	0
ENSG00000086570.13	0	1	2	1	2	1	0	4
ENSG00000271795.1	3	3	1	1	0	2	3	0
ENSG00000276622.1	0	0	0	0	0	0	0	0
ENSG00000288081.1	0	0	0	0	0	0	0	0
ENSG00000260581.1	0	1	0	0	0	0	0	0
ENSG00000113140.11	7663	5891	7359	4693	7443	4571	7819	4729
ENSG00000249035.7	2	4	0	5	2	1	1	1
ENSG00000222102.1	0	0	0	0	0	0	0	0
ENSG00000272112.1	0	0	0	0	0	0	0	0
ENSG00000177556.12	131	113	138	123	159	133	122	119
ENSG00000253921.1	1	3	0	4	0	2	0	2
ENSG00000213433.5	1209	1246	862	696	717	674	722	705
ENSG00000275765.6	5	4	8	8	9	6	6	3
ENSG00000145907.16	627	718	465	600	540	627	528	588
ENSG00000145888.11	0	0	0	0	0	0	0	0
ENSG00000270978.1	317	2828	277	1879	319	1146	235	2932
ENSG00000222308.1	0	0	0	0	0	0	0	0
ENSG00000254226.6	0	1	0	0	0	0	0	3
ENSG00000286749.1	0	1	0	0	0	0	0	0
ENSG00000132911.5	0	0	0	0	0	0	0	0
ENSG00000242080.1	0	0	0	0	0	0	0	0
ENSG00000249484.9	0	1	3	0	1	0	1	1
ENSG00000155511.19	422	597	540	757	207	732	499	787
ENSG00000242976.3	0	0	0	0	0	0	0	0
ENSG00000251183.1	0	0	0	0	0	0	0	0
ENSG00000261382.1	0	0	0	0	0	0	0	0
ENSG00000055147.19	122	108	111	90	106	121	100	101
ENSG00000037749.13	160	167	147	185	141	193	169	168
ENSG00000164574.16	532	601	587	770	440	741	518	719
ENSG00000245275.9	20	12	14	11	15	27	15	19
ENSG00000253119.1	21	20	19	23	14	10	17	11
ENSG00000287695.1	0	0	1	0	1	0	0	0
ENSG00000221430.1	0	0	0	0	0	0	0	0
ENSG00000241963.3	0	0	0	0	1	0	0	0
ENSG00000164576.12	358	395	271	408	286	272	341	412
ENSG00000113196.3	0	0	0	0	0	0	0	0
ENSG00000254293.1	0	0	0	0	0	0	0	0
ENSG00000253886.1	77	88	114	103	79	104	67	78
ENSG00000253146.1	70	68	83	64	84	67	54	74
ENSG00000264760.1	0	0	0	0	0	0	0	0
ENSG00000155506.19	799	908	577	820	902	928	796	885
ENSG00000221552.1	0	0	0	0	0	0	0	0
ENSG00000274472.1	0	0	0	0	0	0	0	0
ENSG00000272197.2	0	0	0	0	0	0	0	0
ENSG00000241187.1	0	0	1	0	1	0	0	0
ENSG00000170271.11	451	406	387	643	365	250	397	542
ENSG00000277039.1	1	0	1	0	0	1	1	1
ENSG00000263361.1	0	0	1	2	1	1	1	0
ENSG00000155508.14	134	176	131	244	140	127	120	191
ENSG00000082516.9	113	98	74	125	98	102	87	94
ENSG00000082515.18	53	41	55	52	41	45	51	35
ENSG00000253261.1	5	4	6	5	11	5	6	9
ENSG00000226650.6	4	5	4	8	3	4	9	3
ENSG00000287963.1	0	1	0	0	0	0	0	1
ENSG00000253646.1	227	232	238	209	227	257	234	199
ENSG00000271477.1	2	0	2	2	2	1	1	0
ENSG00000270442.1	107	98	113	101	164	120	128	96
ENSG00000200275.1	1	1	1	2	0	1	0	0
ENSG00000170624.14	616	234	872	332	382	202	572	259
ENSG00000286690.1	0	0	0	0	0	0	0	1
ENSG00000253370.2	1	1	0	0	1	0	1	1
ENSG00000254163.1	0	0	0	0	0	0	0	0
ENSG00000199468.1	0	0	0	0	0	0	0	0
ENSG00000231989.5	94	104	120	115	106	89	89	101
ENSG00000145850.9	0	0	0	0	0	0	0	0
ENSG00000270560.1	1	4	0	0	0	0	0	0
ENSG00000113249.14	5	3	1	2	2	2	3	2
ENSG00000135077.10	3	4	5	2	3	2	6	2
ENSG00000254246.1	0	0	0	0	0	0	0	0
ENSG00000155868.8	44	36	39	36	24	29	34	26
ENSG00000113263.14	0	2	0	0	0	0	0	1
ENSG00000170613.4	0	0	0	0	0	0	0	0
ENSG00000253980.1	0	0	0	0	0	0	0	0
ENSG00000253653.1	0	0	0	0	0	0	0	0
ENSG00000055163.21	92	55	76	27	75	32	48	39
ENSG00000285868.1	0	0	0	0	0	0	0	0
ENSG00000172568.5	0	0	0	0	0	0	0	0
ENSG00000251405.3	0	0	0	0	1	0	0	0
ENSG00000248544.2	1	1	2	0	0	0	1	1
ENSG00000135074.16	132	121	109	211	125	139	110	212
ENSG00000253155.1	0	0	0	0	0	0	0	0
ENSG00000172548.15	2	0	0	0	0	0	0	0
ENSG00000253519.1	0	0	0	0	0	0	0	0
ENSG00000252068.1	0	0	0	0	0	0	0	0
ENSG00000254336.1	0	0	0	0	0	0	0	0
ENSG00000039600.11	0	1	1	0	1	3	1	0
ENSG00000187658.7	0	1	0	0	0	0	0	0
ENSG00000290601.1	0	0	0	0	0	0	0	0
ENSG00000253798.3	0	0	0	0	0	0	0	0
ENSG00000113272.14	50	50	46	46	44	22	54	60
ENSG00000155858.6	33	32	19	30	22	19	27	24
ENSG00000253630.1	1	3	2	12	2	3	4	9
ENSG00000113282.14	386	331	294	311	311	320	346	340
ENSG00000206819.1	0	0	0	0	0	0	0	0
ENSG00000244331.1	596	655	394	392	323	329	435	366
ENSG00000222626.1	0	0	0	0	0	0	0	0
ENSG00000253743.1	0	0	0	1	3	1	0	0
ENSG00000213414.3	313	321	316	261	303	316	271	275
ENSG00000253422.1	8	4	9	4	3	1	4	3
ENSG00000253792.1	0	0	0	0	0	0	0	0
ENSG00000253673.1	0	0	0	0	0	0	0	0
ENSG00000254047.2	1	0	0	1	0	0	2	1
ENSG00000253449.1	0	0	0	0	0	0	0	0
ENSG00000253424.1	0	0	0	0	0	0	0	0
ENSG00000253134.1	0	0	0	0	0	0	0	0
ENSG00000276778.1	0	0	0	0	0	0	0	0
ENSG00000254350.1	0	0	0	0	0	0	0	0
ENSG00000272085.1	0	0	0	0	0	0	0	0
ENSG00000254135.3	0	0	0	0	0	0	0	0
ENSG00000164330.18	104	197	131	276	98	177	103	235
ENSG00000253811.1	0	0	0	0	0	0	0	0
ENSG00000253456.1	0	0	0	0	0	0	0	0
ENSG00000245812.5	7	28	20	44	13	24	15	40
ENSG00000279204.1	3	6	12	22	5	16	2	20
ENSG00000145860.13	217	240	178	197	240	314	178	185
ENSG00000253256.1	0	0	0	0	0	0	0	0
ENSG00000253315.1	0	0	0	0	0	0	0	0
ENSG00000252458.1	0	0	0	0	0	0	0	0
ENSG00000288764.2	0	1	1	0	0	0	0	1
ENSG00000164332.8	169	167	120	185	160	158	151	139
ENSG00000249738.10	0	1	0	1	0	0	0	0
ENSG00000113302.6	1	0	0	0	0	2	0	0
ENSG00000221601.1	0	0	0	0	0	0	0	0
ENSG00000253298.2	0	0	0	0	0	0	0	0
ENSG00000283413.1	0	0	0	0	0	0	0	0
ENSG00000253311.3	0	1	0	1	1	0	0	0
ENSG00000170214.5	4	77	10	96	3	68	6	69
ENSG00000248626.1	1253	952	1000	811	1019	1199	965	803
ENSG00000199398.1	0	0	0	0	0	0	0	0
ENSG00000113312.12	154	155	140	154	134	132	150	137
ENSG00000223908.5	24	24	17	22	21	16	23	21
ENSG00000170234.13	71	54	35	53	64	59	65	48
ENSG00000170231.16	0	0	0	0	0	0	0	0
ENSG00000247699.2	1	0	0	0	0	1	1	0
ENSG00000253772.1	10	5	6	5	5	8	7	7
ENSG00000135083.17	5	3	4	1	1	3	1	1
ENSG00000254373.1	421	393	414	311	480	344	403	305
ENSG00000270612.1	34	36	24	37	27	34	33	26
ENSG00000145861.9	26	12	20	10	10	5	28	7
ENSG00000221886.4	21	15	18	12	15	17	15	14
ENSG00000164609.10	246	239	234	243	261	223	237	273
ENSG00000164611.13	17	27	17	12	20	11	21	16
ENSG00000253522.6	0	0	0	0	0	0	0	0
ENSG00000265237.1	0	0	0	0	0	0	0	0
ENSG00000283733.1	0	0	0	0	0	0	0	0
ENSG00000118322.14	0	0	0	0	0	0	0	0
ENSG00000253687.1	0	0	0	0	0	0	0	0
ENSG00000254391.1	0	0	0	0	0	0	0	0
ENSG00000253417.5	0	0	0	0	0	0	0	0
ENSG00000145864.14	0	0	0	0	1	0	1	0
ENSG00000145863.11	0	0	0	0	1	0	0	0
ENSG00000253403.1	0	0	0	0	0	0	0	0
ENSG00000118990.5	0	0	0	0	0	1	0	0
ENSG00000022355.18	0	0	0	0	0	0	0	0
ENSG00000280776.2	0	0	0	0	0	1	0	0
ENSG00000113327.17	0	0	0	0	0	0	0	0
ENSG00000254186.3	0	1	0	0	0	0	1	0
ENSG00000201474.1	0	0	0	0	0	0	0	0
ENSG00000254351.1	0	0	2	0	1	0	0	0
ENSG00000249449.1	0	0	0	0	0	0	0	0
ENSG00000250114.1	0	0	0	0	0	0	0	0
ENSG00000113328.20	1343	966	1072	1050	1203	761	1121	940
ENSG00000170584.11	71	121	74	107	72	70	89	139
ENSG00000072571.20	5	11	1	15	2	10	5	7
ENSG00000251018.2	0	0	0	0	0	0	0	1
ENSG00000038274.18	353	412	257	434	264	297	289	391
ENSG00000285590.1	0	0	0	0	0	0	0	0
ENSG00000224012.3	191	313	258	512	219	483	228	272
ENSG00000251998.1	0	0	0	0	0	0	0	0
ENSG00000273569.1	0	0	0	1	0	0	1	0
ENSG00000271679.1	0	0	0	0	0	0	0	0
ENSG00000253331.1	0	0	0	0	0	0	0	0
ENSG00000253538.1	0	0	0	0	0	0	0	0
ENSG00000241956.11	2	0	0	0	1	1	2	0
ENSG00000253236.2	0	0	0	0	0	0	0	0
ENSG00000253600.1	0	0	0	0	0	0	0	0
ENSG00000206845.1	0	0	0	0	0	0	0	0
ENSG00000285549.1	0	0	0	0	0	0	0	0
ENSG00000254066.2	0	0	0	0	0	0	0	0
ENSG00000253693.1	0	0	0	0	0	0	0	0
ENSG00000252794.1	0	0	0	0	0	0	0	0
ENSG00000253512.1	13	10	15	12	14	21	10	11
ENSG00000253946.1	0	0	0	0	0	0	0	0
ENSG00000254252.1	0	1	0	1	0	0	1	0
ENSG00000254171.1	0	0	0	0	0	0	0	0
ENSG00000229119.3	2427	2729	1366	1331	1042	1123	1457	1364
ENSG00000254130.1	0	0	0	0	0	0	0	0
ENSG00000145934.17	0	2	0	2	1	5	2	6
ENSG00000253713.1	0	0	0	0	0	0	0	0
ENSG00000253469.1	0	0	0	0	0	0	0	0
ENSG00000254365.1	0	0	0	0	0	0	0	0
ENSG00000254297.1	0	0	2	0	1	0	0	0
ENSG00000253527.1	0	0	0	0	0	0	0	0
ENSG00000289264.1	0	0	0	0	0	0	0	0
ENSG00000254187.1	0	1	1	0	1	0	0	0
ENSG00000253357.1	0	0	0	0	0	0	0	0
ENSG00000253660.1	0	0	0	0	0	0	0	0
ENSG00000253947.1	0	0	0	0	0	0	0	0
ENSG00000253065.1	0	0	0	0	0	0	0	0
ENSG00000253925.1	0	0	0	0	0	0	0	0
ENSG00000279739.1	0	0	0	0	0	0	0	1
ENSG00000253978.2	0	0	0	0	0	0	0	0
ENSG00000113645.15	13	36	12	19	20	64	12	26
ENSG00000113643.9	315	292	293	291	323	299	245	225
ENSG00000188573.8	7	4	6	4	0	0	1	2
ENSG00000120137.7	253	204	209	187	219	192	215	207
ENSG00000253861.1	0	0	0	0	0	0	0	0
ENSG00000199035.2	0	0	0	0	0	0	0	0
ENSG00000283612.1	0	0	0	0	0	0	0	0
ENSG00000233913.7	5718	5611	3804	3539	3639	3804	4263	4007
ENSG00000254192.1	3	2	2	2	1	0	2	2
ENSG00000184347.16	3507	2812	3906	3012	2005	1824	3602	3334
ENSG00000254042.2	1	2	1	0	2	0	2	0
ENSG00000207739.1	0	0	0	0	0	0	0	0
ENSG00000202345.1	0	0	0	0	0	0	0	0
ENSG00000248965.1	0	0	0	0	0	0	0	0
ENSG00000279752.1	0	0	0	0	0	0	0	0
ENSG00000248222.5	0	0	1	0	0	0	0	0
ENSG00000207619.1	0	0	0	0	0	0	0	0
ENSG00000288912.1	0	0	0	0	0	0	0	0
ENSG00000206614.1	0	0	0	0	0	0	0	0
ENSG00000040275.17	53	54	59	32	31	28	58	30
ENSG00000134516.20	38	31	41	31	29	20	29	29
ENSG00000253269.1	0	0	0	0	0	0	0	0
ENSG00000289702.1	0	1	0	0	0	0	0	0
ENSG00000204767.4	42	24	30	9	11	6	22	14
ENSG00000263831.1	0	0	0	0	0	0	0	0
ENSG00000168269.10	0	0	0	0	0	0	0	0
ENSG00000253219.1	0	0	0	0	1	1	0	0
ENSG00000249601.2	0	0	0	0	0	0	0	0
ENSG00000234511.11	0	0	0	0	0	0	0	0
ENSG00000043462.13	0	0	0	0	0	0	0	0
ENSG00000288615.1	0	0	0	0	0	0	0	0
ENSG00000235172.9	1	1	0	1	0	0	2	1
ENSG00000250274.2	0	0	0	0	0	0	0	0
ENSG00000182132.15	0	0	0	0	0	0	0	0
ENSG00000145936.9	1	1	0	0	2	2	0	0
ENSG00000253647.1	0	0	0	0	0	0	0	0
ENSG00000253858.1	0	0	0	0	0	0	0	0
ENSG00000253591.2	0	0	0	0	0	0	0	0
ENSG00000253348.1	0	0	1	0	0	0	0	0
ENSG00000094755.17	0	0	0	0	1	0	0	0
ENSG00000204764.14	4	7	0	3	0	0	3	6
ENSG00000244501.3	0	0	0	0	0	0	0	0
ENSG00000253966.1	0	0	0	0	0	0	0	1
ENSG00000253213.1	48	41	53	57	48	38	41	81
ENSG00000275038.2	0	0	0	0	0	0	0	0
ENSG00000164438.6	0	0	0	0	0	0	0	0
ENSG00000213393.5	0	0	0	0	0	0	0	0
ENSG00000265740.2	0	0	0	0	1	0	0	0
ENSG00000254256.1	0	0	0	0	0	2	1	2
ENSG00000206909.1	2	2	1	3	2	0	1	0
ENSG00000254012.1	94	98	42	51	47	51	63	71
ENSG00000264249.1	0	0	0	0	0	0	0	0
ENSG00000181163.14	1954	1812	2194	1839	2196	1790	2077	1692
ENSG00000156427.8	8	11	11	15	2	0	10	14
ENSG00000285914.1	0	0	0	0	0	0	0	0
ENSG00000253110.1	0	0	0	0	0	0	0	0
ENSG00000185662.11	0	0	0	0	0	0	0	0
ENSG00000072803.18	387	319	311	345	348	292	337	357
ENSG00000288799.1	0	0	0	0	0	0	0	0
ENSG00000072786.13	116	155	128	128	124	168	150	162
ENSG00000214360.5	1	0	0	1	0	0	0	0
ENSG00000168246.6	159	150	156	124	143	123	170	143
ENSG00000212529.1	0	0	0	0	0	0	0	0
ENSG00000253218.1	37	34	36	25	41	28	40	39
ENSG00000174705.13	764	1252	484	724	625	619	626	1154
ENSG00000287814.1	0	0	0	0	0	0	0	0
ENSG00000254299.3	0	1	1	1	0	1	0	0
ENSG00000280318.1	0	0	0	0	0	0	1	0
ENSG00000214357.9	42	28	42	18	8	15	35	12
ENSG00000253683.1	195	248	229	217	216	237	177	170
ENSG00000265160.1	0	0	0	0	0	0	0	0
ENSG00000253445.1	0	0	0	0	0	0	0	0
ENSG00000253295.2	6	9	11	9	10	14	10	7
ENSG00000213386.3	17	21	13	21	23	25	26	24
ENSG00000253736.5	1	2	1	4	1	0	3	3
ENSG00000120129.6	138	1117	196	1278	133	887	155	1411
ENSG00000289170.1	0	0	0	0	0	0	0	0
ENSG00000206741.1	0	0	0	0	0	0	0	0
ENSG00000270243.1	0	0	0	0	0	0	0	0
ENSG00000290019.1	0	0	0	0	1	0	0	1
ENSG00000288737.2	0	0	0	0	0	0	0	0
ENSG00000253628.2	0	0	0	0	0	1	0	0
ENSG00000113719.17	956	1507	1162	1793	989	1707	1047	1621
ENSG00000204758.8	0	3	6	6	5	5	8	2
ENSG00000254295.1	0	0	0	1	0	0	0	0
ENSG00000037241.7	56	64	56	66	63	68	57	50
ENSG00000253785.1	298	223	265	176	291	202	209	137
ENSG00000113732.9	724	915	674	803	691	708	589	656
ENSG00000254328.1	0	0	0	0	0	1	0	0
ENSG00000212402.1	0	0	0	0	0	0	0	0
ENSG00000207210.1	0	0	0	0	0	0	0	0
ENSG00000164463.12	318	342	213	351	280	206	270	417
ENSG00000253439.1	292	250	256	229	269	283	257	222
ENSG00000253172.1	0	0	0	0	0	0	0	0
ENSG00000113734.18	17	26	41	21	34	26	28	20
ENSG00000254200.1	312	325	268	238	270	250	250	221
ENSG00000183072.10	0	0	0	0	0	0	0	0
ENSG00000289493.2	0	0	0	0	0	0	0	0
ENSG00000201277.1	0	0	0	0	0	0	0	0
ENSG00000252169.1	0	0	0	0	0	0	0	0
ENSG00000113739.11	2606	2918	1460	4784	1136	2380	3888	8116
ENSG00000274994.1	0	0	0	0	0	0	0	0
ENSG00000199219.1	0	0	0	0	0	0	0	0
ENSG00000253968.2	0	0	0	2	0	0	0	2
ENSG00000253141.2	1	1	1	2	0	0	1	3
ENSG00000253768.1	0	1	0	0	0	1	0	1
ENSG00000254164.1	0	0	0	1	0	0	0	0
ENSG00000253955.2	0	2	3	0	2	0	2	0
ENSG00000145919.11	262	234	156	187	242	205	301	262
ENSG00000253959.1	0	0	0	0	0	0	0	0
ENSG00000253428.1	0	0	0	0	0	0	0	0
ENSG00000253686.2	1	0	0	1	0	0	2	2
ENSG00000287003.1	0	0	0	0	0	0	0	0
ENSG00000254211.6	0	1	0	0	0	0	0	0
ENSG00000113742.14	131	99	97	102	134	160	122	115
ENSG00000289085.1	1	0	0	0	0	0	0	0
ENSG00000185056.10	0	0	0	0	0	0	0	0
ENSG00000253109.1	0	0	0	0	0	0	0	0
ENSG00000170091.11	0	0	0	0	0	0	0	0
ENSG00000253244.1	0	0	0	0	0	0	0	0
ENSG00000253447.6	0	0	0	0	0	0	0	0
ENSG00000254011.1	0	0	0	0	0	0	0	0
ENSG00000249722.1	0	1	0	0	0	0	0	0
ENSG00000249306.7	0	1	0	0	0	0	1	0
ENSG00000213376.4	808	649	623	447	618	616	477	372
ENSG00000249031.1	0	0	0	0	0	0	0	0
ENSG00000250256.1	0	0	0	0	0	0	0	0
ENSG00000248929.1	61	167	80	141	84	133	75	177
ENSG00000120149.9	42	24	21	5	23	11	95	30
ENSG00000251670.1	0	0	0	0	0	0	0	0
ENSG00000266890.1	0	0	0	0	0	0	0	0
ENSG00000251144.1	2	1	1	1	0	0	1	4
ENSG00000204754.3	0	0	1	0	2	0	3	1
ENSG00000251122.1	17	22	23	21	32	25	12	17
ENSG00000248293.1	5	1	1	1	5	0	1	2
ENSG00000249403.1	0	0	0	0	0	0	0	0
ENSG00000248355.1	0	0	0	0	0	0	0	0
ENSG00000184845.4	0	0	1	0	0	0	0	0
ENSG00000286350.1	0	0	0	0	0	0	0	0
ENSG00000164466.13	168	137	136	125	178	188	146	121
ENSG00000270839.1	0	0	0	0	0	0	0	0
ENSG00000222111.1	0	0	0	0	0	0	0	0
ENSG00000113749.8	0	0	0	0	3	1	0	0
ENSG00000200648.1	0	0	0	0	0	0	0	0
ENSG00000145920.15	0	0	0	0	0	0	0	0
ENSG00000280068.1	0	0	0	0	0	0	0	0
ENSG00000250820.1	0	0	0	0	0	0	0	0
ENSG00000051596.10	12	8	11	18	16	9	18	14
ENSG00000250801.2	0	0	0	0	0	0	0	0
ENSG00000272494.1	0	0	0	0	0	0	0	0
ENSG00000250992.4	1	0	0	0	0	0	0	0
ENSG00000248469.1	1	0	0	1	0	0	0	0
ENSG00000289731.1	4	1	2	2	6	2	1	1
ENSG00000251623.3	0	0	0	0	0	0	0	0
ENSG00000251458.1	0	0	0	0	0	0	0	0
ENSG00000290935.1	0	0	0	0	0	0	0	0
ENSG00000248596.8	0	1	0	0	0	0	0	0
ENSG00000283559.3	0	0	0	0	0	0	0	0
ENSG00000287579.1	0	0	0	0	0	0	0	0
ENSG00000283235.2	0	0	0	0	0	0	0	0
ENSG00000270989.1	0	0	0	0	0	0	1	0
ENSG00000170085.18	39	48	52	47	23	52	37	43
ENSG00000251667.1	48	29	28	38	30	31	32	24
ENSG00000122203.15	504	478	452	558	510	600	410	494
ENSG00000250909.1	2	0	0	0	1	0	0	1
ENSG00000251414.1	1	1	1	0	4	6	5	0
ENSG00000175414.7	153	100	94	69	120	155	128	98
ENSG00000221464.1	0	0	0	0	0	0	1	0
ENSG00000048162.22	25	26	31	30	25	41	32	34
ENSG00000146066.3	141	121	101	101	108	109	90	92
ENSG00000175416.16	157	208	176	199	140	150	147	192
ENSG00000280139.1	0	0	0	0	0	0	0	0
ENSG00000113194.13	332	363	339	318	367	358	311	312
ENSG00000146083.12	73	85	65	65	88	64	65	78
ENSG00000074276.11	3	0	0	1	2	1	0	0
ENSG00000243959.3	0	0	0	0	0	0	0	0
ENSG00000207420.1	0	0	0	0	0	0	0	0
ENSG00000169258.7	13	10	13	11	29	17	7	12
ENSG00000074317.11	0	1	1	0	0	0	0	0
ENSG00000266329.1	0	0	0	0	0	0	0	0
ENSG00000175766.13	0	1	0	0	0	0	1	0
ENSG00000048140.18	161	163	159	163	193	229	191	171
ENSG00000248484.1	0	0	0	0	0	0	0	0
ENSG00000251446.1	0	0	0	0	0	0	0	0
ENSG00000248859.2	0	0	0	0	0	0	0	0
ENSG00000113763.12	0	0	0	1	0	0	0	0
ENSG00000160883.11	0	0	0	0	0	0	0	0
ENSG00000087206.17	107	105	75	73	76	76	75	89
ENSG00000113761.12	53	58	59	71	51	66	68	59
ENSG00000251666.1	0	1	2	0	0	0	0	1
ENSG00000160867.15	97	70	86	33	61	38	86	50
ENSG00000165671.22	292	251	345	252	356	284	270	266
ENSG00000286634.1	1	0	0	0	0	1	0	0
ENSG00000240729.1	0	0	0	0	0	0	1	1
ENSG00000270706.1	0	0	0	0	0	0	0	0
ENSG00000169228.14	31	28	29	24	25	26	16	23
ENSG00000213347.11	12	8	16	8	7	7	8	11
ENSG00000169230.10	108	105	84	65	79	93	67	74
ENSG00000169223.16	523	531	434	354	415	432	335	356
ENSG00000239393.1	0	1	4	4	2	4	3	4
ENSG00000169220.18	20	11	15	8	24	13	11	13
ENSG00000131183.11	0	0	0	0	0	0	0	0
ENSG00000196570.3	0	0	0	0	0	0	0	0
ENSG00000131187.11	4	3	3	1	3	6	1	0
ENSG00000198055.11	59	71	47	52	51	72	64	52
ENSG00000246334.3	0	1	2	1	4	2	1	0
ENSG00000131188.12	4	4	4	4	3	6	13	2
ENSG00000113758.14	698	663	747	525	764	749	715	560
ENSG00000279821.1	17	15	14	3	5	7	9	8
ENSG00000196923.14	519	793	744	747	508	1075	552	600
ENSG00000248996.1	0	3	1	0	0	0	0	0
ENSG00000146094.16	14	20	7	2	11	16	5	5
ENSG00000183258.12	217	181	212	162	236	279	192	164
ENSG00000146067.17	255	246	207	157	185	162	215	147
ENSG00000272459.1	0	1	1	2	1	2	2	2
ENSG00000184840.12	694	612	661	586	584	691	593	511
ENSG00000027847.14	93	79	107	55	107	96	86	71
ENSG00000247679.3	19	16	14	12	19	15	12	9
ENSG00000291283.1	0	1	0	4	0	1	1	0
ENSG00000246596.8	1	6	2	0	1	1	6	1
ENSG00000290968.1	2	0	0	0	0	1	0	0
ENSG00000249849.1	0	0	0	0	0	0	0	0
ENSG00000170074.21	3	2	2	3	1	0	2	1
ENSG00000249109.1	14	7	7	5	4	3	3	8
ENSG00000248943.1	0	0	0	0	0	0	0	0
ENSG00000291113.1	14	12	10	15	9	6	9	9
ENSG00000214351.5	0	0	0	0	0	0	0	0
ENSG00000249186.2	0	0	0	0	0	0	0	0
ENSG00000170089.18	0	0	0	0	0	0	0	0
ENSG00000250101.1	0	0	0	0	1	0	0	0
ENSG00000249684.6	2	1	1	3	1	0	1	1
ENSG00000280207.1	0	0	0	0	0	0	0	0
ENSG00000249129.1	39	44	34	25	54	27	37	34
ENSG00000175325.2	0	0	0	0	0	0	0	0
ENSG00000204677.13	2	2	1	7	4	5	3	0
ENSG00000218227.3	0	0	0	0	0	0	0	0
ENSG00000145911.6	18	11	34	11	12	3	22	9
ENSG00000145916.19	94	77	97	76	95	83	123	79
ENSG00000145912.10	90	86	74	58	76	86	70	61
ENSG00000289726.1	0	0	0	0	0	0	1	0
ENSG00000251211.1	80	69	61	62	71	74	44	46
ENSG00000244234.3	47	51	36	45	39	39	37	39
ENSG00000289390.1	0	1	2	2	1	2	1	0
ENSG00000197451.12	201	272	172	194	220	221	174	183
ENSG00000175309.15	134	140	145	90	140	129	111	115
ENSG00000050767.18	0	2	0	0	0	0	0	0
ENSG00000271681.1	9	15	10	13	11	17	10	11
ENSG00000253698.1	0	0	0	0	0	0	0	0
ENSG00000242341.3	0	0	0	0	0	0	0	0
ENSG00000245688.1	0	0	0	0	0	0	0	0
ENSG00000113240.14	150	187	136	176	166	129	188	197
ENSG00000252464.1	1	3	3	1	1	0	3	3
ENSG00000286713.1	0	0	0	0	0	0	0	0
ENSG00000285891.2	0	0	0	0	0	0	0	0
ENSG00000285978.1	0	0	0	0	0	0	0	0
ENSG00000169131.13	21	28	35	34	32	32	48	38
ENSG00000291019.1	0	0	0	0	0	0	0	0
ENSG00000250420.9	6	6	5	8	8	5	6	4
ENSG00000274813.1	0	0	0	0	0	0	0	0
ENSG00000253725.1	2	1	1	1	4	4	2	0
ENSG00000278441.1	0	0	0	0	0	0	0	0
ENSG00000178338.11	33	27	27	26	39	24	37	34
ENSG00000206624.1	0	0	0	0	0	0	0	0
ENSG00000198939.8	10	6	12	9	6	4	11	7
ENSG00000213328.3	16	43	17	29	11	26	21	30
ENSG00000253869.1	130	153	131	145	167	155	127	142
ENSG00000272431.1	0	0	0	0	0	0	0	0
ENSG00000178187.8	1	3	6	4	6	2	8	2
ENSG00000254035.1	1	0	0	0	0	1	1	0
ENSG00000113262.16	1	0	2	1	0	1	2	1
ENSG00000254158.1	51	41	43	30	35	45	47	41
ENSG00000234284.7	14	17	16	15	20	12	17	10
ENSG00000177932.7	188	137	169	160	161	162	147	156
ENSG00000253144.1	0	0	0	0	0	0	0	0
ENSG00000087116.17	637	1182	681	984	721	1078	757	1094
ENSG00000253979.1	0	0	0	0	0	0	0	0
ENSG00000253163.1	0	0	0	0	0	0	0	1
ENSG00000253617.2	0	0	0	0	0	0	0	0
ENSG00000250674.1	0	0	0	0	0	0	0	0
ENSG00000274716.1	0	0	0	0	0	0	0	0
ENSG00000253652.1	0	0	0	0	0	0	0	0
ENSG00000251545.2	0	0	0	0	0	0	0	0
ENSG00000253520.1	2	1	3	2	0	1	0	0
ENSG00000290043.1	6	6	6	5	6	1	5	5
ENSG00000176783.15	220	215	220	225	192	157	232	183
ENSG00000249140.1	7	5	6	3	9	5	9	2
ENSG00000244945.1	1	4	0	2	5	2	2	2
ENSG00000169045.19	890	1068	705	786	676	770	713	751
ENSG00000273549.1	1	1	1	0	1	0	0	0
ENSG00000204661.9	0	2	0	0	0	0	0	0
ENSG00000228259.3	0	0	0	0	0	0	0	0
ENSG00000250999.2	1	3	6	3	1	3	3	2
ENSG00000204659.5	1	0	0	0	0	0	0	0
ENSG00000127022.16	2981	2704	2825	2785	3322	3545	2860	2503
ENSG00000225051.5	20	15	28	24	31	16	27	15
ENSG00000161021.13	187	205	138	157	180	162	159	169
ENSG00000213316.10	4	1	5	1	2	0	2	1
ENSG00000161013.17	1173	1277	969	1105	1351	1439	1046	1230
ENSG00000221394.1	0	0	0	0	0	0	0	0
ENSG00000161011.20	3325	1752	2112	1311	2669	1327	2438	1399
ENSG00000161010.16	149	99	121	82	139	89	126	76
ENSG00000222448.1	0	1	0	1	0	1	0	0
ENSG00000252202.1	0	0	0	0	0	0	0	0
ENSG00000245317.2	5	7	5	9	4	3	3	9
ENSG00000197226.13	1036	1050	852	798	975	1215	895	885
ENSG00000113269.14	293	258	279	285	176	156	267	258
ENSG00000242979.1	0	0	0	0	0	0	0	0
ENSG00000249876.1	5	4	8	8	7	7	3	7
ENSG00000249412.1	0	0	0	0	0	0	0	0
ENSG00000285865.1	0	0	0	0	0	0	0	0
ENSG00000198995.3	0	0	0	0	0	0	0	0
ENSG00000278965.1	0	0	0	0	0	0	0	0
ENSG00000253480.1	36	29	21	21	30	12	26	27
ENSG00000146090.16	1	0	0	0	0	0	0	0
ENSG00000229721.3	0	0	0	0	0	0	0	0
ENSG00000050748.18	199	176	188	187	187	147	221	171
ENSG00000253908.1	0	0	1	0	0	1	2	0
ENSG00000248367.2	1	1	2	0	2	0	2	0
ENSG00000131459.13	153	441	124	281	109	133	101	319
ENSG00000250509.2	1	0	0	0	2	3	0	0
ENSG00000200555.1	0	0	0	0	0	0	0	0
ENSG00000289839.1	0	0	0	0	0	0	0	0
ENSG00000113300.13	131	111	108	122	148	141	126	97
ENSG00000250749.1	6	3	2	5	1	3	4	4
ENSG00000161055.4	0	0	0	0	0	0	0	0
ENSG00000037280.16	1	5	0	0	2	3	1	0
ENSG00000251352.1	0	1	1	1	0	0	0	1
ENSG00000248717.2	0	0	0	0	0	0	0	0
ENSG00000236791.2	0	0	0	0	0	0	0	0
ENSG00000199892.2	0	0	0	0	0	0	0	0
ENSG00000174339.3	0	0	0	0	0	0	0	0
ENSG00000131446.17	826	1386	852	1297	677	1251	872	1484
ENSG00000280161.1	0	3	0	0	0	2	0	1
ENSG00000278970.4	11	14	18	18	18	15	26	27
ENSG00000245060.8	13	14	16	20	20	25	11	16
ENSG00000286128.1	0	0	0	0	0	0	0	0
ENSG00000196670.14	72	66	84	65	96	109	74	58
ENSG00000113303.12	0	0	0	0	0	0	0	0
ENSG00000222852.1	0	0	0	0	0	0	0	0
ENSG00000243664.1	109	76	137	153	88	123	152	128
ENSG00000249287.1	14	10	22	12	17	15	24	5
ENSG00000248761.1	4	1	5	5	3	2	5	2
ENSG00000231228.4	42	40	45	34	34	50	39	42
ENSG00000168903.9	0	0	0	0	0	0	0	0
ENSG00000206686.1	0	0	0	0	0	0	0	0
ENSG00000165810.17	0	1	0	0	0	0	0	0
ENSG00000277912.1	0	0	0	0	0	0	0	0
ENSG00000241870.1	0	0	0	0	0	0	0	0
ENSG00000214295.4	4	8	2	10	1	8	2	13
ENSG00000248560.1	11	7	5	5	7	2	12	4
ENSG00000185372.4	0	0	0	0	0	0	0	0
ENSG00000182613.3	0	1	0	0	1	0	0	1
ENSG00000248473.2	0	0	1	1	0	0	1	1
ENSG00000250222.4	3	1	3	1	3	0	2	0
ENSG00000146054.18	4	7	4	2	3	2	3	4
ENSG00000250900.6	0	0	0	1	0	0	0	0
ENSG00000248514.1	0	0	0	1	0	0	0	1
ENSG00000286644.1	0	0	0	0	0	0	0	0
ENSG00000146063.20	172	232	148	180	150	156	143	196
ENSG00000264732.1	0	0	0	0	0	0	0	0
ENSG00000247049.2	0	0	0	0	0	0	0	0
ENSG00000204628.12	4779	4869	4003	3308	4024	3290	3420	3343
ENSG00000272296.1	0	0	0	0	0	0	0	0
ENSG00000264549.1	0	0	0	0	0	0	0	0
ENSG00000233937.9	3	2	4	5	2	6	6	4
ENSG00000183718.6	34	45	34	38	38	24	30	37
ENSG00000248275.3	13	14	8	19	19	13	27	13
ENSG00000286310.1	1	1	1	0	0	0	0	0
ENSG00000248103.1	1	0	0	1	1	0	1	0
ENSG00000274525.1	1	4	3	3	2	2	3	0
ENSG00000222533.1	0	0	0	0	1	1	1	0
ENSG00000238035.8	48	53	96	49	73	49	59	35
ENSG00000274553.1	21	14	27	11	27	24	27	20
ENSG00000291218.1	0	0	0	1	0	0	0	0
ENSG00000250765.1	0	0	0	0	0	0	0	0
ENSG00000230178.1	0	0	0	0	0	0	0	0
ENSG00000251035.1	0	1	0	1	3	1	0	1
ENSG00000213285.4	2	3	7	2	5	2	3	4
ENSG00000271530.1	0	0	0	0	0	0	0	0
ENSG00000220212.1	0	0	0	0	0	0	0	0
ENSG00000217929.4	18	21	31	16	18	29	23	19
ENSG00000218577.1	0	0	0	0	0	0	1	0
ENSG00000263667.4	1	1	0	1	0	0	0	0
ENSG00000285578.1	0	0	0	0	0	0	0	0
ENSG00000205653.2	0	0	0	0	0	0	0	0
ENSG00000287265.1	1	0	0	0	2	0	2	0
ENSG00000112679.15	136	183	106	157	121	120	154	191
ENSG00000137265.16	34	83	17	66	12	10	60	95
ENSG00000286364.1	2	13	3	2	4	5	2	9
ENSG00000112685.14	214	206	158	164	195	180	180	156
ENSG00000230433.1	0	0	0	0	0	0	0	0
ENSG00000188996.5	0	0	0	0	0	0	0	0
ENSG00000219712.1	0	0	0	0	0	0	0	0
ENSG00000271727.2	3	0	0	0	0	0	2	1
ENSG00000272463.2	6	7	0	3	5	2	2	6
ENSG00000287293.1	0	0	1	0	1	1	0	0
ENSG00000271911.1	1	0	0	1	0	0	0	0
ENSG00000272485.1	1	0	0	0	0	0	0	0
ENSG00000276687.1	0	0	0	0	0	0	0	0
ENSG00000286785.1	3	3	3	1	6	2	6	4
ENSG00000270937.1	0	0	1	0	0	0	2	0
ENSG00000176515.1	0	0	0	0	0	0	0	0
ENSG00000286324.2	0	0	0	0	0	0	0	0
ENSG00000289842.1	0	0	1	0	1	2	2	0
ENSG00000164379.7	34	35	25	21	46	33	37	10
ENSG00000281809.1	5	3	4	5	1	5	5	3
ENSG00000261730.1	29	17	13	6	12	10	12	8
ENSG00000137273.6	620	502	540	273	511	334	542	277
ENSG00000275859.1	0	0	0	0	0	0	0	0
ENSG00000243439.3	0	0	1	0	0	0	0	0
ENSG00000218027.2	76	77	87	81	103	54	76	67
ENSG00000272279.1	1	1	2	2	0	0	0	3
ENSG00000280916.4	6	4	6	5	5	3	5	2
ENSG00000054598.9	105	84	82	73	104	96	142	115
ENSG00000112699.11	103	67	67	51	80	52	70	42
ENSG00000285603.1	0	0	0	0	0	0	0	0
ENSG00000250903.11	34	31	38	30	46	26	39	31
ENSG00000236086.4	6	0	5	2	1	2	1	3
ENSG00000286512.1	0	0	0	0	2	0	0	1
ENSG00000272465.1	1	1	0	0	0	0	0	0
ENSG00000287903.1	0	0	0	0	0	0	0	0
ENSG00000280423.1	0	0	1	0	0	0	0	0
ENSG00000228718.2	0	0	0	0	0	0	0	0
ENSG00000164385.11	1	0	1	0	0	0	1	2
ENSG00000145949.12	12	11	8	9	6	7	13	16
ENSG00000124535.16	149	147	109	122	104	152	148	150
ENSG00000021355.13	113	158	95	151	108	125	93	149
ENSG00000230438.9	9	2	23	24	46	28	0	5
ENSG00000266750.1	0	1	0	0	0	1	0	0
ENSG00000170542.6	28	27	27	43	32	43	24	56
ENSG00000232999.1	0	0	0	0	0	0	0	0
ENSG00000228365.1	0	0	0	0	0	0	0	0
ENSG00000124570.21	411	347	359	299	411	301	351	281
ENSG00000244041.7	2	4	6	3	2	2	5	2
ENSG00000124588.22	75	62	42	46	61	51	66	51
ENSG00000224846.3	0	0	0	0	0	0	1	0
ENSG00000271361.1	1	2	0	0	3	3	1	0
ENSG00000288612.1	2	1	3	2	5	0	1	1
ENSG00000274855.1	0	0	0	0	0	0	0	0
ENSG00000232654.1	6	8	6	6	6	12	8	13
ENSG00000217707.2	0	0	0	0	0	0	0	0
ENSG00000229282.2	0	0	0	1	1	0	1	0
ENSG00000137275.16	207	210	214	194	205	238	186	203
ENSG00000272277.1	0	0	0	1	0	0	1	0
ENSG00000222248.1	0	0	0	0	0	0	0	0
ENSG00000137274.13	30	16	22	15	37	31	22	13
ENSG00000228170.1	0	0	0	0	0	0	0	0
ENSG00000137267.7	46	68	49	21	26	61	22	30
ENSG00000216819.1	5	1	4	2	4	2	2	0
ENSG00000230269.7	0	0	0	0	0	0	0	0
ENSG00000137285.11	21	26	33	22	26	43	23	16
ENSG00000288840.1	0	0	1	0	0	0	0	2
ENSG00000180822.12	26	31	26	26	21	30	24	23
ENSG00000137266.15	65	22	33	13	52	17	30	16
ENSG00000272320.1	0	0	1	0	1	1	1	1
ENSG00000228793.3	2	1	1	0	3	0	1	0
ENSG00000270477.1	0	0	0	0	0	0	0	0
ENSG00000168994.14	166	301	183	459	174	280	135	455
ENSG00000270504.1	59	83	67	131	87	106	67	111
ENSG00000219992.2	0	4	8	3	7	5	1	5
ENSG00000238158.6	0	0	0	0	1	0	0	0
ENSG00000233068.3	0	0	0	0	2	0	0	0
ENSG00000145945.7	33	39	21	26	16	26	27	28
ENSG00000260604.3	1	0	0	0	2	1	0	0
ENSG00000218472.2	4	6	1	2	3	1	1	0
ENSG00000217135.2	0	0	0	0	0	0	0	0
ENSG00000217566.2	0	0	0	0	0	0	0	0
ENSG00000216657.1	109	122	101	103	115	100	124	102
ENSG00000279926.1	1	0	0	0	1	1	1	1
ENSG00000288904.2	1	3	1	1	2	4	1	0
ENSG00000272248.1	0	1	1	0	0	0	0	0
ENSG00000230648.1	0	0	1	0	0	0	0	0
ENSG00000112739.17	364	358	320	315	366	359	393	342
ENSG00000145975.15	1	2	0	0	0	0	1	0
ENSG00000185689.17	1	1	2	1	1	0	1	2
ENSG00000198721.13	179	161	183	152	197	129	174	114
ENSG00000254821.1	0	0	0	0	0	0	0	1
ENSG00000234817.2	2	0	3	1	1	1	1	2
ENSG00000237716.2	0	0	0	0	1	0	0	0
ENSG00000216307.2	3	2	2	0	1	1	4	0
ENSG00000285424.1	0	0	0	0	0	0	0	1
ENSG00000231811.4	0	1	1	0	0	0	0	0
ENSG00000287761.1	0	0	0	0	0	0	0	0
ENSG00000201185.1	0	0	0	1	1	0	0	0
ENSG00000285694.1	0	0	0	1	0	0	0	1
ENSG00000260239.2	0	0	0	0	0	0	0	0
ENSG00000270695.1	3	1	1	2	2	1	0	1
ENSG00000260673.1	0	0	0	0	0	0	0	0
ENSG00000205444.4	0	0	0	0	1	0	0	0
ENSG00000217385.1	127	117	125	122	135	116	135	108
ENSG00000153046.18	120	91	83	70	138	80	127	102
ENSG00000284823.1	0	0	0	0	0	0	0	0
ENSG00000236336.1	0	0	0	0	0	0	0	0
ENSG00000217030.1	0	0	0	0	0	0	0	0
ENSG00000124787.14	8	15	8	10	13	16	10	8
ENSG00000272142.4	12	13	23	9	27	26	28	13
ENSG00000271978.2	6	2	5	8	4	1	5	4
ENSG00000220685.3	18	13	15	19	14	16	17	16
ENSG00000288548.1	0	0	0	2	1	0	0	1
ENSG00000219607.4	22	15	10	10	12	17	14	12
ENSG00000214113.11	86	72	82	73	76	56	72	68
ENSG00000265083.1	0	0	0	0	0	0	0	0
ENSG00000145982.13	28	37	42	27	25	34	24	22
ENSG00000220446.2	0	0	0	0	0	0	0	0
ENSG00000269985.2	0	0	0	0	0	0	0	0
ENSG00000218574.1	63	59	70	58	86	76	73	64
ENSG00000270174.1	0	0	0	0	0	0	0	0
ENSG00000217239.3	233	266	194	175	167	170	200	196
ENSG00000216360.1	3	10	2	3	2	9	4	3
ENSG00000233064.2	0	0	0	0	0	0	0	0
ENSG00000239472.3	0	0	0	0	0	0	0	0
ENSG00000215057.4	1636	1144	1531	1031	1656	1447	1332	805
ENSG00000124785.9	0	0	3	2	3	1	3	3
ENSG00000124491.16	0	0	0	0	0	0	0	0
ENSG00000263572.2	0	0	0	0	0	0	0	0
ENSG00000283616.1	0	0	0	0	0	0	0	0
ENSG00000216863.11	3	4	3	2	2	1	0	6
ENSG00000241216.1	0	0	0	0	0	0	0	0
ENSG00000285717.1	0	0	0	0	0	0	0	0
ENSG00000218868.1	47	96	87	112	82	103	102	113
ENSG00000112799.9	0	0	0	0	0	0	0	0
ENSG00000261211.2	1	0	0	0	0	0	0	0
ENSG00000279368.1	0	0	0	0	0	0	0	0
ENSG00000226281.6	0	0	0	1	1	0	0	0
ENSG00000287497.3	0	0	0	0	0	0	0	0
ENSG00000288046.1	0	0	0	0	0	1	0	2
ENSG00000224532.2	0	0	0	0	0	0	0	0
ENSG00000219986.2	0	0	0	0	0	0	0	0
ENSG00000288860.1	0	0	0	0	0	0	0	0
ENSG00000223342.2	0	0	0	0	0	0	0	0
ENSG00000240936.3	0	0	0	0	0	0	0	0
ENSG00000203498.3	0	1	0	0	0	0	0	0
ENSG00000124782.21	129	113	111	124	130	134	117	147
ENSG00000225092.2	1	0	0	0	1	0	0	0
ENSG00000201483.1	0	0	0	0	0	0	0	0
ENSG00000287002.1	0	0	0	0	0	0	0	0
ENSG00000285771.1	0	0	0	0	0	0	0	0
ENSG00000124783.14	686	520	622	643	560	544	584	477
ENSG00000238221.1	0	0	0	0	0	0	0	1
ENSG00000164304.16	0	0	0	0	0	0	2	0
ENSG00000219375.1	95	83	42	68	40	67	61	57
ENSG00000220472.1	3375	3569	2062	1735	1822	1698	1909	1658
ENSG00000230570.1	0	0	0	0	0	0	0	0
ENSG00000124784.9	65	70	56	60	60	67	63	63
ENSG00000233503.1	430	337	400	330	402	386	364	327
ENSG00000219993.1	0	0	0	0	0	0	1	0
ENSG00000234115.2	214	208	173	145	135	143	169	159
ENSG00000261189.3	0	0	0	0	1	1	1	1
ENSG00000096696.16	7	1	9	14	63	84	41	74
ENSG00000168566.13	66	70	53	59	65	56	65	72
ENSG00000236512.1	0	0	0	0	0	0	1	1
ENSG00000153162.9	3	11	21	50	21	23	30	86
ENSG00000239264.9	26	23	32	19	37	30	27	35
ENSG00000259040.5	0	0	0	0	0	0	0	0
ENSG00000217746.1	0	0	0	0	0	0	0	0
ENSG00000219294.6	102	129	109	123	102	164	95	113
ENSG00000188428.20	51	31	57	38	50	38	46	34
ENSG00000265818.1	0	0	0	0	0	0	0	0
ENSG00000124802.12	14	9	10	16	16	18	6	10
ENSG00000232234.4	1	0	1	0	0	0	1	0
ENSG00000285216.1	0	0	0	0	0	0	0	0
ENSG00000234763.3	0	0	0	0	0	0	0	0
ENSG00000124786.13	157	125	108	172	125	128	140	151
ENSG00000285219.4	3	7	4	7	4	5	6	6
ENSG00000276019.1	0	0	0	0	0	0	0	0
ENSG00000225775.1	0	0	0	0	0	0	0	0
ENSG00000181355.21	0	0	0	0	0	0	0	0
ENSG00000216368.2	1101	1038	978	841	982	864	799	713
ENSG00000229765.2	0	1	0	0	0	0	1	0
ENSG00000221583.1	0	0	0	0	0	0	0	0
ENSG00000216781.2	0	0	0	0	0	0	0	0
ENSG00000137203.15	2	4	12	2	20	14	19	7
ENSG00000285278.1	0	1	1	1	0	2	1	3
ENSG00000229950.1	0	0	1	0	1	1	1	1
ENSG00000228478.1	0	0	0	0	0	0	0	0
ENSG00000285759.1	0	1	0	0	0	0	0	0
ENSG00000183674.12	0	0	0	0	0	0	0	0
ENSG00000229401.1	0	0	0	0	0	1	0	0
ENSG00000263705.1	0	0	0	0	0	0	0	0
ENSG00000238076.1	34	29	23	24	27	14	25	8
ENSG00000231056.1	0	0	0	0	0	0	0	0
ENSG00000111846.20	8	6	6	12	5	19	4	2
ENSG00000237685.1	0	0	0	0	0	0	0	0
ENSG00000216359.1	0	0	0	0	0	0	0	0
ENSG00000217181.1	0	0	0	1	0	0	0	1
ENSG00000205318.5	0	0	0	0	0	0	0	0
ENSG00000285763.1	4	0	2	2	2	1	2	1
ENSG00000137434.12	3	0	1	1	2	0	2	1
ENSG00000201048.1	0	0	0	0	0	0	0	0
ENSG00000111845.5	50	47	37	17	43	56	35	28
ENSG00000111843.14	376	336	242	312	267	289	300	291
ENSG00000272097.2	4	0	1	0	1	1	2	0
ENSG00000137210.14	101	109	100	121	105	108	100	95
ENSG00000272162.1	0	0	0	0	0	0	0	0
ENSG00000222383.1	1	1	0	0	0	0	0	0
ENSG00000111837.12	0	5	2	1	4	2	2	3
ENSG00000124827.7	0	0	0	0	0	0	0	0
ENSG00000235051.3	0	1	0	0	0	0	0	0
ENSG00000153157.14	0	0	1	0	1	1	2	0
ENSG00000197977.4	1	2	3	2	0	1	0	0
ENSG00000274541.1	0	0	0	0	0	0	0	0
ENSG00000230314.7	1	0	0	0	0	0	0	0
ENSG00000224531.6	53	51	41	68	56	52	46	65
ENSG00000244476.3	0	1	0	0	0	0	2	0
ENSG00000271245.1	0	0	0	0	0	0	0	0
ENSG00000247925.2	0	0	0	0	0	0	0	0
ENSG00000111859.17	160	294	202	565	191	753	143	523
ENSG00000287920.1	0	3	0	0	1	0	0	0
ENSG00000290062.1	0	0	0	0	0	0	0	0
ENSG00000242753.2	0	0	0	0	0	0	0	0
ENSG00000233656.2	0	0	0	0	0	0	0	0
ENSG00000202313.1	0	0	0	0	0	0	0	0
ENSG00000218020.3	0	0	0	0	0	0	0	0
ENSG00000205269.6	25	35	14	20	22	22	23	32
ENSG00000271897.1	0	0	0	0	0	0	0	0
ENSG00000277473.1	0	0	0	0	0	0	0	0
ENSG00000207419.1	0	0	0	0	0	0	0	0
ENSG00000111863.13	3	0	0	3	1	3	1	0
ENSG00000287593.1	1	0	0	0	1	0	0	0
ENSG00000234427.1	0	0	0	0	0	0	0	0
ENSG00000215124.2	0	0	0	0	0	0	0	0
ENSG00000225102.2	0	0	0	0	0	0	0	0
ENSG00000229896.2	0	0	0	0	0	0	0	0
ENSG00000095951.17	132	85	104	76	149	83	96	87
ENSG00000078401.7	3	4	6	3	4	2	3	3
ENSG00000218893.1	0	0	0	0	0	0	0	0
ENSG00000223321.1	0	0	0	0	0	0	0	0
ENSG00000212802.4	3269	3278	3004	2389	2854	2610	2703	2472
ENSG00000234015.1	0	0	0	2	0	1	1	0
ENSG00000112137.19	28	9	14	8	9	12	25	10
ENSG00000206702.1	2	0	0	0	1	0	1	0
ENSG00000215022.8	1	4	1	1	1	1	4	2
ENSG00000145979.18	27	23	28	27	25	20	20	23
ENSG00000272379.1	0	0	0	0	0	0	0	0
ENSG00000289257.2	0	0	0	0	0	0	0	0
ENSG00000145990.11	22	48	35	36	27	13	15	56
ENSG00000237786.1	0	0	0	0	0	0	0	0
ENSG00000218265.1	594	627	541	427	601	415	622	584
ENSG00000202351.1	0	0	0	0	0	0	0	0
ENSG00000124523.17	55	50	47	43	57	35	35	57
ENSG00000261071.2	0	1	0	0	0	0	0	0
ENSG00000225921.7	141	120	130	134	122	135	100	98
ENSG00000010017.13	304	471	293	500	314	387	353	561
ENSG00000286316.1	0	0	0	0	0	0	0	0
ENSG00000050393.12	95	116	100	106	98	113	120	155
ENSG00000272209.1	0	0	1	0	0	1	2	1
ENSG00000180537.13	18	26	13	14	30	32	25	44
ENSG00000220868.2	15	18	15	9	10	14	10	9
ENSG00000233981.1	0	0	0	0	0	0	0	0
ENSG00000112149.10	44	24	18	9	21	10	28	10
ENSG00000285639.1	0	0	0	0	0	0	0	0
ENSG00000238987.1	0	0	0	0	0	0	0	0
ENSG00000286281.1	0	0	0	0	0	0	0	0
ENSG00000230631.1	0	0	0	0	0	0	0	0
ENSG00000226673.2	0	0	0	0	0	0	0	0
ENSG00000237346.2	0	0	0	0	0	0	0	0
ENSG00000234540.1	0	0	0	0	0	0	0	0
ENSG00000286277.1	0	0	0	0	0	0	0	0
ENSG00000229646.2	0	0	0	0	0	0	0	0
ENSG00000289958.1	0	0	0	0	0	0	0	0
ENSG00000206960.1	0	0	0	0	0	0	0	0
ENSG00000234261.6	0	0	0	0	0	0	0	0
ENSG00000216754.2	50	47	45	18	36	34	31	31
ENSG00000242989.3	0	0	0	0	0	0	0	0
ENSG00000271888.1	0	0	1	1	1	1	1	0
ENSG00000008083.14	53	66	49	62	42	79	57	67
ENSG00000235488.1	0	0	0	0	0	0	1	0
ENSG00000201367.1	0	0	0	0	0	0	0	0
ENSG00000201519.1	0	0	0	0	0	0	0	0
ENSG00000277411.1	0	0	1	0	0	0	0	0
ENSG00000047579.20	54	56	41	41	38	33	45	40
ENSG00000287626.1	0	1	0	0	0	0	0	0
ENSG00000289953.1	0	0	0	0	0	0	0	0
ENSG00000214027.3	279	320	316	351	327	386	240	302
ENSG00000232947.1	0	0	0	0	0	0	0	0
ENSG00000274212.1	0	0	0	0	0	0	0	0
ENSG00000217585.1	28	26	26	17	20	20	25	31
ENSG00000007944.15	83	52	79	56	87	53	66	37
ENSG00000263712.1	0	0	0	0	0	0	0	0
ENSG00000218073.1	0	0	1	0	0	0	0	0
ENSG00000217078.1	0	0	0	0	0	0	0	0
ENSG00000216364.1	2	1	3	2	5	5	1	2
ENSG00000251831.1	0	0	0	0	0	0	0	0
ENSG00000207193.1	0	0	0	0	0	0	0	0
ENSG00000137198.10	28	20	42	73	49	38	23	32
ENSG00000282024.1	0	0	0	0	2	0	0	0
ENSG00000124788.19	351	291	340	205	223	208	386	247
ENSG00000288708.1	0	0	0	0	0	0	0	0
ENSG00000229931.3	8	11	25	3	11	6	24	8
ENSG00000289863.1	0	0	0	0	0	0	0	0
ENSG00000272341.1	13	5	21	4	21	1	31	10
ENSG00000287347.1	0	0	0	0	0	0	0	0
ENSG00000286631.1	0	0	0	1	0	0	1	0
ENSG00000287359.1	0	0	0	0	0	1	0	0
ENSG00000230873.9	2	0	0	0	0	1	1	0
ENSG00000287559.1	0	1	0	0	0	0	0	0
ENSG00000288812.1	0	0	0	0	0	0	0	0
ENSG00000112183.15	9	2	10	9	17	5	2	4
ENSG00000219314.1	0	0	0	0	0	0	0	0
ENSG00000112186.13	54	29	103	73	95	80	80	60
ENSG00000184612.8	0	1	2	1	0	1	2	0
ENSG00000218359.1	0	0	0	0	0	0	0	0
ENSG00000286885.3	2	1	0	0	0	1	1	1
ENSG00000137414.7	353	338	318	412	361	326	381	361
ENSG00000124789.12	249	219	212	198	233	238	240	186
ENSG00000206881.1	0	0	0	0	0	0	0	0
ENSG00000272269.2	2	5	2	1	2	2	1	0
ENSG00000201415.1	0	0	0	0	0	0	0	0
ENSG00000201442.2	0	0	0	0	0	0	0	0
ENSG00000137177.20	796	875	822	864	775	804	1152	1128
ENSG00000220920.1	1	0	1	1	1	2	1	2
ENSG00000187566.6	14	3	9	14	8	7	11	13
ENSG00000137364.5	82	75	71	53	83	80	95	45
ENSG00000165097.16	146	102	121	117	121	129	166	134
ENSG00000124795.17	542	509	515	604	536	620	532	611
ENSG00000199715.1	0	0	0	0	0	0	0	0
ENSG00000289097.1	0	0	0	0	0	0	0	0
ENSG00000278102.1	0	0	0	0	0	0	0	0
ENSG00000200681.1	0	0	0	0	0	0	0	0
ENSG00000217414.2	78	92	71	72	69	66	75	67
ENSG00000218976.2	76	120	66	82	75	124	76	100
ENSG00000137393.10	4	39	15	45	11	33	13	78
ENSG00000283408.2	0	0	0	0	0	0	0	0
ENSG00000207775.1	0	0	0	0	0	0	0	0
ENSG00000217379.2	4	2	1	1	1	1	2	2
ENSG00000231662.1	0	0	0	0	0	0	0	0
ENSG00000228412.9	0	0	2	1	0	0	0	0
ENSG00000218643.2	8	3	3	4	6	6	3	7
ENSG00000201523.1	0	0	0	0	0	0	0	0
ENSG00000214012.4	0	0	1	1	2	8	0	1
ENSG00000217314.2	4	5	3	4	8	6	1	2
ENSG00000200957.1	0	0	0	0	0	0	0	0
ENSG00000172201.12	12	23	18	11	7	11	5	4
ENSG00000287138.1	0	0	0	0	0	0	0	0
ENSG00000229700.1	1	1	1	0	1	0	1	2
ENSG00000172197.11	8	6	20	20	14	4	15	8
ENSG00000227803.2	0	0	0	0	0	0	0	0
ENSG00000287614.1	0	0	0	0	0	0	0	0
ENSG00000286590.1	0	0	0	0	0	0	0	0
ENSG00000287483.1	0	0	0	0	0	0	0	0
ENSG00000289981.1	0	0	1	0	2	0	2	0
ENSG00000112242.16	71	62	78	56	66	81	88	55
ENSG00000240869.3	98	109	24	10	15	12	11	19
ENSG00000224707.1	0	0	0	0	0	0	0	0
ENSG00000222431.1	0	0	0	0	0	0	0	0
ENSG00000201683.1	0	0	0	0	0	0	0	0
ENSG00000145996.11	51	41	43	30	43	38	41	32
ENSG00000225832.1	0	0	0	0	0	0	0	0
ENSG00000233848.1	0	0	0	0	1	0	0	0
ENSG00000252046.1	0	0	0	0	0	0	0	0
ENSG00000287404.1	0	0	0	1	0	0	0	0
ENSG00000227089.2	0	0	0	0	0	0	0	0
ENSG00000286368.1	0	0	0	0	0	0	0	0
ENSG00000280989.2	0	0	0	0	0	0	0	0
ENSG00000231754.4	0	0	0	0	0	0	0	0
ENSG00000283480.1	0	0	0	1	0	0	0	0
ENSG00000124766.7	514	92	387	57	462	101	389	60
ENSG00000220771.2	17	16	10	10	9	9	17	7
ENSG00000272168.10	47	15	34	8	41	22	22	8
ENSG00000280443.1	0	0	0	0	0	0	0	0
ENSG00000222515.1	0	0	0	0	0	0	0	0
ENSG00000260455.2	12	0	5	0	6	1	5	1
ENSG00000219404.2	0	0	0	0	0	0	0	0
ENSG00000172179.13	0	0	0	1	0	1	0	0
ENSG00000112273.7	0	0	0	0	0	0	0	0
ENSG00000228772.2	0	0	0	0	0	0	0	0
ENSG00000286954.1	0	1	0	1	0	0	0	0
ENSG00000233358.2	3	0	2	0	0	1	1	1
ENSG00000218476.2	2	4	1	0	1	1	2	0
ENSG00000207394.1	0	0	0	0	1	1	0	0
ENSG00000235743.2	0	0	0	0	0	0	0	0
ENSG00000289368.2	0	0	0	0	0	0	0	0
ENSG00000219453.1	0	0	0	0	0	0	0	0
ENSG00000290589.1	12	4	4	5	12	13	7	4
ENSG00000278128.3	0	0	0	0	0	0	0	0
ENSG00000218512.2	0	0	0	0	0	0	0	0
ENSG00000220748.2	21	22	21	18	16	15	17	5
ENSG00000219582.3	32	30	26	28	27	23	27	32
ENSG00000152954.12	0	0	0	0	0	0	0	0
ENSG00000251830.1	0	0	0	0	0	0	0	0
ENSG00000146038.12	1	0	0	1	0	0	5	3
ENSG00000146049.2	0	0	0	0	0	0	0	0
ENSG00000202050.1	0	0	0	0	0	0	0	0
ENSG00000124532.15	77	66	62	62	64	49	66	56
ENSG00000112293.15	4	0	1	0	4	0	1	1
ENSG00000112294.14	114	78	130	88	135	98	111	77
ENSG00000137261.15	2	3	3	0	3	0	2	0
ENSG00000218186.2	0	0	0	0	3	2	0	0
ENSG00000111802.14	137	137	110	148	218	153	137	144
ENSG00000112304.11	71	58	75	48	107	52	78	62
ENSG00000272345.1	1	1	0	0	2	0	2	2
ENSG00000112308.14	495	426	467	437	432	376	451	373
ENSG00000272402.1	0	0	0	0	1	0	1	0
ENSG00000288851.1	0	0	0	0	0	0	0	0
ENSG00000224164.2	0	0	0	0	0	0	0	0
ENSG00000218806.2	0	0	0	0	0	0	0	0
ENSG00000112312.10	37	21	26	15	38	22	12	26
ENSG00000260286.4	0	0	0	0	0	0	0	0
ENSG00000282804.1	0	0	0	0	0	0	0	0
ENSG00000111913.20	25	11	8	7	13	6	33	26
ENSG00000288887.2	0	0	0	0	0	0	0	0
ENSG00000217083.1	0	0	0	0	0	0	0	0
ENSG00000214975.4	854	975	986	930	986	1031	780	771
ENSG00000286633.1	0	0	0	0	0	0	0	0
ENSG00000220517.2	64	38	68	39	133	107	86	57
ENSG00000244618.3	0	0	0	0	0	0	0	0
ENSG00000229313.1	0	0	0	0	0	0	0	0
ENSG00000223623.1	0	0	0	0	0	0	0	0
ENSG00000168405.18	28	32	20	40	12	31	26	37
ENSG00000285801.1	0	0	0	0	0	0	0	0
ENSG00000219682.4	89	95	69	63	105	107	68	83
ENSG00000262400.1	0	0	0	0	0	0	0	0
ENSG00000217805.2	0	0	0	0	0	0	0	0
ENSG00000219681.2	0	0	0	0	0	0	0	0
ENSG00000271108.1	0	0	0	0	0	0	0	0
ENSG00000216718.7	1	0	0	0	0	0	0	0
ENSG00000213972.3	17	20	9	15	7	13	9	14
ENSG00000079691.19	217	306	171	358	214	408	181	584
ENSG00000207286.1	0	0	0	0	0	0	0	0
ENSG00000207490.1	0	0	0	0	0	0	0	0
ENSG00000286933.1	0	0	1	1	0	1	0	0
ENSG00000079689.15	0	0	0	0	0	0	0	0
ENSG00000290217.1	0	0	0	0	0	0	0	0
ENSG00000217408.2	0	0	0	0	0	0	0	0
ENSG00000164508.6	0	0	0	0	0	1	0	0
ENSG00000146047.7	0	0	0	0	0	0	0	0
ENSG00000178762.5	0	0	0	0	0	0	0	0
ENSG00000291193.1	0	0	0	0	0	0	0	0
ENSG00000216436.2	0	0	0	0	0	0	0	0
ENSG00000146039.11	0	0	0	0	0	0	0	0
ENSG00000124568.12	0	0	0	0	0	0	0	0
ENSG00000124564.17	0	0	0	0	0	0	0	0
ENSG00000242387.1	0	0	0	0	0	0	0	0
ENSG00000277410.1	0	0	0	0	0	0	0	0
ENSG00000112337.11	0	0	0	0	0	0	0	0
ENSG00000112343.11	288	321	227	336	283	244	240	286
ENSG00000272558.1	0	0	0	0	0	0	0	0
ENSG00000272462.4	17	15	18	21	12	10	18	18
ENSG00000272810.1	0	0	1	0	0	0	2	0
ENSG00000224447.1	0	0	0	0	0	0	0	0
ENSG00000124610.5	0	0	0	0	0	0	0	0
ENSG00000275714.2	0	0	0	0	0	1	0	0
ENSG00000278637.2	0	0	0	0	0	0	0	0
ENSG00000278705.3	0	0	0	0	0	0	0	0
ENSG00000286522.2	0	0	0	0	0	0	0	0
ENSG00000278463.2	0	0	0	0	0	0	0	0
ENSG00000276410.4	1	0	0	0	0	0	0	0
ENSG00000234816.2	0	0	0	0	1	0	0	0
ENSG00000287080.2	0	0	0	0	0	0	1	0
ENSG00000187837.4	28	45	47	34	57	43	37	49
ENSG00000180596.9	3	0	6	1	6	5	11	3
ENSG00000010704.19	123	54	83	106	76	63	92	85
ENSG00000197061.5	0	0	0	0	0	0	0	0
ENSG00000187475.6	0	0	0	0	0	0	0	0
ENSG00000291336.1	0	0	0	0	0	0	0	1
ENSG00000180573.10	119	104	201	122	181	126	194	165
ENSG00000168298.7	0	0	0	0	2	0	1	0
ENSG00000291338.1	0	0	0	0	0	0	0	0
ENSG00000289117.2	0	0	0	0	0	0	0	0
ENSG00000158373.9	17	24	23	19	36	16	24	18
ENSG00000283064.1	0	0	0	0	0	0	0	0
ENSG00000217159.2	0	0	1	0	0	0	0	0
ENSG00000274290.3	0	3	2	0	3	1	3	1
ENSG00000277157.2	0	0	0	0	1	2	1	0
ENSG00000216331.2	0	0	0	0	0	0	0	0
ENSG00000282988.2	2	0	1	0	1	0	0	2
ENSG00000197409.8	0	0	0	0	0	0	0	0
ENSG00000196866.3	0	0	0	0	0	0	0	0
ENSG00000277224.3	0	1	2	0	3	1	1	3
ENSG00000217275.2	0	0	0	0	0	0	0	1
ENSG00000276966.3	2	0	0	0	0	0	0	0
ENSG00000273802.3	0	2	2	2	3	2	0	0
ENSG00000277075.3	1	1	1	2	1	0	0	0
ENSG00000277720.1	0	0	0	0	0	0	0	0
ENSG00000274750.3	15	14	8	3	4	4	6	13
ENSG00000218281.1	0	0	0	0	0	0	0	0
ENSG00000124575.7	0	0	0	0	0	0	2	0
ENSG00000274618.2	1	0	0	1	1	0	1	0
ENSG00000275663.2	0	0	0	0	0	0	0	0
ENSG00000277775.2	0	0	0	0	0	1	0	0
ENSG00000275713.3	0	0	0	0	1	0	0	0
ENSG00000273983.2	0	0	0	0	0	1	1	0
ENSG00000290789.1	0	0	0	0	0	0	0	0
ENSG00000218690.3	0	0	0	0	0	0	0	0
ENSG00000278588.2	0	0	0	0	0	0	0	0
ENSG00000158406.6	4	11	13	7	11	5	17	9
ENSG00000289447.2	0	0	0	0	0	0	0	0
ENSG00000220875.1	345	277	285	256	319	223	296	239
ENSG00000287050.1	0	0	0	0	0	0	0	0
ENSG00000186470.14	81	60	130	91	132	97	136	100
ENSG00000124508.17	47	28	62	43	49	35	51	35
ENSG00000026950.17	187	103	173	92	192	84	147	65
ENSG00000291104.1	20	15	26	13	13	13	15	16
ENSG00000124549.17	3	3	4	10	7	1	6	5
ENSG00000111801.16	204	103	172	118	177	82	163	85
ENSG00000112763.17	105	111	121	128	122	112	119	109
ENSG00000290055.1	0	0	0	0	0	0	0	0
ENSG00000284688.1	0	0	0	0	0	0	0	0
ENSG00000124557.14	1	0	0	0	0	0	0	0
ENSG00000199289.1	0	0	0	0	0	0	0	0
ENSG00000228223.3	693	638	730	834	631	650	650	676
ENSG00000182952.5	207	259	181	265	218	218	240	266
ENSG00000284607.1	0	0	0	0	0	0	0	0
ENSG00000146109.5	54	57	50	51	47	50	44	57
ENSG00000275846.1	0	0	0	0	0	1	0	0
ENSG00000271071.1	1	0	0	0	0	0	0	0
ENSG00000181315.11	149	117	121	113	146	125	129	99
ENSG00000285571.1	0	0	0	0	1	0	1	0
ENSG00000261584.1	0	0	0	0	0	0	0	0
ENSG00000291342.1	0	0	0	0	0	0	0	0
ENSG00000290474.1	2	0	1	1	1	3	5	2
ENSG00000241549.9	0	0	0	1	0	0	1	0
ENSG00000243307.2	0	0	0	0	0	2	0	0
ENSG00000224843.8	1	1	2	0	3	4	6	3
ENSG00000287966.3	0	2	0	1	0	3	0	2
ENSG00000272312.1	0	0	0	0	0	0	0	0
ENSG00000220581.1	0	0	0	0	0	0	0	0
ENSG00000216762.1	0	0	0	0	0	0	0	0
ENSG00000219770.1	0	0	0	0	0	0	0	0
ENSG00000222800.1	0	0	0	0	0	0	0	0
ENSG00000272468.1	0	0	1	2	1	3	3	2
ENSG00000124635.9	12	9	7	9	9	4	11	5
ENSG00000196787.4	2	0	6	1	4	3	4	3
ENSG00000290032.1	31	33	29	38	49	22	32	42
ENSG00000276180.2	2	2	0	0	0	0	0	0
ENSG00000197903.8	72	101	122	84	143	95	129	115
ENSG00000274997.2	4	5	0	3	2	5	3	6
ENSG00000265565.1	0	0	0	0	0	0	0	0
ENSG00000290009.1	0	0	0	0	0	0	1	0
ENSG00000174572.3	0	0	0	0	1	0	0	0
ENSG00000112812.16	1	0	0	0	0	1	0	1
ENSG00000270935.1	0	1	0	0	0	0	0	1
ENSG00000158553.5	0	0	0	0	0	0	0	0
ENSG00000220758.4	0	0	0	0	0	0	0	0
ENSG00000291112.1	2	2	3	2	5	0	4	3
ENSG00000204789.6	0	0	0	0	0	0	0	0
ENSG00000124613.9	33	22	25	23	35	23	35	17
ENSG00000271755.1	1	2	5	2	5	1	1	3
ENSG00000237154.2	48	48	65	60	91	87	58	63
ENSG00000096654.16	45	31	35	22	46	15	36	30
ENSG00000285849.1	0	0	1	1	0	0	0	0
ENSG00000286652.1	3	1	2	1	0	1	3	2
ENSG00000285703.1	0	0	0	0	0	0	0	1
ENSG00000278332.1	1	0	1	0	0	0	1	0
ENSG00000270666.1	5	3	6	4	3	4	3	2
ENSG00000218347.2	125	139	86	91	66	94	89	83
ENSG00000219738.2	0	0	0	0	0	0	0	0
ENSG00000206671.1	0	0	0	0	0	0	0	0
ENSG00000216676.2	305	298	184	187	145	165	185	158
ENSG00000287674.1	0	0	0	0	0	0	0	0
ENSG00000281706.5	0	1	2	2	2	1	0	1
ENSG00000216915.2	47	61	47	50	56	42	73	55
ENSG00000287252.3	0	0	0	0	0	0	0	1
ENSG00000218069.2	61	70	57	60	65	57	62	55
ENSG00000217862.2	0	0	0	0	0	0	0	1
ENSG00000185130.6	0	0	0	0	1	0	1	0
ENSG00000196747.5	4	3	1	5	3	2	5	6
ENSG00000278828.2	4	0	2	2	2	1	4	9
ENSG00000276368.2	1	3	1	4	2	2	3	6
ENSG00000273703.2	0	0	0	0	0	0	0	0
ENSG00000197238.5	0	0	0	0	0	0	0	0
ENSG00000273542.2	0	1	2	0	1	0	1	2
ENSG00000275221.2	6	2	3	6	3	3	2	6
ENSG00000233822.6	1	8	7	3	7	4	5	3
ENSG00000217646.1	0	0	0	0	0	0	0	0
ENSG00000276903.2	3	8	10	10	5	5	7	16
ENSG00000184357.5	0	0	0	0	0	0	0	0
ENSG00000275379.2	0	0	0	0	0	0	0	0
ENSG00000275126.2	0	0	0	0	0	1	0	0
ENSG00000197153.5	0	0	0	0	0	0	0	0
ENSG00000278677.2	0	0	0	0	0	0	0	1
ENSG00000274641.2	5	2	6	5	2	4	6	6
ENSG00000238610.1	0	0	0	0	0	0	0	0
ENSG00000168131.4	0	0	0	0	0	0	0	0
ENSG00000168126.3	0	0	0	0	0	0	0	0
ENSG00000124657.1	0	0	0	1	0	1	0	0
ENSG00000214374.2	0	1	0	0	0	0	0	1
ENSG00000216629.1	0	0	0	0	0	0	0	0
ENSG00000217539.2	26	28	43	33	43	20	16	20
ENSG00000269293.5	20	22	14	24	8	19	19	26
ENSG00000199851.2	0	0	0	0	0	0	0	0
ENSG00000217315.1	0	0	0	0	0	0	0	0
ENSG00000187763.3	0	0	0	0	0	0	0	0
ENSG00000182477.5	0	0	0	0	0	0	0	0
ENSG00000220721.3	0	0	0	0	0	0	0	0
ENSG00000272009.1	0	2	0	0	0	1	0	1
ENSG00000197279.5	1	0	5	1	3	2	0	1
ENSG00000291008.1	7	3	7	8	4	7	5	7
ENSG00000219891.4	0	0	0	0	0	0	0	0
ENSG00000196812.6	5	3	2	7	4	6	4	6
ENSG00000290891.1	0	0	0	0	0	0	0	0
ENSG00000219392.3	0	0	0	0	0	0	0	0
ENSG00000261839.1	0	0	2	0	1	0	2	0
ENSG00000198315.11	254	213	273	284	324	319	297	287
ENSG00000226314.9	11	8	8	3	10	5	7	5
ENSG00000280107.1	0	1	2	0	1	3	0	0
ENSG00000216901.1	0	0	0	0	0	0	1	0
ENSG00000218016.2	0	0	0	0	0	0	0	0
ENSG00000176933.5	23	26	24	36	24	30	25	33
ENSG00000137185.13	28	18	25	24	32	23	33	24
ENSG00000187626.9	24	27	31	33	44	29	34	19
ENSG00000189134.4	15	13	14	14	9	10	12	12
ENSG00000197062.12	62	50	94	56	96	62	87	47
ENSG00000276302.1	0	1	0	1	1	1	0	0
ENSG00000137338.6	32	30	27	25	42	32	45	40
ENSG00000273712.1	0	0	0	0	0	0	0	1
ENSG00000270326.1	0	0	0	0	1	0	0	0
ENSG00000235109.8	17	11	21	6	42	3	14	6
ENSG00000289467.2	0	0	0	0	0	1	0	0
ENSG00000290051.1	0	0	1	0	1	1	0	0
ENSG00000189298.14	42	16	36	21	33	21	31	33
ENSG00000158691.15	68	54	50	46	52	47	40	38
ENSG00000251877.1	0	0	0	0	0	0	0	0
ENSG00000187987.10	17	4	15	4	18	7	14	7
ENSG00000231162.4	0	0	0	0	0	0	0	0
ENSG00000219262.1	0	0	0	0	0	0	0	0
ENSG00000287804.3	0	0	0	0	1	0	1	0
ENSG00000286819.2	2	1	3	2	3	1	3	5
ENSG00000198704.10	0	0	0	0	0	0	0	0
ENSG00000224586.7	0	0	0	0	0	0	0	0
ENSG00000232040.4	1	0	0	2	0	1	4	2
ENSG00000246350.1	0	0	0	0	0	0	0	0
ENSG00000271440.1	0	0	0	0	0	0	0	0
ENSG00000287279.1	0	0	0	0	0	0	0	0
ENSG00000235570.1	0	0	0	0	0	0	0	0
ENSG00000237425.1	349	380	225	181	213	206	263	175
ENSG00000235559.1	36	41	27	22	32	35	20	33
ENSG00000225173.2	0	0	0	0	0	0	0	0
ENSG00000225595.2	0	0	0	0	0	0	0	0
ENSG00000213916.2	0	0	0	0	0	0	0	0
ENSG00000233366.1	0	0	0	1	0	0	0	1
ENSG00000224157.1	0	0	0	0	0	0	0	0
ENSG00000204713.11	229	188	158	172	209	171	172	156
ENSG00000212240.1	0	0	0	0	0	0	0	0
ENSG00000204709.4	0	0	0	0	0	0	0	0
ENSG00000228666.1	0	0	0	1	2	7	0	0
ENSG00000263426.2	0	0	0	0	0	0	0	0
ENSG00000227214.2	0	1	1	0	1	0	0	0
ENSG00000244349.1	0	1	0	0	0	1	0	0
ENSG00000197935.7	14	6	10	7	6	7	16	6
ENSG00000223677.1	0	0	0	0	0	0	0	0
ENSG00000277661.4	25	18	16	18	22	19	17	21
ENSG00000204704.3	0	0	0	0	0	0	0	0
ENSG00000236909.1	0	0	0	0	0	0	0	0
ENSG00000228364.1	79	80	84	58	72	82	72	70
ENSG00000204703.5	0	0	0	0	0	0	0	0
ENSG00000204702.6	0	0	0	0	0	0	0	0
ENSG00000204701.3	0	0	0	0	0	0	0	0
ENSG00000227206.1	0	0	0	0	0	0	0	0
ENSG00000290479.1	0	0	1	0	0	0	0	0
ENSG00000203492.5	0	0	0	0	0	0	0	0
ENSG00000284656.1	7	10	6	6	6	9	5	9
ENSG00000204700.5	0	0	0	0	0	0	0	0
ENSG00000224233.1	0	0	0	0	0	0	0	0
ENSG00000290478.1	0	0	0	0	0	0	0	0
ENSG00000230598.3	0	0	0	0	0	0	0	0
ENSG00000290496.1	0	0	0	0	0	0	0	0
ENSG00000213911.2	0	0	0	0	0	0	0	0
ENSG00000204697.3	1	2	0	1	1	1	1	0
ENSG00000242524.1	0	0	0	0	0	0	0	0
ENSG00000197171.7	0	0	0	0	0	0	0	0
ENSG00000204695.4	3	0	0	0	3	1	1	2
ENSG00000230056.1	93	68	77	55	68	83	76	80
ENSG00000243729.5	0	0	0	0	0	0	0	0
ENSG00000112462.8	0	0	0	0	0	0	0	0
ENSG00000280236.3	0	0	0	0	0	0	0	0
ENSG00000251608.2	0	0	0	0	0	0	0	0
ENSG00000204694.13	0	0	0	0	0	0	1	0
ENSG00000206474.8	0	0	0	0	0	0	0	0
ENSG00000277881.1	0	0	0	0	0	0	0	0
ENSG00000204688.10	0	0	0	0	0	0	0	0
ENSG00000225797.2	0	0	0	0	0	0	0	0
ENSG00000230164.1	0	0	0	0	0	0	0	0
ENSG00000289203.1	0	0	0	0	0	0	0	0
ENSG00000204687.4	0	0	0	0	0	0	0	0
ENSG00000213900.2	1	1	1	0	0	0	0	0
ENSG00000229274.2	0	0	0	0	0	0	0	0
ENSG00000224582.7	0	0	0	0	0	0	0	0
ENSG00000229281.1	0	0	0	0	0	0	0	0
ENSG00000237988.6	0	0	0	0	0	0	0	0
ENSG00000213886.4	0	0	0	0	0	0	0	0
ENSG00000204681.11	118	162	131	140	143	138	137	150
ENSG00000232173.2	0	0	0	0	0	0	0	0
ENSG00000227609.2	0	0	0	0	0	0	0	0
ENSG00000201330.1	0	0	0	0	0	0	0	0
ENSG00000231301.1	4	1	7	6	1	2	5	2
ENSG00000204657.4	0	3	0	1	1	1	0	0
ENSG00000235238.1	0	0	0	0	0	0	0	0
ENSG00000204655.12	0	0	1	1	0	0	0	0
ENSG00000204644.10	0	0	0	0	0	0	0	0
ENSG00000233916.1	3	1	1	2	3	0	1	0
ENSG00000204642.14	5	4	3	7	4	6	3	5
ENSG00000225864.1	0	0	0	0	0	0	0	0
ENSG00000214922.9	17	2	4	4	12	5	19	11
ENSG00000239257.1	0	0	0	0	0	0	0	0
ENSG00000273340.1	0	1	4	0	3	2	3	2
ENSG00000227758.1	0	1	0	2	0	2	0	1
ENSG00000199290.1	0	0	0	0	0	0	0	0
ENSG00000235821.1	242	261	215	206	259	272	268	226
ENSG00000272236.1	0	1	0	1	1	0	0	1
ENSG00000285761.1	2	1	0	1	1	0	1	1
ENSG00000270896.1	0	0	0	0	0	0	0	0
ENSG00000290710.1	0	1	1	0	0	1	0	0
ENSG00000176998.4	0	0	0	0	1	0	0	0
ENSG00000181126.14	0	0	0	0	0	0	0	0
ENSG00000261548.1	0	0	0	0	0	0	0	0
ENSG00000213880.3	208	212	174	156	176	167	173	165
ENSG00000237042.1	0	0	0	0	0	0	0	0
ENSG00000204632.13	5	3	3	7	6	6	9	3
ENSG00000229142.1	0	0	0	0	0	0	0	0
ENSG00000290870.1	0	0	3	3	2	1	2	2
ENSG00000285799.2	0	0	0	0	0	0	0	0
ENSG00000281831.1	1	1	0	0	0	0	0	0
ENSG00000230521.1	0	1	1	2	1	0	2	3
ENSG00000206341.7	76	65	84	57	83	77	85	69
ENSG00000231130.1	0	0	0	0	0	0	1	0
ENSG00000233677.1	0	0	0	1	0	0	0	1
ENSG00000235963.1	0	0	0	0	0	0	0	0
ENSG00000227262.3	0	0	0	4	0	0	1	0
ENSG00000230795.3	0	0	9	9	6	6	17	12
ENSG00000228078.1	1	0	0	0	0	0	0	2
ENSG00000206503.14	1226	942	2029	1663	1562	1141	1839	1351
ENSG00000227766.1	0	0	0	1	0	0	0	0
ENSG00000235290.1	1	0	0	0	0	0	0	0
ENSG00000229390.1	0	0	0	0	0	0	1	0
ENSG00000204625.10	0	0	0	0	0	1	0	0
ENSG00000204623.11	28	19	38	28	30	33	43	33
ENSG00000238024.1	1	0	2	0	0	0	0	0
ENSG00000224312.1	0	0	0	0	0	0	0	0
ENSG00000290574.1	2	2	0	0	0	0	0	0
ENSG00000237669.1	4	3	0	0	4	2	1	3
ENSG00000204622.12	0	1	1	0	2	2	0	1
ENSG00000232757.1	0	0	0	0	0	0	0	0
ENSG00000278104.1	0	0	0	0	0	0	0	0
ENSG00000275856.1	0	0	0	0	0	0	0	0
ENSG00000066379.15	12	16	9	7	15	9	19	10
ENSG00000278773.1	0	0	0	0	0	0	0	0
ENSG00000204619.8	210	165	203	222	242	212	183	146
ENSG00000204618.10	2	3	5	3	3	5	6	3
ENSG00000204616.11	0	0	0	0	1	0	0	0
ENSG00000231226.1	0	0	0	0	0	0	0	0
ENSG00000252228.1	0	0	0	0	0	0	0	0
ENSG00000204614.9	0	0	0	0	1	0	0	0
ENSG00000204613.11	0	0	0	0	0	0	0	0
ENSG00000204610.14	0	0	0	0	0	0	0	0
ENSG00000234127.9	190	198	177	177	179	165	181	180
ENSG00000233892.1	1	1	1	0	1	1	1	0
ENSG00000270604.5	0	0	0	0	1	1	1	0
ENSG00000236475.1	0	0	0	0	0	0	0	0
ENSG00000291097.1	6	12	8	9	14	7	11	6
ENSG00000243753.8	0	0	0	0	0	0	0	0
ENSG00000280128.1	33	23	44	34	45	42	54	31
ENSG00000231074.11	98	63	116	70	92	105	107	91
ENSG00000204599.16	44	24	50	31	37	26	37	30
ENSG00000248167.7	0	0	0	0	0	0	0	0
ENSG00000241370.6	4	7	2	0	4	3	2	1
ENSG00000224372.1	0	0	0	0	0	0	0	0
ENSG00000224486.1	0	0	0	0	0	0	0	0
ENSG00000236405.1	0	0	0	0	0	0	0	0
ENSG00000226577.1	0	0	0	0	0	0	0	0
ENSG00000286301.1	0	1	0	0	0	1	1	1
ENSG00000288805.1	0	0	0	0	0	0	0	0
ENSG00000229068.1	3	1	1	4	0	0	2	2
ENSG00000224936.1	90	104	115	100	122	90	111	75
ENSG00000236603.2	441	497	439	408	491	563	378	328
ENSG00000204592.9	1593	1953	1959	2261	2200	2303	1789	2292
ENSG00000235781.1	1	0	0	2	0	1	5	0
ENSG00000204590.13	439	462	389	311	485	388	413	360
ENSG00000204576.12	48	30	63	30	52	38	48	25
ENSG00000290047.1	1	0	1	2	1	1	1	2
ENSG00000204574.14	300	330	276	290	333	346	335	247
ENSG00000216101.3	0	0	0	0	0	0	0	0
ENSG00000204569.10	244	182	209	170	209	184	199	183
ENSG00000204568.12	134	123	125	126	119	97	126	116
ENSG00000137343.18	43	23	55	17	45	26	37	16
ENSG00000228415.3	1	0	0	0	0	0	0	1
ENSG00000204564.12	34	27	30	29	25	18	23	22
ENSG00000204560.10	169	166	111	138	124	189	146	193
ENSG00000146112.12	464	467	398	343	444	357	406	395
ENSG00000137404.15	39	19	40	21	21	23	26	19
ENSG00000230449.1	0	0	0	0	0	0	0	0
ENSG00000137337.16	99	83	98	88	113	75	80	86
ENSG00000224328.1	0	0	0	0	1	0	0	0
ENSG00000196230.14	3600	1518	2819	919	2383	1320	1855	657
ENSG00000272540.1	1	0	0	0	1	0	0	0
ENSG00000137312.15	659	762	648	681	687	733	532	638
ENSG00000201988.2	0	0	1	0	1	1	0	0
ENSG00000272273.3	0	0	0	0	0	0	0	0
ENSG00000137331.12	15	5	26	17	57	29	32	11
ENSG00000228022.6	0	0	1	0	0	0	0	0
ENSG00000263608.2	0	2	1	1	0	2	1	0
ENSG00000214894.7	0	0	0	1	0	0	0	0
ENSG00000237923.2	0	0	0	0	0	0	2	0
ENSG00000202241.1	0	0	0	0	0	0	0	0
ENSG00000237775.1	2	1	0	1	1	2	0	1
ENSG00000204580.14	118	99	118	91	191	171	131	152
ENSG00000284370.1	0	0	0	0	0	0	0	0
ENSG00000213780.11	3	2	1	4	2	4	1	4
ENSG00000288473.1	0	0	0	0	0	0	0	0
ENSG00000137411.19	1	3	0	1	0	1	4	4
ENSG00000196260.5	0	0	1	0	0	0	0	1
ENSG00000252761.1	0	0	0	0	0	0	0	0
ENSG00000168631.14	0	0	0	0	0	0	0	0
ENSG00000233529.1	0	0	0	0	0	0	0	0
ENSG00000275906.1	0	0	0	0	0	0	0	0
ENSG00000204544.5	0	0	0	0	0	0	0	0
ENSG00000261272.1	0	0	0	0	0	0	0	0
ENSG00000228789.9	0	1	0	0	0	0	1	0
ENSG00000222895.1	0	0	0	0	0	0	0	0
ENSG00000204542.3	0	0	0	0	1	0	0	0
ENSG00000204540.11	6	6	10	4	4	4	6	3
ENSG00000204539.4	0	0	0	0	0	0	0	0
ENSG00000204538.4	0	0	0	0	1	0	0	0
ENSG00000238211.1	0	0	0	0	0	1	0	0
ENSG00000204536.15	74	57	68	57	75	38	60	53
ENSG00000137310.13	35	29	32	27	25	8	49	29
ENSG00000204531.21	1	1	1	3	1	3	1	0
ENSG00000204528.3	1	0	0	0	0	0	1	1
ENSG00000272501.1	4	5	5	2	5	2	4	1
ENSG00000206344.8	2	2	1	2	1	2	5	1
ENSG00000271821.1	0	0	0	1	0	0	0	0
ENSG00000255726.1	0	0	0	0	0	0	0	0
ENSG00000255899.1	0	0	0	0	0	0	0	0
ENSG00000204525.18	1537	1372	1261	1074	1476	1292	1096	916
ENSG00000288813.1	1	1	0	0	0	0	0	0
ENSG00000214892.4	161	183	202	175	184	180	163	181
ENSG00000227939.1	3992	3707	2819	2149	2721	2514	2730	2367
ENSG00000231402.1	0	1	3	0	0	3	0	0
ENSG00000256166.1	0	0	0	0	0	0	0	0
ENSG00000229836.1	0	0	0	0	0	0	0	0
ENSG00000234745.14	706	536	1175	998	1164	1025	817	559
ENSG00000277402.1	0	0	0	0	0	0	0	0
ENSG00000271581.1	0	0	0	0	0	0	0	0
ENSG00000228432.2	8	8	13	6	8	5	6	10
ENSG00000285647.1	0	0	0	0	0	0	0	0
ENSG00000201658.1	0	0	0	0	0	0	0	0
ENSG00000230994.1	0	0	0	0	0	0	0	0
ENSG00000223702.1	0	0	0	0	0	0	0	0
ENSG00000225851.1	0	0	0	0	0	0	0	0
ENSG00000272221.1	3	7	7	15	1	1	4	6
ENSG00000204520.14	120	96	113	78	64	40	133	102
ENSG00000288587.1	0	0	0	0	0	0	0	0
ENSG00000199332.1	0	0	0	0	0	0	0	0
ENSG00000230174.1	0	0	0	0	0	0	0	0
ENSG00000233902.1	1	0	0	0	0	0	0	0
ENSG00000206337.12	2	1	11	4	1	7	4	1
ENSG00000286940.1	7	6	4	2	2	4	3	4
ENSG00000204516.10	27	33	38	49	34	48	31	29
ENSG00000201680.1	1	1	0	0	0	0	0	0
ENSG00000256851.1	0	0	0	0	0	0	0	0
ENSG00000219797.2	15	8	5	11	7	9	10	13
ENSG00000225499.1	0	0	0	0	0	0	0	0
ENSG00000204511.3	0	0	0	0	0	0	0	0
ENSG00000198563.14	317	292	250	249	314	287	275	262
ENSG00000254870.5	0	1	0	0	0	0	0	1
ENSG00000201785.1	0	0	0	0	0	0	0	0
ENSG00000265236.1	0	0	0	0	0	0	0	0
ENSG00000234006.1	1	0	1	0	0	0	0	0
ENSG00000213760.11	12	16	14	12	16	9	9	18
ENSG00000204498.11	70	44	54	38	47	46	55	47
ENSG00000289406.1	0	0	0	0	0	0	0	0
ENSG00000226979.9	0	0	0	0	0	0	0	0
ENSG00000232810.5	0	0	0	0	0	0	0	0
ENSG00000227507.3	0	0	0	0	1	0	0	1
ENSG00000204482.11	0	1	0	0	1	0	0	1
ENSG00000204475.10	0	0	0	0	0	0	0	0
ENSG00000230622.1	0	0	0	0	0	0	0	0
ENSG00000204472.13	0	0	0	0	0	0	0	0
ENSG00000289375.1	0	0	0	0	0	0	2	0
ENSG00000204469.13	964	880	837	762	880	956	890	845
ENSG00000291302.1	0	0	0	0	0	0	0	0
ENSG00000200816.1	0	0	0	0	0	0	0	0
ENSG00000289282.1	0	0	0	0	0	0	0	0
ENSG00000274494.1	0	0	0	0	0	0	0	0
ENSG00000204463.14	805	626	633	578	647	566	602	597
ENSG00000204444.11	13	9	7	6	9	7	12	8
ENSG00000204439.4	57	69	55	49	52	57	64	56
ENSG00000227198.1	0	0	0	0	0	0	0	0
ENSG00000204438.11	88	81	52	52	54	56	70	54
ENSG00000201207.1	2	1	0	2	1	0	3	1
ENSG00000204435.15	70	79	85	58	75	58	71	53
ENSG00000263020.6	0	0	0	0	0	0	0	0
ENSG00000240053.9	8	12	13	6	7	10	9	13
ENSG00000204428.12	10	8	5	7	9	6	9	10
ENSG00000204427.12	14	11	6	11	8	7	8	11
ENSG00000204422.7	0	0	0	0	0	0	0	0
ENSG00000266776.1	0	0	0	0	0	0	0	0
ENSG00000204424.10	0	0	0	0	0	0	0	0
ENSG00000250641.1	0	0	0	0	0	0	0	0
ENSG00000255552.9	0	0	1	0	0	0	0	0
ENSG00000244355.8	0	0	0	0	0	0	0	0
ENSG00000204420.10	0	0	1	0	1	0	0	0
ENSG00000204421.3	0	0	1	1	1	0	0	0
ENSG00000213722.10	353	319	342	264	275	190	370	299
ENSG00000213719.8	710	699	652	600	646	637	700	625
ENSG00000204410.16	7	7	9	3	10	8	13	2
ENSG00000255152.8	0	0	0	0	0	0	1	0
ENSG00000252743.1	1	0	0	0	0	0	1	0
ENSG00000228727.10	0	0	0	0	1	0	2	0
ENSG00000235663.1	0	0	0	0	0	0	1	0
ENSG00000204396.11	4	1	11	4	5	5	7	4
ENSG00000204394.13	228	257	181	150	201	224	190	198
ENSG00000201555.1	0	0	0	0	0	0	0	0
ENSG00000204392.11	52	46	45	36	45	27	42	30
ENSG00000204390.10	11	11	16	11	10	17	19	16
ENSG00000204389.10	100	125	112	181	145	114	154	136
ENSG00000289637.1	0	0	1	1	0	0	2	0
ENSG00000289829.1	2	2	5	1	0	2	1	0
ENSG00000204388.7	102	85	93	77	91	57	96	80
ENSG00000285565.1	0	0	0	0	0	0	0	0
ENSG00000204387.14	421	503	197	146	148	131	172	140
ENSG00000201823.1	1	0	0	0	0	0	0	1
ENSG00000201754.1	0	0	0	0	0	0	0	0
ENSG00000204386.12	240	188	190	158	217	142	255	174
ENSG00000204385.13	1	0	0	2	0	1	3	0
ENSG00000237080.3	0	0	1	0	3	1	1	1
ENSG00000204371.12	289	192	206	136	255	153	204	187
ENSG00000166278.16	59	38	77	57	37	21	63	37
ENSG00000204366.4	35	16	23	14	29	21	29	12
ENSG00000244255.5	0	0	0	0	0	0	0	0
ENSG00000281756.1	0	1	0	1	0	0	0	0
ENSG00000243649.10	27	14	30	22	27	16	29	13
ENSG00000204356.14	185	163	185	139	191	192	181	144
ENSG00000284446.1	0	0	0	0	0	0	0	0
ENSG00000204351.13	272	215	223	160	219	218	165	170
ENSG00000204348.10	52	72	60	42	52	37	38	34
ENSG00000204344.16	27	44	35	26	40	29	39	39
ENSG00000244731.10	37	17	31	19	4	14	25	24
ENSG00000233627.2	0	0	0	0	0	0	0	0
ENSG00000290788.1	1	1	0	0	0	0	0	0
ENSG00000204338.9	0	0	0	0	0	0	0	0
ENSG00000248290.1	0	0	0	3	0	0	0	0
ENSG00000250535.1	1	3	1	0	0	0	0	1
ENSG00000224389.9	17	10	28	13	4	2	11	12
ENSG00000229776.1	0	0	0	0	0	0	0	0
ENSG00000231852.9	0	0	0	0	1	0	0	0
ENSG00000168477.21	1829	894	1728	1064	470	418	1484	1159
ENSG00000252512.1	0	0	0	0	0	0	0	0
ENSG00000284829.1	0	0	0	0	0	0	0	0
ENSG00000286974.1	2	1	2	1	0	0	2	4
ENSG00000213676.13	378	341	278	211	280	230	317	298
ENSG00000204315.4	27	15	19	12	13	10	16	9
ENSG00000204314.12	24	16	39	12	31	8	33	14
ENSG00000285085.1	0	0	0	0	0	0	0	0
ENSG00000284954.1	1	0	0	0	2	0	1	0
ENSG00000221988.13	35	33	32	30	36	19	25	28
ENSG00000258388.7	1	6	4	2	1	1	1	3
ENSG00000241404.7	6	10	7	6	8	4	2	5
ENSG00000204310.13	233	303	240	266	260	213	224	238
ENSG00000284469.1	0	0	0	0	0	0	0	0
ENSG00000204308.8	116	77	72	62	76	71	93	75
ENSG00000277264.1	0	0	0	0	0	0	0	0
ENSG00000204305.16	8	6	7	5	8	9	5	2
ENSG00000273333.2	0	0	0	0	0	0	0	0
ENSG00000204304.12	240	190	264	184	278	189	241	161
ENSG00000213654.10	18	20	15	17	38	24	23	14
ENSG00000204301.6	4	3	2	2	1	3	1	2
ENSG00000225914.5	5	0	3	2	10	7	8	1
ENSG00000204296.13	0	0	0	0	0	0	0	0
ENSG00000237285.1	175	183	129	103	104	126	116	124
ENSG00000223335.1	0	0	0	0	0	0	0	0
ENSG00000204290.11	0	0	0	0	0	1	0	0
ENSG00000204287.14	0	0	0	0	0	0	1	0
ENSG00000196301.3	0	0	0	0	0	0	0	0
ENSG00000198502.6	0	0	0	0	0	0	0	0
ENSG00000251916.1	0	0	0	0	0	0	0	0
ENSG00000290878.1	0	1	0	0	0	0	0	0
ENSG00000229391.8	0	0	0	0	0	0	0	0
ENSG00000196126.12	0	0	0	0	0	0	0	0
ENSG00000196735.13	0	0	0	0	0	1	0	0
ENSG00000179344.17	0	0	0	0	0	0	0	0
ENSG00000223534.1	0	0	0	0	0	0	0	0
ENSG00000235040.1	0	0	12	12	0	0	0	0
ENSG00000232080.5	0	0	0	0	0	0	0	0
ENSG00000226030.1	0	0	0	0	0	0	0	0
ENSG00000237541.4	0	0	0	0	0	0	0	0
ENSG00000263649.1	0	0	0	0	0	0	0	0
ENSG00000232629.9	0	0	0	0	0	1	0	0
ENSG00000241106.8	0	0	0	0	1	0	2	0
ENSG00000250264.1	0	0	0	0	0	0	0	0
ENSG00000204267.19	58	80	56	64	54	41	64	34
ENSG00000204264.12	106	95	89	86	89	83	93	93
ENSG00000204261.9	5	4	2	1	0	1	3	0
ENSG00000240065.8	37	36	32	25	27	17	36	22
ENSG00000168394.13	123	126	105	105	126	98	121	96
ENSG00000234515.1	5	4	5	5	3	2	6	5
ENSG00000289559.2	0	1	1	1	1	0	1	1
ENSG00000289047.2	102	63	64	43	76	33	57	48
ENSG00000235301.1	0	0	0	0	1	0	0	0
ENSG00000242574.9	0	0	0	1	3	2	1	0
ENSG00000248993.1	0	0	0	0	0	0	0	0
ENSG00000204257.15	38	38	64	64	77	57	58	50
ENSG00000204256.14	732	700	699	548	812	659	731	546
ENSG00000223837.2	0	0	0	0	0	0	0	0
ENSG00000263756.1	0	0	0	0	0	0	0	0
ENSG00000204252.14	0	0	2	1	0	1	1	0
ENSG00000231389.8	1	0	19	12	8	9	9	17
ENSG00000223865.11	3	1	13	10	7	6	5	11
ENSG00000224796.1	2	1	5	2	0	3	0	0
ENSG00000231461.1	0	0	0	0	0	0	0	0
ENSG00000228688.1	0	0	0	0	0	0	0	0
ENSG00000291111.1	0	0	0	0	0	0	0	0
ENSG00000224557.10	0	0	0	0	0	0	0	0
ENSG00000237398.1	0	0	0	0	0	0	0	0
ENSG00000230313.1	0	0	0	0	0	1	0	0
ENSG00000204248.12	6	6	5	1	6	4	7	1
ENSG00000204231.11	281	238	190	225	217	182	229	205
ENSG00000202441.2	2	1	2	0	0	1	1	0
ENSG00000112473.19	737	631	667	510	680	638	719	468
ENSG00000204228.4	18	13	15	6	9	16	19	14
ENSG00000288751.1	0	0	0	1	3	0	1	0
ENSG00000199036.1	0	0	0	0	0	0	0	0
ENSG00000204227.5	205	188	143	141	176	150	151	112
ENSG00000225463.1	0	0	0	0	0	0	0	0
ENSG00000223457.1	0	0	0	0	0	0	0	0
ENSG00000272217.1	0	0	1	0	4	1	0	2
ENSG00000289975.1	3	1	2	3	1	2	5	1
ENSG00000232940.8	7	7	8	3	3	7	6	5
ENSG00000223501.9	165	135	148	156	150	123	143	152
ENSG00000231500.7	5914	6283	4300	3645	3538	3269	3894	3499
ENSG00000235863.4	27	36	23	37	25	38	38	43
ENSG00000227057.10	154	172	120	93	133	140	105	110
ENSG00000284517.1	0	0	0	0	0	0	0	0
ENSG00000204220.12	35	59	60	42	49	63	49	36
ENSG00000284064.1	0	0	0	0	0	0	0	0
ENSG00000237441.10	272	205	148	166	167	134	176	205
ENSG00000289100.1	0	0	1	0	1	0	0	1
ENSG00000231925.14	203	214	224	220	294	237	231	232
ENSG00000236104.3	105	68	109	69	93	42	92	59
ENSG00000204209.13	190	193	146	138	275	216	178	154
ENSG00000285064.2	0	0	0	0	0	0	0	0
ENSG00000286920.2	0	0	0	0	0	0	0	0
ENSG00000229596.3	682	973	816	1130	656	1177	785	1083
ENSG00000228285.2	54	57	48	48	53	66	51	53
ENSG00000225644.1	3	2	3	3	2	1	5	5
ENSG00000237649.8	4	10	8	2	8	3	5	2
ENSG00000204194.1	232	219	197	114	226	202	142	167
ENSG00000112511.18	302	269	287	262	273	202	243	216
ENSG00000112514.18	322	259	243	200	313	222	286	213
ENSG00000197283.18	174	142	169	105	164	118	164	127
ENSG00000274259.2	0	0	0	0	0	0	0	0
ENSG00000284256.1	0	0	0	0	0	0	0	0
ENSG00000213588.6	18	29	24	22	26	26	27	19
ENSG00000204188.7	0	1	1	0	0	0	0	0
ENSG00000242014.3	0	0	0	0	0	0	0	0
ENSG00000276746.1	0	0	0	0	0	0	0	0
ENSG00000030110.14	38	27	37	35	35	54	35	30
ENSG00000197251.4	0	0	0	0	0	0	0	0
ENSG00000096433.11	409	389	499	473	387	469	459	531
ENSG00000137288.10	104	77	76	51	73	70	75	41
ENSG00000266509.1	0	0	0	0	0	0	0	0
ENSG00000161896.12	4	6	7	4	20	17	0	1
ENSG00000161904.13	184	195	157	184	173	192	160	179
ENSG00000096395.11	0	1	0	0	0	1	0	0
ENSG00000287089.1	1	0	0	0	0	1	1	0
ENSG00000249346.8	1	0	0	1	0	1	0	0
ENSG00000271362.1	0	0	1	1	2	1	0	1
ENSG00000233183.3	1	0	0	0	0	1	0	0
ENSG00000276824.1	0	0	0	0	0	0	0	0
ENSG00000221697.1	0	0	0	0	0	0	0	0
ENSG00000124493.14	0	0	0	0	0	0	0	0
ENSG00000271231.1	0	0	0	0	0	0	0	0
ENSG00000214810.4	67	78	53	68	79	89	58	49
ENSG00000288879.2	0	0	0	0	0	0	1	0
ENSG00000137309.21	811	581	704	551	611	463	896	505
ENSG00000276404.1	1	0	0	0	1	1	0	0
ENSG00000186577.14	82	83	48	43	52	69	68	54
ENSG00000225339.4	5	3	2	2	0	3	5	2
ENSG00000220583.1	0	0	0	0	0	0	0	0
ENSG00000272325.2	14	8	10	9	11	14	18	10
ENSG00000270800.4	0	0	0	0	0	0	0	0
ENSG00000124614.17	49	46	43	38	55	34	50	48
ENSG00000124507.11	2	1	2	1	0	0	1	2
ENSG00000124664.11	0	0	0	0	0	0	0	0
ENSG00000196114.3	1259	1360	1224	1326	1548	1654	1425	1429
ENSG00000196821.10	415	412	407	398	405	368	396	379
ENSG00000216636.1	0	0	0	0	0	0	0	0
ENSG00000265123.2	2	2	0	0	0	0	0	0
ENSG00000220643.1	0	0	0	0	0	0	0	0
ENSG00000272288.8	4	1	6	1	5	3	3	2
ENSG00000186328.4	52	47	35	24	35	33	23	22
ENSG00000217130.1	2	0	0	0	1	0	1	1
ENSG00000124562.10	178	157	133	103	154	161	132	99
ENSG00000065060.18	102	66	72	65	83	63	71	79
ENSG00000206717.1	0	0	0	0	0	0	0	0
ENSG00000252106.2	0	0	0	0	0	0	0	0
ENSG00000064995.19	71	70	76	74	59	73	64	63
ENSG00000064999.16	135	141	142	164	155	153	138	152
ENSG00000187762.5	8	6	6	8	11	2	4	6
ENSG00000286550.1	0	0	0	0	0	0	0	0
ENSG00000273870.1	0	0	0	0	0	0	1	0
ENSG00000124678.20	0	0	0	0	0	1	1	0
ENSG00000146197.9	6	13	25	26	69	70	38	46
ENSG00000272374.1	5	6	6	6	7	4	5	6
ENSG00000065029.15	94	80	75	95	90	78	75	85
ENSG00000217004.1	0	0	0	1	0	0	0	1
ENSG00000023892.12	0	1	3	1	2	3	2	2
ENSG00000112033.14	205	225	199	215	199	255	188	234
ENSG00000227154.4	0	0	0	0	0	0	0	0
ENSG00000112039.6	28	32	21	26	26	20	29	33
ENSG00000198755.11	2452	2511	2039	1638	2062	2025	1892	1737
ENSG00000276712.1	0	1	1	0	0	0	0	0
ENSG00000007866.22	314	456	275	360	217	288	232	373
ENSG00000112041.13	0	0	2	4	0	1	0	0
ENSG00000228559.2	0	0	0	0	0	0	1	2
ENSG00000219023.1	1505	1525	1333	1038	1313	1137	1196	989
ENSG00000289456.1	0	0	0	0	0	0	0	0
ENSG00000096060.15	64	1050	66	1154	117	771	39	847
ENSG00000218749.1	68	70	47	42	52	40	50	39
ENSG00000287458.1	0	1	3	0	2	2	0	0
ENSG00000212579.1	0	0	0	0	0	0	0	0
ENSG00000265527.1	0	0	0	0	0	0	0	0
ENSG00000232909.1	0	2	0	2	0	0	2	0
ENSG00000157343.9	4	1	3	1	4	3	2	3
ENSG00000288747.2	0	0	0	0	0	0	0	0
ENSG00000220734.1	43	68	67	76	65	89	52	85
ENSG00000196748.10	0	0	0	0	0	0	0	1
ENSG00000204140.10	0	0	0	0	0	0	0	0
ENSG00000137392.10	0	0	0	0	0	0	0	0
ENSG00000197753.11	3	1	5	2	8	4	2	3
ENSG00000096063.16	74	84	94	102	97	110	72	94
ENSG00000112053.14	2	4	1	0	3	2	2	4
ENSG00000271304.2	0	1	0	0	1	0	0	0
ENSG00000112062.12	231	280	240	290	234	276	233	271
ENSG00000237719.1	36	41	26	27	39	48	39	30
ENSG00000156711.17	31	40	31	46	95	116	39	62
ENSG00000246982.7	6	2	3	1	2	0	7	1
ENSG00000096070.19	215	199	182	190	227	198	176	184
ENSG00000180316.13	0	0	0	0	0	0	1	1
ENSG00000189325.7	0	0	0	0	0	0	0	0
ENSG00000010030.14	4	4	3	2	1	1	3	2
ENSG00000224666.3	0	0	1	1	0	0	0	0
ENSG00000179165.12	0	0	0	0	0	0	0	0
ENSG00000112078.14	444	471	369	567	462	679	406	498
ENSG00000240733.3	0	0	1	0	0	0	0	0
ENSG00000112079.9	262	316	230	316	286	243	242	284
ENSG00000239964.3	1	0	0	0	2	0	0	0
ENSG00000112081.17	476	484	447	400	309	485	384	359
ENSG00000263894.1	0	0	0	0	0	0	0	0
ENSG00000238554.1	1	0	0	0	0	0	0	0
ENSG00000251864.1	0	0	0	0	0	0	0	0
ENSG00000281450.1	0	1	2	0	1	3	3	0
ENSG00000213500.3	31	31	11	28	24	24	10	22
ENSG00000124762.14	3088	1415	1610	759	2213	1003	1802	864
ENSG00000285244.1	0	1	0	0	0	0	2	0
ENSG00000255587.9	1	0	0	1	4	0	0	0
ENSG00000220349.4	0	0	0	0	0	0	0	0
ENSG00000124772.12	2	2	5	4	3	10	1	4
ENSG00000285888.1	0	0	0	0	0	0	0	0
ENSG00000287891.2	0	0	0	0	0	0	0	0
ENSG00000137168.8	60	54	74	35	64	87	44	40
ENSG00000198663.17	1048	891	1097	882	1099	949	1049	884
ENSG00000232598.2	0	0	0	0	0	0	0	0
ENSG00000164530.15	4	0	70	13	4	1	60	30
ENSG00000137409.21	972	905	913	804	980	782	829	778
ENSG00000146192.15	0	1	1	0	2	0	2	0
ENSG00000226976.3	312	323	283	215	262	277	234	200
ENSG00000216412.4	173	157	138	111	184	120	143	93
ENSG00000137193.14	231	129	174	64	190	106	132	86
ENSG00000172738.13	4	5	12	1	21	4	8	3
ENSG00000286105.2	0	0	0	0	0	0	0	0
ENSG00000065491.8	72	67	64	57	72	49	65	45
ENSG00000275550.1	6	18	9	9	9	11	11	15
ENSG00000286672.1	2	0	0	0	3	0	1	0
ENSG00000112130.17	58	85	66	91	83	76	73	75
ENSG00000239953.3	0	0	0	0	0	0	0	0
ENSG00000137200.13	298	255	251	254	263	257	248	223
ENSG00000198937.9	30	18	18	17	15	17	12	6
ENSG00000204110.7	0	0	0	0	0	0	0	0
ENSG00000229559.2	0	0	0	0	0	0	0	0
ENSG00000227920.3	0	0	0	0	0	0	0	0
ENSG00000263926.1	0	0	0	0	0	0	0	0
ENSG00000279942.1	0	0	0	0	0	0	0	0
ENSG00000112139.17	249	148	358	199	167	168	208	169
ENSG00000225945.1	0	0	1	0	0	1	0	0
ENSG00000156639.12	388	372	437	387	444	450	460	366
ENSG00000243313.2	0	0	0	0	0	0	0	0
ENSG00000200597.1	0	0	0	0	0	0	0	0
ENSG00000218521.1	0	0	0	0	0	0	0	0
ENSG00000183826.19	80	103	102	112	98	92	108	117
ENSG00000200706.1	0	0	0	0	0	0	0	0
ENSG00000226533.1	0	0	0	0	0	0	0	0
ENSG00000199938.1	0	0	0	0	0	0	0	0
ENSG00000217227.1	181	188	184	195	190	187	179	165
ENSG00000124767.7	290	317	337	378	337	317	272	290
ENSG00000236355.2	0	0	0	0	0	0	0	0
ENSG00000124721.18	0	0	0	0	0	0	0	1
ENSG00000244297.3	0	0	0	0	0	0	0	0
ENSG00000219273.1	3	3	5	4	2	4	7	9
ENSG00000212586.1	0	0	0	0	0	0	0	1
ENSG00000231150.5	0	0	0	0	0	0	0	0
ENSG00000220076.1	0	0	0	0	0	0	0	0
ENSG00000220556.4	0	0	0	0	0	0	0	0
ENSG00000112164.6	0	0	0	0	0	0	0	0
ENSG00000112167.11	80	64	48	55	51	49	81	58
ENSG00000217165.1	0	0	0	0	0	0	0	0
ENSG00000164626.9	0	0	0	0	0	0	0	0
ENSG00000124780.14	0	0	0	0	0	0	0	0
ENSG00000095981.11	0	0	0	0	0	0	0	0
ENSG00000164627.18	7	9	5	6	4	1	0	1
ENSG00000218986.1	0	0	0	1	0	0	0	1
ENSG00000231276.2	2	1	4	0	6	2	4	4
ENSG00000252990.1	0	0	0	0	0	0	0	0
ENSG00000146122.17	296	747	255	745	155	626	154	456
ENSG00000281969.1	0	2	1	3	1	4	0	0
ENSG00000235033.7	2	3	4	4	3	7	1	3
ENSG00000124615.20	86	141	77	103	109	122	66	88
ENSG00000220586.2	0	0	0	0	0	0	0	0
ENSG00000180211.5	1	0	2	1	0	1	0	1
ENSG00000227131.1	0	0	0	0	0	0	0	0
ENSG00000204091.8	0	0	0	0	0	0	0	0
ENSG00000226070.2	0	0	0	0	0	0	0	0
ENSG00000156564.10	0	0	0	0	0	0	0	0
ENSG00000252767.1	0	0	0	0	0	0	0	0
ENSG00000236075.1	0	0	0	0	0	0	0	0
ENSG00000226454.3	0	0	0	0	0	0	0	0
ENSG00000237947.1	0	0	0	0	0	0	0	0
ENSG00000124602.10	0	1	1	1	1	0	2	1
ENSG00000124596.17	63	56	72	72	76	45	65	70
ENSG00000112212.12	0	0	0	0	0	0	0	0
ENSG00000124701.6	0	0	0	0	1	2	0	0
ENSG00000001167.15	101	77	93	49	144	95	89	60
ENSG00000287678.1	0	0	0	0	1	0	0	0
ENSG00000161912.19	3	1	0	0	2	2	2	2
ENSG00000290554.1	3	3	1	0	4	2	2	3
ENSG00000161911.12	0	0	0	0	0	0	0	0
ENSG00000290034.1	0	0	0	0	0	0	0	0
ENSG00000095970.17	2	0	0	0	0	0	1	0
ENSG00000112195.9	0	0	0	0	0	0	0	0
ENSG00000290563.1	2	0	0	0	1	0	0	0
ENSG00000184106.9	0	0	0	0	0	0	0	0
ENSG00000188056.12	0	0	0	0	0	0	0	0
ENSG00000212176.1	0	0	0	0	0	0	0	0
ENSG00000225690.1	0	0	0	0	0	0	0	0
ENSG00000274256.1	0	0	0	0	0	0	0	0
ENSG00000278745.1	0	0	0	0	0	0	0	0
ENSG00000124731.13	1	0	0	0	0	1	0	0
ENSG00000218809.1	0	0	0	0	0	0	0	0
ENSG00000206745.1	0	0	0	0	0	0	0	0
ENSG00000213461.3	14	13	13	12	17	8	13	12
ENSG00000096264.14	0	0	0	0	0	0	0	0
ENSG00000279284.1	0	0	0	0	0	0	0	0
ENSG00000280371.1	0	0	0	0	0	0	0	0
ENSG00000234753.7	0	0	2	1	0	0	0	0
ENSG00000226917.6	0	0	0	0	0	0	0	0
ENSG00000137166.18	77	64	70	57	75	82	79	88
ENSG00000266494.1	0	0	0	0	0	0	0	0
ENSG00000112559.15	3	0	0	2	0	0	0	0
ENSG00000230913.1	1	0	0	0	1	0	0	0
ENSG00000112561.19	36	17	9	11	25	12	24	8
ENSG00000231102.1	0	0	0	0	0	0	0	0
ENSG00000096088.16	0	0	0	0	0	0	0	0
ENSG00000269387.1	0	0	0	0	0	0	0	0
ENSG00000137218.10	19	23	13	13	9	4	16	15
ENSG00000124593.16	6	4	3	4	2	2	4	4
ENSG00000278224.7	0	0	0	1	1	0	1	0
ENSG00000214736.8	0	0	0	0	0	0	0	0
ENSG00000164663.15	24	31	23	16	24	24	26	25
ENSG00000268745.1	0	0	0	0	0	0	0	0
ENSG00000288721.1	1	0	1	0	3	3	3	0
ENSG00000206977.1	0	0	0	0	0	0	0	0
ENSG00000227516.1	0	0	0	0	0	0	1	1
ENSG00000124641.16	56	51	55	52	56	51	45	33
ENSG00000207371.1	0	0	0	0	0	0	0	0
ENSG00000112578.10	36	40	31	28	46	56	32	29
ENSG00000112576.13	114	160	83	156	85	133	84	189
ENSG00000206875.1	0	0	0	0	0	0	1	0
ENSG00000223946.1	0	0	0	0	0	0	0	0
ENSG00000137413.17	91	116	71	96	86	76	71	73
ENSG00000188112.10	62	100	49	86	69	102	49	75
ENSG00000287363.4	0	0	0	0	0	0	0	0
ENSG00000290147.1	0	0	0	0	0	0	0	0
ENSG00000048545.18	0	0	0	2	0	0	0	0
ENSG00000112599.9	3	0	8	3	7	1	0	0
ENSG00000289216.1	0	0	0	0	0	0	0	0
ENSG00000048544.6	167	145	171	178	157	166	143	110
ENSG00000124496.13	143	78	117	68	117	77	118	55
ENSG00000237107.3	93	96	75	58	83	71	71	64
ENSG00000024048.11	287	252	289	289	279	248	265	297
ENSG00000206848.1	0	0	1	0	1	0	1	0
ENSG00000112619.8	41	26	39	23	42	31	23	11
ENSG00000213435.3	164	189	153	148	162	146	159	156
ENSG00000124659.7	97	132	82	79	89	106	85	100
ENSG00000112624.14	110	98	106	111	108	86	136	105
ENSG00000146223.16	474	444	430	442	468	469	379	405
ENSG00000221821.4	20	12	5	7	5	4	15	6
ENSG00000288010.1	1	2	0	1	0	1	1	3
ENSG00000171611.10	0	0	0	0	0	0	0	0
ENSG00000287825.3	2	4	3	3	2	1	5	2
ENSG00000137161.18	151	115	111	105	114	94	103	131
ENSG00000231113.2	5	2	2	1	5	3	4	5
ENSG00000181524.6	1427	1362	1081	911	1003	902	1000	888
ENSG00000124713.6	3	1	2	2	1	3	1	2
ENSG00000124587.14	198	179	85	105	101	79	142	155
ENSG00000290049.1	5	1	2	0	1	0	2	0
ENSG00000112640.16	193	159	175	139	141	143	159	170
ENSG00000124733.5	157	147	176	137	193	152	140	126
ENSG00000124702.19	205	236	151	250	154	234	168	228
ENSG00000124541.7	117	107	84	78	112	108	105	63
ENSG00000272223.1	1	2	0	0	1	0	0	0
ENSG00000240625.3	1	2	2	0	0	2	2	0
ENSG00000044090.13	235	157	254	139	203	168	228	161
ENSG00000137171.15	100	86	81	67	74	58	77	62
ENSG00000288564.1	0	0	0	0	0	0	0	0
ENSG00000112651.12	15	8	13	9	14	12	11	12
ENSG00000272170.1	0	0	0	0	0	0	0	0
ENSG00000112655.16	1825	1407	1655	1406	1508	1608	1687	1308
ENSG00000112658.8	218	381	168	265	168	385	160	278
ENSG00000112659.14	179	153	137	111	147	117	135	91
ENSG00000245261.1	0	0	0	0	0	0	0	0
ENSG00000112667.13	29	39	36	25	23	22	33	24
ENSG00000146216.14	0	0	3	0	0	3	1	1
ENSG00000137204.15	0	0	0	0	0	0	0	0
ENSG00000146215.14	0	0	0	0	0	0	0	0
ENSG00000171467.16	191	171	154	151	176	103	184	145
ENSG00000219222.1	27	23	11	9	13	10	21	10
ENSG00000220614.1	55	63	40	71	34	47	48	63
ENSG00000179157.4	4	7	3	5	2	3	2	2
ENSG00000226558.1	0	0	0	0	0	0	0	0
ENSG00000287055.1	1	0	0	1	0	2	0	1
ENSG00000287266.1	0	0	0	0	0	0	0	0
ENSG00000124574.15	136	130	133	98	103	95	78	110
ENSG00000276770.1	0	1	0	0	0	0	0	0
ENSG00000171462.15	2	8	7	3	1	5	5	6
ENSG00000207076.1	0	0	0	0	0	0	0	0
ENSG00000137221.14	138	140	125	111	107	112	120	116
ENSG00000204052.5	2	1	0	1	1	2	1	1
ENSG00000171453.20	53	57	40	26	42	52	41	37
ENSG00000137207.12	458	473	415	455	466	461	422	402
ENSG00000271754.1	0	0	1	0	0	0	0	0
ENSG00000124571.18	100	118	107	93	141	137	112	109
ENSG00000219470.1	856	894	595	506	579	560	545	462
ENSG00000252218.1	1	0	1	0	0	0	0	0
ENSG00000170734.12	293	221	291	193	245	180	265	224
ENSG00000203362.2	1	1	1	1	0	0	0	3
ENSG00000172432.19	172	164	156	160	173	149	182	141
ENSG00000124688.14	52	62	51	49	52	44	53	58
ENSG00000172426.16	6	4	1	3	7	3	1	1
ENSG00000096080.12	36	29	32	22	29	33	27	28
ENSG00000218107.1	9	3	2	3	6	2	7	5
ENSG00000236961.1	0	0	0	0	0	0	0	0
ENSG00000112715.26	690	262	503	140	504	363	524	166
ENSG00000272114.1	0	0	0	0	0	0	0	0
ENSG00000283573.1	0	0	0	0	0	1	0	0
ENSG00000283215.2	0	0	0	0	0	0	0	0
ENSG00000223469.1	0	0	0	0	0	0	0	0
ENSG00000289313.1	0	0	1	0	0	0	0	0
ENSG00000237686.8	0	0	0	0	1	1	0	0
ENSG00000289609.2	1	0	1	0	0	0	0	0
ENSG00000181577.16	1	0	0	0	0	0	0	0
ENSG00000231881.2	4	3	1	5	6	4	6	1
ENSG00000183239.5	70	73	23	31	11	15	36	25
ENSG00000287562.1	8	12	9	3	12	2	13	7
ENSG00000180992.7	86	73	56	50	81	46	74	43
ENSG00000137216.19	196	210	163	145	228	144	190	150
ENSG00000137225.13	0	0	0	0	0	0	0	0
ENSG00000265439.2	0	0	0	0	0	0	0	0
ENSG00000262179.3	0	0	0	0	1	0	0	0
ENSG00000112759.19	135	84	135	134	147	112	145	114
ENSG00000096384.20	2584	2047	2485	1902	2553	1754	2475	1719
ENSG00000157593.20	411	407	320	299	389	348	311	318
ENSG00000284427.1	0	0	0	0	0	0	0	0
ENSG00000146232.17	21	24	7	10	18	13	23	20
ENSG00000178233.18	1	1	0	0	0	0	0	0
ENSG00000272442.2	2	1	0	0	1	0	1	0
ENSG00000146221.10	1	1	4	2	2	0	2	6
ENSG00000124608.5	140	75	103	50	98	78	73	49
ENSG00000249481.7	0	0	1	0	0	0	0	0
ENSG00000096401.8	221	246	202	205	187	190	185	198
ENSG00000266619.1	0	0	0	0	0	0	0	0
ENSG00000237530.2	0	0	0	0	0	0	0	0
ENSG00000279076.1	0	0	0	0	0	0	0	0
ENSG00000286417.1	0	0	0	0	0	0	0	0
ENSG00000196284.18	19	20	17	20	23	21	18	18
ENSG00000270900.1	0	0	0	0	0	0	0	0
ENSG00000276156.1	0	0	0	0	0	0	0	0
ENSG00000277769.1	0	0	0	0	0	0	0	0
ENSG00000219384.1	0	0	0	0	0	0	0	0
ENSG00000207769.1	0	0	0	0	0	0	0	0
ENSG00000124813.23	24	30	21	34	27	39	16	21
ENSG00000271857.1	0	1	1	1	2	1	2	0
ENSG00000261080.1	0	0	0	0	0	0	0	0
ENSG00000112782.19	0	0	0	0	0	0	0	0
ENSG00000212468.1	0	0	0	0	0	0	0	0
ENSG00000231769.4	0	0	1	0	0	0	0	0
ENSG00000001561.7	27	16	39	43	3	7	32	37
ENSG00000112796.10	19	8	10	8	3	5	29	11
ENSG00000229349.2	81	99	92	170	77	203	90	135
ENSG00000172348.16	135	15	217	93	15	12	337	86
ENSG00000226541.1	0	0	0	0	0	0	0	0
ENSG00000236466.2	0	0	0	1	0	1	0	0
ENSG00000146233.8	23	31	26	36	6	11	40	50
ENSG00000153291.16	86	100	92	75	65	63	144	154
ENSG00000242973.6	1	1	0	0	0	0	0	1
ENSG00000180113.16	16	18	16	15	2	0	10	10
ENSG00000146070.17	0	0	0	0	0	0	0	0
ENSG00000230062.7	8	5	12	3	3	4	6	2
ENSG00000236164.1	0	0	0	0	0	0	0	0
ENSG00000112818.11	0	0	0	0	0	0	0	0
ENSG00000069122.19	0	0	0	0	7	10	1	0
ENSG00000225730.1	0	0	0	0	0	0	0	0
ENSG00000153292.16	3	0	1	0	1	0	0	0
ENSG00000146072.6	374	356	297	287	413	278	429	418
ENSG00000271328.1	0	0	0	0	0	0	0	0
ENSG00000287485.1	0	0	0	0	0	0	1	0
ENSG00000270761.2	0	2	0	0	0	0	0	0
ENSG00000198087.7	136	143	112	109	119	125	110	108
ENSG00000199762.1	0	0	0	0	0	0	0	0
ENSG00000216813.1	0	0	0	0	0	0	0	0
ENSG00000164393.10	0	0	0	0	0	0	0	0
ENSG00000153294.12	0	0	0	0	0	0	0	0
ENSG00000252711.1	0	0	0	0	0	0	0	0
ENSG00000226594.1	0	0	0	0	0	0	0	0
ENSG00000216616.1	2	2	1	3	1	0	2	1
ENSG00000124818.16	0	0	1	0	0	0	0	0
ENSG00000200340.1	0	0	0	0	0	0	0	0
ENSG00000244694.8	132	76	51	14	64	30	36	32
ENSG00000286811.1	0	0	1	0	0	0	0	0
ENSG00000226068.1	258	292	256	195	277	323	199	212
ENSG00000216835.3	291	224	293	164	268	181	287	224
ENSG00000278736.1	0	0	0	0	0	0	0	0
ENSG00000287137.1	0	0	0	0	0	0	0	0
ENSG00000271162.1	0	0	0	0	0	0	0	0
ENSG00000218337.1	2	4	4	1	6	4	2	1
ENSG00000274867.1	0	0	0	0	0	0	0	0
ENSG00000217631.1	10	7	11	15	3	6	7	16
ENSG00000252457.1	0	0	0	0	0	0	0	0
ENSG00000277043.1	0	0	0	0	0	0	0	0
ENSG00000146085.8	214	206	178	192	156	184	213	240
ENSG00000031691.7	7	15	9	15	24	20	17	17
ENSG00000203972.10	0	0	0	0	0	0	0	0
ENSG00000197261.12	1	0	0	0	0	1	1	0
ENSG00000216998.1	0	0	0	0	0	0	0	0
ENSG00000112077.18	0	0	0	1	0	0	0	0
ENSG00000124490.14	0	0	0	0	0	0	0	0
ENSG00000235122.4	1	0	1	0	3	0	3	1
ENSG00000279127.1	0	1	0	0	0	0	0	0
ENSG00000096006.12	0	0	0	0	0	0	0	0
ENSG00000170950.6	135	143	192	150	126	300	123	118
ENSG00000226707.1	0	0	0	0	0	0	0	0
ENSG00000124812.15	0	0	0	0	0	0	0	0
ENSG00000290804.1	0	0	0	0	0	0	0	0
ENSG00000214643.8	0	0	0	0	0	0	0	0
ENSG00000177684.4	0	0	0	0	0	0	0	0
ENSG00000214642.1	0	0	0	0	0	0	0	0
ENSG00000203970.4	0	0	0	0	0	0	0	0
ENSG00000180872.7	0	0	0	0	0	0	0	0
ENSG00000226733.4	0	0	0	0	0	0	0	0
ENSG00000286405.1	0	0	0	0	0	0	0	0
ENSG00000233470.1	0	0	0	0	0	0	0	0
ENSG00000230472.5	0	0	0	0	0	0	0	0
ENSG00000008197.5	0	0	0	0	0	0	0	0
ENSG00000008196.13	0	1	0	0	0	0	0	0
ENSG00000060303.5	285	299	187	205	171	191	230	197
ENSG00000216913.2	8	10	14	3	11	15	12	7
ENSG00000230204.1	5216	5118	4197	4871	5067	4709	4146	4304
ENSG00000270306.1	0	0	0	0	0	0	0	0
ENSG00000232702.3	0	1	3	1	2	1	0	0
ENSG00000212532.1	0	0	0	0	0	0	0	0
ENSG00000214641.3	132	142	140	93	118	114	127	94
ENSG00000228689.8	0	0	0	0	0	0	0	0
ENSG00000170927.15	0	0	0	0	0	0	0	0
ENSG00000240641.3	0	0	0	0	0	0	0	0
ENSG00000207604.3	0	0	0	0	0	0	0	0
ENSG00000225613.2	0	0	0	0	0	0	0	0
ENSG00000199080.1	0	0	0	0	0	0	0	0
ENSG00000112115.7	0	0	0	0	0	0	0	0
ENSG00000112116.11	0	0	0	0	0	0	0	0
ENSG00000218363.1	18	15	13	10	33	15	16	17
ENSG00000112118.20	139	123	113	91	96	87	115	96
ENSG00000170915.9	53	41	29	22	30	37	30	34
ENSG00000096093.16	131	129	120	129	162	137	155	150
ENSG00000289276.1	0	0	0	0	0	0	0	0
ENSG00000065308.5	2011	2224	1634	1950	1898	1977	1835	1848
ENSG00000225791.7	47	65	39	57	49	44	37	49
ENSG00000270382.1	34	56	54	77	56	54	70	57
ENSG00000291006.1	62	54	63	34	111	36	37	18
ENSG00000216775.5	0	0	0	0	0	0	0	0
ENSG00000096092.6	110	125	70	87	51	69	59	89
ENSG00000220377.1	0	0	0	0	0	0	0	0
ENSG00000271227.1	0	0	1	0	0	0	0	0
ENSG00000237674.1	0	0	0	0	0	0	0	0
ENSG00000244067.3	0	0	0	0	0	0	0	0
ENSG00000217228.1	0	0	0	0	0	0	0	0
ENSG00000243955.6	0	0	0	0	0	0	0	0
ENSG00000223622.2	0	0	0	0	0	1	0	0
ENSG00000182793.12	0	0	0	0	0	0	0	0
ENSG00000230375.1	0	0	0	0	0	0	0	0
ENSG00000230845.2	0	0	0	0	0	0	0	0
ENSG00000174156.15	0	0	0	0	0	0	0	0
ENSG00000291036.1	0	0	0	0	0	0	0	0
ENSG00000243236.8	0	0	0	0	0	0	0	0
ENSG00000288014.1	0	0	0	0	0	0	0	0
ENSG00000170899.11	108	77	111	60	110	45	136	65
ENSG00000202198.1	0	0	0	0	0	0	0	0
ENSG00000283293.1	0	0	0	0	0	0	0	0
ENSG00000112144.16	144	143	124	127	141	105	130	161
ENSG00000288614.1	0	0	0	0	0	0	0	0
ENSG00000112146.17	241	295	255	301	258	252	242	281
ENSG00000288646.1	0	0	0	0	0	0	0	0
ENSG00000242865.3	0	0	0	0	0	0	0	0
ENSG00000261745.2	0	0	0	0	0	0	0	0
ENSG00000137270.11	0	0	0	0	0	0	0	1
ENSG00000253026.1	0	0	0	0	0	0	0	0
ENSG00000219074.1	0	0	0	0	0	0	0	0
ENSG00000218713.1	2	2	1	1	0	1	2	4
ENSG00000206908.1	0	0	0	0	0	0	0	0
ENSG00000219163.2	81	81	79	51	79	65	69	59
ENSG00000012660.14	411	413	480	651	407	516	413	532
ENSG00000264056.1	0	0	0	0	0	1	0	0
ENSG00000217527.1	0	0	0	0	0	0	0	0
ENSG00000271367.1	0	1	4	0	1	3	0	0
ENSG00000219863.5	837	782	373	473	308	371	450	357
ENSG00000218049.1	0	0	0	0	0	0	0	0
ENSG00000218261.1	11	9	6	6	4	6	6	6
ENSG00000271338.1	1	3	5	2	1	3	2	2
ENSG00000253010.1	0	0	0	0	0	0	0	0
ENSG00000271373.1	0	0	0	0	0	0	0	0
ENSG00000001084.13	116	85	95	158	144	99	133	145
ENSG00000249379.2	1	0	0	0	2	0	1	0
ENSG00000231683.6	0	0	0	0	2	1	1	2
ENSG00000235899.4	1	0	2	0	0	0	1	1
ENSG00000124743.6	0	0	0	2	0	0	1	1
ENSG00000227885.4	0	2	2	0	1	1	0	0
ENSG00000137269.15	16	17	13	23	16	20	27	25
ENSG00000271218.1	0	0	1	0	0	0	0	0
ENSG00000146147.15	1	0	0	0	0	0	0	1
ENSG00000235050.6	0	0	0	0	0	0	0	0
ENSG00000218143.2	5	2	2	2	1	2	0	0
ENSG00000287745.1	0	0	0	0	0	0	0	0
ENSG00000137251.16	0	0	0	0	0	0	0	0
ENSG00000228231.2	0	0	0	0	0	0	0	0
ENSG00000213335.4	92	69	82	65	108	64	79	57
ENSG00000216347.1	0	0	0	0	0	0	0	0
ENSG00000220773.1	470	484	192	210	191	198	237	240
ENSG00000220635.2	11	9	12	8	6	6	9	10
ENSG00000251946.1	0	0	0	0	0	0	0	0
ENSG00000224984.1	0	0	0	0	0	0	0	0
ENSG00000168143.9	0	0	0	0	0	0	0	0
ENSG00000261116.1	0	0	0	0	0	0	0	0
ENSG00000137252.10	0	0	0	0	0	0	0	0
ENSG00000187871.2	0	0	0	0	0	0	0	0
ENSG00000146151.14	0	1	0	0	2	0	0	1
ENSG00000220725.1	0	0	0	0	0	0	0	0
ENSG00000112175.8	0	0	0	0	0	0	0	1
ENSG00000214604.3	0	0	0	0	0	0	0	0
ENSG00000124749.18	33	23	16	35	13	7	21	15
ENSG00000219095.1	0	0	0	0	0	0	0	0
ENSG00000227602.1	33	56	40	106	40	33	23	84
ENSG00000220666.2	61	63	56	75	69	36	75	65
ENSG00000151914.22	4313	3088	3378	2251	3981	2764	3611	3073
ENSG00000231441.2	0	0	0	3	1	1	0	1
ENSG00000216854.2	872	751	590	507	620	628	612	489
ENSG00000200224.2	0	1	0	0	0	0	0	0
ENSG00000151917.18	84	53	78	55	69	36	77	47
ENSG00000219790.3	23	17	17	25	20	24	23	30
ENSG00000218980.2	6	5	4	9	1	0	2	4
ENSG00000276576.1	36	32	25	22	26	28	22	22
ENSG00000168116.14	44	41	45	30	49	43	38	40
ENSG00000112200.17	172	143	157	152	161	130	173	139
ENSG00000226803.9	7	1	4	5	4	6	6	2
ENSG00000112208.11	320	287	357	267	280	276	279	172
ENSG00000112210.12	264	249	393	297	320	359	314	234
ENSG00000146143.19	102	61	111	64	82	63	78	50
ENSG00000212017.2	0	0	0	0	0	0	0	0
ENSG00000266579.1	0	0	0	0	0	0	0	0
ENSG00000272541.1	0	2	0	0	0	0	0	0
ENSG00000286723.1	0	0	0	0	0	0	0	0
ENSG00000271761.1	0	0	0	0	0	0	0	1
ENSG00000272316.1	14	23	26	20	17	13	27	27
ENSG00000239650.4	1	0	6	2	1	3	5	4
ENSG00000283352.1	1	1	3	1	0	0	2	0
ENSG00000218189.4	0	0	1	1	0	0	0	1
ENSG00000290555.1	46	20	27	15	39	23	27	14
ENSG00000215190.10	0	0	0	0	0	0	0	0
ENSG00000225096.3	3	0	2	0	4	3	1	1
ENSG00000214563.2	5	4	3	4	1	6	6	6
ENSG00000216687.2	0	0	0	0	2	0	0	0
ENSG00000214561.3	17	15	16	12	18	11	18	8
ENSG00000275046.1	2	0	1	2	0	0	2	2
ENSG00000283453.3	0	0	0	0	0	0	0	0
ENSG00000290597.1	0	0	0	0	0	0	0	0
ENSG00000277172.1	29	25	21	15	18	24	20	27
ENSG00000275773.1	0	0	0	0	0	0	0	0
ENSG00000287598.1	0	0	0	0	0	0	0	0
ENSG00000274844.1	0	0	0	0	0	0	0	0
ENSG00000276290.1	17	12	17	18	13	15	15	13
ENSG00000220030.1	0	0	0	0	0	0	0	0
ENSG00000250686.2	0	0	0	0	0	0	0	0
ENSG00000112232.10	0	1	0	0	0	0	0	0
ENSG00000287679.1	1	0	1	0	0	1	0	2
ENSG00000216859.1	0	0	0	0	0	0	0	0
ENSG00000217067.2	2	1	1	0	0	0	0	0
ENSG00000262566.1	0	0	0	0	0	0	0	0
ENSG00000217477.2	0	0	0	0	0	0	0	0
ENSG00000198225.5	840	822	763	771	806	867	851	734
ENSG00000219940.2	11	11	11	9	13	6	8	10
ENSG00000218520.5	1	1	2	0	2	3	0	0
ENSG00000146166.17	0	1	0	0	0	0	0	0
ENSG00000289911.1	0	0	0	0	1	0	0	0
ENSG00000218617.1	0	0	0	0	0	0	0	0
ENSG00000218274.2	0	0	0	0	0	0	0	0
ENSG00000218048.2	0	0	0	0	0	0	0	0
ENSG00000225121.2	2	2	2	7	14	6	9	4
ENSG00000112245.13	2	1	2	1	2	1	1	2
ENSG00000213312.3	1575	1510	1389	1108	1643	1260	1314	1116
ENSG00000266680.1	2	5	9	4	8	3	6	2
ENSG00000285976.2	1	0	2	0	0	0	1	0
ENSG00000262651.1	0	0	0	0	0	0	0	0
ENSG00000213309.3	1748	1721	1499	1206	1178	1136	1239	1129
ENSG00000118482.12	373	324	406	373	441	371	429	405
ENSG00000188107.15	1	1	3	1	1	0	2	0
ENSG00000218813.1	0	0	0	0	0	0	0	0
ENSG00000236345.3	0	1	0	0	0	0	0	1
ENSG00000219653.1	0	1	0	1	1	1	2	0
ENSG00000232120.1	0	0	0	0	0	0	0	0
ENSG00000217811.1	0	0	0	0	0	0	0	0
ENSG00000243828.2	0	0	0	0	0	0	0	0
ENSG00000214558.5	731	663	654	637	669	609	666	615
ENSG00000220483.4	30	22	16	23	18	18	23	15
ENSG00000233859.2	1027	1299	1012	1406	1176	1258	1053	1135
ENSG00000218890.1	19	16	23	25	21	21	15	17
ENSG00000270521.1	0	1	0	1	0	0	0	0
ENSG00000238949.1	0	0	0	0	0	0	0	0
ENSG00000212229.1	0	0	0	0	0	0	0	0
ENSG00000271111.1	0	0	0	0	0	0	0	0
ENSG00000251965.1	0	0	0	0	0	0	0	0
ENSG00000201015.1	0	0	0	0	0	0	0	0
ENSG00000206672.1	0	0	0	0	0	0	0	0
ENSG00000227706.4	0	0	1	2	2	0	2	1
ENSG00000286680.1	0	0	0	0	0	0	0	0
ENSG00000287557.1	0	0	0	0	0	0	0	0
ENSG00000270509.1	3	1	4	3	6	3	5	1
ENSG00000285838.2	0	0	0	0	1	0	0	0
ENSG00000223504.1	0	0	0	0	0	0	0	0
ENSG00000286564.1	0	0	0	0	0	0	0	0
ENSG00000226497.1	0	1	0	0	0	0	0	0
ENSG00000288088.1	0	0	0	0	0	0	0	0
ENSG00000218834.1	0	0	0	0	0	0	0	0
ENSG00000230910.6	0	1	0	0	0	1	0	0
ENSG00000135298.15	1	0	0	0	0	0	0	0
ENSG00000288712.1	0	0	0	0	0	0	0	0
ENSG00000289611.1	0	0	0	0	0	0	0	0
ENSG00000168216.13	205	160	216	204	204	206	202	192
ENSG00000219085.1	1	1	0	0	0	0	1	0
ENSG00000219881.1	2	0	0	0	2	0	1	0
ENSG00000082293.13	0	0	0	0	1	0	0	1
ENSG00000216365.2	0	0	0	0	0	0	0	0
ENSG00000112280.18	1	0	0	0	0	0	1	0
ENSG00000253809.1	0	0	0	0	0	0	0	0
ENSG00000287300.1	0	0	0	0	0	1	0	0
ENSG00000237643.3	0	0	0	0	0	0	0	0
ENSG00000224349.2	0	0	0	0	0	0	0	0
ENSG00000082269.17	50	42	27	37	59	43	45	51
ENSG00000238386.1	0	0	0	0	0	0	0	0
ENSG00000154079.6	33	22	34	23	23	25	21	22
ENSG00000271967.1	1	1	1	1	0	0	0	0
ENSG00000232389.1	225	246	146	176	187	148	164	147
ENSG00000218870.1	0	0	0	0	0	0	0	0
ENSG00000112305.15	50	36	44	34	46	37	52	41
ENSG00000262803.1	0	1	2	1	1	1	2	1
ENSG00000217767.2	2	7	8	3	0	3	2	1
ENSG00000112309.11	2	1	0	1	2	0	1	1
ENSG00000287939.1	0	0	0	0	0	0	0	0
ENSG00000219669.1	1	0	0	0	0	0	0	0
ENSG00000221345.2	0	0	0	0	0	0	0	0
ENSG00000218350.1	37	42	42	37	39	43	38	39
ENSG00000207180.1	0	0	0	0	0	0	0	0
ENSG00000233237.9	26	36	24	30	26	39	23	39
ENSG00000287380.1	0	0	0	0	0	0	0	0
ENSG00000276127.1	0	0	0	0	0	0	0	0
ENSG00000119900.9	151	155	112	158	136	210	167	203
ENSG00000230597.1	0	0	0	0	0	0	0	0
ENSG00000199094.3	0	0	0	0	0	0	0	0
ENSG00000279289.1	1	1	1	1	1	2	0	2
ENSG00000207827.1	0	0	0	0	0	0	0	0
ENSG00000223765.3	0	0	0	0	0	0	0	0
ENSG00000285963.1	0	0	0	0	0	0	0	0
ENSG00000219575.1	93	64	75	59	73	59	83	58
ENSG00000218014.1	0	0	0	0	0	0	0	0
ENSG00000202069.1	0	0	0	0	0	0	0	0
ENSG00000079841.20	2	5	13	21	3	13	2	7
ENSG00000218732.1	0	0	0	0	0	0	0	0
ENSG00000217483.1	0	0	0	0	0	0	0	0
ENSG00000181514.6	0	0	0	0	1	0	0	0
ENSG00000285844.2	0	0	0	0	1	0	2	0
ENSG00000185760.18	8	5	18	5	3	2	17	4
ENSG00000266180.1	0	0	0	0	0	0	0	0
ENSG00000232422.1	15	14	14	15	18	19	16	17
ENSG00000220515.2	543	515	522	353	459	582	381	396
ENSG00000229154.2	0	1	0	0	0	0	0	0
ENSG00000234025.1	1	1	2	0	2	0	1	2
ENSG00000251360.2	0	0	0	0	0	0	0	0
ENSG00000243501.5	0	0	0	0	0	0	0	0
ENSG00000256980.5	0	0	0	0	0	0	0	0
ENSG00000135314.14	10	12	13	6	9	13	15	11
ENSG00000229852.4	70	49	75	50	93	79	81	40
ENSG00000239626.1	4	4	1	1	2	2	0	2
ENSG00000234882.1	0	0	0	0	0	0	0	0
ENSG00000223389.1	0	0	0	0	0	0	0	0
ENSG00000226840.1	48	32	32	26	54	43	37	28
ENSG00000203909.4	0	0	0	0	0	0	0	0
ENSG00000203908.4	0	0	0	0	0	0	0	0
ENSG00000203907.10	0	0	0	1	0	0	0	0
ENSG00000231332.2	0	0	0	0	1	0	0	1
ENSG00000235174.1	1665	1833	1564	1582	1551	1577	1236	1183
ENSG00000290002.1	0	0	0	0	0	0	0	0
ENSG00000224221.1	0	3	4	5	10	7	13	5
ENSG00000080007.8	15	5	2	1	4	0	5	1
ENSG00000164430.17	13	12	14	9	9	18	6	14
ENSG00000135297.17	113	81	70	69	66	62	77	61
ENSG00000207023.1	0	0	0	0	0	0	0	0
ENSG00000271986.2	0	0	0	0	0	0	0	0
ENSG00000156508.19	59647	54691	53876	44159	48941	35496	54395	42887
ENSG00000229862.5	0	0	0	0	0	0	0	0
ENSG00000223967.1	0	1	0	0	1	0	0	0
ENSG00000289286.1	1	0	0	0	0	0	0	0
ENSG00000119899.13	217	231	286	452	264	408	247	377
ENSG00000218459.1	1616	1645	1090	944	964	942	1038	916
ENSG00000231652.2	0	6	9	0	3	5	1	1
ENSG00000156535.15	851	797	556	609	893	886	880	889
ENSG00000279790.1	0	0	0	0	0	0	0	0
ENSG00000217268.1	1	0	0	0	0	0	0	0
ENSG00000223786.1	0	0	1	0	0	0	0	0
ENSG00000217178.1	0	0	0	0	0	0	0	1
ENSG00000272243.6	0	0	0	0	0	0	0	0
ENSG00000218483.1	6	6	7	13	9	7	4	12
ENSG00000224583.1	0	0	0	0	0	0	0	0
ENSG00000219736.1	0	0	0	0	0	0	0	0
ENSG00000111799.22	9641	7542	10637	7838	11014	8628	8546	7493
ENSG00000112695.13	173	192	117	146	58	86	117	108
ENSG00000112697.17	1701	1407	1078	1176	1071	1021	1443	1284
ENSG00000225793.5	4	1	4	2	9	1	3	3
ENSG00000118407.15	17	20	20	12	13	3	20	8
ENSG00000203489.3	105	78	93	60	118	90	81	65
ENSG00000237174.7	2	0	0	0	0	0	0	1
ENSG00000221332.2	0	0	0	0	0	0	0	0
ENSG00000263533.1	0	0	0	0	0	0	0	0
ENSG00000238156.1	0	0	0	0	0	1	0	0
ENSG00000217680.1	34	27	33	39	47	39	38	43
ENSG00000201291.1	0	0	0	0	0	0	0	0
ENSG00000219722.1	0	0	0	0	0	0	0	0
ENSG00000220730.2	0	0	0	0	0	0	0	0
ENSG00000252137.1	0	0	0	0	0	0	0	0
ENSG00000112701.18	330	297	300	340	359	303	337	311
ENSG00000217488.2	0	0	0	0	0	0	0	0
ENSG00000252498.1	1	0	1	1	4	0	2	2
ENSG00000200091.1	0	0	0	0	0	0	0	0
ENSG00000285401.1	0	0	0	0	0	0	0	0
ENSG00000196586.17	291	263	223	330	381	280	341	355
ENSG00000252156.1	0	0	0	0	0	0	0	0
ENSG00000223169.1	0	0	0	0	1	0	0	0
ENSG00000112706.12	3	1	0	5	2	2	3	4
ENSG00000200040.1	0	0	0	0	0	0	0	0
ENSG00000222652.1	0	0	0	0	0	0	0	0
ENSG00000238697.1	0	0	0	0	0	0	0	0
ENSG00000236635.3	0	0	0	0	0	0	0	0
ENSG00000272445.1	0	0	0	0	0	0	0	0
ENSG00000280511.1	1	0	0	0	0	0	1	1
ENSG00000231762.1	5	3	2	3	3	2	3	10
ENSG00000271945.3	1	0	1	0	0	1	1	1
ENSG00000276064.1	0	0	0	0	0	0	0	0
ENSG00000135312.7	0	1	0	1	2	6	0	2
ENSG00000219253.1	29	36	25	11	23	16	18	20
ENSG00000269964.4	0	0	0	0	0	0	0	0
ENSG00000230309.1	0	0	0	0	0	0	0	0
ENSG00000229495.1	0	0	0	0	0	0	0	0
ENSG00000146243.14	31	21	28	28	21	27	28	17
ENSG00000146247.15	388	287	353	247	367	285	416	284
ENSG00000217512.1	0	0	0	0	0	0	1	0
ENSG00000286340.3	3	0	2	1	1	0	0	1
ENSG00000118418.16	129	101	154	110	119	64	126	94
ENSG00000270362.2	5	4	6	4	2	2	4	2
ENSG00000220154.2	0	0	0	0	0	0	0	0
ENSG00000201464.1	0	0	0	0	0	0	0	0
ENSG00000286042.1	0	0	0	0	0	0	0	0
ENSG00000217786.1	3	1	1	2	1	7	6	3
ENSG00000218029.3	3	0	1	0	0	0	2	0
ENSG00000262048.1	0	0	0	0	0	0	0	0
ENSG00000231533.2	1	0	1	1	1	1	2	1
ENSG00000218748.1	80	71	72	71	92	94	59	67
ENSG00000135338.14	52	37	49	43	54	39	53	54
ENSG00000287811.3	3	4	3	0	1	2	4	1
ENSG00000261970.1	0	0	2	0	0	0	0	0
ENSG00000272137.1	1	1	0	0	0	0	1	1
ENSG00000279659.1	0	1	0	1	1	1	0	0
ENSG00000198478.8	46	36	35	37	36	30	46	23
ENSG00000235357.4	0	0	0	0	0	0	0	0
ENSG00000220918.1	0	0	0	0	0	0	0	0
ENSG00000285586.1	0	0	0	0	0	0	0	0
ENSG00000233835.1	0	0	0	0	0	0	0	0
ENSG00000118402.6	21	16	18	22	25	14	27	22
ENSG00000287816.1	0	0	0	0	0	0	0	0
ENSG00000218582.2	2678	2205	3220	1980	3025	3069	2212	1665
ENSG00000220311.1	0	0	0	0	0	0	0	0
ENSG00000112742.10	4	8	6	2	2	2	5	0
ENSG00000288071.1	0	0	1	2	0	0	0	0
ENSG00000218418.2	916	988	800	942	1067	903	885	958
ENSG00000217377.1	0	0	0	0	0	0	0	0
ENSG00000083123.15	83	59	71	86	54	77	80	59
ENSG00000272129.1	0	1	0	1	0	0	2	3
ENSG00000219547.1	592	600	654	523	777	638	610	522
ENSG00000279022.1	0	0	0	1	0	0	0	0
ENSG00000233967.7	3	2	5	7	5	5	4	7
ENSG00000260645.2	0	1	1	1	0	2	0	0
ENSG00000219361.1	0	0	0	0	0	0	0	0
ENSG00000181705.2	0	0	0	0	0	0	0	0
ENSG00000216352.1	17	14	11	10	12	9	9	9
ENSG00000112773.16	169	68	149	53	175	64	124	54
ENSG00000226089.2	0	0	0	0	0	0	0	0
ENSG00000277797.1	0	0	0	0	0	0	0	0
ENSG00000212336.1	0	0	0	0	0	0	0	0
ENSG00000232031.1	0	0	0	0	0	0	0	0
ENSG00000206886.1	0	0	0	0	0	1	0	0
ENSG00000219702.1	0	0	0	0	0	0	0	0
ENSG00000224995.1	0	0	0	0	0	0	0	0
ENSG00000226453.4	1	0	0	1	0	0	1	1
ENSG00000260574.1	0	0	0	0	0	0	0	0
ENSG00000005700.15	214	204	253	253	238	252	259	254
ENSG00000223044.1	2	0	0	0	0	0	0	0
ENSG00000220537.1	0	0	0	0	0	0	0	0
ENSG00000286875.1	0	0	0	0	0	0	0	0
ENSG00000146242.9	470	315	344	207	344	280	407	286
ENSG00000118420.17	14	6	16	4	14	6	5	7
ENSG00000220091.2	0	0	0	0	0	0	0	0
ENSG00000227215.1	0	0	0	0	0	0	0	0
ENSG00000083097.15	104	62	103	49	125	74	102	69
ENSG00000013375.17	297	182	256	184	306	249	292	199
ENSG00000013392.8	56	37	52	46	52	52	59	43
ENSG00000065833.9	169	118	162	113	234	111	131	80
ENSG00000219951.4	1221	886	1168	770	1140	1080	837	693
ENSG00000146250.7	73	12	152	31	126	20	95	16
ENSG00000065609.15	0	0	0	0	0	0	0	0
ENSG00000237874.2	0	0	0	0	0	0	0	0
ENSG00000287705.1	0	0	0	0	0	0	0	0
ENSG00000203877.9	0	0	0	0	0	0	0	0
ENSG00000065615.14	86	65	53	62	70	60	45	43
ENSG00000228679.1	0	0	0	0	0	0	0	0
ENSG00000230852.2	0	0	0	0	0	0	0	0
ENSG00000135324.6	0	0	0	1	0	0	1	2
ENSG00000135315.12	73	59	74	43	75	52	62	55
ENSG00000231776.5	0	0	0	0	0	0	0	0
ENSG00000226309.1	0	0	0	0	0	0	0	0
ENSG00000112837.17	893	263	752	188	993	368	969	178
ENSG00000228290.7	2	5	1	2	3	2	1	0
ENSG00000219604.1	1	0	0	1	0	0	0	0
ENSG00000287294.1	0	0	1	0	1	0	0	0
ENSG00000216523.1	0	0	0	0	0	0	0	0
ENSG00000220291.1	0	0	0	0	0	0	0	0
ENSG00000216902.3	2	0	1	1	0	0	2	1
ENSG00000217060.1	136	134	125	138	141	133	111	120
ENSG00000213211.2	0	1	1	0	0	2	1	0
ENSG00000234155.1	1	0	0	1	0	1	0	2
ENSG00000216439.1	2	3	3	3	3	8	6	4
ENSG00000214460.3	1059	1035	999	1014	819	777	961	891
ENSG00000135318.12	1089	725	933	433	935	456	1620	798
ENSG00000280232.1	0	0	0	1	0	0	0	0
ENSG00000135317.14	56	50	57	54	59	68	56	59
ENSG00000271793.2	0	0	0	0	0	0	1	0
ENSG00000135316.20	246	309	212	256	208	236	222	218
ENSG00000203875.13	109	131	174	125	105	80	109	80
ENSG00000220563.1	0	0	0	0	0	0	0	0
ENSG00000275072.1	0	0	0	0	0	0	0	0
ENSG00000217334.1	0	0	0	0	0	0	0	0
ENSG00000198738.4	12	12	6	11	7	11	12	13
ENSG00000222686.1	0	0	0	0	0	0	0	0
ENSG00000200427.1	0	0	0	0	0	0	0	0
ENSG00000218766.1	36	23	19	33	30	30	30	38
ENSG00000288021.1	0	0	0	0	0	0	0	0
ENSG00000202103.1	0	0	0	0	0	0	0	0
ENSG00000220069.1	0	0	1	0	0	0	0	0
ENSG00000217272.1	25	33	40	24	40	37	33	40
ENSG00000220831.4	23	33	22	40	21	22	22	12
ENSG00000219500.1	0	0	0	0	0	0	0	0
ENSG00000243124.3	0	0	0	0	0	0	0	0
ENSG00000218561.1	0	0	0	0	0	0	0	0
ENSG00000219190.1	3	4	0	3	1	0	0	1
ENSG00000217769.4	271	218	238	192	316	202	228	202
ENSG00000220240.1	0	1	0	2	0	0	0	0
ENSG00000168830.8	0	0	0	0	0	0	0	0
ENSG00000214457.3	0	0	0	0	0	0	0	0
ENSG00000217169.2	0	1	0	0	0	1	0	1
ENSG00000217776.1	0	2	0	0	0	0	1	0
ENSG00000252697.1	0	0	0	0	0	0	0	0
ENSG00000135346.9	0	4	3	0	0	1	0	1
ENSG00000215477.2	630	522	568	471	636	672	623	482
ENSG00000272008.1	3	2	7	3	3	10	4	9
ENSG00000188994.14	259	214	243	209	265	250	267	200
ENSG00000218313.1	1	0	0	1	0	0	0	1
ENSG00000164411.12	0	0	0	0	1	0	0	0
ENSG00000216990.2	0	0	0	0	0	0	1	0
ENSG00000111850.11	23	27	27	24	23	22	33	18
ENSG00000203872.7	1	4	2	1	4	6	3	4
ENSG00000279616.1	0	1	0	0	0	0	1	0
ENSG00000272514.6	0	0	0	0	0	0	0	0
ENSG00000213204.8	3	1	1	1	2	2	6	1
ENSG00000216324.1	1	2	1	2	2	5	2	2
ENSG00000218793.1	0	0	0	0	0	0	0	0
ENSG00000218698.1	8	8	4	6	4	3	2	2
ENSG00000164414.19	36	29	39	38	26	22	45	45
ENSG00000206715.1	0	0	0	0	0	1	1	0
ENSG00000146282.19	223	201	219	226	244	231	204	198
ENSG00000135336.16	118	126	158	149	155	152	141	140
ENSG00000135334.9	156	155	163	159	162	127	146	127
ENSG00000238628.1	0	0	0	0	0	0	0	0
ENSG00000207131.1	0	0	0	0	0	0	0	0
ENSG00000240997.3	1	0	0	0	0	0	0	0
ENSG00000271114.1	0	0	0	0	0	0	0	0
ENSG00000286278.1	0	0	0	0	0	0	0	0
ENSG00000118434.9	0	0	0	0	0	0	0	0
ENSG00000118432.13	0	0	0	0	0	0	0	2
ENSG00000279565.1	0	0	1	0	1	0	0	0
ENSG00000234426.3	1	0	0	0	0	0	0	1
ENSG00000220131.1	0	0	0	0	0	0	0	0
ENSG00000220267.1	558	814	645	996	461	1308	526	825
ENSG00000286871.1	0	0	0	0	0	0	0	0
ENSG00000111880.16	66	44	57	77	51	87	61	65
ENSG00000222145.1	0	0	0	0	0	0	0	0
ENSG00000289931.1	0	0	0	0	0	0	0	0
ENSG00000280277.1	0	0	0	0	0	1	0	0
ENSG00000220130.1	34	30	20	28	16	12	23	13
ENSG00000220960.1	6	5	7	7	7	3	2	7
ENSG00000223001.1	0	0	0	0	0	0	0	0
ENSG00000271931.1	0	0	0	0	0	0	0	0
ENSG00000146278.11	422	528	351	515	376	362	350	551
ENSG00000264017.2	0	0	0	0	1	0	1	0
ENSG00000154548.9	5	3	3	1	2	1	7	2
ENSG00000288009.1	0	0	0	1	1	0	0	0
ENSG00000146281.6	79	104	72	120	89	93	97	120
ENSG00000146276.13	0	0	0	0	0	0	0	0
ENSG00000111886.11	4	5	2	4	1	1	0	3
ENSG00000220418.1	63	39	28	20	46	42	28	18
ENSG00000198833.7	272	299	251	313	226	300	266	314
ENSG00000025039.15	3	3	1	1	1	3	1	1
ENSG00000218965.1	41	44	40	30	40	46	37	44
ENSG00000135299.18	20	19	32	27	11	6	28	33
ENSG00000239316.3	0	0	0	0	1	0	0	1
ENSG00000237027.1	0	0	0	0	0	0	0	0
ENSG00000083099.11	120	76	112	105	110	89	120	101
ENSG00000112159.13	324	280	244	227	280	347	280	302
ENSG00000228124.1	0	0	0	0	0	0	1	0
ENSG00000220871.1	7	8	6	7	7	7	6	10
ENSG00000217653.1	0	0	0	0	0	0	0	1
ENSG00000118412.13	72	78	80	76	86	89	92	89
ENSG00000199630.1	0	1	0	0	0	0	0	0
ENSG00000218300.1	164	130	118	87	139	86	72	79
ENSG00000219240.2	0	0	0	0	0	0	0	0
ENSG00000135355.4	0	0	0	0	0	0	0	0
ENSG00000252891.1	0	0	0	0	0	0	0	0
ENSG00000112182.16	32	30	29	32	4	9	26	45
ENSG00000226455.1	1	0	0	0	0	0	0	0
ENSG00000222078.1	0	0	0	0	0	0	0	0
ENSG00000287789.1	0	0	0	0	0	0	0	0
ENSG00000218730.1	24	27	25	19	25	14	31	24
ENSG00000260271.4	0	2	0	0	0	1	0	0
ENSG00000266760.1	0	0	0	0	0	0	0	0
ENSG00000289988.1	0	0	0	0	0	0	0	0
ENSG00000135341.19	307	261	310	277	356	300	296	256
ENSG00000224605.1	0	0	0	0	0	0	0	0
ENSG00000263734.1	0	0	0	0	0	0	0	0
ENSG00000224944.2	0	0	0	0	0	0	0	0
ENSG00000262095.1	16	16	9	1	4	3	3	6
ENSG00000219087.2	0	0	0	0	0	0	0	0
ENSG00000220340.1	0	0	0	0	0	0	0	0
ENSG00000240961.3	0	0	0	0	0	0	0	0
ENSG00000219867.1	136	136	173	173	127	158	143	150
ENSG00000285961.1	0	0	0	0	0	0	0	0
ENSG00000220553.1	0	0	0	0	0	0	0	0
ENSG00000200492.2	0	0	0	0	0	0	0	0
ENSG00000261038.1	0	0	0	0	0	0	0	0
ENSG00000288101.1	0	0	0	1	0	0	0	0
ENSG00000220908.2	0	0	0	0	0	0	0	0
ENSG00000221455.2	0	0	0	0	0	0	0	0
ENSG00000219387.2	4	1	2	3	4	5	1	0
ENSG00000235099.1	0	0	0	0	0	0	0	0
ENSG00000213187.3	40	43	32	37	39	25	32	32
ENSG00000135333.15	1	0	1	2	0	0	0	0
ENSG00000287683.1	0	0	0	0	0	0	0	0
ENSG00000289081.1	0	0	0	0	0	0	0	0
ENSG00000288085.1	0	0	0	0	0	0	0	0
ENSG00000280451.1	0	0	0	0	0	0	0	0
ENSG00000252249.1	0	0	0	0	0	0	0	0
ENSG00000229600.1	0	0	0	0	0	0	0	0
ENSG00000231143.1	0	0	0	0	0	0	0	0
ENSG00000220370.1	7	13	2	8	0	1	3	3
ENSG00000279403.1	0	0	0	0	0	0	0	0
ENSG00000270484.1	0	0	0	2	0	0	0	4
ENSG00000216853.1	1	0	0	0	0	0	0	0
ENSG00000289178.2	0	0	0	0	0	0	0	0
ENSG00000219627.1	1	0	0	1	0	1	0	0
ENSG00000261366.1	5	2	5	3	4	4	7	7
ENSG00000172469.17	86	87	84	110	116	110	124	111
ENSG00000219549.1	0	0	0	0	0	0	0	0
ENSG00000287578.1	0	0	0	0	0	0	0	0
ENSG00000219941.1	0	0	0	0	0	0	0	0
ENSG00000172461.11	0	0	0	0	0	0	0	0
ENSG00000233797.4	0	2	1	2	1	1	0	0
ENSG00000242560.3	0	1	1	0	0	0	0	0
ENSG00000014123.10	190	169	174	190	218	153	210	158
ENSG00000112214.11	0	0	0	0	0	0	0	0
ENSG00000213183.3	0	0	0	0	0	0	0	0
ENSG00000207309.1	0	0	0	0	0	0	0	0
ENSG00000219139.1	0	0	0	0	0	0	0	0
ENSG00000217331.1	0	0	0	0	0	0	0	0
ENSG00000216518.1	0	0	0	0	0	0	0	0
ENSG00000224384.1	0	0	0	0	0	0	0	0
ENSG00000112218.9	11	15	8	23	5	23	3	7
ENSG00000123545.6	24	35	29	33	48	33	18	18
ENSG00000263479.2	0	0	0	0	0	0	0	0
ENSG00000186231.17	0	0	0	0	0	0	0	0
ENSG00000146263.12	65	36	57	38	51	28	46	45
ENSG00000271860.9	0	0	1	0	1	1	0	0
ENSG00000226207.1	0	0	0	0	0	0	0	0
ENSG00000238367.1	0	0	0	0	0	0	0	0
ENSG00000220505.2	28	41	23	34	33	43	37	72
ENSG00000236920.2	0	0	0	0	0	0	0	0
ENSG00000187472.4	409	396	290	360	266	284	370	275
ENSG00000283010.1	0	0	0	0	0	0	0	0
ENSG00000289501.1	0	0	0	0	0	0	0	0
ENSG00000184486.10	1	0	0	0	0	1	0	0
ENSG00000112234.9	137	115	121	100	117	160	110	121
ENSG00000271042.1	6	5	0	9	5	2	3	5
ENSG00000265226.1	0	0	0	0	0	0	0	0
ENSG00000232699.3	197	148	220	169	259	132	233	152
ENSG00000146267.12	4	1	1	1	3	3	0	1
ENSG00000132423.12	10	11	5	14	9	11	8	8
ENSG00000132424.17	719	649	653	628	890	622	773	658
ENSG00000228506.4	17	12	16	24	16	14	10	16
ENSG00000123552.18	64	55	35	34	59	50	45	41
ENSG00000279170.3	51	67	34	33	54	71	29	33
ENSG00000274603.1	0	0	0	0	0	0	0	0
ENSG00000112237.13	115	105	100	138	105	97	121	108
ENSG00000219755.1	0	0	0	0	0	0	0	0
ENSG00000112238.12	0	0	0	0	0	0	0	0
ENSG00000199303.1	0	0	0	0	0	0	0	0
ENSG00000152034.11	0	0	0	2	0	0	0	0
ENSG00000229315.7	1	0	4	0	1	0	1	0
ENSG00000219257.2	0	1	0	0	0	0	0	1
ENSG00000275716.1	0	0	0	0	0	0	0	0
ENSG00000213177.3	137	105	125	108	190	131	133	87
ENSG00000216378.1	0	0	0	0	0	0	0	1
ENSG00000112246.10	0	0	0	0	0	0	0	0
ENSG00000228082.1	0	0	0	0	0	0	0	0
ENSG00000112249.14	493	394	403	280	517	470	445	362
ENSG00000220695.1	50	39	39	40	50	45	36	43
ENSG00000260000.3	7	3	2	0	2	6	2	1
ENSG00000270987.1	105	114	103	96	116	133	67	98
ENSG00000164418.22	0	0	4	7	18	10	11	4
ENSG00000218475.2	0	0	0	0	0	1	1	0
ENSG00000287397.1	0	0	0	0	0	0	0	0
ENSG00000218536.1	0	0	0	0	0	0	0	0
ENSG00000287499.1	1	0	0	0	0	0	0	0
ENSG00000219757.1	5	5	8	4	5	3	2	2
ENSG00000217120.1	0	0	0	0	0	0	0	0
ENSG00000202283.1	0	0	0	0	0	0	0	0
ENSG00000288084.1	0	0	0	1	0	0	0	0
ENSG00000216817.1	24	21	28	40	40	45	36	30
ENSG00000214428.3	0	0	0	0	0	0	0	0
ENSG00000287616.1	0	0	0	0	0	0	0	0
ENSG00000218173.1	0	0	0	0	0	0	0	0
ENSG00000085382.12	67	54	49	65	72	64	70	71
ENSG00000252944.1	0	0	0	0	0	0	1	0
ENSG00000227535.2	0	0	0	0	0	0	0	0
ENSG00000271099.1	1	1	0	0	0	0	0	0
ENSG00000203809.7	1	1	0	1	0	0	0	0
ENSG00000187772.8	0	0	0	0	0	0	0	0
ENSG00000290011.1	0	0	0	0	0	0	0	0
ENSG00000212147.1	0	0	0	0	0	0	0	0
ENSG00000112276.14	72	104	78	95	90	122	68	89
ENSG00000203808.13	5	2	0	4	7	5	4	9
ENSG00000132429.10	12	19	28	17	40	37	15	20
ENSG00000085377.15	105	166	110	148	93	143	109	132
ENSG00000231628.1	0	0	0	0	2	0	1	1
ENSG00000216639.1	0	0	0	0	0	1	0	0
ENSG00000219902.1	3	0	0	2	1	6	3	1
ENSG00000286084.3	1	0	0	1	0	2	0	2
ENSG00000237567.2	0	0	0	0	0	0	0	0
ENSG00000219088.1	8	2	4	4	2	10	7	9
ENSG00000284999.1	0	0	0	0	0	0	0	0
ENSG00000200198.1	0	0	0	0	0	0	0	0
ENSG00000057657.17	28	28	21	75	25	73	20	55
ENSG00000057663.16	113	117	111	126	112	112	122	123
ENSG00000269919.1	0	0	0	0	0	1	0	0
ENSG00000273744.1	0	0	0	0	0	0	0	0
ENSG00000244710.3	0	0	0	0	0	0	0	0
ENSG00000252444.1	0	0	0	0	0	0	0	0
ENSG00000233941.1	0	0	0	0	0	0	0	0
ENSG00000112297.18	69	83	40	80	67	71	54	99
ENSG00000207499.1	0	1	0	1	0	0	0	1
ENSG00000202386.1	0	0	0	0	0	0	0	0
ENSG00000282408.1	0	0	0	0	0	0	0	0
ENSG00000200314.1	0	0	0	1	0	0	0	0
ENSG00000130347.13	17	13	17	5	8	10	11	8
ENSG00000200295.1	0	0	0	0	0	0	0	0
ENSG00000130348.11	57	59	48	35	93	57	66	60
ENSG00000216977.1	0	0	1	1	0	0	0	0
ENSG00000229654.1	0	0	0	0	0	0	0	0
ENSG00000289020.1	0	0	0	0	0	0	0	0
ENSG00000235142.12	0	1	0	0	0	1	0	1
ENSG00000202285.1	0	0	0	0	0	0	0	0
ENSG00000207577.1	0	0	0	0	0	0	0	0
ENSG00000272398.6	2	1	3	0	1	0	2	1
ENSG00000130349.10	34	32	40	35	39	45	43	35
ENSG00000178409.14	21	20	13	9	21	14	15	13
ENSG00000252125.1	0	0	0	0	0	0	0	0
ENSG00000164494.12	72	74	71	61	80	62	65	57
ENSG00000276620.1	12	17	20	15	16	20	12	16
ENSG00000220237.1	8	8	7	4	5	6	7	5
ENSG00000112320.12	77	49	81	48	95	14	109	41
ENSG00000234206.5	0	0	0	0	0	0	0	0
ENSG00000289433.1	0	0	3	1	0	2	1	0
ENSG00000280135.1	0	0	0	0	0	0	0	0
ENSG00000146285.15	0	1	2	0	1	0	0	1
ENSG00000025796.14	601	580	801	702	759	740	768	657
ENSG00000238420.1	0	0	0	0	0	0	0	0
ENSG00000232778.1	0	0	0	0	0	0	0	0
ENSG00000272476.1	5	3	2	6	2	3	2	10
ENSG00000224987.1	13	16	18	17	14	19	21	29
ENSG00000253090.2	0	0	0	0	0	0	0	0
ENSG00000231112.1	3	2	4	4	4	1	3	6
ENSG00000225093.1	3121	3023	2011	1758	1957	1914	2175	1830
ENSG00000081087.16	241	247	206	341	217	273	219	261
ENSG00000238490.1	0	0	0	0	0	0	0	0
ENSG00000225174.2	0	0	0	0	0	0	0	0
ENSG00000112333.12	0	0	0	0	0	0	0	0
ENSG00000279398.1	0	0	0	0	0	0	0	0
ENSG00000112335.15	767	729	694	665	760	695	652	680
ENSG00000233511.1	0	0	0	0	0	0	0	0
ENSG00000212525.1	0	0	0	0	0	0	0	0
ENSG00000286562.1	0	0	0	0	1	0	1	0
ENSG00000230248.1	0	0	0	0	0	0	0	0
ENSG00000206974.1	0	0	0	0	0	0	0	0
ENSG00000135537.17	13	16	11	12	10	11	15	9
ENSG00000238055.1	0	0	0	0	0	0	0	0
ENSG00000279498.1	0	0	0	0	0	0	0	0
ENSG00000238079.1	0	0	0	0	0	0	0	0
ENSG00000227072.1	0	0	0	0	0	0	0	0
ENSG00000200799.1	0	0	0	0	0	0	0	0
ENSG00000287044.1	0	0	0	1	1	0	0	0
ENSG00000271608.1	0	0	0	0	0	0	0	0
ENSG00000118689.15	533	943	414	1077	422	914	431	1188
ENSG00000228976.1	0	0	0	0	0	0	0	0
ENSG00000203801.8	1	1	0	1	0	1	2	1
ENSG00000219565.2	50	68	58	59	60	82	59	64
ENSG00000286511.1	1	2	1	10	2	29	0	4
ENSG00000231559.1	0	0	0	0	0	0	0	0
ENSG00000118690.13	10	8	9	15	10	11	10	20
ENSG00000218872.1	0	0	0	0	0	0	0	0
ENSG00000228834.1	169	180	152	154	200	169	134	126
ENSG00000230290.1	0	0	0	1	0	0	0	0
ENSG00000080546.14	159	121	136	98	157	101	152	122
ENSG00000271730.1	1	0	0	0	0	1	2	1
ENSG00000199944.1	0	0	0	0	0	0	0	0
ENSG00000183137.16	62	71	67	57	82	48	59	48
ENSG00000203799.14	3	5	1	2	1	0	3	4
ENSG00000233908.1	12	13	1	5	3	7	6	4
ENSG00000219700.1	0	0	0	0	0	1	0	0
ENSG00000201023.1	0	0	0	0	0	0	0	0
ENSG00000218632.3	0	0	0	0	0	0	1	0
ENSG00000135535.17	1536	1283	1340	1359	1482	1416	1541	1275
ENSG00000260273.2	1	2	1	0	0	0	0	1
ENSG00000185250.16	9	15	8	7	9	7	7	17
ENSG00000135587.9	21	22	15	17	13	17	19	9
ENSG00000135596.18	241	356	200	271	216	239	232	309
ENSG00000112365.6	45	56	54	41	46	46	51	51
ENSG00000223537.3	2	0	1	1	0	0	1	0
ENSG00000155085.16	41	22	37	24	29	21	22	19
ENSG00000112367.12	126	84	153	120	132	105	136	103
ENSG00000146360.9	0	0	0	0	0	0	0	0
ENSG00000286691.1	0	0	0	0	0	0	0	0
ENSG00000112290.13	96	140	109	159	94	138	126	156
ENSG00000168438.15	121	114	120	114	120	121	135	108
ENSG00000053328.9	15	3	7	9	1	0	8	6
ENSG00000287268.1	0	0	0	0	0	0	0	0
ENSG00000203797.12	6	4	5	1	3	6	8	2
ENSG00000004809.14	0	0	0	0	1	0	0	0
ENSG00000241162.3	4	1	2	1	1	0	0	2
ENSG00000260188.1	0	0	0	0	0	0	0	0
ENSG00000289847.1	0	0	0	0	0	0	0	0
ENSG00000219559.1	720	818	356	301	297	371	333	343
ENSG00000270934.1	0	0	0	0	0	0	0	0
ENSG00000155111.15	198	156	150	146	161	118	195	176
ENSG00000213150.2	0	0	0	0	0	0	0	0
ENSG00000217041.1	2	2	3	6	2	6	8	1
ENSG00000219150.2	0	0	0	0	0	0	0	0
ENSG00000200522.1	0	0	0	0	0	0	0	0
ENSG00000212587.1	0	1	0	0	0	1	0	0
ENSG00000199360.1	0	0	0	0	0	0	0	0
ENSG00000213149.3	584	815	656	871	581	1222	575	920
ENSG00000271607.1	17	19	16	13	11	15	7	13
ENSG00000123505.19	114	151	102	121	94	111	97	125
ENSG00000219329.1	52	68	84	82	115	94	82	68
ENSG00000155115.7	75	74	75	79	99	72	77	67
ENSG00000197498.13	91	89	72	75	78	102	101	83
ENSG00000218803.1	94	91	88	71	107	75	117	83
ENSG00000112394.18	1	0	0	1	1	1	1	0
ENSG00000200926.1	0	0	0	0	0	0	0	0
ENSG00000231046.1	0	0	0	0	0	0	0	0
ENSG00000173214.7	33	25	28	25	28	28	28	26
ENSG00000271789.1	0	1	1	0	1	2	1	0
ENSG00000009413.17	1086	2267	871	2201	1072	1510	1064	2563
ENSG00000272356.1	2	6	5	9	4	5	6	4
ENSG00000220392.1	1	0	0	0	0	1	0	0
ENSG00000229276.1	2	1	1	1	0	1	1	0
ENSG00000218676.1	109	118	111	125	185	118	130	131
ENSG00000231889.9	24	26	17	29	19	16	25	23
ENSG00000220506.2	1	0	0	0	0	0	0	0
ENSG00000286616.1	0	0	1	0	0	0	2	1
ENSG00000056972.21	110	118	87	111	127	134	93	111
ENSG00000255389.1	5	7	9	15	8	10	5	5
ENSG00000010810.18	339	393	309	269	414	385	330	270
ENSG00000289256.2	0	0	0	0	3	1	1	1
ENSG00000227012.3	0	0	0	0	0	0	0	0
ENSG00000112761.22	0	0	1	0	2	0	0	0
ENSG00000074935.14	61	34	71	44	65	37	63	34
ENSG00000203778.8	69	52	60	43	57	45	54	60
ENSG00000112769.20	4042	3652	4432	3383	4135	4214	3361	2854
ENSG00000237234.7	15	4	13	6	13	11	9	5
ENSG00000207044.1	0	0	0	0	0	0	0	0
ENSG00000270661.1	0	0	0	0	0	0	0	0
ENSG00000271208.1	0	1	0	0	0	0	0	0
ENSG00000226440.7	1	0	2	1	2	2	0	0
ENSG00000281613.2	0	0	0	0	0	0	0	0
ENSG00000216663.3	4	1	2	2	2	2	0	1
ENSG00000251258.2	0	2	1	0	0	0	0	0
ENSG00000219773.1	2455	2459	1544	1269	1438	1293	1342	1241
ENSG00000215807.4	1	0	0	1	1	4	0	0
ENSG00000217770.1	5	4	4	4	3	11	4	8
ENSG00000286914.1	0	0	0	0	0	0	0	0
ENSG00000232299.1	0	0	0	0	0	0	0	0
ENSG00000225580.2	229	223	204	221	257	221	207	195
ENSG00000271498.1	0	0	0	0	0	0	0	0
ENSG00000201386.1	0	0	0	0	0	0	0	0
ENSG00000288560.1	0	0	1	0	1	0	0	0
ENSG00000218490.1	0	0	0	0	0	0	0	0
ENSG00000287728.2	0	0	0	0	0	0	0	0
ENSG00000216904.2	123	65	91	58	95	80	146	73
ENSG00000289961.1	2	0	2	0	2	0	1	0
ENSG00000223811.1	2	0	0	0	1	1	0	0
ENSG00000232316.2	1	0	0	1	0	0	2	0
ENSG00000236347.1	0	0	0	0	0	0	0	0
ENSG00000218208.1	1651	1700	1076	1044	900	920	1028	903
ENSG00000288916.1	0	0	0	0	0	0	0	0
ENSG00000230943.4	0	1	1	1	1	1	1	0
ENSG00000289925.1	0	0	0	0	0	0	0	0
ENSG00000231912.2	0	0	0	0	0	0	0	0
ENSG00000219758.6	201	209	253	173	230	190	205	194
ENSG00000289198.1	2	0	2	0	2	0	1	1
ENSG00000277443.3	1678	730	1309	623	1719	738	1482	493
ENSG00000227502.4	1	1	0	0	0	0	1	0
ENSG00000175967.4	1	0	2	0	1	0	2	1
ENSG00000196591.12	304	254	285	228	338	249	300	183
ENSG00000228624.8	2	0	2	2	1	3	3	3
ENSG00000216723.1	0	0	0	0	0	0	0	0
ENSG00000249853.9	0	0	0	0	0	0	0	0
ENSG00000216471.3	517	607	292	301	233	250	322	292
ENSG00000212333.1	0	0	0	0	0	0	0	0
ENSG00000218089.1	32	35	38	27	46	20	39	24
ENSG00000232395.1	0	0	0	0	0	0	0	0
ENSG00000226079.2	0	0	0	0	0	0	0	0
ENSG00000287097.1	0	0	0	0	0	0	1	0
ENSG00000251882.1	0	0	0	0	0	0	0	0
ENSG00000219619.2	0	0	0	1	0	0	0	0
ENSG00000228777.2	0	0	0	0	0	0	0	0
ENSG00000289376.2	0	0	0	0	1	0	0	0
ENSG00000111816.8	33	9	19	9	34	12	21	15
ENSG00000287933.1	1	1	1	1	0	0	0	0
ENSG00000186743.2	770	694	802	509	720	1377	552	481
ENSG00000178425.14	139	75	130	70	137	90	109	72
ENSG00000123500.10	3	2	2	4	8	7	2	1
ENSG00000218428.1	4	3	1	4	1	1	2	1
ENSG00000236326.1	0	0	0	0	0	0	0	0
ENSG00000187189.11	145	94	83	89	97	66	109	66
ENSG00000111817.19	785	784	739	915	768	727	715	898
ENSG00000233558.1	0	0	0	0	0	0	0	0
ENSG00000189241.8	312	302	333	287	365	269	366	247
ENSG00000285446.1	0	0	0	0	0	0	1	0
ENSG00000217241.1	173	172	135	148	185	187	154	145
ENSG00000218153.2	0	1	0	1	4	3	0	1
ENSG00000244158.1	0	0	0	0	0	0	0	0
ENSG00000188820.13	0	0	0	0	0	0	0	0
ENSG00000234117.2	0	0	0	0	0	0	0	0
ENSG00000173626.10	3	0	0	1	1	0	0	1
ENSG00000178033.6	148	105	119	157	150	210	149	178
ENSG00000164451.14	0	0	0	0	0	0	0	0
ENSG00000289304.2	0	1	2	1	1	1	1	0
ENSG00000111832.13	166	173	174	168	202	171	202	161
ENSG00000111834.13	1	0	1	0	0	1	1	2
ENSG00000153975.10	27	15	25	34	26	31	30	26
ENSG00000196911.12	50	36	49	43	45	38	40	45
ENSG00000183807.8	1	1	0	0	2	5	2	2
ENSG00000173612.10	0	0	0	0	0	0	0	0
ENSG00000185002.10	0	0	0	0	0	0	0	0
ENSG00000217089.1	2	3	0	0	0	1	2	0
ENSG00000200248.1	0	0	0	0	0	0	0	0
ENSG00000287253.1	0	0	0	0	0	0	0	0
ENSG00000170162.14	0	0	0	0	0	0	0	0
ENSG00000047936.11	0	0	0	0	0	1	0	0
ENSG00000251814.1	0	0	0	0	0	0	0	0
ENSG00000222713.1	0	0	0	0	0	0	0	0
ENSG00000282218.1	0	0	0	0	0	0	0	0
ENSG00000219703.1	0	0	0	0	0	0	0	0
ENSG00000226181.1	0	0	0	0	0	0	0	0
ENSG00000164465.19	171	138	145	90	197	118	146	78
ENSG00000207461.1	0	0	0	0	0	0	0	0
ENSG00000047932.14	310	286	292	243	310	204	294	226
ENSG00000218233.1	0	0	0	0	0	1	0	0
ENSG00000289372.2	2	1	1	2	2	1	0	1
ENSG00000153989.8	234	264	196	241	191	287	174	188
ENSG00000196376.11	0	0	1	0	0	0	0	0
ENSG00000230202.1	2065	2257	1706	1331	1790	1601	1443	1419
ENSG00000216809.1	14	12	14	14	13	11	7	6
ENSG00000111860.14	101	86	77	67	95	87	66	73
ENSG00000169075.7	5	2	7	9	4	6	5	3
ENSG00000198523.6	1	0	1	0	1	9	1	0
ENSG00000286339.1	0	0	0	0	0	0	0	0
ENSG00000217330.1	0	0	0	0	0	0	0	0
ENSG00000225549.3	1	0	0	0	0	0	0	0
ENSG00000111877.18	49	30	26	23	32	29	47	30
ENSG00000111875.8	70	52	60	51	66	53	52	53
ENSG00000253194.2	1	5	8	0	5	2	2	2
ENSG00000111879.20	3	0	3	1	2	1	3	3
ENSG00000222649.1	0	0	0	0	0	0	0	0
ENSG00000207982.1	0	0	0	0	0	0	0	0
ENSG00000220139.1	0	0	0	0	0	0	0	0
ENSG00000111885.7	968	1579	728	1478	822	915	871	1772
ENSG00000216316.1	5	4	1	2	5	1	4	4
ENSG00000200732.1	0	0	0	0	0	0	0	0
ENSG00000287100.3	2	3	2	3	3	2	4	0
ENSG00000265725.1	0	0	0	0	0	0	0	0
ENSG00000286540.1	1	0	0	1	0	0	0	0
ENSG00000206857.1	0	0	0	0	0	0	0	0
ENSG00000200310.1	0	0	0	0	0	0	0	0
ENSG00000216710.1	0	0	0	0	0	0	0	0
ENSG00000287992.1	0	0	0	0	0	0	0	0
ENSG00000146350.14	33	30	27	23	29	26	24	21
ENSG00000206598.1	0	0	0	0	0	0	0	0
ENSG00000207403.1	0	0	0	0	0	0	0	0
ENSG00000220447.1	1	1	0	2	3	0	0	1
ENSG00000272714.1	0	0	0	0	0	0	0	0
ENSG00000152661.9	531	311	602	516	546	527	560	455
ENSG00000199458.1	0	0	0	0	0	0	0	0
ENSG00000219784.2	0	0	0	0	0	0	0	0
ENSG00000201379.1	0	0	0	0	0	0	0	0
ENSG00000222659.1	0	0	0	0	0	0	0	0
ENSG00000290064.1	0	1	0	0	0	0	0	0
ENSG00000220326.2	7	7	5	4	4	3	4	5
ENSG00000218180.2	161	156	148	143	154	152	150	156
ENSG00000219135.1	1	0	0	0	0	0	0	0
ENSG00000217139.2	99	84	89	83	114	104	99	74
ENSG00000289871.1	0	0	0	0	0	0	0	0
ENSG00000220184.2	0	0	0	0	2	0	1	2
ENSG00000199932.1	0	0	0	0	0	0	0	0
ENSG00000025156.13	63	68	53	48	66	38	45	46
ENSG00000279453.1	25	21	22	35	20	21	21	42
ENSG00000111897.7	1998	2168	2243	2741	1883	2095	2157	2420
ENSG00000275339.1	9	3	3	5	2	3	6	6
ENSG00000135549.16	1	0	2	1	1	0	0	0
ENSG00000279114.1	1	0	2	1	1	0	0	0
ENSG00000277408.1	0	0	0	0	0	0	0	0
ENSG00000287258.1	0	0	1	0	0	0	0	0
ENSG00000272472.1	0	0	0	0	0	0	0	0
ENSG00000287818.1	0	0	0	0	0	0	0	0
ENSG00000240606.3	19	18	4	2	0	1	0	5
ENSG00000164434.12	2	0	1	0	1	0	2	2
ENSG00000172594.13	442	572	288	377	488	475	469	500
ENSG00000232362.1	271	255	213	189	215	238	178	194
ENSG00000285652.1	0	0	0	0	0	0	0	0
ENSG00000146352.13	0	1	0	0	2	1	0	0
ENSG00000186439.15	0	0	0	0	0	0	0	0
ENSG00000235535.9	0	1	1	0	0	0	0	1
ENSG00000285691.2	0	0	0	0	0	0	0	0
ENSG00000285941.1	0	0	0	0	0	0	0	0
ENSG00000188580.16	0	0	2	1	1	3	0	0
ENSG00000237321.1	0	0	0	0	0	0	0	0
ENSG00000236548.3	17	12	10	18	20	35	11	11
ENSG00000146373.17	97	187	128	244	138	207	108	246
ENSG00000111907.21	30	12	101	85	26	33	29	23
ENSG00000111906.18	112	119	156	110	123	132	111	118
ENSG00000286299.1	2	2	0	0	1	1	1	1
ENSG00000226409.3	0	0	1	0	0	0	0	0
ENSG00000237742.8	0	0	0	0	0	0	0	0
ENSG00000224506.3	0	0	0	0	0	0	0	0
ENSG00000135547.9	0	0	0	0	0	0	0	0
ENSG00000111912.20	236	342	185	343	306	206	218	370
ENSG00000232131.1	0	0	0	0	0	0	0	0
ENSG00000222445.1	0	0	0	0	0	0	0	1
ENSG00000111911.7	89	57	83	71	97	69	104	56
ENSG00000251920.1	0	0	0	0	0	0	0	0
ENSG00000066651.20	50	46	51	55	42	32	72	42
ENSG00000213133.4	80	55	70	44	61	65	59	52
ENSG00000286215.1	132	92	122	102	110	67	126	73
ENSG00000203760.9	14	23	11	16	10	10	19	26
ENSG00000207632.1	0	0	0	0	0	0	0	0
ENSG00000201613.1	0	0	0	0	0	0	0	0
ENSG00000275953.1	0	0	0	0	0	0	0	0
ENSG00000217325.2	2	1	0	1	0	0	0	0
ENSG00000217404.2	3	3	3	0	0	0	4	2
ENSG00000287731.1	0	0	1	1	1	1	0	2
ENSG00000146374.14	21	18	11	24	15	9	18	10
ENSG00000118518.17	214	213	207	250	221	162	211	223
ENSG00000093144.19	269	422	225	397	278	344	202	336
ENSG00000251768.1	0	1	1	0	0	0	0	0
ENSG00000213131.3	528	545	513	468	630	572	452	455
ENSG00000220744.1	1192	1178	943	880	923	842	903	850
ENSG00000220522.2	17	26	19	22	22	23	18	28
ENSG00000220694.2	0	0	0	1	0	0	0	0
ENSG00000189367.15	0	4	4	4	7	1	1	3
ENSG00000255330.9	0	0	0	0	0	0	0	0
ENSG00000214338.11	4	5	5	1	4	4	0	0
ENSG00000184530.9	3	3	1	2	2	1	2	1
ENSG00000219284.2	0	0	0	0	0	0	0	0
ENSG00000218187.2	50	52	50	67	45	44	51	41
ENSG00000260212.1	9	13	18	5	8	17	13	13
ENSG00000219699.2	26	29	30	21	45	27	44	19
ENSG00000281248.1	0	0	0	0	0	0	0	0
ENSG00000172673.12	0	0	0	0	0	1	0	0
ENSG00000274493.1	0	0	0	0	0	0	0	0
ENSG00000152894.15	550	428	476	404	668	464	611	547
ENSG00000227945.1	0	0	1	0	0	0	0	0
ENSG00000224733.1	0	0	0	0	0	0	0	0
ENSG00000289190.2	1	1	1	0	0	1	0	1
ENSG00000213130.3	160	150	143	152	145	125	140	118
ENSG00000206982.1	0	0	0	0	0	0	0	0
ENSG00000220110.1	0	0	0	0	0	0	0	0
ENSG00000202200.1	0	0	0	0	0	0	0	0
ENSG00000196569.14	1139	5509	1631	5006	885	3005	1679	7611
ENSG00000220884.2	118	29	277	73	121	27	103	30
ENSG00000219642.2	107	96	82	82	114	101	96	105
ENSG00000252554.1	0	0	0	0	0	0	0	0
ENSG00000226149.6	0	9	3	3	0	5	3	6
ENSG00000233351.1	0	0	0	0	0	0	0	0
ENSG00000146376.11	82	100	63	111	75	89	102	123
ENSG00000218689.2	0	0	0	0	0	0	0	0
ENSG00000219666.2	1	3	2	1	1	1	2	1
ENSG00000218725.2	5	5	4	3	8	0	5	4
ENSG00000219302.2	0	0	0	0	0	0	0	0
ENSG00000203756.8	0	0	0	0	0	0	0	0
ENSG00000198945.8	52	50	39	31	70	59	56	63
ENSG00000227678.8	1	0	0	0	0	1	0	0
ENSG00000164483.17	3	4	4	1	2	1	4	0
ENSG00000164484.12	252	102	200	92	193	113	292	89
ENSG00000202438.1	0	0	0	0	0	0	0	0
ENSG00000229923.2	0	0	0	0	0	0	0	0
ENSG00000256162.2	0	1	1	0	1	0	1	0
ENSG00000079819.20	1533	1279	1738	1069	1682	1416	1672	1374
ENSG00000288977.1	0	0	0	0	0	0	0	0
ENSG00000118507.19	12	20	12	29	24	36	12	30
ENSG00000218857.1	67	55	59	51	75	47	49	36
ENSG00000290067.1	0	0	0	0	0	0	0	0
ENSG00000289262.1	0	0	0	0	0	0	0	0
ENSG00000219776.2	1	1	0	2	0	0	0	0
ENSG00000118520.16	0	1	0	0	0	1	0	0
ENSG00000112282.18	208	158	204	158	187	163	168	152
ENSG00000154269.15	1	0	2	0	0	0	2	1
ENSG00000252560.1	0	0	0	0	0	0	0	0
ENSG00000180658.4	9	8	23	23	5	6	14	15
ENSG00000236761.6	21	23	29	50	26	25	34	23
ENSG00000216917.2	0	0	0	0	0	0	0	0
ENSG00000266807.1	0	0	0	0	0	0	0	0
ENSG00000197594.14	42	82	73	271	125	147	92	269
ENSG00000219532.2	36	36	21	19	28	29	21	21
ENSG00000200895.1	0	1	0	0	0	0	0	0
ENSG00000237115.2	2	1	1	1	2	4	3	1
ENSG00000228495.3	6	3	6	1	3	10	8	5
ENSG00000118523.6	577	955	1202	2246	1639	4409	1648	4839
ENSG00000265669.1	0	0	0	0	0	0	0	0
ENSG00000280155.1	0	0	0	0	1	0	0	0
ENSG00000223912.1	0	0	0	0	0	0	0	0
ENSG00000079931.15	1516	881	1128	1042	1050	977	1612	1159
ENSG00000079950.14	287	284	209	304	210	268	260	365
ENSG00000225343.1	0	0	0	0	0	0	0	0
ENSG00000237110.3	0	0	0	0	0	0	0	0
ENSG00000146385.2	0	0	0	0	0	0	0	0
ENSG00000235998.1	0	0	0	0	0	0	0	0
ENSG00000146383.7	0	0	0	0	0	0	0	0
ENSG00000135569.5	0	0	0	0	0	0	0	0
ENSG00000237449.1	0	0	0	0	0	0	0	0
ENSG00000286663.1	0	0	0	0	0	0	0	0
ENSG00000290584.1	0	0	0	0	0	0	0	0
ENSG00000179073.7	0	0	0	0	0	0	0	0
ENSG00000146378.6	0	0	0	0	0	0	0	0
ENSG00000146399.3	0	0	0	0	0	0	0	0
ENSG00000218194.1	0	0	0	0	0	0	0	0
ENSG00000112299.8	1	0	0	0	0	0	0	0
ENSG00000218991.1	0	0	0	0	0	0	0	0
ENSG00000093134.17	2	0	2	0	1	0	1	0
ENSG00000112303.14	0	0	0	0	3	3	0	1
ENSG00000234484.1	0	0	0	0	0	0	0	0
ENSG00000271488.1	0	0	0	0	0	0	0	0
ENSG00000146409.12	49	25	32	29	51	19	49	31
ENSG00000112306.8	4180	4330	2752	2421	2182	2150	2668	2315
ENSG00000206754.1	0	1	1	0	0	1	1	0
ENSG00000221500.1	0	3	0	0	0	1	1	0
ENSG00000200534.1	3	3	0	1	2	0	2	2
ENSG00000220557.1	13	21	23	12	17	17	10	8
ENSG00000279960.1	1	2	1	1	2	2	0	0
ENSG00000231023.9	0	0	0	0	0	0	0	0
ENSG00000213122.4	0	0	0	0	0	0	0	1
ENSG00000286438.1	0	0	0	0	0	0	0	0
ENSG00000220113.2	13	14	18	14	18	22	13	12
ENSG00000112319.21	158	144	137	60	207	160	178	108
ENSG00000223542.1	0	1	0	1	1	4	1	1
ENSG00000234567.1	2	0	0	0	2	1	0	3
ENSG00000227954.7	18	37	17	18	29	44	29	28
ENSG00000238059.1	8	4	6	7	4	2	4	3
ENSG00000272428.1	0	0	0	0	0	0	0	0
ENSG00000218213.1	0	0	0	0	0	0	0	0
ENSG00000223586.6	0	1	0	0	0	1	0	0
ENSG00000118526.7	1057	1595	668	725	794	1078	1025	1231
ENSG00000028839.10	73	52	58	59	100	40	88	53
ENSG00000288529.1	0	0	0	0	0	0	0	0
ENSG00000146411.6	201	83	223	112	261	134	186	94
ENSG00000278744.1	0	0	0	0	0	0	0	0
ENSG00000287413.1	1	1	0	0	0	0	0	0
ENSG00000216753.3	0	0	0	0	0	0	0	0
ENSG00000266875.2	59	51	19	7	2	6	5	12
ENSG00000118515.12	344	654	354	583	512	688	653	639
ENSG00000276703.1	0	0	0	0	0	0	0	0
ENSG00000200058.1	0	0	0	0	0	0	0	0
ENSG00000201309.1	0	0	0	0	0	0	0	0
ENSG00000286887.1	0	0	1	0	0	0	0	0
ENSG00000220378.3	0	1	3	0	1	1	1	0
ENSG00000236700.8	0	0	1	0	1	1	1	0
ENSG00000287974.1	0	0	0	0	1	0	0	1
ENSG00000290029.1	0	0	0	0	0	0	0	0
ENSG00000213118.4	0	0	0	0	0	0	0	0
ENSG00000231971.6	0	1	1	1	3	1	0	1
ENSG00000232310.10	3	0	1	2	0	0	1	0
ENSG00000218772.2	0	0	0	0	0	0	0	0
ENSG00000229722.1	0	0	0	0	0	0	0	0
ENSG00000227723.1	0	0	0	0	0	0	0	0
ENSG00000236389.1	0	0	0	0	0	0	0	0
ENSG00000213117.4	65	51	57	56	64	65	56	50
ENSG00000118514.14	1	1	1	1	1	0	2	2
ENSG00000240056.2	0	0	0	0	0	0	0	0
ENSG00000112339.15	207	219	238	230	213	209	226	171
ENSG00000283409.1	0	0	0	0	0	0	0	0
ENSG00000232876.1	0	0	0	0	0	0	0	0
ENSG00000118513.20	0	0	0	1	0	0	1	0
ENSG00000236703.1	0	0	0	0	0	0	0	0
ENSG00000207689.1	0	0	0	0	0	0	0	0
ENSG00000224374.1	0	0	0	0	0	0	0	0
ENSG00000135541.22	105	82	116	80	136	108	120	88
ENSG00000234084.1	1	0	2	0	1	0	0	0
ENSG00000287094.1	0	1	0	0	0	0	0	0
ENSG00000201012.1	0	0	0	0	0	0	0	0
ENSG00000231028.11	11	20	9	11	11	5	9	14
ENSG00000226540.2	608	487	567	377	468	567	431	326
ENSG00000233534.3	0	0	0	0	0	0	0	0
ENSG00000217482.2	0	0	0	0	0	0	0	0
ENSG00000236378.1	0	0	0	0	0	0	0	0
ENSG00000171408.14	220	230	148	82	227	216	209	128
ENSG00000286313.2	2	2	2	2	5	2	2	0
ENSG00000288054.1	0	0	0	0	0	0	0	0
ENSG00000237596.7	3	4	1	1	1	1	1	0
ENSG00000213111.5	0	0	0	0	0	0	0	0
ENSG00000277973.1	2	8	3	6	2	2	7	1
ENSG00000146410.12	3	6	4	4	2	2	6	3
ENSG00000029363.17	683	598	718	637	680	691	694	626
ENSG00000289312.1	0	0	0	2	0	0	0	0
ENSG00000216519.2	0	0	0	0	0	0	0	0
ENSG00000260418.1	0	0	0	0	0	0	0	0
ENSG00000135525.19	11	7	13	8	3	5	15	6
ENSG00000220660.2	216	208	82	92	64	59	105	94
ENSG00000216613.2	30	34	33	23	24	28	18	26
ENSG00000218424.2	0	0	0	0	0	0	0	0
ENSG00000271765.1	0	0	0	0	0	0	0	0
ENSG00000272189.1	0	0	1	1	0	0	1	0
ENSG00000197442.11	222	377	209	391	325	420	199	313
ENSG00000234263.2	2	0	0	1	1	0	1	0
ENSG00000212242.1	0	1	0	0	0	1	0	2
ENSG00000286646.2	0	0	0	0	0	0	0	0
ENSG00000112357.14	26	17	16	17	29	13	19	19
ENSG00000201807.1	0	0	0	0	0	0	0	0
ENSG00000213109.4	11	8	5	9	11	9	10	7
ENSG00000182747.5	0	0	0	0	0	0	0	0
ENSG00000207247.1	0	0	0	0	0	0	0	0
ENSG00000230350.1	46	54	53	41	60	49	36	38
ENSG00000225391.5	0	2	0	0	0	1	0	0
ENSG00000235399.1	0	0	0	0	0	0	0	0
ENSG00000016402.14	5	0	2	1	2	0	4	2
ENSG00000164485.15	0	0	0	0	0	0	0	0
ENSG00000027697.16	280	343	242	349	271	269	276	332
ENSG00000177468.7	0	0	0	0	0	0	0	0
ENSG00000213108.3	58	66	63	48	52	59	56	43
ENSG00000230533.5	0	0	0	0	0	0	0	0
ENSG00000283265.1	0	0	1	0	0	0	0	0
ENSG00000220412.1	164	223	185	214	234	285	181	209
ENSG00000234956.7	0	0	0	0	0	0	0	0
ENSG00000207300.1	0	0	0	0	0	0	0	0
ENSG00000237499.7	1	2	0	1	0	1	4	2
ENSG00000118503.18	55	89	68	85	69	70	56	95
ENSG00000287393.1	0	0	0	0	0	0	0	0
ENSG00000226004.2	0	0	0	0	0	0	0	0
ENSG00000229922.5	0	0	0	0	0	0	0	0
ENSG00000219463.1	8	4	6	7	5	11	12	17
ENSG00000112378.12	1251	1028	1413	1545	1691	1404	1301	1228
ENSG00000112379.9	2	4	4	1	1	2	2	1
ENSG00000254440.3	1	0	0	1	0	0	0	0
ENSG00000262543.2	0	0	0	0	0	0	0	0
ENSG00000218499.1	0	0	0	0	0	0	0	0
ENSG00000215878.3	21	12	20	7	29	14	13	3
ENSG00000051620.11	200	274	211	267	215	239	223	249
ENSG00000135540.12	110	178	91	113	156	191	67	80
ENSG00000266555.1	0	0	0	0	0	0	1	0
ENSG00000274594.1	4	7	3	1	3	1	2	0
ENSG00000216802.1	0	0	0	0	0	0	0	0
ENSG00000225177.6	11	8	14	10	22	22	8	7
ENSG00000279968.3	3	6	3	2	1	0	2	3
ENSG00000024862.18	44	58	46	48	37	37	28	41
ENSG00000203734.13	2	1	3	1	0	0	1	2
ENSG00000225415.2	239	115	305	71	274	170	549	132
ENSG00000220600.2	0	0	0	0	0	0	0	0
ENSG00000135597.19	83	79	91	76	91	73	100	71
ENSG00000146386.8	32	47	9	28	25	48	34	28
ENSG00000112406.5	180	178	103	158	136	130	164	201
ENSG00000231329.8	1	0	0	0	1	4	2	0
ENSG00000272446.5	0	0	0	0	0	0	0	1
ENSG00000164440.15	52	16	27	11	59	23	35	31
ENSG00000226571.2	0	1	0	0	2	1	2	0
ENSG00000218565.2	0	0	0	0	0	0	0	0
ENSG00000164442.11	699	1859	815	2203	661	1295	943	3246
ENSG00000238099.3	1	3	2	2	3	2	2	3
ENSG00000219806.1	127	119	128	110	120	125	127	102
ENSG00000205695.3	7	16	15	14	13	7	10	7
ENSG00000231426.7	1	2	0	2	0	0	0	0
ENSG00000225148.1	0	0	0	0	0	0	0	0
ENSG00000287820.1	0	0	0	1	0	2	0	0
ENSG00000236013.8	2	3	1	3	0	0	2	3
ENSG00000288714.1	2	1	1	2	0	1	0	0
ENSG00000252107.1	0	0	0	0	0	0	0	0
ENSG00000263514.1	0	0	0	0	0	0	0	0
ENSG00000234147.4	1	1	2	7	0	1	0	3
ENSG00000264390.1	0	0	0	0	0	0	0	0
ENSG00000217684.2	0	0	1	0	0	1	0	0
ENSG00000216548.2	0	0	0	0	0	0	0	0
ENSG00000275138.1	0	0	0	0	0	0	0	0
ENSG00000286452.1	0	0	0	1	0	0	0	0
ENSG00000259828.1	0	0	0	2	1	0	0	3
ENSG00000222764.1	1	0	0	0	0	0	0	0
ENSG00000218351.2	0	0	0	0	0	0	0	0
ENSG00000135577.5	1	0	2	1	0	0	1	1
ENSG00000270983.1	62	72	72	85	59	61	61	62
ENSG00000236822.1	0	0	0	0	0	0	0	0
ENSG00000203733.6	0	0	0	0	0	0	0	0
ENSG00000009844.16	160	161	164	169	213	183	167	159
ENSG00000237494.1	0	0	0	0	0	0	0	0
ENSG00000112414.15	226	295	98	187	52	83	109	241
ENSG00000236366.3	0	1	0	0	0	0	0	0
ENSG00000287084.2	0	0	0	0	0	0	0	0
ENSG00000233138.1	0	0	0	0	0	0	0	0
ENSG00000010818.11	382	268	344	225	362	342	319	250
ENSG00000237851.1	0	0	0	0	0	0	0	0
ENSG00000232618.2	1	0	3	0	4	0	2	1
ENSG00000229017.7	5	0	7	1	1	3	4	3
ENSG00000227192.1	2	1	0	0	2	0	1	1
ENSG00000146416.19	174	117	161	108	148	131	162	98
ENSG00000225752.1	0	0	0	0	0	0	0	0
ENSG00000217495.2	0	0	0	0	0	0	1	0
ENSG00000216642.1	250	239	150	136	144	140	134	133
ENSG00000217648.1	63	55	55	60	50	63	60	59
ENSG00000270655.1	0	0	0	0	0	0	2	0
ENSG00000189007.16	46	21	61	28	53	30	55	19
ENSG00000218896.1	0	1	0	0	0	0	1	0
ENSG00000223203.1	0	0	0	0	0	0	0	0
ENSG00000034693.15	68	49	75	56	80	63	58	52
ENSG00000278206.1	2	0	6	1	4	0	3	2
ENSG00000229036.7	16	12	15	9	15	7	22	7
ENSG00000001036.14	420	344	418	327	341	246	362	279
ENSG00000112419.15	272	251	301	425	267	373	361	457
ENSG00000235740.2	0	0	0	0	0	0	0	0
ENSG00000257065.1	0	0	0	0	0	0	0	0
ENSG00000135521.9	39	55	43	45	67	49	43	46
ENSG00000280148.1	0	0	0	0	0	0	0	0
ENSG00000270890.1	8	6	3	8	5	6	5	10
ENSG00000118491.10	0	0	0	0	0	0	0	0
ENSG00000118495.21	277	210	275	210	230	252	302	282
ENSG00000283122.1	0	0	0	0	0	1	0	0
ENSG00000276680.1	0	0	0	0	0	0	0	0
ENSG00000217231.2	1	0	0	1	1	0	2	0
ENSG00000169976.7	190	199	180	140	181	165	168	133
ENSG00000219297.1	1	1	1	0	1	0	1	0
ENSG00000288836.1	0	0	0	0	0	0	0	0
ENSG00000135604.11	1	6	3	19	1	3	4	6
ENSG00000217027.1	8679	8782	9099	8339	8098	7368	8215	7307
ENSG00000216475.1	1	0	0	0	0	0	0	0
ENSG00000152818.20	681	660	779	864	642	1034	887	1182
ENSG00000225311.1	0	0	0	0	0	0	0	0
ENSG00000219409.2	3	3	4	5	3	3	3	0
ENSG00000217195.1	0	0	0	0	0	0	0	0
ENSG00000220739.2	0	0	0	0	0	0	0	0
ENSG00000289850.1	0	0	7	0	4	5	4	0
ENSG00000285598.1	0	0	0	0	0	0	0	0
ENSG00000112425.16	26	26	20	21	27	15	20	22
ENSG00000201119.1	0	0	0	0	0	0	0	0
ENSG00000217612.2	0	0	0	0	0	0	0	0
ENSG00000270638.1	0	0	0	1	0	1	0	0
ENSG00000270828.1	0	0	0	0	0	0	0	0
ENSG00000288551.1	0	0	0	0	0	0	0	0
ENSG00000288056.1	0	1	3	3	2	2	0	3
ENSG00000280184.2	1	3	4	1	3	1	0	3
ENSG00000118496.5	198	169	162	237	193	178	161	173
ENSG00000235652.11	32	17	49	32	55	41	37	21
ENSG00000146414.17	98	75	98	55	111	79	92	90
ENSG00000152822.15	0	1	0	0	2	0	0	0
ENSG00000187103.3	0	0	0	0	0	0	0	0
ENSG00000222971.1	0	0	0	0	0	0	0	0
ENSG00000216811.2	0	0	0	0	0	0	0	0
ENSG00000118508.5	222	165	150	108	144	119	150	97
ENSG00000237468.2	0	0	0	0	0	0	0	0
ENSG00000118492.19	0	0	0	0	0	0	1	0
ENSG00000273719.1	0	0	0	0	1	0	0	0
ENSG00000207431.2	0	0	0	0	0	0	0	0
ENSG00000228283.3	54	49	40	39	39	39	32	31
ENSG00000233452.9	5	5	3	5	1	5	4	5
ENSG00000227748.2	0	0	0	0	0	1	1	0
ENSG00000289851.1	0	0	0	0	0	0	1	0
ENSG00000272397.1	0	0	0	0	0	0	0	0
ENSG00000196634.3	1	0	0	0	0	0	0	1
ENSG00000164506.16	372	488	319	414	293	350	335	442
ENSG00000273997.1	204	159	326	196	474	318	220	188
ENSG00000220494.4	210	232	188	185	223	285	204	240
ENSG00000203727.4	116	66	100	34	69	47	107	32
ENSG00000227681.5	0	1	0	0	0	0	0	0
ENSG00000226249.1	0	0	0	0	0	0	0	0
ENSG00000287976.1	0	0	0	0	0	0	0	0
ENSG00000234675.1	0	0	0	0	0	0	0	0
ENSG00000230205.1	0	1	0	0	0	0	0	0
ENSG00000287473.1	0	0	0	0	0	0	0	0
ENSG00000224658.1	0	0	0	0	0	0	0	0
ENSG00000111961.19	657	741	593	517	642	744	588	686
ENSG00000207345.1	0	0	0	0	0	0	0	0
ENSG00000215223.3	0	0	0	0	0	1	0	0
ENSG00000217824.1	62	55	25	41	26	33	35	29
ENSG00000231368.1	0	1	0	1	1	0	1	0
ENSG00000111962.8	155	129	129	144	139	155	156	163
ENSG00000227660.1	0	0	0	0	0	0	0	0
ENSG00000236591.1	0	0	0	0	0	2	0	0
ENSG00000219487.2	83	75	66	83	94	72	57	68
ENSG00000289359.1	0	0	0	0	0	0	0	0
ENSG00000228408.6	0	0	1	0	1	0	0	0
ENSG00000055208.20	356	318	321	336	364	337	297	378
ENSG00000225924.2	0	0	0	0	0	0	0	0
ENSG00000283608.1	0	0	0	0	0	0	0	0
ENSG00000241391.3	1	0	0	0	0	1	0	0
ENSG00000216265.1	0	0	0	0	0	0	0	0
ENSG00000177688.7	0	1	0	0	1	0	0	0
ENSG00000178199.14	1	2	0	2	1	0	2	0
ENSG00000219553.2	46	36	31	41	47	52	45	35
ENSG00000289045.1	3	1	0	1	1	0	3	1
ENSG00000131013.4	124	122	147	136	156	141	145	137
ENSG00000252244.1	0	0	0	0	0	0	0	0
ENSG00000235168.1	0	0	0	0	0	0	0	0
ENSG00000055211.14	401	403	429	608	420	459	409	465
ENSG00000281021.1	1	0	0	0	1	0	0	0
ENSG00000233330.1	3	2	0	1	0	3	1	2
ENSG00000220848.5	24	15	21	18	24	32	17	24
ENSG00000202343.1	1	2	2	3	1	3	1	0
ENSG00000186625.14	103	86	61	81	60	79	87	90
ENSG00000207292.1	0	1	0	0	0	0	0	0
ENSG00000131023.13	151	136	143	129	159	148	165	161
ENSG00000278899.1	1	0	1	0	1	2	1	1
ENSG00000120253.14	112	111	98	92	85	87	87	94
ENSG00000120265.21	198	220	164	202	167	186	186	204
ENSG00000219433.2	8	6	13	9	22	6	12	12
ENSG00000231760.5	1	1	0	3	1	0	1	1
ENSG00000285889.1	0	0	0	0	0	0	0	0
ENSG00000285991.1	1	1	0	1	1	0	1	3
ENSG00000120256.11	19	7	18	20	20	16	26	22
ENSG00000273132.1	0	0	0	0	0	0	0	0
ENSG00000268592.3	0	0	0	0	0	0	0	0
ENSG00000217733.2	170	181	162	134	160	169	149	123
ENSG00000164520.12	2	1	3	6	2	0	3	1
ENSG00000223701.3	0	0	0	0	0	0	0	0
ENSG00000216906.2	1	0	2	3	2	1	2	0
ENSG00000203722.8	17	10	25	10	24	3	10	12
ENSG00000216621.8	0	0	0	0	0	0	0	0
ENSG00000131015.5	0	3	2	2	1	3	1	2
ENSG00000215094.3	0	0	0	0	0	0	0	0
ENSG00000111981.5	7	4	14	7	5	7	11	8
ENSG00000219298.1	0	0	0	0	0	0	0	0
ENSG00000231120.3	0	0	0	0	0	0	0	0
ENSG00000290917.1	0	0	0	0	0	1	0	0
ENSG00000218358.4	0	0	0	0	0	0	0	0
ENSG00000155918.8	0	1	0	2	0	2	0	1
ENSG00000216444.1	0	0	0	0	0	0	0	0
ENSG00000235972.1	0	0	0	0	0	0	0	0
ENSG00000213091.2	1	1	4	1	0	0	0	0
ENSG00000131019.11	32	12	28	11	18	20	36	22
ENSG00000198729.5	3	3	2	1	0	3	1	0
ENSG00000238594.1	0	0	0	0	0	0	0	0
ENSG00000201628.1	0	0	0	0	0	0	0	0
ENSG00000009765.15	1	0	0	1	2	1	0	0
ENSG00000220598.1	0	0	0	0	0	0	0	0
ENSG00000219622.1	0	0	0	0	0	0	0	0
ENSG00000120278.17	141	94	139	77	85	67	119	95
ENSG00000232891.1	0	0	0	0	0	0	0	0
ENSG00000224029.1	0	1	0	0	0	0	0	1
ENSG00000226599.1	0	0	0	0	0	0	0	0
ENSG00000213089.4	23	35	25	27	18	33	26	21
ENSG00000120254.16	284	182	349	151	375	342	362	209
ENSG00000218996.1	19	22	26	23	25	14	20	25
ENSG00000202119.1	0	0	0	0	0	0	0	0
ENSG00000232290.1	24	36	4	17	8	23	10	19
ENSG00000223598.1	2	0	0	0	0	0	0	0
ENSG00000219747.1	1906	1993	1857	1378	1674	1291	1417	1312
ENSG00000231883.1	0	0	0	0	0	0	0	0
ENSG00000238616.1	0	0	0	0	0	0	0	0
ENSG00000213087.3	0	0	0	0	0	0	0	0
ENSG00000131016.17	7998	4312	18059	6839	6639	3661	11618	6486
ENSG00000252431.1	0	0	0	0	0	0	0	0
ENSG00000252487.1	0	0	0	0	0	0	0	0
ENSG00000223039.1	0	0	0	0	0	0	0	0
ENSG00000181472.5	121	94	164	77	147	82	160	104
ENSG00000252615.1	0	0	0	0	0	0	0	0
ENSG00000155906.20	76	95	107	104	103	133	100	116
ENSG00000219395.2	0	0	2	2	1	1	0	2
ENSG00000146476.11	122	122	112	137	111	134	114	110
ENSG00000120262.10	13	6	29	31	21	37	22	27
ENSG00000207422.1	0	0	0	0	0	1	0	0
ENSG00000091831.25	9	2	12	7	5	5	18	2
ENSG00000233823.1	0	0	0	0	0	0	0	0
ENSG00000287914.1	0	0	0	0	1	0	1	1
ENSG00000284615.1	0	0	0	0	0	0	0	0
ENSG00000131018.25	723	701	656	539	528	627	771	746
ENSG00000234577.1	0	0	0	0	0	0	1	0
ENSG00000226193.1	0	0	0	0	0	0	0	0
ENSG00000202044.1	0	0	0	0	0	0	0	0
ENSG00000233464.2	0	0	0	0	0	0	0	0
ENSG00000120279.7	0	0	1	0	1	0	0	0
ENSG00000218792.2	5	8	11	6	2	9	7	2
ENSG00000146469.13	0	0	0	0	0	0	0	0
ENSG00000224893.7	0	0	0	0	0	1	1	2
ENSG00000217372.2	19	18	16	6	5	9	9	4
ENSG00000220745.2	11	14	18	11	18	9	14	16
ENSG00000112029.10	21	15	28	11	25	14	17	14
ENSG00000227627.5	0	1	1	0	1	0	0	1
ENSG00000112031.16	54	63	39	70	62	78	61	58
ENSG00000091844.8	32	18	12	5	19	11	23	15
ENSG00000201939.1	0	0	0	0	0	0	0	0
ENSG00000213121.2	0	0	0	0	1	0	1	0
ENSG00000218426.5	2704	2785	2605	2043	2530	2139	2060	1798
ENSG00000237312.2	0	0	0	0	0	0	0	0
ENSG00000222806.1	0	0	0	0	0	0	0	0
ENSG00000217160.2	0	0	0	0	0	0	0	0
ENSG00000242246.2	0	0	0	0	0	0	0	0
ENSG00000218776.4	0	0	0	0	0	0	0	0
ENSG00000217044.1	0	0	0	0	1	0	0	0
ENSG00000220733.1	0	0	0	0	0	0	0	0
ENSG00000220514.1	0	0	0	0	0	0	0	0
ENSG00000216713.1	0	0	0	0	0	0	0	0
ENSG00000199246.1	0	0	0	0	0	0	0	0
ENSG00000217085.2	1	2	3	2	4	3	1	2
ENSG00000112038.18	2	0	1	0	3	1	1	1
ENSG00000074706.14	5	8	1	4	2	8	4	3
ENSG00000288520.1	0	0	0	0	0	0	0	0
ENSG00000237593.1	0	0	0	0	0	0	0	0
ENSG00000153721.19	61	31	82	45	52	26	77	36
ENSG00000286553.1	0	0	0	0	0	0	0	0
ENSG00000287260.2	7	2	10	3	4	1	8	1
ENSG00000275419.1	5	12	6	7	7	2	7	3
ENSG00000220181.1	0	0	0	0	0	0	0	0
ENSG00000219146.1	459	472	430	331	368	301	531	493
ENSG00000231316.1	0	0	0	0	0	0	0	0
ENSG00000205625.2	0	1	0	0	2	1	0	0
ENSG00000213079.10	212	171	198	149	212	180	203	165
ENSG00000200594.1	0	0	0	0	0	0	0	0
ENSG00000146426.19	35	42	42	45	42	26	37	35
ENSG00000218757.1	0	0	0	0	0	0	0	0
ENSG00000264814.1	0	0	0	0	0	0	0	0
ENSG00000238963.2	0	0	0	0	0	0	0	0
ENSG00000274451.1	2	1	2	4	3	7	0	6
ENSG00000235381.1	1	1	4	0	3	6	4	1
ENSG00000029639.11	19	16	16	21	23	25	24	16
ENSG00000171217.5	2	1	2	0	1	0	0	0
ENSG00000232529.1	0	0	0	0	0	0	0	0
ENSG00000074771.4	0	0	0	0	0	0	0	0
ENSG00000238789.1	0	0	0	0	0	0	0	0
ENSG00000287092.1	0	0	0	0	0	0	0	0
ENSG00000221456.1	0	0	0	0	0	0	0	0
ENSG00000285797.1	0	0	0	0	0	0	0	0
ENSG00000212295.1	0	0	0	0	0	0	0	0
ENSG00000289830.1	0	0	0	0	0	0	0	0
ENSG00000227360.2	0	0	0	0	0	0	0	0
ENSG00000220347.1	4	2	3	4	3	3	1	5
ENSG00000271265.1	0	0	0	2	0	0	1	0
ENSG00000049618.25	444	391	281	253	422	334	390	317
ENSG00000271551.2	1	0	0	1	0	2	3	1
ENSG00000271899.1	0	0	0	0	0	0	0	0
ENSG00000270487.1	0	0	0	0	0	0	0	0
ENSG00000218596.2	148	134	103	86	102	73	91	75
ENSG00000288910.1	0	0	0	0	0	0	0	0
ENSG00000233044.1	0	0	0	0	0	0	0	0
ENSG00000215712.11	71	75	83	93	83	70	73	83
ENSG00000217783.2	0	3	1	0	0	0	0	0
ENSG00000271040.1	0	2	2	2	0	2	1	0
ENSG00000213078.3	63	46	44	42	73	72	52	45
ENSG00000218631.1	0	1	1	3	0	0	2	2
ENSG00000286482.2	7	2	5	3	4	4	5	3
ENSG00000175048.17	63	36	37	30	57	31	52	35
ENSG00000266617.1	0	0	0	0	0	0	0	0
ENSG00000130340.17	1242	751	833	644	1195	766	1097	811
ENSG00000234361.1	0	0	0	0	0	0	0	0
ENSG00000229502.5	0	0	0	0	0	0	0	0
ENSG00000236324.1	0	0	0	0	0	0	0	0
ENSG00000220867.1	0	0	0	1	2	0	1	0
ENSG00000252658.1	1	0	0	0	0	0	0	0
ENSG00000078269.15	286	149	278	194	294	225	247	133
ENSG00000285642.1	1	0	0	0	0	0	0	0
ENSG00000233496.1	0	0	0	0	0	0	0	0
ENSG00000122335.17	202	136	257	199	239	202	209	174
ENSG00000272047.4	152	161	164	190	146	130	144	135
ENSG00000130338.13	127	90	121	90	116	120	134	77
ENSG00000188451.8	262	201	255	176	310	231	258	211
ENSG00000274023.1	0	1	0	0	0	0	0	0
ENSG00000287591.1	2	1	0	0	0	0	2	3
ENSG00000238019.1	0	0	0	0	0	0	0	0
ENSG00000243373.3	0	0	0	0	0	0	0	0
ENSG00000219188.1	0	0	0	0	0	1	0	0
ENSG00000146433.10	337	353	270	338	288	319	294	376
ENSG00000218226.1	18	20	25	18	19	22	23	28
ENSG00000278571.1	0	0	0	0	0	0	0	0
ENSG00000146425.11	179	158	152	141	177	136	159	130
ENSG00000164674.17	18	8	27	14	11	11	21	11
ENSG00000219249.2	0	0	0	0	0	0	0	0
ENSG00000265558.1	0	0	0	0	0	0	0	0
ENSG00000092820.19	293	378	377	334	290	225	297	308
ENSG00000233893.2	1	0	1	0	0	0	0	0
ENSG00000243775.2	163	141	156	200	146	169	166	164
ENSG00000285159.1	0	1	1	2	0	1	0	0
ENSG00000203711.16	0	0	0	0	0	0	0	0
ENSG00000213076.3	50	44	43	44	63	61	52	39
ENSG00000223191.1	0	0	0	0	0	0	0	0
ENSG00000130363.13	58	64	75	67	85	83	64	51
ENSG00000271913.9	7	13	8	4	3	8	13	12
ENSG00000164691.18	0	0	0	0	0	0	0	0
ENSG00000226032.2	0	0	0	0	0	0	0	0
ENSG00000288845.1	0	0	0	0	0	0	0	0
ENSG00000285492.2	0	1	0	0	0	0	0	0
ENSG00000224478.3	0	0	0	1	0	0	0	0
ENSG00000233682.3	1	0	1	0	2	0	2	1
ENSG00000164694.17	79	33	85	64	42	34	132	84
ENSG00000235086.1	0	0	0	0	0	1	1	0
ENSG00000231178.3	0	0	0	0	0	0	0	0
ENSG00000234777.3	0	0	0	0	0	0	0	0
ENSG00000286533.1	0	0	0	0	0	0	0	1
ENSG00000216480.2	426	465	347	306	310	290	313	261
ENSG00000276413.1	5	0	0	1	1	2	2	2
ENSG00000237927.1	0	0	0	0	0	0	0	1
ENSG00000291237.1	2423	3159	2125	4160	3903	3613	1594	2736
ENSG00000220305.1	143	120	119	124	159	149	108	101
ENSG00000251988.1	1	0	1	0	0	0	0	0
ENSG00000146457.16	248	266	268	285	303	231	219	235
ENSG00000285427.1	2	0	0	0	0	1	0	1
ENSG00000120437.9	37	47	34	29	28	25	21	26
ENSG00000120438.12	600	599	542	563	572	533	496	508
ENSG00000207392.1	0	0	0	0	0	0	0	0
ENSG00000206910.1	0	0	0	0	0	0	0	0
ENSG00000112110.10	130	147	132	114	126	113	100	99
ENSG00000146453.13	0	0	0	0	0	0	0	0
ENSG00000236823.2	0	0	0	0	0	0	0	0
ENSG00000130368.7	1	0	0	2	0	1	0	0
ENSG00000197081.16	3083	2668	2387	2113	2727	2210	2607	2323
ENSG00000268257.2	0	0	0	0	0	0	0	0
ENSG00000213073.5	0	0	0	0	0	0	0	0
ENSG00000175003.15	1	1	0	0	2	2	1	1
ENSG00000216516.1	0	0	0	0	0	0	0	0
ENSG00000112499.13	0	0	0	0	0	0	0	0
ENSG00000230234.1	0	0	0	0	0	0	0	0
ENSG00000146477.6	0	8	1	0	3	1	0	1
ENSG00000287656.1	0	0	0	0	0	0	0	0
ENSG00000213071.12	0	0	0	0	0	1	0	0
ENSG00000290613.1	0	1	0	0	0	0	0	1
ENSG00000198670.13	0	0	0	0	0	0	1	0
ENSG00000243831.1	0	0	0	0	0	0	0	0
ENSG00000224477.5	1	4	1	2	5	1	2	2
ENSG00000122194.20	11	16	21	20	19	29	12	12
ENSG00000287558.1	1	0	0	0	0	0	0	0
ENSG00000276960.1	0	0	0	0	0	0	0	0
ENSG00000274903.1	0	0	0	0	0	0	0	0
ENSG00000224371.6	0	0	0	0	0	0	0	1
ENSG00000292246.1	5	2	4	6	3	4	3	7
ENSG00000220913.2	0	0	0	0	0	0	0	0
ENSG00000233342.2	0	0	0	0	0	0	0	0
ENSG00000231863.2	1	0	1	0	2	1	0	1
ENSG00000272841.1	80	16	18	6	47	9	23	1
ENSG00000085511.20	223	154	139	101	250	170	163	102
ENSG00000026652.15	97	75	53	48	102	80	79	65
ENSG00000185345.25	14	12	11	15	11	9	10	18
ENSG00000286498.1	0	0	0	0	0	0	0	0
ENSG00000286805.1	3	0	2	1	1	1	1	0
ENSG00000227913.1	2	1	2	1	0	0	0	1
ENSG00000112530.13	1	2	1	0	0	0	2	1
ENSG00000217557.1	39	29	22	40	12	22	32	27
ENSG00000285610.1	0	0	0	0	1	0	0	0
ENSG00000225437.6	0	0	0	0	0	0	0	0
ENSG00000285553.1	0	0	0	0	0	0	0	0
ENSG00000225683.6	0	0	0	0	0	0	0	0
ENSG00000281692.3	0	0	0	0	1	0	0	0
ENSG00000285564.2	1	1	0	2	0	0	0	0
ENSG00000285726.1	0	0	0	0	0	0	0	0
ENSG00000217514.1	2	0	0	0	0	0	0	0
ENSG00000270419.2	2	1	2	1	3	3	1	0
ENSG00000112531.17	617	695	520	645	607	605	617	660
ENSG00000228692.2	0	1	0	2	0	0	0	0
ENSG00000235538.5	0	3	0	0	0	1	0	1
ENSG00000285858.1	0	0	0	0	0	0	0	0
ENSG00000266128.2	0	0	0	0	0	0	0	0
ENSG00000288696.3	0	1	0	0	0	0	0	0
ENSG00000286573.1	0	0	0	0	0	0	0	0
ENSG00000260422.1	0	0	0	0	0	0	0	0
ENSG00000230627.1	0	0	0	0	0	0	0	0
ENSG00000288584.1	1	0	0	0	0	0	0	0
ENSG00000288648.1	0	0	0	0	0	0	0	0
ENSG00000226739.1	0	0	0	0	0	0	0	0
ENSG00000287550.1	0	0	0	0	0	0	0	0
ENSG00000227455.3	0	0	0	0	0	0	0	0
ENSG00000287877.1	0	0	0	0	0	0	0	0
ENSG00000217878.2	0	0	0	0	0	0	0	0
ENSG00000112539.15	0	0	0	0	0	0	0	0
ENSG00000112541.19	6	6	0	1	15	13	3	2
ENSG00000199523.1	0	0	0	0	0	0	0	0
ENSG00000206681.1	0	0	0	0	0	0	0	0
ENSG00000236627.1	0	0	0	0	0	0	0	0
ENSG00000223942.2	0	0	0	0	0	0	0	0
ENSG00000281832.1	0	0	0	0	0	0	0	0
ENSG00000216624.3	1488	1202	1243	878	1099	1356	1016	763
ENSG00000287824.1	0	0	0	0	0	0	0	0
ENSG00000231297.3	0	0	0	0	0	0	0	0
ENSG00000276643.1	0	0	0	0	0	0	0	0
ENSG00000164458.10	0	0	0	0	0	0	0	0
ENSG00000288638.1	0	0	0	0	0	0	0	0
ENSG00000201292.1	0	0	0	0	0	0	0	0
ENSG00000280991.1	0	0	0	0	0	0	0	0
ENSG00000233365.2	0	0	0	0	0	0	0	0
ENSG00000213536.2	35	44	64	55	54	63	55	60
ENSG00000280850.3	0	0	0	0	0	0	0	0
ENSG00000176381.6	0	0	0	0	0	0	0	0
ENSG00000287189.2	0	0	1	0	1	0	0	1
ENSG00000198818.10	80	96	83	107	67	87	67	105
ENSG00000233231.1	1	2	2	2	8	3	2	3
ENSG00000286760.3	3	3	15	8	7	7	10	9
ENSG00000060762.20	70	61	59	74	48	58	45	71
ENSG00000261420.1	0	0	0	1	0	0	0	1
ENSG00000280057.1	0	0	1	0	0	0	0	0
ENSG00000071242.12	1604	2727	1603	2460	1880	3522	1382	2645
ENSG00000232082.1	0	1	2	0	2	3	0	3
ENSG00000222958.1	0	0	0	0	0	0	0	0
ENSG00000235272.3	69	79	56	68	71	60	53	68
ENSG00000287690.1	0	0	0	0	0	0	0	0
ENSG00000235008.1	28	24	21	21	57	76	29	40
ENSG00000249141.1	0	0	1	0	0	0	0	0
ENSG00000231654.1	0	0	0	0	0	0	0	0
ENSG00000026297.17	37	20	29	25	37	29	41	33
ENSG00000227598.1	0	0	0	0	0	0	0	0
ENSG00000285730.1	0	1	0	0	0	0	0	0
ENSG00000265828.1	1	0	0	0	1	0	0	0
ENSG00000213066.14	50	43	54	41	66	56	51	37
ENSG00000272980.5	0	0	0	0	0	0	0	0
ENSG00000112486.18	0	0	0	0	0	0	0	0
ENSG00000284825.1	0	0	0	0	0	0	0	0
ENSG00000284914.1	0	0	0	0	0	0	0	0
ENSG00000291286.1	0	0	0	0	0	0	0	0
ENSG00000120436.4	0	0	0	0	0	0	0	0
ENSG00000286674.1	0	0	0	0	0	0	0	0
ENSG00000166984.14	0	0	0	0	0	0	0	0
ENSG00000291241.1	0	0	0	0	0	0	0	0
ENSG00000216966.1	0	0	0	0	0	0	0	0
ENSG00000280707.3	0	0	0	0	0	0	0	0
ENSG00000231720.1	0	0	0	0	0	0	0	0
ENSG00000228648.1	0	0	0	0	0	0	0	0
ENSG00000112494.10	0	0	0	0	0	0	0	0
ENSG00000120440.15	0	0	0	0	0	0	0	0
ENSG00000217447.1	0	0	0	0	0	0	0	0
ENSG00000290751.1	0	0	0	0	0	0	0	0
ENSG00000203690.14	0	0	0	0	1	0	0	0
ENSG00000287297.1	0	0	0	0	0	0	0	0
ENSG00000272549.1	0	0	0	0	0	0	0	0
ENSG00000287594.3	0	0	0	0	0	0	0	0
ENSG00000203688.6	0	0	0	0	0	0	0	0
ENSG00000289838.1	0	0	0	0	0	0	0	0
ENSG00000213065.2	0	0	0	1	0	0	1	0
ENSG00000146521.12	0	0	0	0	0	0	0	0
ENSG00000269155.2	0	0	0	0	0	0	0	0
ENSG00000285212.2	0	0	0	0	0	0	0	0
ENSG00000198221.12	0	2	1	0	0	0	1	0
ENSG00000130396.22	139	151	107	115	148	159	121	132
ENSG00000235994.4	0	0	0	0	0	0	0	0
ENSG00000229921.7	0	0	0	0	0	0	0	0
ENSG00000125337.21	1	0	0	1	0	0	1	0
ENSG00000153303.18	0	1	1	1	1	0	0	0
ENSG00000234768.1	0	0	0	0	0	0	0	0
ENSG00000287056.1	0	0	0	0	0	0	0	0
ENSG00000237987.1	0	0	0	0	0	0	0	0
ENSG00000228361.2	0	0	0	0	0	0	0	0
ENSG00000234647.2	0	0	0	0	0	0	0	0
ENSG00000230711.2	21	22	21	31	20	30	31	22
ENSG00000164488.12	0	0	0	0	0	0	0	0
ENSG00000224417.2	0	0	0	0	0	0	0	0
ENSG00000260771.1	0	0	0	0	0	0	0	0
ENSG00000112562.20	0	0	0	0	0	1	0	0
ENSG00000235815.1	0	0	0	0	0	0	0	0
ENSG00000289090.1	0	0	0	0	0	0	0	0
ENSG00000280665.1	0	0	0	0	0	0	0	0
ENSG00000225879.2	1	1	0	3	0	0	0	1
ENSG00000285917.1	0	0	0	0	0	0	0	0
ENSG00000279810.1	0	0	0	0	0	0	0	0
ENSG00000229720.1	2	0	2	0	1	0	1	1
ENSG00000234519.2	0	0	0	0	0	0	0	0
ENSG00000286826.1	3	1	10	1	5	1	4	2
ENSG00000223485.5	6	10	4	1	3	2	7	5
ENSG00000261039.3	1	0	0	1	2	0	0	0
ENSG00000226445.2	17	14	11	6	5	12	13	9
ENSG00000186340.17	3276	1736	2223	1218	1534	1406	2474	1677
ENSG00000233085.5	0	0	0	0	0	0	0	0
ENSG00000224999.1	0	0	0	0	0	0	0	0
ENSG00000226194.6	0	0	0	1	0	0	0	0
ENSG00000285887.1	0	0	1	2	1	0	1	1
ENSG00000285733.1	0	0	0	0	0	2	0	0
ENSG00000272848.2	4	7	9	6	6	2	2	1
ENSG00000184465.16	103	73	102	59	85	60	72	41
ENSG00000185127.7	324	326	294	320	346	334	322	333
ENSG00000130024.15	220	248	211	225	282	290	199	236
ENSG00000227704.3	1	0	1	4	0	0	0	3
ENSG00000232640.1	0	0	0	0	0	0	0	0
ENSG00000184786.6	9	7	11	13	7	7	7	10
ENSG00000130023.16	99	79	90	101	84	92	85	76
ENSG00000266896.1	1	1	1	3	1	0	2	1
ENSG00000229214.2	1	2	0	1	2	1	4	1
ENSG00000231690.5	1	1	0	0	0	1	0	1
ENSG00000236173.1	0	0	0	0	0	0	0	0
ENSG00000287823.1	0	0	0	0	0	0	0	0
ENSG00000288162.1	0	0	0	0	0	0	0	0
ENSG00000289623.2	0	0	0	0	0	0	0	0
ENSG00000287407.1	0	0	0	0	0	0	0	0
ENSG00000232197.3	0	0	0	0	0	0	0	0
ENSG00000230960.3	0	0	0	0	0	0	0	0
ENSG00000288959.1	0	0	0	0	0	0	0	0
ENSG00000273100.1	0	0	0	0	0	0	0	0
ENSG00000218716.1	0	0	0	0	0	0	0	0
ENSG00000271820.1	0	0	0	0	0	0	0	0
ENSG00000227508.6	0	0	0	0	0	0	0	0
ENSG00000198719.9	123	66	18	14	46	49	22	22
ENSG00000112584.14	229	187	228	199	223	216	176	214
ENSG00000271234.1	0	0	0	0	0	0	0	0
ENSG00000266245.1	0	0	0	0	0	0	0	0
ENSG00000261003.1	0	0	0	0	0	0	0	0
ENSG00000288970.1	0	0	0	0	0	0	0	0
ENSG00000288829.1	4	2	3	3	0	1	3	4
ENSG00000008018.9	374	362	299	302	262	287	321	257
ENSG00000112592.15	36	28	55	47	49	59	40	52
ENSG00000071994.11	147	178	107	127	122	149	127	130
ENSG00000287411.1	1	4	1	0	2	2	1	4
ENSG00000230423.3	4	2	3	6	3	0	1	3
ENSG00000217874.2	0	0	0	0	0	0	0	0
ENSG00000273640.1	0	0	0	0	0	0	0	0
ENSG00000234986.1	0	0	0	0	0	0	0	0
ENSG00000225532.1	0	0	0	0	0	0	0	0
ENSG00000219814.2	0	1	0	3	1	0	0	1
ENSG00000280279.1	18	8	26	27	29	21	26	16
ENSG00000280136.2	23	29	51	35	23	26	50	26
ENSG00000277613.1	0	0	0	0	0	0	0	0
ENSG00000268320.4	0	0	0	0	0	0	0	0
ENSG00000272636.5	0	1	1	0	1	0	1	0
ENSG00000273172.1	0	0	0	0	0	0	0	0
ENSG00000181031.16	2	2	4	3	2	7	5	7
ENSG00000262920.5	0	0	0	0	0	0	0	0
ENSG00000262061.7	0	0	0	0	0	0	0	0
ENSG00000262294.1	0	0	0	0	0	0	0	0
ENSG00000262558.1	0	0	0	0	0	0	0	0
ENSG00000241525.4	0	0	0	0	0	1	0	0
ENSG00000187624.9	19	10	13	5	16	5	14	7
ENSG00000183688.4	164	290	122	209	200	235	207	338
ENSG00000263015.1	0	0	0	0	0	0	0	0
ENSG00000141252.21	220	241	193	190	178	175	197	194
ENSG00000263300.1	0	0	0	0	0	0	0	0
ENSG00000262905.1	0	0	0	0	0	0	0	0
ENSG00000262708.1	0	0	0	0	0	0	0	0
ENSG00000244097.1	0	0	0	0	0	0	0	0
ENSG00000167695.15	85	77	66	59	117	133	103	79
ENSG00000179409.11	113	120	85	112	94	79	114	92
ENSG00000231784.8	1	0	1	0	1	3	1	0
ENSG00000167699.14	147	121	131	120	135	80	136	115
ENSG00000262228.3	1	0	2	0	1	0	0	0
ENSG00000171861.11	30	27	27	27	32	25	35	28
ENSG00000262434.1	0	4	1	1	2	0	0	1
ENSG00000277491.1	0	0	0	0	1	3	1	2
ENSG00000167693.17	446	388	290	249	397	428	254	171
ENSG00000262133.1	0	0	0	0	0	0	0	0
ENSG00000262003.1	0	1	1	1	0	0	0	0
ENSG00000263017.1	18	21	6	11	8	22	17	10
ENSG00000177370.5	73	74	82	57	76	81	68	40
ENSG00000159842.16	933	663	926	671	1097	752	956	710
ENSG00000264429.1	0	0	0	0	0	0	0	0
ENSG00000278794.1	1	0	0	0	1	0	0	0
ENSG00000275997.1	0	0	0	0	0	0	0	0
ENSG00000235361.1	0	0	0	0	0	0	0	0
ENSG00000262213.1	0	0	0	0	0	0	0	0
ENSG00000205899.4	0	0	0	0	0	0	0	0
ENSG00000184811.4	0	0	0	0	0	0	0	1
ENSG00000108953.17	1316	1389	1294	1417	1458	1358	1116	1151
ENSG00000280408.1	0	0	0	0	1	0	0	0
ENSG00000167193.8	458	557	389	452	434	468	421	489
ENSG00000262777.1	0	1	0	0	1	0	0	0
ENSG00000197879.17	1271	1637	1377	1671	1322	2247	1521	1890
ENSG00000132376.20	124	139	125	167	108	138	129	195
ENSG00000236618.3	6	5	7	1	5	3	6	4
ENSG00000174238.16	279	365	268	340	339	388	311	375
ENSG00000167703.15	44	44	65	48	67	41	42	23
ENSG00000243704.3	0	0	0	0	0	0	0	0
ENSG00000074660.17	8	15	3	7	4	7	4	9
ENSG00000167705.12	30	44	24	20	19	40	28	28
ENSG00000174231.18	1712	1663	1458	1339	1657	1613	1431	1536
ENSG00000277597.2	0	0	0	0	0	0	0	0
ENSG00000185561.10	108	235	238	405	190	332	206	357
ENSG00000186594.16	166	333	205	369	238	346	194	313
ENSG00000283824.1	0	0	0	0	0	0	0	0
ENSG00000167716.19	212	259	160	152	132	148	185	198
ENSG00000262791.1	0	0	0	0	0	0	0	0
ENSG00000167711.14	3	4	2	3	3	1	1	3
ENSG00000132386.11	2344	1762	1749	1502	2186	1809	2306	2034
ENSG00000186532.12	55	36	53	49	70	39	50	45
ENSG00000132383.12	346	233	256	232	272	246	335	257
ENSG00000108958.4	171	143	129	137	129	124	125	131
ENSG00000185924.7	0	1	0	0	1	0	0	0
ENSG00000262445.3	0	0	0	0	0	0	0	1
ENSG00000228133.3	0	0	0	0	0	0	1	0
ENSG00000262869.1	0	0	0	0	0	0	0	0
ENSG00000108963.19	62	77	66	60	59	62	58	59
ENSG00000287553.1	0	0	0	0	0	0	0	0
ENSG00000262664.3	0	0	0	0	0	0	0	0
ENSG00000262533.1	0	0	0	0	0	0	0	0
ENSG00000263050.1	0	0	2	0	0	2	1	1
ENSG00000267200.1	0	0	0	0	0	0	0	0
ENSG00000267195.1	0	0	0	0	0	0	0	0
ENSG00000177374.13	154	138	151	124	113	78	161	137
ENSG00000070366.14	212	157	222	131	177	151	231	171
ENSG00000280333.1	0	0	0	0	0	0	0	0
ENSG00000262810.1	0	0	0	0	0	0	0	0
ENSG00000279040.1	0	0	0	0	0	0	0	0
ENSG00000279562.1	0	0	0	0	0	0	0	0
ENSG00000279340.1	0	0	0	0	0	0	0	0
ENSG00000262402.1	0	0	0	0	0	0	0	0
ENSG00000265777.2	0	2	0	0	1	0	1	0
ENSG00000236838.2	0	0	0	0	0	0	0	0
ENSG00000236457.1	0	0	0	0	0	0	0	0
ENSG00000225084.1	0	0	0	0	0	0	0	0
ENSG00000278941.1	0	0	0	0	0	0	0	0
ENSG00000280242.1	0	0	0	0	0	0	0	0
ENSG00000167720.13	47	23	45	36	33	38	38	40
ENSG00000262333.1	67	66	72	99	79	59	76	89
ENSG00000167721.11	174	217	155	155	182	229	165	158
ENSG00000275084.4	0	0	0	0	0	0	0	0
ENSG00000212163.6	0	0	1	0	1	0	0	0
ENSG00000289388.1	0	0	1	2	1	2	2	2
ENSG00000141258.13	351	327	313	271	316	221	365	287
ENSG00000274758.1	0	0	0	0	0	0	0	0
ENSG00000263345.1	8	7	2	4	10	4	7	7
ENSG00000070444.15	222	214	141	132	161	166	129	162
ENSG00000262456.1	0	0	0	0	0	0	0	0
ENSG00000127804.13	165	93	136	111	133	117	185	126
ENSG00000279872.1	1	0	0	0	0	1	1	0
ENSG00000280280.1	0	0	0	0	0	0	0	0
ENSG00000243049.3	5	1	0	2	0	0	0	2
ENSG00000262953.1	0	0	0	0	0	0	0	0
ENSG00000007168.14	766	744	733	747	708	751	714	714
ENSG00000262480.2	0	0	0	0	0	1	0	1
ENSG00000279432.1	0	2	2	1	1	2	0	3
ENSG00000239884.3	5	4	2	0	0	2	0	2
ENSG00000272770.1	0	0	0	0	0	0	0	0
ENSG00000272911.1	0	0	0	0	0	1	0	0
ENSG00000132361.18	151	220	132	150	157	232	162	213
ENSG00000273606.1	0	0	0	0	0	0	0	0
ENSG00000262050.2	0	2	1	2	1	4	0	1
ENSG00000277200.2	1	1	1	0	3	0	0	2
ENSG00000221200.1	0	0	0	0	0	0	0	0
ENSG00000272920.1	0	0	0	0	0	0	0	0
ENSG00000132359.17	7	6	1	3	17	29	2	5
ENSG00000262884.1	0	0	0	0	0	0	0	0
ENSG00000262628.1	0	0	0	0	0	0	0	0
ENSG00000184166.3	0	0	0	0	0	1	0	0
ENSG00000142163.8	0	0	0	0	0	0	0	0
ENSG00000183024.4	0	0	0	0	0	0	0	0
ENSG00000261848.5	0	0	0	0	0	0	0	0
ENSG00000262085.2	0	0	0	0	0	0	0	0
ENSG00000172150.4	0	0	0	0	0	0	0	0
ENSG00000172146.4	0	1	1	1	1	0	0	0
ENSG00000290747.1	0	0	0	0	0	0	0	0
ENSG00000255095.3	0	0	0	0	0	0	0	0
ENSG00000262106.1	0	0	0	0	0	0	0	0
ENSG00000221882.5	0	1	0	1	0	0	0	1
ENSG00000180090.6	0	0	0	0	0	0	1	0
ENSG00000290820.1	0	0	0	0	0	0	0	0
ENSG00000180068.11	0	0	0	0	0	0	0	0
ENSG00000285760.1	0	0	0	0	0	0	0	0
ENSG00000267129.1	0	0	0	0	0	0	0	0
ENSG00000180042.5	0	0	0	0	0	0	0	0
ENSG00000180016.2	0	0	0	0	0	0	0	0
ENSG00000159961.3	0	0	0	0	0	0	0	0
ENSG00000127780.3	0	0	0	0	0	0	0	0
ENSG00000280268.1	0	0	0	0	0	0	0	0
ENSG00000141255.13	2	1	0	0	3	3	0	0
ENSG00000108381.11	67	92	56	69	45	47	71	69
ENSG00000167723.15	5	6	11	10	9	8	7	7
ENSG00000196689.13	15	23	12	17	17	11	16	15
ENSG00000263338.1	1	0	0	0	0	1	1	2
ENSG00000262304.2	0	0	0	0	0	0	0	0
ENSG00000261916.1	2	0	0	0	1	0	1	2
ENSG00000197417.9	10	11	2	4	6	2	13	7
ENSG00000262248.1	1	0	0	2	0	0	2	0
ENSG00000040531.16	97	93	110	76	116	96	134	140
ENSG00000262903.1	8	5	6	3	8	8	6	3
ENSG00000213977.8	26	20	38	25	35	32	38	33
ENSG00000257950.3	2	4	0	0	0	2	3	1
ENSG00000240898.1	112	83	64	82	87	53	90	62
ENSG00000127774.7	4	3	2	2	4	4	3	2
ENSG00000083454.23	2	0	0	2	2	3	2	0
ENSG00000083457.12	58	53	39	44	36	45	58	50
ENSG00000262692.1	3	3	1	4	7	2	3	0
ENSG00000177602.5	3	1	2	4	1	4	4	4
ENSG00000262358.1	0	0	0	0	0	0	0	0
ENSG00000074356.17	206	187	234	216	231	233	192	222
ENSG00000004660.15	17	8	15	8	17	7	38	15
ENSG00000108405.4	0	0	0	0	0	0	0	1
ENSG00000074370.18	17	15	7	10	4	6	27	29
ENSG00000263312.1	0	0	0	0	0	0	0	0
ENSG00000074755.15	419	362	360	325	380	400	376	401
ENSG00000252456.1	0	0	0	0	0	0	0	0
ENSG00000167740.10	98	101	103	110	129	121	116	92
ENSG00000185722.18	482	439	424	399	425	446	430	407
ENSG00000263165.1	0	0	0	0	0	0	0	0
ENSG00000251812.1	0	0	0	0	0	0	0	0
ENSG00000263219.1	185	160	160	172	183	219	167	186
ENSG00000274363.1	0	0	2	1	0	0	0	0
ENSG00000132388.13	214	217	165	217	196	188	179	178
ENSG00000261868.1	178	138	157	150	102	75	118	112
ENSG00000263882.2	1	0	1	0	0	2	0	0
ENSG00000182557.8	0	0	0	0	0	0	0	0
ENSG00000262823.1	0	0	0	1	0	0	0	0
ENSG00000229782.1	0	0	0	0	0	0	0	0
ENSG00000183018.9	1	0	1	0	3	1	2	0
ENSG00000132382.15	161	181	148	137	160	226	150	147
ENSG00000167741.11	1	1	3	0	0	2	1	0
ENSG00000262921.1	0	0	0	0	0	0	0	0
ENSG00000262519.1	344	405	313	344	396	303	267	289
ENSG00000188176.12	37	11	22	0	7	0	22	3
ENSG00000261863.1	0	0	0	0	0	0	1	1
ENSG00000222429.1	0	0	0	0	0	0	0	0
ENSG00000161905.13	1	1	1	0	0	0	1	0
ENSG00000141456.16	200	174	171	153	186	169	182	140
ENSG00000235085.3	0	0	0	0	0	0	0	0
ENSG00000244184.1	0	0	1	0	0	0	0	0
ENSG00000213939.4	0	0	0	1	0	0	1	0
ENSG00000141480.18	26	29	47	26	33	14	32	26
ENSG00000161920.11	31	30	33	24	28	21	20	16
ENSG00000261898.2	0	1	0	0	0	0	0	0
ENSG00000161921.17	27	13	37	21	37	18	66	26
ENSG00000141497.14	2	2	1	3	1	4	2	1
ENSG00000142484.7	0	0	0	0	0	0	0	0
ENSG00000182853.12	3	4	2	2	1	0	3	2
ENSG00000280254.1	10	7	9	3	3	2	10	7
ENSG00000182327.8	0	1	3	3	2	1	3	0
ENSG00000142507.10	268	194	192	151	180	167	165	134
ENSG00000262165.2	1	2	0	0	0	3	0	0
ENSG00000129219.14	179	173	143	132	114	107	139	170
ENSG00000141503.17	436	398	349	287	316	273	401	320
ENSG00000230201.5	0	0	2	1	2	2	3	2
ENSG00000264113.2	0	0	1	0	2	0	0	2
ENSG00000108556.10	0	2	1	4	3	2	0	0
ENSG00000205710.4	3	0	3	1	1	0	2	0
ENSG00000185245.9	5	8	2	3	5	3	5	4
ENSG00000108528.14	126	124	97	84	98	115	104	93
ENSG00000108523.16	260	317	262	325	234	234	248	250
ENSG00000108518.8	1070	1319	1081	1204	931	1316	933	872
ENSG00000108515.18	30	40	20	23	9	12	18	21
ENSG00000091640.8	155	191	188	166	128	159	145	135
ENSG00000108509.21	204	220	182	183	152	156	191	213
ENSG00000262429.1	0	0	0	0	0	0	0	0
ENSG00000274300.1	1	0	0	1	0	0	0	0
ENSG00000278517.1	0	0	0	1	0	0	0	0
ENSG00000234203.1	1	0	0	0	0	0	0	0
ENSG00000262678.1	0	0	0	1	1	0	2	1
ENSG00000262227.2	0	1	2	2	2	1	2	3
ENSG00000196388.9	19	12	19	20	17	13	17	11
ENSG00000129250.12	1163	1449	1454	1809	1332	1908	1240	1720
ENSG00000227495.1	0	1	1	1	1	0	1	0
ENSG00000132517.15	18	30	16	13	13	29	24	26
ENSG00000262495.1	0	0	0	0	0	0	0	0
ENSG00000262693.1	0	0	0	0	0	0	0	0
ENSG00000180787.6	24	20	16	23	20	25	20	26
ENSG00000234327.10	5	7	7	4	5	2	4	5
ENSG00000167840.14	21	8	19	19	18	11	15	12
ENSG00000129204.17	2	3	0	3	3	2	3	2
ENSG00000262855.1	0	0	0	0	0	0	0	0
ENSG00000180626.10	27	10	34	27	33	29	32	21
ENSG00000261879.9	9	7	12	8	9	5	12	4
ENSG00000161929.15	2	2	1	1	0	7	0	0
ENSG00000263164.1	1	3	0	0	1	1	0	0
ENSG00000029725.17	158	136	238	158	217	187	207	202
ENSG00000108559.13	71	77	89	78	90	86	58	88
ENSG00000263220.1	0	0	1	0	0	2	1	0
ENSG00000129197.15	65	65	87	54	89	70	79	98
ENSG00000263272.1	4	9	9	8	8	6	20	14
ENSG00000108561.8	153	116	110	133	122	151	110	101
ENSG00000005100.13	96	105	79	109	106	107	88	122
ENSG00000262099.1	0	0	0	0	0	0	0	0
ENSG00000072849.11	130	141	126	122	136	128	144	115
ENSG00000167842.16	67	59	59	58	37	47	48	49
ENSG00000091592.17	226	219	232	228	190	233	136	204
ENSG00000286190.2	0	0	0	0	0	0	0	0
ENSG00000282980.1	0	0	0	1	3	1	1	0
ENSG00000286356.1	0	0	0	0	0	0	0	0
ENSG00000262961.1	4	3	1	0	6	1	2	2
ENSG00000284837.1	0	0	0	0	2	0	0	0
ENSG00000285471.1	0	0	0	0	0	0	0	0
ENSG00000179314.16	3	6	0	0	2	3	0	7
ENSG00000262231.2	0	0	0	0	0	0	0	0
ENSG00000206618.1	0	0	0	0	0	0	0	0
ENSG00000262609.1	0	0	0	0	0	0	0	0
ENSG00000285593.1	0	0	0	0	0	0	0	0
ENSG00000129221.16	0	0	0	1	0	0	0	0
ENSG00000262818.1	3	3	2	5	0	0	4	4
ENSG00000129195.16	2	5	2	1	1	3	0	1
ENSG00000091622.16	7	4	1	3	9	6	5	5
ENSG00000274860.1	1	0	0	1	1	1	0	0
ENSG00000198920.11	90	90	92	81	123	96	88	74
ENSG00000200914.1	0	0	0	0	0	0	1	0
ENSG00000282936.2	10	4	10	5	15	7	6	8
ENSG00000129235.11	59	88	60	60	46	68	43	51
ENSG00000108590.11	21	17	13	21	22	6	14	15
ENSG00000256806.6	8	11	12	7	13	7	3	5
ENSG00000261996.1	0	0	0	0	0	1	0	0
ENSG00000264468.1	0	0	0	0	0	0	0	0
ENSG00000283301.1	0	0	0	0	0	0	0	0
ENSG00000290366.1	0	0	2	0	0	1	0	0
ENSG00000274114.3	0	0	0	0	0	0	0	0
ENSG00000141485.17	1	1	0	0	2	1	0	1
ENSG00000262990.1	0	0	0	0	0	0	0	0
ENSG00000244283.1	0	0	0	0	0	0	0	0
ENSG00000132530.17	77	23	61	30	67	35	47	18
ENSG00000279296.1	0	0	3	2	0	0	3	0
ENSG00000177294.7	0	1	0	1	0	0	1	0
ENSG00000167858.13	0	0	0	0	0	0	0	0
ENSG00000291084.1	1	5	2	2	2	1	0	1
ENSG00000215067.12	17	19	14	16	24	16	14	18
ENSG00000262943.10	0	0	0	0	0	0	0	0
ENSG00000262503.1	0	0	0	0	0	0	0	0
ENSG00000263316.1	0	0	0	0	0	0	0	0
ENSG00000267047.1	0	0	0	0	0	0	0	0
ENSG00000262089.1	8	5	6	5	7	11	2	2
ENSG00000108839.12	11	6	9	7	11	8	12	5
ENSG00000219200.12	8	15	10	9	20	10	10	9
ENSG00000161939.19	0	0	0	0	0	0	0	0
ENSG00000258315.5	6	1	1	2	2	1	0	0
ENSG00000267532.5	0	0	0	1	1	0	4	0
ENSG00000284112.1	0	0	0	0	0	0	0	0
ENSG00000284027.1	0	0	0	0	0	0	0	0
ENSG00000161940.11	0	0	2	0	0	0	0	0
ENSG00000174327.7	5	3	7	5	9	4	10	5
ENSG00000174326.15	1	1	0	4	3	5	0	2
ENSG00000262067.1	0	0	0	0	0	0	0	0
ENSG00000132514.14	0	0	0	0	0	0	0	0
ENSG00000161944.17	1	0	0	0	0	0	0	0
ENSG00000289977.1	0	0	0	0	0	0	0	0
ENSG00000213876.4	1	0	0	0	0	1	0	0
ENSG00000141505.12	1	1	1	3	2	1	1	1
ENSG00000132535.22	99	85	117	76	111	68	140	89
ENSG00000279812.1	1	0	1	0	2	1	0	1
ENSG00000072778.20	742	655	544	510	579	663	896	772
ENSG00000199053.3	0	0	0	0	0	0	0	0
ENSG00000004975.12	288	212	188	155	209	126	237	174
ENSG00000040633.13	185	156	143	118	215	161	165	114
ENSG00000170296.10	41	47	35	46	46	35	25	36
ENSG00000262526.2	0	0	0	0	0	0	0	0
ENSG00000279641.1	2	1	1	0	2	0	3	5
ENSG00000175826.12	255	214	211	204	248	226	244	212
ENSG00000262302.1	0	0	0	0	0	0	0	0
ENSG00000170291.16	98	104	67	72	63	64	61	61
ENSG00000181885.18	2	5	7	7	4	7	5	6
ENSG00000202251.1	0	0	0	0	0	0	0	0
ENSG00000181856.15	0	1	0	1	1	1	1	1
ENSG00000263342.1	0	0	0	0	0	0	0	0
ENSG00000006047.13	1	3	3	2	4	2	1	4
ENSG00000132507.18	725	857	557	561	584	681	511	495
ENSG00000132522.16	12	14	13	11	8	10	4	10
ENSG00000261915.6	0	0	0	0	0	0	0	0
ENSG00000215041.10	73	68	56	52	64	65	52	49
ENSG00000224647.2	0	0	0	0	0	0	1	0
ENSG00000072818.12	17	14	11	10	9	6	12	16
ENSG00000213859.8	133	164	148	130	124	152	118	119
ENSG00000263171.1	0	0	0	0	0	0	0	0
ENSG00000182896.13	0	0	0	1	0	0	0	0
ENSG00000174292.13	18	10	34	30	15	20	11	17
ENSG00000187838.17	6	3	0	1	2	1	2	0
ENSG00000262481.5	1	0	1	1	0	0	0	1
ENSG00000205544.4	42	29	23	24	14	20	22	24
ENSG00000169992.10	431	397	403	379	434	311	405	339
ENSG00000262880.1	0	0	0	0	0	0	0	0
ENSG00000181323.8	0	0	0	0	0	0	0	0
ENSG00000184560.8	0	0	0	0	0	0	0	0
ENSG00000283439.4	0	0	0	0	0	0	0	0
ENSG00000286007.1	0	0	0	0	0	0	0	0
ENSG00000181284.3	7	2	3	9	6	4	3	5
ENSG00000262624.1	0	0	0	0	0	0	0	0
ENSG00000161958.11	7	7	4	2	6	2	1	2
ENSG00000263301.1	7	5	2	3	8	5	9	6
ENSG00000272884.1	0	0	0	0	0	0	0	0
ENSG00000170175.11	21	33	21	23	14	21	28	22
ENSG00000174282.12	891	765	901	705	870	717	770	776
ENSG00000259224.3	3	0	1	1	0	0	0	1
ENSG00000181222.19	1186	1418	1513	1352	1387	1220	1240	1269
ENSG00000201489.1	0	0	0	0	0	0	0	0
ENSG00000239697.12	92	106	87	93	74	86	86	107
ENSG00000248871.1	0	0	0	0	0	0	0	0
ENSG00000276384.1	0	1	0	0	1	0	0	0
ENSG00000161955.17	13	6	6	11	8	8	4	6
ENSG00000161956.14	39	46	44	32	49	45	53	31
ENSG00000277957.1	0	1	0	0	0	0	0	0
ENSG00000161960.16	12	9	13	14	7	8	7	17
ENSG00000264772.6	0	0	0	1	0	0	0	0
ENSG00000209582.1	0	0	0	0	0	0	0	0
ENSG00000238917.1	0	0	0	0	0	0	0	0
ENSG00000277985.1	0	0	0	0	0	0	0	0
ENSG00000129226.14	0	0	0	0	0	0	1	0
ENSG00000233223.5	21	27	12	11	9	10	18	18
ENSG00000129255.16	158	158	120	114	155	108	129	111
ENSG00000129194.8	9	6	3	1	1	3	8	5
ENSG00000129245.13	152	175	120	128	138	155	133	135
ENSG00000129214.15	3	5	4	6	6	6	4	3
ENSG00000141504.12	147	160	136	129	143	110	184	142
ENSG00000129244.9	0	1	1	0	0	1	2	0
ENSG00000141510.18	251	158	186	110	250	186	158	105
ENSG00000141499.18	25	27	23	11	23	16	15	19
ENSG00000108947.5	18	15	21	22	29	17	13	19
ENSG00000183914.15	3	0	5	2	2	2	2	2
ENSG00000240480.1	21	11	0	1	2	6	1	5
ENSG00000132510.11	177	122	112	82	159	122	112	114
ENSG00000288929.2	0	0	0	0	1	0	0	0
ENSG00000288748.1	3	0	2	1	0	1	3	0
ENSG00000167874.7	0	0	2	1	3	1	2	0
ENSG00000183011.14	94	98	48	45	59	60	59	56
ENSG00000182224.12	9	2	4	1	3	1	7	4
ENSG00000280046.1	7	3	7	7	7	4	4	7
ENSG00000170004.19	2031	1723	1864	1566	1822	1457	1798	1680
ENSG00000252835.1	0	0	0	0	1	0	0	0
ENSG00000179859.10	16	8	20	19	8	16	16	17
ENSG00000170049.10	3	4	6	6	5	2	11	7
ENSG00000262730.1	0	0	0	0	0	0	0	0
ENSG00000170043.12	296	305	254	249	242	273	222	200
ENSG00000170037.14	115	116	104	86	112	99	118	110
ENSG00000262492.1	0	0	0	0	0	0	0	0
ENSG00000132518.7	0	3	0	0	0	1	0	1
ENSG00000279174.1	0	0	0	0	0	0	0	0
ENSG00000179593.16	0	21	0	25	0	19	0	48
ENSG00000263427.1	0	0	0	0	0	0	0	0
ENSG00000275011.1	0	0	0	0	0	0	0	0
ENSG00000179477.11	0	0	0	0	0	0	0	0
ENSG00000214999.3	0	0	0	0	0	0	0	0
ENSG00000264005.1	0	0	0	0	0	0	0	0
ENSG00000179148.10	1	1	0	0	0	0	0	1
ENSG00000179111.9	1	0	0	0	0	0	0	0
ENSG00000288993.1	0	0	0	0	0	0	0	1
ENSG00000179094.16	45	334	15	210	42	217	31	269
ENSG00000284117.1	0	0	0	0	0	0	0	0
ENSG00000263620.1	0	0	0	0	0	0	0	0
ENSG00000220205.10	119	191	113	174	150	126	159	148
ENSG00000179029.15	32	39	32	33	18	33	34	41
ENSG00000200463.1	0	0	0	0	0	0	0	0
ENSG00000266824.1	1	0	0	0	0	1	0	0
ENSG00000283160.1	0	0	0	0	0	0	0	0
ENSG00000196544.8	20	19	23	12	8	7	12	21
ENSG00000279152.1	0	0	0	0	0	0	0	0
ENSG00000271002.1	77	58	116	71	86	83	96	80
ENSG00000178999.13	0	3	4	3	0	1	7	2
ENSG00000178977.4	5	4	5	4	9	1	5	6
ENSG00000178971.17	57	35	52	50	50	57	54	65
ENSG00000178921.14	70	55	45	31	40	68	57	45
ENSG00000269947.1	1	0	1	1	2	0	0	0
ENSG00000125434.11	15	20	23	19	15	14	16	13
ENSG00000108961.14	9	8	6	6	3	4	8	4
ENSG00000271029.1	344	369	269	243	274	227	288	249
ENSG00000198844.12	0	0	1	1	0	1	0	0
ENSG00000226871.1	0	0	0	0	0	0	0	0
ENSG00000289984.1	3	1	1	0	2	0	0	1
ENSG00000212206.1	0	0	0	0	0	0	0	0
ENSG00000266279.1	0	0	0	0	0	0	0	0
ENSG00000184650.11	0	0	0	0	0	0	0	0
ENSG00000184619.8	44	21	33	23	25	18	33	25
ENSG00000265749.6	1	0	1	1	1	0	1	0
ENSG00000263809.1	0	0	0	0	0	0	0	0
ENSG00000161970.15	851	1001	993	750	987	854	750	668
ENSG00000288750.1	1	2	2	1	2	1	2	0
ENSG00000189051.6	1	0	1	0	1	0	0	1
ENSG00000166579.16	267	329	253	251	286	317	262	313
ENSG00000133026.14	1947	2407	3345	4937	1752	3258	3090	4072
ENSG00000252363.1	0	0	0	0	2	0	0	0
ENSG00000270606.1	0	0	0	0	0	0	0	0
ENSG00000244604.1	0	0	0	0	0	0	1	0
ENSG00000161973.11	0	1	1	0	1	0	0	0
ENSG00000183318.12	0	0	0	0	2	1	2	5
ENSG00000185156.6	0	0	0	0	0	0	0	0
ENSG00000276231.5	0	0	0	0	0	0	0	0
ENSG00000141506.15	0	0	0	0	0	1	0	0
ENSG00000266389.1	0	0	0	0	0	0	0	0
ENSG00000265975.1	0	0	0	0	0	0	0	0
ENSG00000065320.9	1003	1280	858	1024	353	494	684	1031
ENSG00000262966.2	0	2	1	0	1	0	2	3
ENSG00000273816.1	0	2	0	0	0	0	0	0
ENSG00000170310.15	97	105	98	94	113	114	91	99
ENSG00000263708.2	0	0	0	0	0	0	0	0
ENSG00000225751.2	0	0	0	0	0	0	0	0
ENSG00000262815.1	4	3	1	0	0	0	0	2
ENSG00000263051.1	0	0	0	0	0	0	0	0
ENSG00000271851.1	5	3	5	3	1	4	3	2
ENSG00000166596.15	0	0	1	0	2	1	0	0
ENSG00000241654.1	0	0	0	0	0	0	0	0
ENSG00000265349.1	0	0	0	0	0	0	0	0
ENSG00000154914.17	0	3	1	4	1	3	1	1
ENSG00000262296.1	0	0	0	0	0	0	0	0
ENSG00000282882.2	0	0	0	0	0	0	0	0
ENSG00000184544.12	0	0	0	0	0	0	0	0
ENSG00000278944.1	0	0	0	0	0	0	0	0
ENSG00000214978.8	0	0	2	0	1	1	0	2
ENSG00000283025.1	0	0	0	0	0	0	0	0
ENSG00000065325.13	0	2	0	0	3	1	0	0
ENSG00000265593.1	0	0	0	0	0	0	0	0
ENSG00000109047.8	0	0	0	0	0	0	2	1
ENSG00000007237.19	88	25	62	9	43	23	281	127
ENSG00000242692.1	318	400	241	241	223	239	261	250
ENSG00000273388.1	2	0	1	0	0	0	0	1
ENSG00000006788.14	2	7	0	0	0	2	0	4
ENSG00000264067.1	1	0	0	1	0	0	0	0
ENSG00000272736.5	0	0	0	0	0	0	0	0
ENSG00000272975.1	0	0	0	0	0	0	0	0
ENSG00000133020.4	0	0	0	0	0	0	0	0
ENSG00000264424.1	0	0	0	0	0	0	0	0
ENSG00000109061.10	0	0	0	0	0	0	0	0
ENSG00000125414.19	0	0	0	0	0	0	0	0
ENSG00000214970.8	0	0	0	0	0	0	0	0
ENSG00000109063.15	9	5	7	11	7	10	5	4
ENSG00000261433.1	1	0	0	0	0	0	1	0
ENSG00000133028.12	138	134	145	173	133	157	159	172
ENSG00000263388.1	0	0	2	0	0	0	0	0
ENSG00000170222.12	24	35	34	34	33	31	33	42
ENSG00000187824.9	23	24	21	20	28	26	38	23
ENSG00000264176.1	26	31	23	35	26	27	20	22
ENSG00000263400.8	10	6	7	9	11	12	8	7
ENSG00000285220.1	0	0	0	0	0	0	0	0
ENSG00000264016.3	0	0	0	0	0	0	0	0
ENSG00000240813.2	0	0	0	0	0	1	0	0
ENSG00000266114.1	1	0	0	0	0	0	0	0
ENSG00000284876.1	0	0	0	0	0	0	0	0
ENSG00000263429.4	0	0	0	0	0	0	0	0
ENSG00000279542.1	0	0	0	0	0	0	0	0
ENSG00000233670.7	0	0	0	0	0	0	1	0
ENSG00000289964.1	0	0	0	0	0	0	0	0
ENSG00000263508.6	0	0	0	0	0	0	0	0
ENSG00000207242.1	0	0	0	0	0	0	0	0
ENSG00000244753.2	0	0	0	0	0	0	0	0
ENSG00000243346.3	0	0	0	0	0	0	0	0
ENSG00000285541.1	1	0	0	0	0	0	0	0
ENSG00000188803.15	0	0	0	0	0	0	0	0
ENSG00000264727.1	0	2	0	1	0	0	0	1
ENSG00000007174.18	0	0	0	0	1	0	0	0
ENSG00000263684.2	0	0	0	0	0	0	0	0
ENSG00000266368.1	0	1	0	1	0	1	1	0
ENSG00000154957.14	38	31	36	34	35	31	39	36
ENSG00000289910.1	0	0	0	0	0	0	0	0
ENSG00000241185.2	0	0	1	0	0	0	0	0
ENSG00000065559.15	136	128	109	117	117	144	116	146
ENSG00000252707.1	0	0	0	0	0	0	0	0
ENSG00000266297.1	0	0	0	1	0	0	0	0
ENSG00000263648.1	0	0	0	0	0	0	0	0
ENSG00000265400.1	2	0	0	0	0	0	0	0
ENSG00000286617.1	0	0	0	0	0	0	0	0
ENSG00000179136.8	1	0	1	1	0	1	1	0
ENSG00000287462.1	0	1	3	0	1	0	2	0
ENSG00000141052.18	6	25	18	23	25	14	21	45
ENSG00000227274.1	0	0	0	0	0	0	0	0
ENSG00000265489.1	0	0	0	0	2	0	0	1
ENSG00000006740.18	10	10	6	3	2	6	12	10
ENSG00000265503.1	0	0	0	0	0	0	0	0
ENSG00000280168.1	0	0	0	0	0	0	0	0
ENSG00000277621.1	0	0	0	0	0	0	0	0
ENSG00000263707.1	0	0	0	0	0	0	0	0
ENSG00000006744.19	195	217	204	158	196	183	158	173
ENSG00000273098.3	0	0	0	0	0	0	0	0
ENSG00000234634.2	0	0	1	0	1	0	0	0
ENSG00000153976.3	31	36	25	22	26	29	28	30
ENSG00000221698.1	0	0	0	0	0	0	0	0
ENSG00000236088.12	37	29	24	29	28	29	21	16
ENSG00000265494.1	1	0	0	1	0	1	2	2
ENSG00000233852.1	0	0	0	0	0	0	0	0
ENSG00000266744.1	0	1	0	0	0	0	1	0
ENSG00000141028.6	1	0	1	1	0	1	0	2
ENSG00000006695.12	42	46	42	41	33	37	25	32
ENSG00000252305.1	0	0	0	0	0	0	0	0
ENSG00000223510.7	0	0	0	0	1	0	0	0
ENSG00000262786.1	0	0	0	0	0	1	0	0
ENSG00000125430.9	23	63	42	85	39	89	62	75
ENSG00000266709.1	2	1	0	3	3	3	0	2
ENSG00000266378.1	0	1	0	1	0	0	0	0
ENSG00000230647.3	0	0	1	0	0	0	0	0
ENSG00000230897.1	3	0	1	1	1	3	0	1
ENSG00000226130.1	0	0	0	0	0	0	0	0
ENSG00000205325.4	0	0	0	1	0	1	1	0
ENSG00000238212.3	0	0	0	0	0	0	0	0
ENSG00000226156.1	0	0	0	0	0	0	0	0
ENSG00000232058.1	0	0	0	0	0	0	0	0
ENSG00000259944.1	0	0	0	0	0	0	0	0
ENSG00000287307.1	0	0	0	0	1	0	0	0
ENSG00000265163.1	0	0	0	0	0	0	0	0
ENSG00000109099.16	1671	1180	1571	1109	1672	1419	1363	1212
ENSG00000265110.1	0	0	0	0	0	0	0	0
ENSG00000279660.1	2	2	1	1	2	1	2	1
ENSG00000265445.1	1	0	0	0	0	0	0	0
ENSG00000286792.1	0	0	0	0	0	0	1	0
ENSG00000237377.2	0	0	0	0	0	0	0	0
ENSG00000125409.13	4	7	0	1	0	0	4	0
ENSG00000200437.1	0	0	0	0	0	0	0	0
ENSG00000279567.1	0	0	0	0	0	1	0	0
ENSG00000266667.1	0	0	0	0	0	0	0	0
ENSG00000239888.3	0	1	0	1	0	0	0	0
ENSG00000239704.12	0	0	0	0	0	0	0	0
ENSG00000259024.7	2	1	1	1	7	1	2	2
ENSG00000234324.1	72	105	52	56	59	59	40	47
ENSG00000175106.17	8	9	11	7	15	9	11	8
ENSG00000223878.1	1	1	2	0	5	1	0	0
ENSG00000266538.1	0	0	1	0	0	1	0	0
ENSG00000241322.11	1	1	2	0	5	0	1	0
ENSG00000251537.4	1	0	0	0	0	0	0	0
ENSG00000252129.1	0	0	0	0	0	0	0	0
ENSG00000223544.1	0	0	0	0	0	0	0	0
ENSG00000221926.13	28	27	26	21	59	26	22	12
ENSG00000266261.1	1	0	0	0	0	1	0	0
ENSG00000108452.1	0	0	0	0	0	0	0	0
ENSG00000255104.9	0	0	0	0	0	0	0	0
ENSG00000187607.16	20	21	24	12	31	18	31	13
ENSG00000233966.1	45	44	36	37	46	38	30	37
ENSG00000214946.15	0	0	0	0	0	0	0	0
ENSG00000233002.2	0	0	0	0	0	0	0	0
ENSG00000267227.1	0	0	0	0	0	0	0	0
ENSG00000233193.1	0	0	0	0	0	0	0	0
ENSG00000227255.1	0	0	0	0	0	0	0	0
ENSG00000235430.1	2	1	3	0	0	3	5	0
ENSG00000251829.1	0	0	0	0	0	0	0	0
ENSG00000227018.1	0	0	0	1	0	0	1	0
ENSG00000179277.9	33	61	51	53	55	72	39	55
ENSG00000265519.1	29	15	31	27	19	30	17	14
ENSG00000276855.1	28	23	18	23	21	23	9	14
ENSG00000233090.1	0	0	0	0	0	0	0	0
ENSG00000237057.3	0	1	0	0	0	0	0	0
ENSG00000227790.8	0	0	0	0	0	0	0	0
ENSG00000290377.1	0	0	0	0	0	0	0	0
ENSG00000170425.4	25	11	9	9	28	20	23	13
ENSG00000214941.8	44	32	31	37	45	25	48	26
ENSG00000011295.16	420	489	432	366	422	420	387	325
ENSG00000275413.1	0	1	1	0	0	0	2	0
ENSG00000141027.23	535	520	533	497	635	706	570	532
ENSG00000227782.2	2	2	3	2	2	0	2	0
ENSG00000243686.2	0	0	0	0	0	0	0	0
ENSG00000233979.1	1	1	5	3	2	5	0	1
ENSG00000252383.1	0	0	0	0	0	0	0	0
ENSG00000199674.1	0	0	0	0	0	0	0	0
ENSG00000239221.3	0	0	0	0	0	0	0	0
ENSG00000108474.17	28	26	46	25	36	35	36	41
ENSG00000221355.1	0	0	0	0	0	0	0	0
ENSG00000166582.11	24	15	16	14	20	11	13	14
ENSG00000170315.14	1183	997	1063	863	1256	832	1088	780
ENSG00000265401.1	0	0	0	0	0	0	0	0
ENSG00000265095.1	1	0	1	0	0	1	0	0
ENSG00000264739.1	0	0	1	0	0	0	0	1
ENSG00000187688.15	86	71	60	65	83	76	67	64
ENSG00000239203.1	0	0	0	0	1	0	0	0
ENSG00000175061.20	1994	2081	1399	1229	1311	1201	1274	1056
ENSG00000277108.1	0	0	0	0	0	0	0	0
ENSG00000277370.1	0	0	0	0	0	0	0	0
ENSG00000266651.1	4	4	6	9	5	5	2	7
ENSG00000277512.1	0	0	0	0	0	0	0	0
ENSG00000181350.12	8	4	10	7	11	5	16	9
ENSG00000286743.1	0	0	0	0	0	0	0	0
ENSG00000141040.15	53	36	44	51	35	43	37	29
ENSG00000266803.1	1	0	0	0	1	0	0	0
ENSG00000235554.1	264	245	263	196	352	264	268	190
ENSG00000197566.10	29	11	23	17	26	14	33	21
ENSG00000264765.1	0	0	0	0	0	0	0	0
ENSG00000264359.1	0	0	0	0	0	0	1	0
ENSG00000231458.2	15	22	18	22	18	34	15	20
ENSG00000170160.19	0	1	26	17	41	44	30	34
ENSG00000266302.6	0	1	6	5	11	6	5	12
ENSG00000252446.1	0	0	0	0	0	0	0	0
ENSG00000276088.1	0	0	0	0	0	0	0	0
ENSG00000226478.3	68	81	55	43	56	64	71	61
ENSG00000290976.1	1	2	10	13	19	24	20	17
ENSG00000266129.1	0	0	2	0	0	0	1	0
ENSG00000272815.1	0	0	0	0	0	0	0	0
ENSG00000264673.1	0	0	0	0	0	0	0	0
ENSG00000288235.1	0	0	1	1	1	2	3	3
ENSG00000188933.17	0	0	0	0	0	0	0	0
ENSG00000264729.1	0	0	0	0	0	0	0	0
ENSG00000264892.1	0	0	0	0	0	0	0	0
ENSG00000290977.1	0	0	0	0	0	0	0	0
ENSG00000226145.8	0	0	0	0	0	0	0	0
ENSG00000227300.13	0	0	0	0	0	0	0	0
ENSG00000290978.1	0	0	0	0	0	0	0	0
ENSG00000131885.18	0	0	0	0	0	0	0	0
ENSG00000290979.1	0	0	0	0	0	0	0	0
ENSG00000291277.1	0	0	0	0	0	0	0	0
ENSG00000290980.1	0	0	0	0	0	0	0	0
ENSG00000205312.9	0	0	0	0	0	0	0	0
ENSG00000229749.1	2	3	5	7	3	3	3	8
ENSG00000283033.1	0	0	0	0	0	0	0	0
ENSG00000265853.1	0	0	0	0	0	0	0	0
ENSG00000290698.1	0	1	0	0	0	1	0	0
ENSG00000128438.11	0	0	0	0	0	0	0	0
ENSG00000240505.9	0	0	0	0	0	0	0	0
ENSG00000230709.1	0	1	0	0	0	0	0	0
ENSG00000230969.2	0	0	0	0	0	0	0	0
ENSG00000260328.1	1	0	0	0	1	1	1	0
ENSG00000287114.1	0	0	0	0	0	0	0	0
ENSG00000287910.1	2	0	0	0	0	1	0	0
ENSG00000133030.22	1060	962	897	802	1036	1024	961	974
ENSG00000225442.2	0	0	0	0	0	1	0	0
ENSG00000263624.1	1	0	0	0	0	1	1	0
ENSG00000206859.1	0	0	0	0	0	1	0	0
ENSG00000243370.3	0	0	0	0	0	0	0	0
ENSG00000278864.1	2	1	4	1	1	3	3	5
ENSG00000179598.6	1	3	8	6	4	9	6	7
ENSG00000264187.1	1	0	0	0	0	1	1	0
ENSG00000154803.13	281	294	175	158	248	162	265	210
ENSG00000266498.1	1	0	0	0	1	0	0	0
ENSG00000226359.1	9	21	17	17	17	31	20	28
ENSG00000141030.13	183	134	153	111	138	107	143	117
ENSG00000205309.14	6	5	4	2	4	6	6	5
ENSG00000215030.5	4637	4854	3467	2824	2905	2984	3510	3215
ENSG00000290056.1	0	0	0	0	0	0	0	0
ENSG00000227158.1	3	4	0	5	2	2	0	0
ENSG00000230865.1	17	9	19	16	13	10	13	10
ENSG00000201741.1	0	0	0	0	0	0	0	0
ENSG00000141026.6	51	32	44	52	51	42	63	48
ENSG00000108551.5	9	52	8	41	2	0	3	10
ENSG00000286430.1	0	0	0	1	0	0	1	0
ENSG00000133027.18	39	64	30	50	17	31	17	31
ENSG00000265511.1	1	3	0	3	1	1	0	1
ENSG00000206730.1	0	0	0	0	0	0	0	0
ENSG00000264666.3	1	2	1	5	0	0	1	2
ENSG00000279200.1	0	1	2	1	1	0	3	1
ENSG00000223979.2	0	0	0	0	0	0	0	0
ENSG00000273948.1	0	0	0	0	0	0	0	0
ENSG00000274836.1	0	0	0	0	0	0	0	0
ENSG00000108557.20	208	139	138	88	143	123	174	127
ENSG00000237328.1	0	0	0	0	0	0	0	0
ENSG00000226746.2	1	0	1	0	0	0	1	0
ENSG00000264167.1	0	0	0	0	0	0	0	0
ENSG00000072310.18	635	294	448	226	216	168	260	151
ENSG00000274111.1	0	0	0	0	0	0	0	0
ENSG00000207839.1	0	0	0	0	0	0	0	0
ENSG00000175662.18	321	263	323	341	259	254	254	295
ENSG00000197815.4	10	8	7	4	3	6	8	5
ENSG00000171962.19	20	10	18	10	17	10	18	13
ENSG00000171953.16	22	27	23	31	30	22	37	10
ENSG00000230273.1	6	3	5	6	0	5	4	7
ENSG00000232344.2	3	1	1	2	1	1	1	2
ENSG00000280198.1	0	0	1	0	1	0	1	1
ENSG00000141034.10	101	91	81	115	128	94	80	119
ENSG00000108591.10	101	111	82	76	78	80	91	72
ENSG00000279428.1	0	0	0	0	0	0	0	0
ENSG00000091536.20	12	14	11	6	8	7	13	7
ENSG00000266677.1	1	1	1	0	1	2	0	0
ENSG00000091542.9	319	311	349	260	274	323	335	283
ENSG00000131899.12	329	248	260	171	243	203	295	205
ENSG00000177731.16	799	809	703	646	702	790	734	763
ENSG00000177427.13	50	26	22	36	21	22	47	31
ENSG00000260647.1	0	0	0	0	0	0	0	0
ENSG00000177302.15	91	96	75	56	81	74	88	91
ENSG00000228000.1	0	0	0	0	0	0	0	0
ENSG00000237382.2	0	0	0	0	0	0	0	0
ENSG00000176994.11	256	204	177	168	229	221	245	183
ENSG00000176974.21	10	33	23	41	21	39	17	27
ENSG00000283772.1	0	0	0	0	0	0	0	0
ENSG00000214860.5	0	0	0	0	0	0	0	0
ENSG00000264177.1	0	0	1	0	0	0	1	0
ENSG00000267441.1	0	0	0	0	0	0	0	0
ENSG00000275206.1	0	0	0	0	0	0	0	0
ENSG00000204471.3	0	0	0	0	0	0	0	0
ENSG00000220161.4	1	0	0	1	1	0	1	0
ENSG00000290655.1	0	0	1	1	0	0	0	0
ENSG00000266162.1	0	0	0	0	0	0	0	0
ENSG00000205266.11	0	0	0	0	0	0	0	0
ENSG00000290656.1	0	0	0	0	0	0	0	0
ENSG00000186831.12	0	0	0	0	0	0	0	0
ENSG00000290657.1	0	0	0	0	0	0	0	0
ENSG00000214856.12	0	0	0	0	0	0	0	0
ENSG00000229526.2	0	0	0	0	0	0	0	0
ENSG00000227919.1	0	0	0	0	0	0	0	0
ENSG00000267492.1	0	0	0	0	0	0	0	0
ENSG00000230662.1	0	0	0	0	0	0	0	0
ENSG00000171916.17	0	0	0	0	0	0	0	0
ENSG00000290658.1	0	0	0	0	0	0	0	0
ENSG00000167494.10	0	0	0	0	0	0	0	0
ENSG00000273018.7	33	26	11	12	1	0	0	1
ENSG00000290659.1	3	2	1	1	0	0	1	0
ENSG00000233327.12	0	0	0	0	0	0	0	0
ENSG00000227689.1	0	1	0	0	0	0	0	0
ENSG00000291090.1	11	18	11	6	1	0	0	1
ENSG00000154874.18	0	0	0	0	0	0	0	0
ENSG00000227077.3	964	901	675	494	543	601	519	476
ENSG00000276532.1	9	2	0	0	0	0	0	1
ENSG00000189375.12	0	0	0	0	0	0	0	0
ENSG00000262262.1	0	0	0	0	0	0	0	0
ENSG00000287058.1	0	0	0	0	0	0	0	0
ENSG00000174977.8	4	4	1	7	6	5	5	7
ENSG00000290687.1	4	1	7	8	4	1	4	4
ENSG00000249459.12	0	0	0	0	0	0	0	0
ENSG00000240445.6	29	28	31	32	24	19	39	24
ENSG00000224126.2	3	5	8	3	4	8	2	4
ENSG00000291110.1	14	12	9	10	19	13	17	11
ENSG00000265693.1	0	0	0	0	0	0	0	0
ENSG00000108448.24	0	0	0	0	0	0	0	0
ENSG00000171931.13	0	1	0	0	1	0	0	0
ENSG00000171928.14	66	68	86	123	67	74	57	66
ENSG00000265478.2	0	0	0	0	1	1	0	0
ENSG00000250111.3	0	0	0	0	0	0	0	0
ENSG00000141127.15	52	36	35	21	44	19	58	31
ENSG00000274747.1	2	0	0	0	0	0	1	1
ENSG00000289213.2	4	1	0	1	0	0	0	0
ENSG00000264273.1	0	0	0	0	0	0	0	0
ENSG00000235672.1	67	59	70	46	67	51	46	40
ENSG00000212618.1	0	0	0	0	0	0	0	0
ENSG00000154025.16	0	0	0	0	0	0	0	0
ENSG00000196893.3	0	0	0	0	0	0	0	0
ENSG00000188522.16	39	47	41	29	50	55	50	44
ENSG00000263045.1	0	0	0	0	0	0	0	0
ENSG00000154016.14	0	0	0	0	0	0	0	1
ENSG00000279825.1	0	0	0	0	0	0	0	0
ENSG00000265185.6	0	0	1	0	0	0	0	0
ENSG00000262074.7	0	0	0	0	0	0	0	0
ENSG00000230197.6	0	0	0	0	0	0	0	0
ENSG00000265746.1	0	0	0	0	0	0	0	0
ENSG00000263394.1	0	0	0	0	0	0	0	0
ENSG00000228157.4	0	0	0	0	0	0	0	0
ENSG00000262202.4	0	1	0	0	0	0	0	1
ENSG00000277947.1	0	0	0	0	0	0	0	0
ENSG00000281000.1	0	0	0	0	0	0	0	0
ENSG00000189152.11	0	0	0	0	0	0	0	0
ENSG00000262319.1	0	0	0	0	0	0	0	0
ENSG00000266664.1	0	0	0	0	0	0	0	0
ENSG00000197665.7	0	0	0	0	0	0	0	0
ENSG00000262292.2	0	0	0	0	0	0	0	0
ENSG00000266311.6	0	0	0	0	0	0	0	0
ENSG00000261987.2	0	0	0	0	0	0	0	0
ENSG00000263934.5	5	0	0	1	0	0	2	0
ENSG00000264940.5	0	0	0	0	0	0	0	0
ENSG00000236022.6	0	0	0	0	0	0	0	0
ENSG00000263206.1	0	0	0	0	0	0	0	0
ENSG00000072134.16	133	144	89	132	118	134	100	180
ENSG00000281856.1	0	0	0	0	0	0	0	0
ENSG00000235397.1	0	0	0	0	1	0	1	0
ENSG00000108641.20	55	32	61	48	65	61	65	30
ENSG00000221540.1	0	1	0	0	0	0	0	0
ENSG00000286799.1	1	0	1	1	0	0	0	0
ENSG00000166484.20	164	327	109	217	165	211	136	222
ENSG00000166482.12	8292	3653	6941	3450	7164	3149	7174	3963
ENSG00000287196.1	0	0	0	0	0	0	0	0
ENSG00000128482.16	1	5	11	6	10	3	8	10
ENSG00000265126.1	0	0	0	0	0	0	0	0
ENSG00000235979.9	1	0	0	1	0	1	0	0
ENSG00000227078.1	1	1	0	0	0	0	0	0
ENSG00000283675.1	0	0	0	0	0	0	1	0
ENSG00000189343.7	5312	5455	3937	2952	4071	3768	3440	3069
ENSG00000231477.2	0	0	0	0	0	0	0	0
ENSG00000142494.13	10	6	18	5	5	3	6	4
ENSG00000228331.2	313	341	243	232	306	235	245	218
ENSG00000266079.5	2	0	0	0	2	1	1	4
ENSG00000262769.1	0	0	0	0	0	0	0	0
ENSG00000290454.1	0	0	0	0	0	0	0	0
ENSG00000228983.10	0	0	0	0	0	0	0	0
ENSG00000263107.1	0	0	0	0	0	0	0	0
ENSG00000266179.2	39	49	43	72	71	52	40	41
ENSG00000271900.1	3	2	1	1	3	3	2	0
ENSG00000227225.1	5	5	6	5	5	4	10	7
ENSG00000242752.3	2	0	3	2	1	0	0	2
ENSG00000228725.3	1	0	0	0	1	0	0	0
ENSG00000224254.2	0	1	0	0	0	0	0	0
ENSG00000231625.5	0	0	0	0	0	0	0	0
ENSG00000290544.1	0	0	0	0	0	0	0	0
ENSG00000072210.19	290	165	270	129	290	73	244	118
ENSG00000264932.3	0	1	0	0	0	0	0	0
ENSG00000275982.1	0	0	0	0	0	0	0	0
ENSG00000252349.1	0	0	0	0	0	0	0	0
ENSG00000180638.19	1	2	2	0	0	0	1	1
ENSG00000262681.2	0	0	0	0	0	0	0	0
ENSG00000264785.1	0	0	0	0	0	0	0	0
ENSG00000108602.18	2	0	3	1	3	0	5	1
ENSG00000230607.3	6	9	5	5	8	7	11	6
ENSG00000083290.20	165	375	210	455	184	279	228	571
ENSG00000231096.1	65	52	54	56	62	50	68	48
ENSG00000279251.1	0	0	0	0	1	0	0	0
ENSG00000276406.1	0	0	0	0	0	0	0	0
ENSG00000270091.1	6	6	4	6	3	1	2	4
ENSG00000108599.15	147	143	126	136	148	134	137	122
ENSG00000266126.1	0	1	0	0	0	0	0	0
ENSG00000261033.1	0	0	0	0	0	0	1	0
ENSG00000128487.19	36	28	25	13	47	31	22	16
ENSG00000225681.2	4	3	1	1	1	1	2	0
ENSG00000225014.1	49	47	39	61	38	51	41	61
ENSG00000212186.1	0	0	0	0	0	0	0	0
ENSG00000263494.1	1	0	0	0	1	0	0	0
ENSG00000252971.1	0	0	0	0	0	0	0	0
ENSG00000154898.16	2	1	1	0	1	0	0	1
ENSG00000276577.1	0	0	0	0	0	0	0	0
ENSG00000266839.3	0	0	0	0	0	0	0	0
ENSG00000278701.1	0	1	0	0	1	0	1	0
ENSG00000214832.5	34	38	37	29	51	33	52	40
ENSG00000291194.1	0	1	2	2	4	0	4	1
ENSG00000237911.2	0	0	0	0	0	0	0	0
ENSG00000287490.1	0	1	0	1	0	0	0	0
ENSG00000287751.1	0	0	0	0	0	1	0	1
ENSG00000189423.14	0	0	0	0	0	0	0	0
ENSG00000291195.1	0	0	0	0	0	1	0	1
ENSG00000230528.8	0	0	0	0	0	0	0	0
ENSG00000170298.16	0	0	0	0	0	0	0	0
ENSG00000229586.2	0	0	0	0	0	0	0	0
ENSG00000263976.1	0	0	0	0	0	0	0	0
ENSG00000230088.1	0	0	0	0	0	0	0	0
ENSG00000291196.1	0	0	0	0	0	0	0	0
ENSG00000214822.9	0	0	0	0	0	0	0	0
ENSG00000266925.1	0	0	0	0	0	0	0	0
ENSG00000231645.4	0	0	0	0	0	0	0	0
ENSG00000291197.1	0	0	0	0	0	0	0	0
ENSG00000291198.1	0	0	0	0	0	0	0	0
ENSG00000205215.9	0	0	0	0	0	0	0	0
ENSG00000266042.1	0	0	0	0	0	0	0	0
ENSG00000260907.1	0	0	0	0	0	0	0	0
ENSG00000265916.1	0	0	0	0	0	0	0	0
ENSG00000235203.2	0	0	0	0	0	0	0	0
ENSG00000267075.1	0	0	0	0	0	0	0	0
ENSG00000230339.2	0	0	0	0	0	0	0	0
ENSG00000263946.1	0	0	0	0	0	0	0	0
ENSG00000235323.2	4	3	2	4	1	4	0	1
ENSG00000264422.1	0	0	0	0	0	0	0	0
ENSG00000214819.2	0	0	0	0	0	0	0	0
ENSG00000231258.2	0	0	1	1	0	1	0	0
ENSG00000188013.6	39	56	33	55	39	59	34	40
ENSG00000232889.2	0	0	0	0	0	0	0	0
ENSG00000226096.1	0	0	0	0	0	0	0	0
ENSG00000235546.2	67	78	85	74	65	68	62	65
ENSG00000227685.1	8	16	4	13	3	8	5	16
ENSG00000266364.1	0	0	0	0	0	0	0	0
ENSG00000236504.2	0	0	0	0	0	0	0	0
ENSG00000264874.1	0	0	0	0	0	0	0	0
ENSG00000290430.1	0	0	0	0	0	0	0	0
ENSG00000226521.8	0	0	0	0	0	0	0	0
ENSG00000187870.7	1	0	0	0	0	0	0	1
ENSG00000218454.2	0	1	0	1	0	2	1	1
ENSG00000213671.3	109	76	107	87	106	87	103	74
ENSG00000226549.3	199	32	111	18	126	52	38	17
ENSG00000264215.1	126	23	94	25	57	22	33	4
ENSG00000264662.1	0	0	0	0	0	0	0	0
ENSG00000226981.2	154	149	135	96	79	131	122	129
ENSG00000291074.1	0	0	0	0	0	0	0	0
ENSG00000266369.1	0	0	0	0	0	0	0	0
ENSG00000233098.10	4	2	3	6	1	4	4	2
ENSG00000205212.8	0	0	0	0	0	0	0	0
ENSG00000252483.1	0	0	0	0	0	0	0	0
ENSG00000265790.1	6	5	6	4	3	9	5	6
ENSG00000265099.1	0	0	0	0	0	0	0	0
ENSG00000244456.2	0	0	0	0	0	0	0	0
ENSG00000264660.2	0	0	0	0	0	0	0	0
ENSG00000266009.1	0	0	0	0	0	0	0	0
ENSG00000263729.1	0	0	0	0	0	0	0	0
ENSG00000124422.12	1092	812	931	714	1011	759	1024	731
ENSG00000263986.1	0	0	0	0	0	0	0	0
ENSG00000236819.2	1	0	0	0	0	0	0	0
ENSG00000109016.18	43	62	74	76	57	72	54	90
ENSG00000178307.10	63	78	64	70	59	92	78	75
ENSG00000235530.7	0	6	1	3	9	5	5	6
ENSG00000263815.2	1	2	0	0	0	0	1	0
ENSG00000274180.1	244	212	271	296	220	258	267	308
ENSG00000266563.1	0	0	0	0	0	0	0	0
ENSG00000289453.2	1	0	0	0	1	2	0	0
ENSG00000034152.20	165	260	141	271	129	315	227	270
ENSG00000184185.10	6	17	7	8	6	6	3	5
ENSG00000212719.15	128	86	69	55	127	139	117	87
ENSG00000287671.1	0	1	0	0	0	0	0	0
ENSG00000265881.1	0	0	0	0	0	0	0	0
ENSG00000265043.1	0	0	0	0	0	0	0	0
ENSG00000264023.1	0	0	0	0	0	0	0	0
ENSG00000244582.2	1293	1252	1222	1008	1066	954	1082	822
ENSG00000265265.1	0	0	0	0	0	0	0	0
ENSG00000266466.1	0	0	0	0	1	0	1	0
ENSG00000266673.1	0	1	0	0	0	0	0	0
ENSG00000266050.3	0	0	0	0	0	0	0	0
ENSG00000264245.1	0	0	0	0	0	0	0	0
ENSG00000263375.1	0	0	0	0	0	0	0	0
ENSG00000291022.1	0	0	0	0	0	0	0	0
ENSG00000260157.4	0	0	0	0	0	0	0	0
ENSG00000264617.1	0	0	0	0	0	0	0	0
ENSG00000274748.1	0	0	0	0	0	0	0	0
ENSG00000260458.3	0	0	0	0	0	0	0	0
ENSG00000283566.2	0	0	0	1	0	0	0	1
ENSG00000265233.1	0	0	0	0	0	0	0	0
ENSG00000265019.1	0	0	0	0	0	0	0	0
ENSG00000290919.1	0	0	0	0	0	0	0	0
ENSG00000263563.8	0	0	0	0	0	0	0	0
ENSG00000263725.1	0	0	0	0	0	0	0	0
ENSG00000263609.2	0	0	0	0	0	0	0	0
ENSG00000264956.2	0	0	0	2	0	0	0	0
ENSG00000266691.1	0	0	0	0	0	0	0	0
ENSG00000178130.9	0	0	0	0	0	0	1	0
ENSG00000266806.1	1	1	3	4	2	0	2	3
ENSG00000276399.1	0	0	0	0	1	0	0	0
ENSG00000261020.1	0	0	0	0	0	0	0	0
ENSG00000266885.2	0	0	0	0	0	0	0	0
ENSG00000283879.1	22	23	35	46	42	54	24	14
ENSG00000266529.1	14	22	15	37	19	17	13	13
ENSG00000243655.2	56	55	46	74	62	36	43	44
ENSG00000264168.2	40	35	39	34	48	32	35	28
ENSG00000263914.1	56	67	45	52	69	77	35	49
ENSG00000240103.2	968	1137	1176	1219	1489	1378	1123	1082
ENSG00000241225.2	0	0	0	0	0	0	0	0
ENSG00000263483.1	2	3	2	4	4	1	0	6
ENSG00000264316.1	348	376	318	357	219	190	256	246
ENSG00000284300.1	0	0	0	0	0	0	0	0
ENSG00000284328.1	0	0	0	0	0	0	0	0
ENSG00000284263.1	11	24	44	47	46	42	23	16
ENSG00000275480.1	0	0	0	0	0	0	0	0
ENSG00000264930.1	0	0	0	0	0	0	0	0
ENSG00000264970.2	4	15	6	12	3	6	13	8
ENSG00000264262.1	0	0	0	0	0	0	0	0
ENSG00000264431.1	2	4	0	4	0	6	2	4
ENSG00000263433.1	0	0	0	0	0	0	0	0
ENSG00000264734.1	0	0	0	0	0	0	0	0
ENSG00000264172.1	0	1	0	0	0	0	1	1
ENSG00000266736.1	40	29	30	16	26	25	23	21
ENSG00000264837.1	0	0	0	0	0	0	0	0
ENSG00000265646.2	324	345	253	235	265	247	189	233
ENSG00000285822.1	0	0	0	1	0	0	0	0
ENSG00000265246.1	0	0	0	0	0	0	0	0
ENSG00000239223.3	902	908	626	719	537	568	727	647
ENSG00000213664.4	154	167	116	104	81	79	79	87
ENSG00000265453.1	0	0	0	0	0	0	0	0
ENSG00000263583.1	0	0	0	0	0	0	0	0
ENSG00000109046.15	728	691	961	870	911	1155	787	808
ENSG00000266313.2	1	2	0	0	2	1	0	0
ENSG00000265683.1	4	6	1	3	1	3	6	6
ENSG00000266356.1	0	0	0	0	0	0	0	0
ENSG00000290422.1	0	0	1	0	0	0	0	0
ENSG00000266433.7	0	0	0	0	0	0	0	0
ENSG00000141068.16	106	94	74	37	135	114	58	31
ENSG00000265801.1	0	1	0	0	0	0	0	0
ENSG00000263368.1	115	64	78	62	137	56	97	63
ENSG00000266853.1	0	2	2	1	1	0	0	2
ENSG00000266728.5	0	0	0	0	0	0	0	0
ENSG00000266872.1	0	0	0	0	0	0	0	0
ENSG00000168961.17	5	2	5	3	5	1	5	0
ENSG00000265788.3	0	0	0	0	0	0	0	0
ENSG00000290973.1	0	0	0	0	0	0	0	0
ENSG00000265041.1	0	0	0	0	0	0	0	0
ENSG00000266771.1	0	0	0	0	0	0	0	0
ENSG00000264240.1	0	0	0	0	0	0	0	0
ENSG00000264689.1	0	0	0	0	0	0	0	0
ENSG00000263604.1	0	0	0	0	0	0	0	0
ENSG00000265833.1	0	0	0	0	0	0	0	0
ENSG00000266416.1	0	0	0	0	0	0	0	0
ENSG00000266786.1	0	0	0	0	0	0	0	0
ENSG00000007171.19	0	0	0	0	1	0	1	0
ENSG00000266202.1	0	0	0	0	0	0	0	0
ENSG00000266527.1	0	0	0	0	0	0	0	0
ENSG00000232859.10	22	13	21	21	21	10	21	13
ENSG00000260019.2	1	0	0	0	0	0	0	0
ENSG00000286589.1	0	0	0	0	0	0	0	0
ENSG00000251818.1	0	0	0	0	0	0	0	0
ENSG00000266190.1	0	0	0	0	0	0	0	1
ENSG00000202389.1	1	0	2	2	0	0	0	0
ENSG00000087095.13	40	37	35	37	39	36	37	36
ENSG00000252283.1	0	0	0	0	0	0	0	0
ENSG00000240873.1	6	7	30	16	34	20	16	11
ENSG00000288923.1	1	1	0	1	1	0	0	0
ENSG00000287721.1	1	0	0	1	0	1	1	0
ENSG00000267644.1	0	0	0	0	0	0	0	0
ENSG00000290671.1	1	0	0	0	1	0	0	0
ENSG00000237575.5	0	0	0	0	0	0	0	0
ENSG00000267259.1	12	5	3	3	8	4	7	4
ENSG00000266830.1	0	0	0	0	0	0	0	0
ENSG00000265060.3	0	0	0	0	0	0	0	0
ENSG00000290672.1	0	0	0	0	0	0	0	0
ENSG00000263788.1	0	0	0	0	0	0	0	0
ENSG00000264486.1	0	0	0	0	0	0	0	0
ENSG00000260777.2	0	0	1	0	1	1	0	0
ENSG00000266306.2	0	0	0	0	0	0	0	0
ENSG00000264029.1	0	1	0	0	0	0	0	0
ENSG00000265480.6	0	0	0	0	1	1	0	0
ENSG00000109084.14	41	53	16	35	34	42	18	24
ENSG00000109083.14	88	82	57	54	90	65	67	49
ENSG00000109079.10	177	203	170	214	198	201	154	185
ENSG00000004142.12	319	328	258	284	297	321	261	236
ENSG00000244045.13	31	14	16	10	14	17	13	23
ENSG00000258924.4	1	0	0	0	0	0	0	0
ENSG00000284532.1	0	0	0	0	0	0	0	0
ENSG00000265618.1	0	0	0	0	0	0	0	0
ENSG00000274529.6	0	0	0	0	0	0	0	0
ENSG00000273171.1	0	0	0	0	0	0	0	0
ENSG00000004139.14	28	27	23	24	23	17	25	12
ENSG00000109072.14	3	2	7	5	8	3	0	2
ENSG00000277450.1	0	0	0	0	0	0	0	0
ENSG00000279532.1	1	0	0	0	0	0	0	0
ENSG00000076351.13	11	5	12	8	8	8	5	7
ENSG00000265254.1	0	0	0	0	0	1	0	0
ENSG00000265541.1	4	1	6	2	6	1	2	3
ENSG00000263870.1	11	24	18	32	24	19	29	16
ENSG00000167524.17	7	10	6	8	4	10	7	6
ENSG00000263266.2	856	908	750	619	743	820	632	638
ENSG00000007216.16	0	0	0	0	0	0	0	0
ENSG00000109101.8	0	0	0	0	0	0	0	0
ENSG00000109103.12	107	85	76	53	89	110	92	69
ENSG00000087111.22	203	204	233	260	250	226	209	224
ENSG00000109107.14	118	70	90	54	90	106	66	56
ENSG00000265168.1	0	0	0	0	0	0	0	0
ENSG00000076382.17	13	10	13	8	9	9	14	9
ENSG00000258472.10	0	0	0	0	0	0	0	0
ENSG00000227543.5	1	1	4	3	0	2	2	0
ENSG00000265287.2	0	0	0	0	0	0	0	0
ENSG00000007202.16	1022	921	1062	963	1081	1105	1044	955
ENSG00000264044.1	0	1	1	0	0	0	1	0
ENSG00000132581.10	162	174	148	135	154	166	122	161
ENSG00000240494.2	0	0	0	0	0	0	0	0
ENSG00000109111.15	799	779	774	706	833	863	721	695
ENSG00000265205.1	3	1	1	3	0	3	1	1
ENSG00000167525.16	5	10	6	7	5	6	8	8
ENSG00000109113.20	454	462	438	400	449	449	470	406
ENSG00000198242.14	1528	1452	1323	1064	1384	1097	1149	952
ENSG00000238423.1	0	0	0	0	0	0	0	0
ENSG00000264577.1	3	1	3	3	2	2	2	2
ENSG00000238578.1	0	0	0	0	0	0	0	0
ENSG00000238649.1	0	0	0	0	0	0	0	0
ENSG00000238597.1	0	0	0	0	0	0	0	0
ENSG00000160606.11	16	5	16	6	8	4	9	9
ENSG00000160602.14	23	22	26	25	15	17	18	16
ENSG00000267729.1	0	0	0	0	0	0	0	1
ENSG00000265073.1	0	0	0	0	0	0	0	0
ENSG00000076604.16	73	63	52	27	63	45	58	37
ENSG00000265474.1	2	0	0	1	1	0	0	0
ENSG00000265840.1	0	0	0	0	0	0	0	0
ENSG00000173065.14	73	91	59	80	73	69	58	74
ENSG00000243053.2	31	22	18	26	18	17	18	18
ENSG00000238516.1	0	0	0	0	0	0	0	0
ENSG00000264138.1	0	0	0	0	0	0	0	0
ENSG00000132591.12	103	107	91	86	104	114	103	79
ENSG00000264066.7	0	0	0	0	0	0	0	0
ENSG00000284565.1	0	0	0	0	0	0	0	0
ENSG00000283364.1	0	0	0	0	0	0	0	0
ENSG00000283819.1	0	0	0	0	0	0	0	0
ENSG00000284085.1	0	0	0	0	0	0	0	0
ENSG00000132589.16	359	395	331	458	364	527	345	411
ENSG00000264304.1	2	1	1	0	0	0	1	0
ENSG00000266642.2	0	1	0	0	0	0	0	0
ENSG00000167536.14	5	8	1	2	3	1	6	8
ENSG00000109118.14	184	188	170	129	175	154	180	137
ENSG00000265845.2	1	1	0	0	0	0	0	0
ENSG00000265908.1	0	0	0	0	0	0	0	0
ENSG00000179761.12	1	3	8	2	4	3	5	6
ENSG00000063015.21	0	0	1	1	1	0	0	1
ENSG00000263613.1	0	0	0	0	0	0	0	0
ENSG00000238007.1	0	0	0	0	0	0	0	0
ENSG00000263781.3	253	293	159	198	265	250	195	169
ENSG00000196535.20	552	377	487	338	395	299	515	376
ENSG00000263709.1	0	0	0	0	0	0	0	0
ENSG00000264050.1	0	0	0	0	0	0	0	0
ENSG00000178082.6	239	260	285	183	316	296	245	211
ENSG00000108255.8	0	0	1	0	0	0	0	0
ENSG00000108256.9	470	534	441	541	507	505	426	533
ENSG00000264808.2	0	0	0	0	4	0	3	0
ENSG00000239256.1	348	374	292	242	268	274	260	247
ENSG00000266111.2	1	1	3	2	0	1	0	1
ENSG00000222363.1	0	0	0	0	0	0	0	0
ENSG00000160551.12	780	733	720	685	845	926	805	881
ENSG00000284162.1	0	0	0	0	0	0	0	0
ENSG00000253064.1	0	0	0	0	0	0	0	0
ENSG00000202205.1	0	0	0	0	0	0	0	0
ENSG00000168792.5	63	91	66	92	58	82	58	103
ENSG00000264031.1	0	0	0	0	0	0	0	0
ENSG00000167543.16	91	125	53	74	71	77	79	99
ENSG00000290082.1	4	6	5	4	2	3	7	9
ENSG00000264290.1	2	1	1	2	2	2	2	3
ENSG00000108262.16	202	323	150	255	246	245	203	298
ENSG00000198720.13	64	89	49	65	71	45	58	51
ENSG00000264647.1	0	1	0	0	0	0	0	0
ENSG00000167549.19	133	906	135	614	118	295	124	738
ENSG00000264007.1	1	5	2	2	2	1	0	0
ENSG00000141298.19	245	625	279	606	353	478	200	608
ENSG00000263370.1	0	1	0	1	0	1	0	1
ENSG00000222858.1	0	0	0	1	0	0	0	1
ENSG00000265625.1	1	0	0	0	1	0	1	1
ENSG00000240531.1	0	1	0	0	1	0	0	2
ENSG00000263657.1	1	0	0	0	0	0	0	0
ENSG00000265713.1	0	0	0	1	0	0	0	0
ENSG00000252657.1	0	0	0	0	0	0	0	0
ENSG00000240074.1	0	0	0	0	0	0	0	0
ENSG00000263477.1	0	2	0	0	0	1	1	0
ENSG00000239129.1	0	0	0	0	0	0	0	0
ENSG00000176927.16	2	10	5	7	6	5	6	7
ENSG00000264435.1	1	0	0	0	1	0	0	0
ENSG00000207011.1	0	0	0	0	0	0	0	0
ENSG00000267482.1	0	0	0	0	0	0	0	0
ENSG00000265289.1	0	0	0	0	0	0	2	0
ENSG00000266876.1	55	49	66	47	52	58	62	50
ENSG00000265394.1	0	0	0	0	0	0	0	1
ENSG00000126653.18	133	145	178	149	177	140	162	140
ENSG00000266919.3	0	0	0	0	0	0	0	0
ENSG00000283935.1	0	0	0	0	0	0	0	0
ENSG00000284399.1	0	0	0	0	0	0	0	0
ENSG00000265739.1	1	1	0	0	0	0	0	0
ENSG00000266987.1	0	0	0	0	0	0	0	0
ENSG00000108576.10	2	1	0	1	1	1	1	4
ENSG00000264125.1	0	0	0	0	0	0	0	0
ENSG00000266120.1	0	0	0	0	0	0	0	0
ENSG00000252112.1	0	0	0	0	0	0	0	0
ENSG00000108578.15	93	97	83	74	78	61	93	68
ENSG00000222679.1	0	1	0	0	0	0	0	0
ENSG00000182271.13	0	0	0	0	0	0	0	0
ENSG00000207132.1	0	0	0	0	0	0	0	0
ENSG00000201255.1	0	0	0	0	0	0	0	0
ENSG00000108582.12	979	1067	1440	2155	1142	1932	1615	2077
ENSG00000108587.16	127	115	128	122	171	136	135	135
ENSG00000264958.2	0	0	0	0	0	0	0	0
ENSG00000263860.1	0	0	0	0	0	0	0	0
ENSG00000279431.1	0	0	0	0	0	0	0	0
ENSG00000266733.8	0	0	0	0	0	0	0	0
ENSG00000290404.1	0	0	1	0	0	0	0	0
ENSG00000266775.1	0	0	0	0	0	0	0	0
ENSG00000259928.1	0	0	0	0	0	0	0	0
ENSG00000231870.4	0	0	0	0	0	0	0	0
ENSG00000231421.8	0	0	0	0	0	0	0	0
ENSG00000214719.13	9	6	8	4	5	5	2	9
ENSG00000290395.1	2	0	1	0	1	0	0	1
ENSG00000248121.9	0	0	0	0	0	0	0	0
ENSG00000273609.1	0	0	0	0	0	0	0	0
ENSG00000264943.1	28	41	26	27	31	21	29	39
ENSG00000250462.9	0	0	0	0	0	0	1	0
ENSG00000290450.1	23	24	17	18	24	12	24	18
ENSG00000241631.3	0	0	0	0	0	0	0	0
ENSG00000290928.1	10	21	11	11	11	18	13	11
ENSG00000279337.1	1	0	0	0	0	0	0	0
ENSG00000265443.1	0	1	1	0	0	1	0	0
ENSG00000263603.1	1	0	1	0	3	0	1	0
ENSG00000264538.8	0	1	0	0	0	0	1	0
ENSG00000280069.1	4	1	5	1	1	3	0	1
ENSG00000176390.12	36	40	39	70	38	52	29	71
ENSG00000265791.1	2	1	1	1	0	0	1	0
ENSG00000266490.1	2	3	6	5	2	2	1	0
ENSG00000276250.1	0	0	0	1	0	0	0	0
ENSG00000242439.1	257	295	131	135	112	155	116	93
ENSG00000176208.9	8	10	7	5	7	4	6	8
ENSG00000265334.1	0	0	0	0	0	0	0	1
ENSG00000212190.1	0	0	0	0	0	0	0	0
ENSG00000263531.1	2	0	0	2	1	0	0	1
ENSG00000172171.11	19	20	17	15	13	14	12	17
ENSG00000275185.1	0	0	0	0	0	0	0	0
ENSG00000184060.11	3	2	6	4	6	2	9	4
ENSG00000230113.1	0	0	1	0	0	0	0	0
ENSG00000266274.2	0	0	0	0	0	0	0	0
ENSG00000265743.1	0	0	0	0	0	0	0	0
ENSG00000286194.1	0	0	0	0	0	0	0	0
ENSG00000181481.14	71	89	64	93	57	80	72	105
ENSG00000264456.1	1	0	2	0	4	3	1	1
ENSG00000264743.2	0	1	1	0	0	0	0	0
ENSG00000266340.1	1	0	0	0	0	0	0	0
ENSG00000264148.1	2	1	1	0	0	0	0	1
ENSG00000291063.1	1110	1038	658	750	483	583	762	619
ENSG00000266865.9	0	0	0	0	0	0	0	0
ENSG00000265798.7	1	0	0	0	0	0	0	0
ENSG00000290858.1	0	1	0	0	0	0	0	0
ENSG00000264107.1	1	2	1	3	2	2	1	3
ENSG00000265444.1	0	0	0	0	0	0	0	0
ENSG00000196712.20	509	448	524	443	593	528	570	498
ENSG00000266371.1	1	0	1	0	0	0	2	1
ENSG00000126861.5	88	43	104	27	127	25	74	17
ENSG00000185862.7	2	1	1	1	8	4	4	1
ENSG00000265118.5	0	0	0	0	0	0	0	0
ENSG00000126860.12	9	7	9	3	10	5	11	3
ENSG00000263535.2	55	37	57	46	64	79	65	49
ENSG00000131242.18	22	2	15	4	15	5	9	1
ENSG00000239595.3	1	0	0	0	0	0	0	0
ENSG00000264862.2	2	1	0	0	1	0	0	3
ENSG00000278977.1	0	0	0	0	0	0	0	0
ENSG00000284424.1	0	0	0	0	0	0	0	0
ENSG00000207614.1	0	0	0	0	0	0	0	0
ENSG00000278546.1	0	0	0	0	0	0	0	0
ENSG00000221038.1	0	0	0	0	0	0	1	0
ENSG00000228768.3	0	0	0	0	0	0	0	0
ENSG00000265976.1	0	0	0	0	0	0	0	0
ENSG00000283978.1	0	0	0	0	0	0	0	0
ENSG00000266877.1	1	1	0	1	0	0	3	0
ENSG00000266448.1	0	0	0	0	0	0	0	0
ENSG00000202026.1	0	0	0	0	0	0	0	0
ENSG00000265863.1	0	0	0	0	1	0	0	0
ENSG00000263567.1	0	1	5	0	2	0	0	0
ENSG00000265046.1	0	0	0	0	0	0	0	0
ENSG00000172301.11	192	119	199	127	214	141	186	102
ENSG00000108651.10	117	116	112	108	124	124	113	104
ENSG00000263990.1	1	1	0	0	1	1	2	0
ENSG00000178691.11	135	112	138	155	158	140	161	123
ENSG00000253058.1	0	0	0	0	1	0	0	0
ENSG00000264300.1	0	0	0	0	0	0	0	0
ENSG00000185158.13	28	13	21	23	30	29	34	30
ENSG00000264497.1	0	0	0	0	0	0	0	0
ENSG00000266777.1	52	76	25	49	50	43	40	50
ENSG00000278867.1	0	3	1	0	1	1	1	5
ENSG00000264164.1	0	0	0	0	0	0	0	0
ENSG00000290974.1	0	0	0	0	0	0	0	0
ENSG00000266379.7	0	0	0	0	0	0	0	0
ENSG00000263369.7	0	0	0	0	0	0	0	0
ENSG00000290975.1	0	0	0	0	0	0	0	0
ENSG00000265574.1	1	0	0	0	0	0	0	0
ENSG00000277511.2	4	4	1	3	1	1	2	3
ENSG00000214708.4	0	0	0	0	0	1	0	1
ENSG00000126858.19	115	122	97	116	126	116	100	66
ENSG00000265293.2	0	2	0	0	0	0	0	0
ENSG00000280033.1	0	0	0	0	1	0	0	1
ENSG00000280020.1	1	1	1	3	2	0	2	0
ENSG00000266282.1	213	243	188	214	174	207	156	205
ENSG00000287506.1	0	0	0	0	0	0	0	0
ENSG00000141314.13	2	2	0	1	0	0	1	2
ENSG00000263674.1	0	0	0	0	0	0	0	0
ENSG00000265794.5	0	0	0	0	0	0	0	0
ENSG00000108666.11	41	36	32	41	33	32	49	29
ENSG00000265139.1	0	0	0	0	0	0	0	0
ENSG00000263749.2	0	0	1	0	0	0	0	0
ENSG00000283774.1	0	0	0	0	0	0	0	0
ENSG00000010244.19	497	516	399	391	485	495	365	442
ENSG00000274341.1	0	0	0	2	0	0	1	1
ENSG00000278668.1	0	1	0	0	0	1	0	0
ENSG00000266385.1	1	2	0	0	0	1	0	1
ENSG00000279762.3	2	0	1	0	0	0	1	1
ENSG00000264083.1	2	2	1	1	0	1	1	0
ENSG00000264373.1	5	3	3	0	0	4	0	3
ENSG00000108671.11	215	200	184	232	232	186	195	175
ENSG00000202100.1	0	0	0	0	0	0	0	0
ENSG00000176749.9	5	2	3	4	8	5	6	2
ENSG00000176658.17	1872	1754	1844	2125	1603	1401	1690	2253
ENSG00000266718.2	2	3	1	3	2	2	2	3
ENSG00000280245.1	0	0	0	0	0	0	0	0
ENSG00000265222.1	0	0	0	0	0	0	0	0
ENSG00000263717.1	0	0	0	0	0	0	0	0
ENSG00000279781.1	1	0	0	0	0	0	0	0
ENSG00000266599.1	0	0	0	0	1	0	0	0
ENSG00000265337.1	0	0	0	0	0	0	0	0
ENSG00000264458.1	0	0	0	0	0	0	0	0
ENSG00000201178.1	0	0	0	0	0	0	0	0
ENSG00000236377.2	0	1	1	3	1	3	3	1
ENSG00000290320.1	0	0	0	0	0	0	0	0
ENSG00000006042.12	644	565	708	612	671	643	660	619
ENSG00000141316.13	0	1	0	0	0	0	0	0
ENSG00000108684.15	3	1	0	1	2	0	1	2
ENSG00000264598.1	0	0	0	0	0	0	0	0
ENSG00000280349.1	0	0	0	0	0	0	0	0
ENSG00000266535.1	0	0	0	0	1	0	0	0
ENSG00000265544.1	0	0	0	0	0	0	0	0
ENSG00000265697.1	0	0	0	0	0	0	0	0
ENSG00000265125.5	0	0	0	0	0	0	0	0
ENSG00000265115.1	0	0	0	0	0	0	0	0
ENSG00000264643.1	0	0	0	0	0	0	0	0
ENSG00000265689.1	0	0	0	0	0	0	0	0
ENSG00000283381.1	0	0	0	0	0	0	0	0
ENSG00000283417.1	0	0	0	0	0	0	0	0
ENSG00000279668.4	0	0	1	1	0	0	0	0
ENSG00000265356.2	0	0	0	0	0	0	0	0
ENSG00000263435.1	0	0	0	0	0	0	0	0
ENSG00000279674.1	0	0	0	0	0	0	0	0
ENSG00000226049.3	1	2	2	2	0	1	3	1
ENSG00000263485.1	0	0	0	0	0	0	0	0
ENSG00000265775.1	0	0	0	0	0	0	0	0
ENSG00000252370.1	0	0	0	0	0	0	0	0
ENSG00000264791.1	0	0	0	0	0	0	0	0
ENSG00000263571.3	0	0	0	0	0	0	0	0
ENSG00000261156.6	0	0	0	0	0	0	1	0
ENSG00000264990.1	0	0	0	0	0	0	0	0
ENSG00000108691.10	113	74	191	100	383	471	129	59
ENSG00000108688.11	6	0	2	0	7	4	9	0
ENSG00000172156.4	79	23	66	15	256	284	68	19
ENSG00000108700.5	6	0	10	0	6	3	1	0
ENSG00000265614.1	0	2	0	0	3	1	7	2
ENSG00000181374.8	3	0	8	5	9	15	4	2
ENSG00000108702.4	0	0	0	0	0	0	0	0
ENSG00000225582.2	0	0	0	0	0	0	0	0
ENSG00000197322.4	0	0	0	0	0	1	0	0
ENSG00000181291.8	0	1	0	0	0	0	0	0
ENSG00000278860.1	0	0	0	0	0	0	0	0
ENSG00000264174.1	0	0	0	0	0	0	0	0
ENSG00000264622.1	0	0	0	0	0	0	0	0
ENSG00000132141.14	4	15	5	9	7	12	10	6
ENSG00000285559.1	0	0	0	0	0	0	0	1
ENSG00000198783.6	32	44	36	46	40	41	43	33
ENSG00000005156.12	89	72	71	62	80	83	68	60
ENSG00000092871.17	64	48	50	48	63	56	40	47
ENSG00000267618.5	0	0	0	0	0	0	0	0
ENSG00000273687.1	0	0	0	0	0	0	1	0
ENSG00000267457.1	0	0	0	0	1	0	0	1
ENSG00000243423.1	1	0	0	0	0	0	0	1
ENSG00000185379.21	75	65	65	42	52	51	74	64
ENSG00000253084.3	0	0	0	0	0	0	0	0
ENSG00000252328.1	0	0	0	0	0	0	0	0
ENSG00000073598.6	0	1	1	0	0	0	0	0
ENSG00000073536.18	91	56	68	31	61	59	70	43
ENSG00000141161.12	0	0	0	0	0	0	0	0
ENSG00000267782.1	0	0	0	0	0	0	0	0
ENSG00000266981.1	0	0	0	0	0	0	0	0
ENSG00000267744.1	0	0	0	0	0	0	0	0
ENSG00000164729.8	0	0	0	0	0	0	0	0
ENSG00000266947.3	6	1	1	2	0	4	4	0
ENSG00000289211.1	0	0	0	0	0	0	0	0
ENSG00000166750.10	1210	1017	1022	902	1115	945	901	852
ENSG00000267364.4	4	3	6	5	1	3	6	5
ENSG00000267271.1	0	0	0	0	1	0	1	0
ENSG00000172716.17	295	238	212	189	162	209	187	144
ENSG00000267315.1	47	38	31	29	35	37	34	42
ENSG00000267711.1	0	0	1	1	0	0	1	0
ENSG00000267547.1	3	8	11	5	6	5	6	4
ENSG00000267745.1	8	12	12	18	7	20	7	10
ENSG00000267648.1	2	2	4	0	0	5	0	2
ENSG00000267102.1	9	10	7	27	11	19	12	12
ENSG00000172123.13	72	95	93	131	59	107	50	71
ENSG00000154760.14	12	5	11	10	6	19	7	3
ENSG00000267312.1	97	69	72	69	91	63	89	70
ENSG00000205045.12	3	5	3	1	3	10	2	2
ENSG00000267554.1	0	0	0	0	0	0	0	0
ENSG00000267349.1	0	0	0	0	0	0	0	0
ENSG00000267046.1	1	0	0	1	0	0	0	0
ENSG00000267369.1	13	17	7	15	12	12	10	11
ENSG00000267074.1	2	2	0	0	0	2	2	1
ENSG00000255987.1	16	23	17	15	13	21	24	18
ENSG00000286030.2	0	0	0	0	0	0	0	0
ENSG00000267035.1	0	0	0	0	0	0	0	0
ENSG00000236320.4	0	1	0	1	2	2	0	1
ENSG00000267359.1	0	0	0	0	0	0	0	0
ENSG00000267625.1	0	0	1	0	0	1	0	0
ENSG00000242660.1	2	0	2	1	1	6	5	1
ENSG00000267321.4	3	11	2	4	2	1	7	4
ENSG00000207297.1	0	0	0	0	0	0	1	0
ENSG00000108733.11	58	39	67	37	38	40	55	35
ENSG00000006125.18	1499	1219	1386	1477	1387	1330	1318	1431
ENSG00000267592.1	4	6	0	1	2	3	6	1
ENSG00000270885.2	17	41	14	41	23	64	14	34
ENSG00000270765.7	0	0	0	0	0	1	0	0
ENSG00000271447.6	0	5	0	3	0	0	0	1
ENSG00000271392.1	0	0	0	0	0	0	0	0
ENSG00000270806.2	0	0	0	0	0	0	0	0
ENSG00000270829.1	0	0	0	0	0	0	0	0
ENSG00000270647.7	499	662	507	546	575	595	494	434
ENSG00000270871.1	2	3	2	4	2	2	2	2
ENSG00000270894.1	0	0	0	0	1	0	1	0
ENSG00000270379.6	0	0	0	0	1	0	0	0
ENSG00000271268.1	38	42	40	48	35	34	38	42
ENSG00000270240.2	0	0	0	0	0	0	0	0
ENSG00000271503.7	0	0	1	0	3	0	0	1
ENSG00000271394.1	0	0	0	0	0	0	0	0
ENSG00000270977.2	0	0	1	0	0	0	1	0
ENSG00000271013.1	0	0	0	0	0	0	0	0
ENSG00000278023.7	0	0	1	0	0	0	0	0
ENSG00000275722.5	0	0	0	0	0	0	0	0
ENSG00000291030.1	0	0	0	0	0	0	0	0
ENSG00000273736.2	0	0	0	0	0	0	0	0
ENSG00000275152.5	0	0	0	0	0	0	0	1
ENSG00000276409.5	0	0	0	0	0	0	0	0
ENSG00000275431.1	0	0	0	0	1	0	0	1
ENSG00000275688.4	0	0	0	0	0	0	0	0
ENSG00000275718.2	0	0	0	0	0	0	0	0
ENSG00000275944.1	0	0	0	0	0	0	0	0
ENSG00000278690.1	0	0	0	0	0	0	0	0
ENSG00000274736.5	0	0	0	0	0	0	0	0
ENSG00000275385.2	0	0	0	0	0	0	0	0
ENSG00000277089.4	2	0	2	0	0	0	0	0
ENSG00000277632.2	0	0	0	0	0	0	0	0
ENSG00000275302.2	0	0	0	0	0	0	0	0
ENSG00000276014.1	0	0	0	0	0	0	0	0
ENSG00000276241.1	1	0	0	0	0	0	0	0
ENSG00000289485.1	0	0	0	0	0	0	0	0
ENSG00000282738.1	0	0	0	0	0	0	0	0
ENSG00000274808.6	0	0	0	0	0	0	0	2
ENSG00000274767.1	0	0	0	0	0	0	0	0
ENSG00000276085.1	0	0	0	0	0	0	0	0
ENSG00000276070.5	0	0	0	0	0	0	0	0
ENSG00000278097.1	0	0	0	0	1	0	0	0
ENSG00000276755.1	0	0	0	0	0	0	0	0
ENSG00000278395.1	0	0	0	0	0	0	0	0
ENSG00000274933.6	0	0	0	0	0	0	0	0
ENSG00000261499.2	1	1	0	1	1	1	0	1
ENSG00000265889.1	0	0	0	0	0	0	0	0
ENSG00000260287.4	0	0	0	0	0	0	0	0
ENSG00000274226.6	0	0	0	0	0	0	0	0
ENSG00000277029.1	0	0	0	0	0	0	0	0
ENSG00000275954.5	1	1	2	1	0	0	0	0
ENSG00000274658.1	0	0	0	0	0	0	0	0
ENSG00000289011.1	0	0	0	0	1	0	0	0
ENSG00000273611.5	58	52	57	49	61	56	60	53
ENSG00000274164.1	0	0	0	0	0	0	0	0
ENSG00000278259.5	64	72	55	54	62	70	65	73
ENSG00000277161.2	16	24	18	20	20	18	17	16
ENSG00000278311.5	266	309	340	307	311	255	274	303
ENSG00000274756.1	0	1	2	1	2	1	3	0
ENSG00000278535.5	17	13	3	6	12	6	12	6
ENSG00000278619.5	11	16	8	20	4	11	8	12
ENSG00000275720.1	0	0	0	0	0	0	0	0
ENSG00000276508.1	0	0	0	0	0	0	0	0
ENSG00000275613.2	0	0	0	0	0	0	0	0
ENSG00000277268.2	0	0	1	0	0	0	0	0
ENSG00000273706.5	0	1	0	0	0	0	0	1
ENSG00000276707.1	0	0	0	0	0	0	0	0
ENSG00000275700.6	137	179	123	151	169	160	121	137
ENSG00000277911.1	0	0	0	0	0	0	0	0
ENSG00000277589.1	0	0	0	0	0	1	0	0
ENSG00000276326.1	0	0	0	0	0	0	0	0
ENSG00000277579.1	0	0	0	0	0	0	0	0
ENSG00000278638.2	0	0	1	0	0	0	0	0
ENSG00000278540.5	323	246	282	202	216	239	225	241
ENSG00000274308.1	1	0	0	0	0	0	0	0
ENSG00000275029.1	276	322	299	239	317	286	286	210
ENSG00000276810.1	138	130	42	31	27	55	38	30
ENSG00000278505.5	0	1	0	0	1	1	0	0
ENSG00000276054.1	1	1	2	2	0	1	1	0
ENSG00000276234.5	48	53	54	59	51	63	50	54
ENSG00000273965.1	0	1	0	1	0	0	1	1
ENSG00000275839.1	5	6	0	4	2	3	3	4
ENSG00000289110.1	0	0	0	0	1	0	0	0
ENSG00000276023.5	140	171	121	187	96	133	132	143
ENSG00000275066.5	256	169	186	161	258	166	223	156
ENSG00000277688.1	0	0	0	0	0	0	0	0
ENSG00000278053.5	120	99	116	123	138	119	110	102
ENSG00000274620.1	0	0	0	0	0	1	0	1
ENSG00000277501.1	0	0	0	0	0	1	0	0
ENSG00000274244.1	0	0	0	0	0	0	0	0
ENSG00000275410.6	0	0	0	0	0	0	0	0
ENSG00000275173.1	0	0	0	0	0	0	0	0
ENSG00000290810.1	3	2	0	1	0	0	1	1
ENSG00000276715.5	0	0	0	0	0	0	0	0
ENSG00000277341.1	0	0	0	0	0	0	0	0
ENSG00000273513.2	0	0	0	0	0	0	0	0
ENSG00000277488.1	0	0	0	0	0	0	0	0
ENSG00000274512.6	3	13	8	8	11	2	8	6
ENSG00000274419.7	0	0	0	0	0	0	1	1
ENSG00000278299.6	0	0	0	0	0	0	0	0
ENSG00000274615.1	1	0	1	0	0	1	0	0
ENSG00000275006.1	0	0	0	0	0	0	0	0
ENSG00000278599.6	0	0	0	0	0	0	1	0
ENSG00000274663.1	0	0	0	0	0	0	0	0
ENSG00000274611.4	0	0	0	0	0	0	0	2
ENSG00000291088.1	3	1	2	0	0	2	0	3
ENSG00000274487.5	0	0	0	0	0	0	0	0
ENSG00000274284.1	0	0	0	0	0	0	0	0
ENSG00000278845.5	133	132	130	122	129	108	128	111
ENSG00000277399.6	0	0	1	2	0	0	0	0
ENSG00000274211.6	55	83	63	69	68	72	57	86
ENSG00000275832.5	588	604	552	567	427	520	643	660
ENSG00000276170.6	11	3	3	2	2	4	14	7
ENSG00000277363.5	0	1	1	0	2	1	0	1
ENSG00000274996.1	0	0	0	0	0	0	0	0
ENSG00000273604.2	8	11	6	10	2	4	8	6
ENSG00000275238.1	0	0	0	0	0	0	0	0
ENSG00000277969.2	6	2	4	5	6	1	4	4
ENSG00000275532.2	0	1	0	0	1	0	1	0
ENSG00000275023.5	429	476	376	386	425	436	419	440
ENSG00000275665.1	0	0	0	0	0	0	0	0
ENSG00000273627.1	0	0	0	0	0	0	0	0
ENSG00000279119.1	0	0	0	0	0	0	0	0
ENSG00000277972.2	39	53	27	38	27	48	29	39
ENSG00000276036.1	0	0	0	0	0	0	0	0
ENSG00000277258.5	90	75	88	67	95	63	85	63
ENSG00000277182.2	1	0	1	1	1	0	0	3
ENSG00000277791.5	199	177	170	161	173	194	148	141
ENSG00000274607.1	0	0	0	0	0	0	0	0
ENSG00000276293.5	518	396	461	412	435	421	472	455
ENSG00000273559.5	102	66	84	75	83	86	89	85
ENSG00000274054.1	0	0	0	0	0	0	0	0
ENSG00000275489.2	0	0	0	0	0	0	0	1
ENSG00000125691.14	2777	2791	2397	2131	2464	2296	2262	2052
ENSG00000252699.1	0	0	0	0	0	0	0	0
ENSG00000199293.1	0	0	0	0	0	0	0	0
ENSG00000244086.1	226	242	211	174	193	174	221	181
ENSG00000002834.19	1420	1558	1525	1800	1269	1816	1387	1767
ENSG00000263466.1	0	1	1	0	2	1	3	0
ENSG00000277057.1	0	0	0	0	0	0	0	0
ENSG00000265784.1	0	0	0	0	0	0	0	0
ENSG00000263874.2	4	10	13	16	11	8	12	10
ENSG00000204952.3	0	0	0	1	0	0	0	0
ENSG00000265428.1	0	0	0	0	0	0	0	0
ENSG00000266588.1	0	0	1	0	1	0	0	0
ENSG00000277426.1	0	0	0	0	0	0	0	0
ENSG00000266013.1	0	0	0	0	0	0	0	0
ENSG00000214553.12	0	0	1	0	0	0	0	0
ENSG00000290925.1	0	0	0	0	0	0	1	0
ENSG00000266048.1	0	0	0	0	0	0	0	0
ENSG00000263818.5	4	0	1	1	0	3	1	3
ENSG00000161381.14	146	40	145	105	203	70	136	71
ENSG00000286443.1	2	1	0	0	0	1	1	1
ENSG00000141748.13	0	0	0	2	2	0	0	0
ENSG00000280177.1	0	0	0	0	0	0	0	0
ENSG00000266101.1	0	0	0	0	0	0	0	0
ENSG00000067191.17	24	27	24	30	23	27	19	30
ENSG00000108298.12	3936	4137	3655	2678	3348	3139	3038	2610
ENSG00000141750.7	0	0	0	0	0	1	1	0
ENSG00000265460.6	0	0	0	0	0	0	0	0
ENSG00000108306.13	127	90	102	108	91	77	124	110
ENSG00000266469.2	1	0	0	0	3	0	0	0
ENSG00000125686.12	309	307	290	238	306	284	324	280
ENSG00000167258.16	277	216	249	231	265	223	264	254
ENSG00000222777.1	0	1	0	0	0	0	0	0
ENSG00000171532.5	0	1	0	0	0	1	0	0
ENSG00000214546.4	0	0	1	0	1	0	2	1
ENSG00000131771.14	28	3	22	1	11	1	82	8
ENSG00000131748.16	175	199	152	151	155	158	165	126
ENSG00000173991.6	1	1	0	0	1	0	1	0
ENSG00000141744.4	0	0	0	0	0	0	0	1
ENSG00000161395.14	105	100	86	95	67	56	74	71
ENSG00000141736.14	376	382	389	376	334	363	397	405
ENSG00000265178.1	0	1	0	0	0	0	0	0
ENSG00000141741.12	85	91	82	88	78	79	65	87
ENSG00000141738.14	0	1	0	0	0	1	2	1
ENSG00000161405.17	1	2	3	0	0	3	4	0
ENSG00000264663.1	0	0	0	0	0	0	0	0
ENSG00000226117.1	1	2	1	1	0	3	1	1
ENSG00000186075.13	0	0	0	0	0	0	0	0
ENSG00000073605.19	39	30	37	39	48	38	43	32
ENSG00000172057.10	348	319	353	330	251	302	348	326
ENSG00000204913.7	0	0	0	0	0	0	0	0
ENSG00000264968.1	0	0	0	0	0	1	1	0
ENSG00000167914.12	0	0	1	1	1	0	0	0
ENSG00000108344.15	394	389	375	306	381	370	319	319
ENSG00000265799.1	0	1	1	0	0	1	0	0
ENSG00000108342.13	0	0	1	0	0	0	0	0
ENSG00000008838.21	280	243	195	177	222	229	201	218
ENSG00000283721.1	0	0	0	0	0	0	0	0
ENSG00000238793.1	0	1	0	0	0	1	0	0
ENSG00000126351.13	350	371	270	325	309	280	274	316
ENSG00000126368.6	123	67	61	60	82	48	70	46
ENSG00000279199.1	0	3	2	1	1	3	4	2
ENSG00000188895.12	472	468	433	468	523	454	473	426
ENSG00000108349.17	443	398	344	343	439	398	402	307
ENSG00000284144.1	0	0	0	0	0	0	0	0
ENSG00000108352.13	19	9	18	6	16	16	10	8
ENSG00000274621.1	0	0	0	0	0	0	0	0
ENSG00000171475.14	212	196	219	215	196	187	199	197
ENSG00000094804.12	9	15	4	3	5	7	5	4
ENSG00000131759.18	185	170	134	111	118	96	155	131
ENSG00000287644.1	0	0	0	0	0	0	0	0
ENSG00000265666.1	13	4	10	4	3	6	8	8
ENSG00000278918.1	0	1	1	1	1	0	3	1
ENSG00000183153.7	36	46	40	58	34	16	43	38
ENSG00000266208.1	0	0	0	0	0	0	0	0
ENSG00000264655.1	1	1	0	0	0	2	1	1
ENSG00000252618.1	0	0	0	0	0	0	0	0
ENSG00000278346.1	0	0	0	0	0	0	0	0
ENSG00000131747.15	90	82	45	40	79	36	75	38
ENSG00000222881.1	0	0	0	0	0	0	1	1
ENSG00000240125.1	2	0	2	0	0	0	0	0
ENSG00000141753.7	12671	11454	11508	8772	29642	23667	11941	8268
ENSG00000279806.1	0	0	0	1	0	0	0	0
ENSG00000131746.13	0	2	0	1	0	1	1	0
ENSG00000266088.6	0	0	0	0	0	0	0	0
ENSG00000126353.3	7	3	7	4	6	10	4	4
ENSG00000279775.1	0	0	0	0	0	0	0	0
ENSG00000073584.20	78	64	73	56	66	55	93	59
ENSG00000264058.2	0	0	0	0	0	0	0	0
ENSG00000278834.2	1	2	0	2	1	1	2	0
ENSG00000213424.9	0	0	0	0	0	0	0	0
ENSG00000224244.1	0	0	0	0	0	0	0	0
ENSG00000167916.5	0	0	0	0	0	0	0	0
ENSG00000291165.1	0	0	0	0	0	0	0	0
ENSG00000229028.4	0	0	0	0	0	0	0	0
ENSG00000204897.7	0	0	0	0	0	0	0	0
ENSG00000186393.6	0	0	0	0	0	0	0	0
ENSG00000171446.7	0	0	0	0	0	0	0	0
ENSG00000173908.9	0	0	0	0	0	0	0	0
ENSG00000264488.1	0	0	0	0	0	0	0	0
ENSG00000186395.9	48	47	30	48	23	17	31	26
ENSG00000167920.12	29	31	28	40	29	22	40	38
ENSG00000265359.1	0	0	0	0	0	0	0	0
ENSG00000187242.6	0	0	0	0	0	1	0	0
ENSG00000171431.4	0	0	0	0	0	0	0	0
ENSG00000234477.1	0	0	0	0	0	0	0	1
ENSG00000108244.17	0	0	0	0	0	0	0	0
ENSG00000196859.8	0	0	0	0	0	0	0	0
ENSG00000204889.11	0	0	0	0	0	0	1	0
ENSG00000212899.3	0	0	0	0	0	0	0	0
ENSG00000212900.3	0	0	0	0	0	0	0	0
ENSG00000226776.1	0	0	0	0	0	0	0	0
ENSG00000212901.4	0	0	0	0	0	0	0	0
ENSG00000221852.5	0	0	1	0	1	2	2	6
ENSG00000204887.5	0	0	0	0	0	0	0	0
ENSG00000221880.4	0	0	0	0	0	0	0	0
ENSG00000188581.9	0	0	0	0	0	0	0	0
ENSG00000212725.4	0	0	0	0	0	0	0	0
ENSG00000214518.4	0	0	0	0	0	0	0	0
ENSG00000212724.3	0	0	0	0	0	0	0	0
ENSG00000213417.3	0	0	0	0	0	0	0	0
ENSG00000237230.1	0	0	0	0	0	0	0	0
ENSG00000240871.7	0	0	0	0	0	0	0	0
ENSG00000287602.1	0	0	0	0	0	0	1	0
ENSG00000204880.9	0	0	0	0	0	0	0	0
ENSG00000241241.1	0	0	0	0	0	0	0	0
ENSG00000212722.9	0	0	0	0	0	0	0	0
ENSG00000212721.4	0	0	0	0	0	0	0	0
ENSG00000213416.4	0	0	0	0	0	0	0	0
ENSG00000198090.4	0	0	0	0	0	0	0	0
ENSG00000198271.5	0	0	0	0	0	0	0	0
ENSG00000171396.12	0	0	0	0	0	0	0	0
ENSG00000196156.5	0	0	0	0	0	0	0	0
ENSG00000244537.3	0	0	0	0	0	0	0	0
ENSG00000198443.8	0	0	0	0	0	0	0	0
ENSG00000251439.1	0	0	0	0	0	0	0	0
ENSG00000240542.6	0	0	0	0	0	0	0	0
ENSG00000248807.1	0	0	0	0	0	0	0	0
ENSG00000239886.5	0	0	0	0	0	0	0	0
ENSG00000204873.5	0	0	0	0	0	0	0	0
ENSG00000187272.7	0	0	0	0	0	0	0	0
ENSG00000241595.2	0	0	0	0	0	0	0	0
ENSG00000198083.9	0	0	0	0	0	0	0	0
ENSG00000212659.2	0	0	0	0	0	0	0	0
ENSG00000229351.1	0	0	0	0	0	0	0	0
ENSG00000180386.8	0	0	0	0	0	0	0	0
ENSG00000237183.1	0	0	0	0	0	0	0	0
ENSG00000212658.1	0	0	0	0	0	0	0	0
ENSG00000212657.2	0	0	0	0	0	0	0	0
ENSG00000186860.5	0	0	0	0	0	0	0	0
ENSG00000233014.1	0	0	0	0	0	0	0	0
ENSG00000108516.5	0	0	0	0	0	0	0	0
ENSG00000006059.4	0	0	0	0	0	0	0	0
ENSG00000131738.11	0	0	0	0	1	0	0	0
ENSG00000131737.7	0	0	0	0	0	0	0	0
ENSG00000094796.5	0	0	0	0	0	0	0	0
ENSG00000234859.5	0	0	0	0	0	0	0	0
ENSG00000225438.1	0	0	0	0	0	0	0	0
ENSG00000108417.4	0	0	0	0	0	0	0	0
ENSG00000171360.4	0	0	0	0	0	0	0	0
ENSG00000236473.1	0	0	0	0	0	0	0	0
ENSG00000108759.4	0	0	0	0	0	0	0	0
ENSG00000223125.1	0	0	0	0	0	0	0	0
ENSG00000197079.9	0	0	0	0	0	0	0	0
ENSG00000126337.14	0	0	0	0	0	0	0	0
ENSG00000171401.15	0	0	0	0	0	0	0	0
ENSG00000229732.1	0	0	0	0	0	0	0	0
ENSG00000171346.16	0	0	1	0	0	0	0	0
ENSG00000283796.1	0	0	0	0	0	0	0	0
ENSG00000171345.13	2	3	3	4	1	0	9	12
ENSG00000226629.1	0	0	0	0	0	0	0	0
ENSG00000171403.10	0	0	0	0	0	0	0	0
ENSG00000186847.6	0	0	1	0	0	0	0	0
ENSG00000186832.9	0	0	0	1	0	0	0	0
ENSG00000128422.18	0	0	2	0	1	0	0	0
ENSG00000289252.1	0	0	0	0	0	0	0	0
ENSG00000290861.1	0	0	0	0	0	1	0	0
ENSG00000214514.9	0	0	0	0	0	0	0	0
ENSG00000278954.1	0	0	0	0	0	0	0	0
ENSG00000173812.11	1260	1347	1173	1489	1220	1028	1388	1405
ENSG00000184502.4	0	0	0	0	0	0	0	0
ENSG00000173805.16	9	12	5	12	12	17	11	8
ENSG00000201920.1	0	0	0	0	0	0	0	0
ENSG00000239542.3	1	0	0	0	0	1	0	0
ENSG00000173801.17	42	34	39	60	35	28	48	75
ENSG00000141696.13	98	79	78	87	98	91	90	75
ENSG00000141756.20	1516	1311	1146	977	1353	1225	1337	1218
ENSG00000141698.17	128	148	133	134	124	130	139	111
ENSG00000161594.7	1	2	1	0	1	1	1	3
ENSG00000259623.1	0	0	0	0	0	0	0	0
ENSG00000178502.6	24	20	19	8	12	17	30	23
ENSG00000131473.17	797	857	591	615	623	697	628	690
ENSG00000274630.1	0	0	0	0	0	0	0	0
ENSG00000204815.10	4	4	5	2	7	4	0	12
ENSG00000173786.17	570	567	370	450	443	457	390	430
ENSG00000168259.17	214	200	224	236	264	210	208	182
ENSG00000168256.18	132	147	105	111	128	98	107	117
ENSG00000187595.18	1	0	3	0	1	0	2	0
ENSG00000267221.3	2	1	1	1	2	2	0	0
ENSG00000108771.13	60	60	59	45	53	53	60	66
ENSG00000108773.11	151	152	92	84	90	98	91	83
ENSG00000267261.5	0	0	0	0	0	0	0	0
ENSG00000260325.2	0	0	0	0	0	1	0	0
ENSG00000108774.15	242	276	245	279	269	267	214	247
ENSG00000267658.1	0	0	0	0	0	0	0	1
ENSG00000089558.9	1	1	0	0	0	1	0	0
ENSG00000161610.1	0	0	0	0	0	0	0	0
ENSG00000167925.17	98	130	70	91	51	77	59	84
ENSG00000173757.11	287	324	291	324	270	372	277	369
ENSG00000280295.1	0	0	1	0	0	1	0	0
ENSG00000267758.1	0	1	0	0	0	0	0	0
ENSG00000236194.3	0	0	0	1	0	0	0	1
ENSG00000278829.1	0	0	0	0	0	1	0	0
ENSG00000126561.18	122	221	132	185	110	137	129	169
ENSG00000168610.16	1419	1989	1167	1587	1364	1802	1184	1920
ENSG00000177469.13	3003	4125	3426	4710	2451	4632	3534	4803
ENSG00000289579.1	2	2	4	3	0	2	4	2
ENSG00000238704.1	0	0	0	0	0	0	0	0
ENSG00000033627.18	183	255	166	231	150	138	199	232
ENSG00000264314.1	0	0	0	0	0	0	1	0
ENSG00000267222.1	0	0	0	0	0	0	0	0
ENSG00000267632.1	0	1	1	3	4	0	3	1
ENSG00000283929.1	0	0	0	0	0	0	0	0
ENSG00000267185.1	184	256	205	242	230	238	250	247
ENSG00000108784.10	330	354	268	269	201	253	251	269
ENSG00000266929.1	0	0	0	0	0	0	0	0
ENSG00000108785.7	10	8	12	6	12	8	10	9
ENSG00000266962.3	10	11	10	10	10	12	5	11
ENSG00000108786.11	1	0	3	2	1	0	2	2
ENSG00000068120.15	187	205	182	175	157	182	158	211
ENSG00000108788.12	111	138	107	117	110	115	98	134
ENSG00000131470.15	12	16	7	11	10	11	5	7
ENSG00000287710.1	0	0	0	0	1	0	0	0
ENSG00000141699.11	182	229	212	257	171	232	199	206
ENSG00000280183.1	0	0	0	1	0	0	0	0
ENSG00000131462.9	109	117	109	45	114	93	71	43
ENSG00000267189.1	2	0	0	1	0	0	0	0
ENSG00000267132.1	25	15	24	18	24	26	26	19
ENSG00000037042.9	70	85	95	78	100	78	84	60
ENSG00000068137.15	96	116	90	60	67	51	68	61
ENSG00000184451.5	6	8	9	3	3	5	7	5
ENSG00000267042.1	1	1	2	0	2	1	0	0
ENSG00000108797.12	438	245	458	294	321	233	458	260
ENSG00000267765.1	1	0	0	1	0	1	0	0
ENSG00000108799.13	237	275	252	341	230	269	270	333
ENSG00000275273.1	0	0	0	0	0	0	0	0
ENSG00000239671.1	0	1	0	0	0	1	0	0
ENSG00000273650.1	0	0	0	0	0	0	1	0
ENSG00000214578.5	25	19	32	18	22	21	31	19
ENSG00000197291.9	2	2	1	1	6	1	3	2
ENSG00000131477.11	1	2	1	1	2	3	2	1
ENSG00000131475.7	102	86	102	106	119	108	95	98
ENSG00000126562.17	7	0	5	2	7	2	9	6
ENSG00000183978.8	79	88	68	66	70	82	98	80
ENSG00000176563.10	0	3	1	3	4	2	3	3
ENSG00000126581.13	231	217	238	233	191	237	220	229
ENSG00000278447.1	0	0	0	0	0	0	0	0
ENSG00000131467.12	364	426	267	339	336	401	302	330
ENSG00000131480.9	3	6	4	4	7	6	6	6
ENSG00000131471.7	38	45	40	34	21	29	125	119
ENSG00000291070.1	0	0	0	0	0	0	0	0
ENSG00000260105.7	0	0	0	0	0	0	0	0
ENSG00000213373.7	0	0	0	0	0	0	0	0
ENSG00000252039.1	0	0	0	0	0	0	0	0
ENSG00000131482.10	1	1	0	0	1	0	0	0
ENSG00000212149.1	0	0	0	0	2	0	0	0
ENSG00000266967.7	6	11	5	6	6	3	3	1
ENSG00000108825.18	0	0	0	0	0	0	0	0
ENSG00000267060.7	1	5	3	2	1	2	0	1
ENSG00000198863.8	47	52	63	58	68	77	61	55
ENSG00000131469.15	2047	2163	1635	1332	1556	1370	1380	1236
ENSG00000068079.8	95	93	60	86	61	97	66	68
ENSG00000108828.16	3287	1678	3109	2028	2547	1483	3127	2189
ENSG00000108830.11	43	8	90	10	64	22	65	17
ENSG00000012048.25	77	16	63	33	61	24	66	36
ENSG00000240828.1	35	39	27	28	39	25	38	36
ENSG00000198496.12	50	31	13	20	15	19	27	26
ENSG00000285057.1	0	0	0	0	0	0	0	0
ENSG00000267681.1	49	43	77	35	82	59	60	19
ENSG00000267002.4	64	35	56	46	53	28	60	46
ENSG00000267595.1	2	2	1	1	0	0	0	0
ENSG00000267340.1	349	426	303	290	231	271	286	253
ENSG00000188554.15	1058	1006	1060	1213	1089	1062	1024	1186
ENSG00000184988.8	16	5	19	10	24	15	13	5
ENSG00000236383.9	3	0	1	3	2	1	2	0
ENSG00000274585.1	0	0	0	0	0	0	0	0
ENSG00000275616.1	0	0	0	0	0	0	0	0
ENSG00000273709.1	0	0	0	0	0	0	0	0
ENSG00000274432.1	0	0	0	0	0	0	0	0
ENSG00000278048.1	0	0	0	0	0	0	0	0
ENSG00000276596.1	0	0	0	0	0	0	0	0
ENSG00000277903.1	0	0	0	0	0	0	0	0
ENSG00000278774.1	0	0	0	0	0	0	0	0
ENSG00000274862.1	0	0	0	0	0	0	0	0
ENSG00000274062.1	0	0	0	0	0	0	0	0
ENSG00000274452.1	0	0	0	0	0	0	0	0
ENSG00000275219.1	0	0	0	0	0	0	0	0
ENSG00000278591.1	0	0	0	0	0	0	0	0
ENSG00000188825.16	22	17	24	21	21	17	38	19
ENSG00000279602.2	1	0	0	1	0	0	1	0
ENSG00000277084.1	0	0	0	0	0	0	0	0
ENSG00000288909.2	0	0	0	0	0	0	0	0
ENSG00000252882.1	0	0	0	0	0	0	0	0
ENSG00000175906.5	42	29	44	36	33	33	36	33
ENSG00000251763.1	0	0	0	0	0	0	0	0
ENSG00000267151.5	0	1	0	0	1	0	0	0
ENSG00000284344.1	0	0	0	0	0	0	0	0
ENSG00000252279.1	0	0	0	0	0	0	0	0
ENSG00000252729.1	0	0	0	0	0	0	0	0
ENSG00000237888.1	72	65	36	31	47	40	41	43
ENSG00000067596.12	222	239	240	205	211	196	223	214
ENSG00000175832.13	12	7	7	6	4	16	12	10
ENSG00000278109.1	0	1	0	1	0	0	1	0
ENSG00000005102.14	0	0	0	0	0	0	0	0
ENSG00000267440.2	0	0	0	0	1	0	0	2
ENSG00000267253.1	101	85	88	85	121	101	102	104
ENSG00000167941.3	0	0	0	0	0	0	0	0
ENSG00000108861.9	398	557	309	385	364	525	315	459
ENSG00000231256.8	0	2	1	2	1	1	3	1
ENSG00000267604.1	0	0	0	0	0	0	0	0
ENSG00000161647.19	19	43	14	38	20	54	15	57
ENSG00000161649.14	0	0	0	1	0	1	1	0
ENSG00000108852.16	30	34	34	27	26	10	36	21
ENSG00000282199.1	0	0	0	0	0	0	0	0
ENSG00000267496.4	0	0	0	0	0	0	0	0
ENSG00000267166.5	0	0	0	0	0	0	0	0
ENSG00000267420.1	0	0	0	0	0	0	0	0
ENSG00000261514.2	0	0	0	0	0	0	0	0
ENSG00000108849.8	0	0	0	0	0	0	0	0
ENSG00000131096.11	1	0	1	0	0	1	0	0
ENSG00000161653.11	11	8	14	8	7	8	8	12
ENSG00000091947.10	100	90	70	68	80	68	74	62
ENSG00000221044.2	0	0	1	0	0	2	0	0
ENSG00000161654.10	166	186	151	166	187	174	175	169
ENSG00000141349.10	124	168	142	121	158	165	109	132
ENSG00000108840.16	453	533	360	511	330	576	439	634
ENSG00000267638.1	0	0	0	0	1	0	0	1
ENSG00000212446.1	0	0	0	0	0	0	0	0
ENSG00000125319.15	7	6	4	3	4	4	10	6
ENSG00000161664.7	5	2	6	7	10	3	4	3
ENSG00000267080.8	37	31	33	32	36	23	26	24
ENSG00000168591.16	202	192	191	160	205	178	187	191
ENSG00000087152.16	257	284	185	203	201	196	213	222
ENSG00000267394.2	7	3	2	0	2	8	5	1
ENSG00000108312.16	509	531	479	388	548	398	458	376
ENSG00000275107.1	0	0	0	0	0	0	0	0
ENSG00000260793.4	1	4	4	6	6	4	7	3
ENSG00000288877.2	0	0	1	0	3	0	1	1
ENSG00000267691.1	266	245	244	185	317	325	206	176
ENSG00000004939.16	3	0	0	1	0	1	1	0
ENSG00000285486.1	1	0	1	0	2	0	2	1
ENSG00000239702.3	3	2	1	1	0	0	0	1
ENSG00000267750.6	3	2	7	5	6	5	3	6
ENSG00000221496.2	0	0	0	0	0	0	0	0
ENSG00000252628.2	0	0	0	0	0	0	0	0
ENSG00000108309.14	3	3	2	6	3	4	3	0
ENSG00000013306.16	202	213	186	147	247	211	174	181
ENSG00000288961.2	0	0	0	2	2	0	0	3
ENSG00000267211.1	0	0	0	0	0	0	0	0
ENSG00000030582.19	2225	1764	2195	1892	2256	1810	2599	2172
ENSG00000161682.15	76	44	55	36	59	31	82	48
ENSG00000267634.1	0	0	0	0	0	0	0	0
ENSG00000005961.19	1	1	1	0	1	1	4	3
ENSG00000186566.13	299	245	299	284	296	282	303	275
ENSG00000240589.3	0	0	0	0	0	0	0	0
ENSG00000283045.1	0	0	1	0	0	0	0	0
ENSG00000180340.7	410	450	436	448	409	370	459	460
ENSG00000271222.1	0	0	0	0	0	0	0	0
ENSG00000267384.3	0	1	1	0	1	1	1	0
ENSG00000266979.1	0	1	1	1	2	0	0	0
ENSG00000180336.18	4	3	4	4	3	1	6	3
ENSG00000180329.14	54	51	49	42	55	36	53	38
ENSG00000267160.1	0	1	0	0	0	0	0	1
ENSG00000279879.1	1	0	3	1	3	0	2	2
ENSG00000161692.18	20	15	24	14	17	14	24	20
ENSG00000264251.2	1	1	0	0	1	0	1	0
ENSG00000240305.1	574	553	460	415	507	441	458	411
ENSG00000073670.14	9	2	6	4	3	2	6	10
ENSG00000267505.1	0	0	1	0	1	0	1	0
ENSG00000267405.1	0	0	0	0	0	2	0	0
ENSG00000182963.11	96	80	77	72	107	98	92	68
ENSG00000131097.7	0	0	0	0	2	0	0	0
ENSG00000108883.13	192	197	173	182	221	242	178	189
ENSG00000264540.2	2	0	0	0	0	0	1	0
ENSG00000167131.17	13	5	10	2	7	2	5	6
ENSG00000131095.14	1	2	1	0	0	0	1	0
ENSG00000214447.6	0	0	0	0	0	0	0	0
ENSG00000186185.14	1	4	2	0	1	1	5	0
ENSG00000278223.1	0	0	0	0	0	0	0	0
ENSG00000267334.1	0	0	0	0	0	0	0	0
ENSG00000136448.13	617	653	615	547	648	625	542	583
ENSG00000131094.4	5	1	4	2	10	11	4	5
ENSG00000289024.1	0	0	0	0	0	0	0	0
ENSG00000267788.1	0	0	0	0	0	0	0	0
ENSG00000172992.13	129	112	94	115	127	84	105	85
ENSG00000200888.1	0	0	0	0	1	0	0	0
ENSG00000161714.12	512	447	409	373	428	357	529	511
ENSG00000277249.1	1	0	0	0	0	0	1	0
ENSG00000181513.15	39	62	49	56	36	48	53	42
ENSG00000276728.2	4	2	0	2	3	3	3	2
ENSG00000186834.4	182	288	195	179	210	158	162	169
ENSG00000224505.4	5	2	3	1	5	2	5	1
ENSG00000168517.11	1	1	5	2	4	1	3	3
ENSG00000267288.2	1	2	2	5	1	0	1	0
ENSG00000267121.7	18	15	11	11	11	10	18	10
ENSG00000184922.15	66	74	70	41	112	78	97	66
ENSG00000233175.2	1	1	0	0	1	1	3	1
ENSG00000233483.4	0	0	0	0	0	1	0	0
ENSG00000267278.6	5	2	5	2	7	0	7	1
ENSG00000184361.13	0	0	0	0	0	0	0	0
ENSG00000006062.18	56	58	54	15	54	24	38	22
ENSG00000199953.1	0	0	0	0	0	0	0	0
ENSG00000267446.1	0	0	0	0	0	0	0	0
ENSG00000159314.13	25	19	25	14	15	10	24	14
ENSG00000267344.1	0	0	1	0	0	0	0	0
ENSG00000225190.12	299	285	256	271	330	241	314	271
ENSG00000236234.1	4	0	1	2	2	2	2	2
ENSG00000284055.1	0	0	0	0	0	0	0	0
ENSG00000291175.1	7	4	6	6	1	0	6	8
ENSG00000214425.11	1	0	1	1	0	1	0	1
ENSG00000278770.1	0	1	0	0	0	0	0	0
ENSG00000266918.1	0	1	0	0	1	0	0	0
ENSG00000131484.4	0	0	1	0	0	0	0	0
ENSG00000267198.1	0	1	0	0	0	0	0	0
ENSG00000267246.1	0	1	1	0	0	0	0	0
ENSG00000266504.1	0	0	0	0	0	0	0	0
ENSG00000264070.1	0	0	2	0	0	1	1	0
ENSG00000285668.1	1	0	0	0	0	0	0	1
ENSG00000280022.1	10	13	14	9	14	9	16	10
ENSG00000263503.1	9	7	17	8	13	10	10	8
ENSG00000204652.6	851	821	684	604	297	296	260	206
ENSG00000204650.14	21	19	18	20	65	54	33	24
ENSG00000263715.7	0	0	0	0	0	0	0	0
ENSG00000265547.1	0	0	0	0	0	0	0	0
ENSG00000265964.1	0	0	0	0	0	0	0	0
ENSG00000120088.16	0	0	1	0	1	0	1	0
ENSG00000264589.5	1	0	0	0	0	0	1	1
ENSG00000185294.7	0	0	0	0	0	0	0	0
ENSG00000186868.18	13	13	5	6	15	4	10	3
ENSG00000279685.2	0	0	0	0	0	0	0	0
ENSG00000262881.1	0	0	0	0	0	0	0	0
ENSG00000274883.1	0	0	0	0	0	0	0	0
ENSG00000256762.1	0	0	0	0	0	0	0	0
ENSG00000120071.15	238	230	189	177	234	157	193	204
ENSG00000262372.1	0	0	0	0	0	0	0	0
ENSG00000214401.6	4	10	3	1	4	7	3	6
ENSG00000238723.1	0	0	0	0	0	0	0	0
ENSG00000262500.1	3	2	6	3	2	2	5	2
ENSG00000262539.1	0	0	0	0	3	2	0	0
ENSG00000291018.1	1	0	0	0	0	0	0	1
ENSG00000261575.5	0	0	0	0	0	0	1	0
ENSG00000228696.11	5	2	1	0	4	3	7	2
ENSG00000289729.1	0	0	0	0	1	1	0	0
ENSG00000176681.15	3	2	1	0	4	2	0	3
ENSG00000265411.1	0	0	0	0	0	0	0	0
ENSG00000260075.1	0	0	0	2	1	0	1	0
ENSG00000185829.19	19	8	9	2	11	23	10	11
ENSG00000266497.1	0	0	0	0	0	0	0	0
ENSG00000238083.10	20	18	13	13	28	26	11	8
ENSG00000265315.1	0	0	0	0	0	0	0	1
ENSG00000232300.1	0	0	1	0	0	1	0	0
ENSG00000073969.19	179	146	157	176	191	162	151	115
ENSG00000213326.4	205	229	200	180	262	263	216	184
ENSG00000108379.11	13	10	12	7	13	7	17	6
ENSG00000158955.11	0	2	2	0	2	1	0	0
ENSG00000262031.1	0	0	0	0	0	0	0	0
ENSG00000261886.1	0	0	0	0	0	0	0	0
ENSG00000210709.1	0	0	0	0	0	0	0	0
ENSG00000108433.17	189	150	175	130	163	178	131	115
ENSG00000262633.2	0	0	0	0	0	0	0	0
ENSG00000264999.1	0	0	0	0	0	0	0	0
ENSG00000179673.5	0	0	0	0	0	0	0	0
ENSG00000291209.1	0	0	0	0	0	0	0	0
ENSG00000262879.7	172	113	197	127	216	226	169	191
ENSG00000263142.6	0	1	0	0	0	0	0	0
ENSG00000277198.1	0	0	0	0	0	1	0	0
ENSG00000289730.1	0	0	0	0	0	0	0	0
ENSG00000004897.12	336	323	323	311	341	315	338	319
ENSG00000239291.1	3	2	0	1	2	2	0	1
ENSG00000262265.2	1	0	0	1	1	0	0	0
ENSG00000261872.1	0	0	0	0	0	0	0	0
ENSG00000198336.9	1	4	6	1	3	3	2	3
ENSG00000259207.10	41	60	24	37	27	20	22	30
ENSG00000259753.1	0	0	0	0	0	0	0	0
ENSG00000238419.1	0	0	0	0	0	0	0	0
ENSG00000276790.1	0	0	0	0	0	0	0	0
ENSG00000263293.3	0	0	0	0	2	0	0	0
ENSG00000178852.16	10	12	9	13	16	9	10	13
ENSG00000253347.1	0	0	1	0	0	2	2	0
ENSG00000291120.1	7	8	3	2	2	3	5	8
ENSG00000228782.10	0	0	0	0	0	0	0	0
ENSG00000141279.18	729	711	752	760	691	536	696	787
ENSG00000206734.1	0	0	0	0	0	0	0	0
ENSG00000263766.6	1	2	2	4	0	2	1	0
ENSG00000108424.11	1013	1062	971	1109	1085	1213	904	992
ENSG00000264558.1	0	0	0	0	0	0	0	0
ENSG00000198933.11	81	123	89	101	83	93	92	122
ENSG00000073861.3	0	0	0	0	0	0	0	0
ENSG00000006025.13	55	32	45	20	36	3	40	15
ENSG00000159111.13	141	146	137	112	138	122	124	132
ENSG00000141294.10	4	6	0	1	6	4	2	2
ENSG00000141295.14	93	80	63	45	64	63	85	78
ENSG00000189120.5	2	0	0	0	0	1	1	1
ENSG00000264243.1	0	0	0	0	0	0	0	0
ENSG00000266821.1	1	2	1	0	2	2	1	1
ENSG00000264920.4	10	8	13	15	7	13	5	9
ENSG00000167182.16	74	59	71	67	67	64	79	66
ENSG00000234494.8	6	5	5	3	8	7	7	1
ENSG00000266601.1	0	0	1	0	2	0	1	2
ENSG00000108439.11	44	58	61	52	55	42	63	38
ENSG00000263798.2	0	0	0	0	0	0	0	0
ENSG00000264019.1	0	0	0	0	0	0	0	0
ENSG00000167183.3	0	0	0	0	1	0	0	0
ENSG00000108465.15	44	69	55	46	63	63	51	63
ENSG00000264701.1	0	0	0	0	0	0	0	0
ENSG00000289599.2	0	0	0	0	0	0	0	0
ENSG00000005243.10	249	204	203	203	176	139	202	208
ENSG00000207947.3	0	0	0	0	0	0	0	0
ENSG00000263412.3	1	4	4	4	2	0	6	2
ENSG00000082641.16	1943	2113	2208	2488	1954	2014	2129	2539
ENSG00000266341.1	0	0	0	0	0	0	0	0
ENSG00000278765.1	3	0	1	2	2	0	1	2
ENSG00000108468.15	379	244	361	234	302	210	373	223
ENSG00000206954.1	0	0	0	0	0	0	0	0
ENSG00000002919.15	34	62	45	55	41	58	54	58
ENSG00000141293.16	1	0	0	0	0	0	0	1
ENSG00000221739.1	0	0	0	0	0	0	0	0
ENSG00000263787.1	1	0	0	0	0	0	0	0
ENSG00000207306.1	0	0	0	0	0	0	0	0
ENSG00000235300.4	0	0	0	0	0	0	0	0
ENSG00000266222.1	0	0	0	0	0	0	0	0
ENSG00000200538.2	0	0	0	0	0	0	0	0
ENSG00000264451.1	0	0	0	0	0	0	0	0
ENSG00000206805.1	0	0	0	0	1	0	0	0
ENSG00000120094.9	0	0	0	0	0	0	0	0
ENSG00000173917.11	43	52	32	38	26	35	41	39
ENSG00000230148.8	4	8	2	7	6	11	8	10
ENSG00000120093.12	220	196	219	204	231	155	175	179
ENSG00000233101.10	25	23	25	21	3	5	15	18
ENSG00000239552.2	7	5	12	7	6	5	8	9
ENSG00000182742.6	48	55	59	61	37	38	51	51
ENSG00000257178.5	5	6	9	11	3	4	11	9
ENSG00000284038.1	0	0	0	0	0	0	0	0
ENSG00000120075.6	17	16	33	23	5	3	23	23
ENSG00000108511.10	15	16	16	15	3	2	15	15
ENSG00000260027.5	18	14	22	24	4	2	13	26
ENSG00000120068.7	2	2	1	3	0	0	2	2
ENSG00000170689.10	0	1	0	0	0	0	1	0
ENSG00000242207.1	0	0	0	0	0	0	0	0
ENSG00000210741.1	0	0	0	0	0	0	0	0
ENSG00000272763.1	0	0	0	0	0	0	0	0
ENSG00000244649.5	0	0	0	0	0	0	1	0
ENSG00000244559.1	1	0	1	0	0	0	1	0
ENSG00000242067.1	623	637	360	326	332	327	319	270
ENSG00000241788.2	1	0	2	1	2	0	1	2
ENSG00000159182.5	0	0	0	0	0	0	0	0
ENSG00000229637.4	0	0	0	0	0	0	0	0
ENSG00000273750.1	0	0	0	0	0	0	0	0
ENSG00000277542.1	0	0	0	0	0	0	0	0
ENSG00000263602.1	0	0	0	0	0	0	0	0
ENSG00000159184.8	0	0	0	0	0	0	0	0
ENSG00000242407.1	0	0	0	0	0	0	0	0
ENSG00000170703.16	2	2	3	4	0	0	0	2
ENSG00000244514.3	0	0	0	0	0	0	0	0
ENSG00000136436.15	347	740	436	1106	450	725	390	942
ENSG00000248278.1	2	3	2	2	2	0	1	1
ENSG00000212565.1	0	1	1	0	0	0	0	0
ENSG00000248895.1	0	0	0	0	0	0	0	0
ENSG00000159199.14	93	95	53	65	51	60	45	56
ENSG00000270781.1	0	0	1	0	0	0	0	0
ENSG00000159202.18	609	661	569	616	658	585	570	539
ENSG00000159210.10	148	124	137	156	136	157	128	117
ENSG00000230532.1	0	0	0	0	0	0	0	0
ENSG00000289021.1	1	0	0	3	1	1	0	1
ENSG00000200903.1	0	0	0	0	0	0	0	0
ENSG00000238804.1	0	0	0	0	0	0	0	0
ENSG00000159224.4	1	1	1	0	0	0	0	0
ENSG00000250838.1	0	0	0	0	0	0	1	0
ENSG00000159217.10	23	21	19	18	34	47	28	30
ENSG00000251461.3	0	0	0	0	0	0	0	0
ENSG00000255851.2	1	2	0	1	2	3	1	0
ENSG00000252636.1	0	0	0	0	0	0	0	0
ENSG00000251550.1	8	13	12	12	8	13	8	9
ENSG00000248883.2	0	0	0	0	0	0	0	0
ENSG00000167080.9	0	0	0	1	8	2	6	2
ENSG00000240995.2	0	0	0	0	0	0	0	0
ENSG00000167083.7	0	0	0	0	0	0	0	0
ENSG00000108798.9	0	0	0	0	2	1	0	0
ENSG00000173868.12	0	0	0	0	1	0	0	0
ENSG00000177369.11	0	1	1	2	1	0	0	1
ENSG00000273500.1	0	0	0	0	0	0	0	0
ENSG00000198740.9	66	60	64	59	80	72	64	52
ENSG00000248714.7	3	2	4	1	3	1	1	0
ENSG00000262039.1	0	0	0	0	2	0	0	0
ENSG00000250948.1	0	0	2	0	0	0	0	1
ENSG00000186244.7	0	0	0	1	0	0	0	1
ENSG00000167085.14	170	191	176	180	163	193	159	190
ENSG00000250186.3	0	0	0	0	0	0	0	0
ENSG00000207127.1	0	0	0	0	0	0	0	0
ENSG00000229944.3	76	88	85	56	80	74	95	57
ENSG00000249497.1	0	0	0	0	0	1	0	0
ENSG00000279036.1	0	0	0	0	0	0	0	0
ENSG00000064300.9	0	1	1	0	0	1	0	0
ENSG00000249906.1	0	0	0	0	0	0	0	0
ENSG00000277478.1	0	0	0	0	0	0	0	0
ENSG00000250310.2	0	0	0	0	1	0	0	0
ENSG00000182575.8	30	39	38	90	28	40	55	129
ENSG00000121067.19	186	202	173	181	174	162	211	171
ENSG00000121073.15	85	99	95	95	85	120	86	94
ENSG00000250751.1	0	0	0	0	0	0	0	0
ENSG00000121104.8	48	19	43	25	42	19	33	27
ENSG00000136504.15	158	119	160	142	147	114	146	136
ENSG00000235183.3	327	291	273	327	359	311	289	264
ENSG00000262837.1	0	0	0	0	0	0	0	0
ENSG00000176358.16	0	0	0	0	0	1	0	0
ENSG00000204584.1	0	0	0	0	0	1	0	0
ENSG00000248954.1	0	0	0	0	0	0	0	0
ENSG00000254039.1	0	0	0	0	0	0	0	0
ENSG00000249176.1	27	33	33	36	21	41	28	32
ENSG00000199492.1	0	0	0	0	0	0	0	0
ENSG00000108813.12	0	0	3	1	1	2	1	2
ENSG00000064195.7	0	0	0	0	0	0	0	0
ENSG00000248172.1	0	0	0	0	0	0	0	0
ENSG00000246640.2	0	2	3	1	2	2	3	0
ENSG00000005884.18	145	140	259	299	190	351	249	277
ENSG00000276851.1	0	1	0	0	0	0	0	0
ENSG00000005882.12	128	136	154	125	166	96	155	142
ENSG00000275025.1	0	1	0	0	0	0	0	0
ENSG00000250282.1	0	0	0	0	0	0	0	0
ENSG00000167100.15	17	10	19	10	10	7	18	14
ENSG00000108819.11	407	306	323	339	359	276	447	319
ENSG00000236472.1	0	0	0	0	0	0	0	0
ENSG00000253730.1	0	0	1	0	0	0	0	1
ENSG00000261959.1	0	0	0	0	0	0	0	0
ENSG00000108823.17	1	1	2	9	3	0	1	2
ENSG00000188662.8	0	0	0	0	0	0	0	0
ENSG00000108821.14	29615	11523	25357	9980	30506	12744	28613	9582
ENSG00000249406.3	0	3	4	0	0	2	1	0
ENSG00000263176.1	0	0	0	0	0	0	0	0
ENSG00000249838.1	0	0	0	1	0	0	0	0
ENSG00000167105.8	4	0	3	0	5	3	1	2
ENSG00000251179.1	5	6	2	9	2	4	8	4
ENSG00000015532.10	141	132	123	122	115	132	114	124
ENSG00000279792.1	1	0	1	0	2	1	0	2
ENSG00000108826.16	65	70	82	57	93	56	74	53
ENSG00000154920.15	7	1	5	3	3	2	5	1
ENSG00000108829.10	322	498	256	318	355	509	292	351
ENSG00000206824.1	0	0	0	0	0	0	0	0
ENSG00000253102.1	0	0	0	3	0	0	0	2
ENSG00000167107.13	80	99	78	64	106	103	69	71
ENSG00000262759.1	0	0	0	0	0	0	0	0
ENSG00000136457.10	3	3	2	3	2	4	6	6
ENSG00000275897.1	0	1	1	2	0	1	0	0
ENSG00000136444.10	124	108	94	76	68	68	88	60
ENSG00000249451.1	1	1	0	0	0	0	0	0
ENSG00000136449.16	14	11	8	5	2	2	12	14
ENSG00000250286.2	3	1	0	1	5	0	2	1
ENSG00000049283.19	3	2	6	3	5	4	3	3
ENSG00000006282.22	364	275	227	197	268	243	295	257
ENSG00000250107.1	0	1	0	0	1	0	1	1
ENSG00000006283.18	27	14	7	1	32	11	14	6
ENSG00000250976.1	0	0	0	0	0	0	0	0
ENSG00000251239.1	0	0	0	0	0	0	0	0
ENSG00000108846.16	44	77	48	77	82	169	66	84
ENSG00000154945.7	205	206	152	191	188	240	199	221
ENSG00000262967.1	0	0	0	0	0	0	0	0
ENSG00000201340.1	0	0	0	0	0	0	0	0
ENSG00000108848.16	676	681	601	599	648	512	687	603
ENSG00000278963.1	0	1	0	1	0	0	0	0
ENSG00000167117.10	2	0	0	0	0	0	0	0
ENSG00000278672.1	0	0	0	0	0	0	0	0
ENSG00000285829.1	0	1	0	0	1	0	0	0
ENSG00000290053.1	0	0	1	0	2	0	1	0
ENSG00000248702.1	15	6	8	4	7	4	10	8
ENSG00000173714.8	5	0	2	0	0	1	1	2
ENSG00000261976.2	0	0	0	0	0	0	0	0
ENSG00000243521.2	73	85	39	50	49	72	61	46
ENSG00000141232.5	157	169	151	190	157	136	180	204
ENSG00000229980.5	1	3	2	4	1	0	2	1
ENSG00000262006.1	0	0	0	0	0	0	0	0
ENSG00000247011.3	0	0	0	0	0	0	0	0
ENSG00000251665.1	0	0	0	0	0	0	0	0
ENSG00000008294.22	626	572	617	592	605	563	669	650
ENSG00000249870.1	0	0	0	0	0	0	0	0
ENSG00000239672.8	30	22	18	19	21	27	23	11
ENSG00000011052.21	0	0	1	0	1	3	1	0
ENSG00000243678.12	19	22	46	25	42	39	26	28
ENSG00000011258.16	102	62	81	65	81	57	106	62
ENSG00000279089.1	8	10	4	0	4	4	5	7
ENSG00000264895.1	0	1	0	0	0	0	0	0
ENSG00000011260.14	108	97	66	95	77	72	68	103
ENSG00000249383.2	0	0	0	1	1	0	0	2
ENSG00000249982.1	0	0	0	0	0	0	0	0
ENSG00000249658.1	0	0	0	0	0	0	0	0
ENSG00000267452.3	0	0	2	0	0	0	0	0
ENSG00000187504.6	1	0	1	0	0	0	0	0
ENSG00000154975.14	0	0	0	0	0	0	0	0
ENSG00000279743.1	0	0	0	0	0	0	0	0
ENSG00000263317.1	0	0	0	0	0	0	0	0
ENSG00000226364.1	0	0	0	0	0	0	0	0
ENSG00000227011.4	0	0	0	0	0	0	0	0
ENSG00000262902.1	17369	19141	18042	20421	27258	21832	20148	20043
ENSG00000285939.2	0	0	0	0	0	0	0	0
ENSG00000263252.1	0	0	0	0	0	0	0	0
ENSG00000262271.1	8	5	9	3	7	7	2	6
ENSG00000262518.1	0	0	0	0	0	0	0	0
ENSG00000262384.1	3	1	2	2	3	2	4	2
ENSG00000233380.1	51	57	21	32	18	31	24	23
ENSG00000141200.8	0	0	0	0	0	0	0	0
ENSG00000263189.1	39	32	37	39	44	30	40	48
ENSG00000261965.1	0	0	0	0	0	0	0	0
ENSG00000288036.1	0	0	0	0	0	0	0	0
ENSG00000263199.1	0	2	2	1	2	0	2	3
ENSG00000263125.1	3	3	0	3	1	2	1	3
ENSG00000251809.1	0	0	0	0	0	0	0	0
ENSG00000141198.16	28	37	33	61	44	59	15	35
ENSG00000166260.13	129	227	101	239	100	128	88	234
ENSG00000279059.1	16	19	9	25	10	17	14	37
ENSG00000275710.1	0	0	1	0	0	0	0	1
ENSG00000166263.13	80	96	56	166	79	73	82	176
ENSG00000108924.14	4	10	6	11	4	7	19	30
ENSG00000263096.1	1	0	0	0	0	1	0	0
ENSG00000262079.1	0	0	1	0	0	0	0	0
ENSG00000108960.9	182	621	151	476	279	402	130	489
ENSG00000261873.3	1	0	0	0	0	0	2	0
ENSG00000236319.2	102	86	89	75	89	67	84	76
ENSG00000262135.1	26	22	37	30	36	26	25	18
ENSG00000200107.1	0	0	0	0	0	0	0	0
ENSG00000289016.1	0	0	0	0	0	0	0	0
ENSG00000166292.12	8	16	4	17	6	4	3	7
ENSG00000141179.14	48	45	48	44	44	49	28	30
ENSG00000262052.1	0	0	0	0	0	0	0	0
ENSG00000153930.13	0	1	1	3	1	2	0	2
ENSG00000261882.1	12	11	19	12	8	11	16	8
ENSG00000279606.1	0	0	0	0	0	0	0	0
ENSG00000243058.1	0	0	0	0	0	0	0	0
ENSG00000183691.6	1	2	2	1	0	0	0	2
ENSG00000214226.9	0	5	10	2	11	5	12	6
ENSG00000283209.1	0	0	0	0	0	0	0	0
ENSG00000153933.10	24	28	24	26	32	34	17	35
ENSG00000121060.19	365	330	306	288	308	318	337	323
ENSG00000212469.1	0	0	0	0	0	0	0	0
ENSG00000262408.1	9	8	3	5	5	2	1	10
ENSG00000262112.1	0	0	0	0	0	0	0	0
ENSG00000284542.1	0	0	0	0	0	0	0	0
ENSG00000274213.2	0	0	0	0	1	1	0	0
ENSG00000121058.5	71	43	36	52	56	52	55	52
ENSG00000262298.1	0	1	0	0	1	0	0	0
ENSG00000262623.1	17	15	13	9	11	13	18	11
ENSG00000121064.13	552	406	576	583	561	432	604	550
ENSG00000263120.1	4	0	2	0	2	2	1	0
ENSG00000261192.1	30	39	16	20	29	30	23	36
ENSG00000263004.3	7	1	7	5	4	1	11	4
ENSG00000121057.13	87	115	67	87	60	66	92	88
ENSG00000263089.1	0	1	1	2	1	1	1	0
ENSG00000285785.1	0	0	0	0	0	0	0	0
ENSG00000286732.1	0	2	0	0	0	0	0	0
ENSG00000153944.12	151	156	117	94	160	122	143	120
ENSG00000279555.1	0	1	0	0	0	0	0	0
ENSG00000279281.1	0	1	0	0	1	0	0	0
ENSG00000266100.1	0	0	0	0	0	0	0	0
ENSG00000280028.1	0	0	0	0	0	0	0	0
ENSG00000263499.1	0	0	0	0	0	0	0	0
ENSG00000242889.3	0	0	1	0	0	0	0	0
ENSG00000238447.1	0	0	0	0	0	0	0	0
ENSG00000166329.3	0	0	0	0	0	0	0	0
ENSG00000265542.5	0	0	0	0	0	0	0	0
ENSG00000222976.1	0	0	0	0	0	0	0	0
ENSG00000181610.13	74	92	78	99	67	84	78	82
ENSG00000180891.13	196	304	158	192	189	239	173	252
ENSG00000264914.1	0	0	0	0	0	0	0	0
ENSG00000278642.1	0	1	1	0	0	0	0	0
ENSG00000136451.9	329	361	314	343	385	364	286	350
ENSG00000280233.1	1	1	0	0	0	0	0	1
ENSG00000266086.3	0	0	0	0	1	0	0	0
ENSG00000264112.1	22	29	20	36	41	20	44	26
ENSG00000136450.13	187	155	140	171	146	177	163	140
ENSG00000279069.2	8	3	9	2	6	4	3	4
ENSG00000285930.1	0	0	0	0	0	0	0	0
ENSG00000266290.1	0	0	0	0	0	0	0	0
ENSG00000264364.3	382	336	486	376	327	310	353	293
ENSG00000279207.1	24	30	37	30	23	17	36	17
ENSG00000141194.7	1	0	1	0	1	0	0	0
ENSG00000229590.3	0	0	0	0	0	0	0	0
ENSG00000255713.2	0	0	0	0	0	0	0	0
ENSG00000121053.6	0	1	0	0	1	0	1	0
ENSG00000278627.1	0	0	2	0	2	0	0	1
ENSG00000011143.19	49	38	32	31	20	20	36	26
ENSG00000167419.11	0	1	1	0	0	0	1	0
ENSG00000287337.1	0	0	0	0	0	0	0	0
ENSG00000286788.1	0	0	0	0	0	0	0	0
ENSG00000005381.9	1	2	3	0	0	0	2	1
ENSG00000005379.17	42	33	25	21	36	35	25	25
ENSG00000265148.7	7	2	9	0	7	7	3	2
ENSG00000265206.6	0	0	0	0	0	0	0	0
ENSG00000284353.1	0	0	0	0	0	0	0	0
ENSG00000264399.1	0	0	0	0	0	0	0	0
ENSG00000213246.7	9	7	11	5	3	8	6	8
ENSG00000285897.1	1	0	2	0	1	0	0	0
ENSG00000108375.13	0	0	0	1	0	0	0	0
ENSG00000176160.11	0	0	0	0	0	0	0	0
ENSG00000266648.1	96	95	107	82	93	117	102	83
ENSG00000108389.10	234	204	172	161	164	220	164	183
ENSG00000289147.2	0	2	0	1	1	1	0	2
ENSG00000264672.6	0	0	0	1	0	3	0	1
ENSG00000108387.16	8	7	0	4	3	10	1	5
ENSG00000121101.16	1	1	0	0	1	1	0	1
ENSG00000212195.2	0	0	0	0	0	0	0	0
ENSG00000290039.1	0	0	0	0	0	0	0	0
ENSG00000266826.3	87	99	121	92	109	102	108	146
ENSG00000199426.1	0	0	0	0	0	0	0	0
ENSG00000266561.2	0	0	0	0	0	0	0	0
ENSG00000206917.1	0	0	0	0	0	0	0	0
ENSG00000200997.1	0	0	0	0	0	0	0	0
ENSG00000108384.16	37	33	40	36	44	37	42	44
ENSG00000274198.1	0	0	0	0	0	0	0	0
ENSG00000175175.6	1	0	0	0	0	0	1	0
ENSG00000276601.1	0	0	0	0	0	0	0	0
ENSG00000251865.1	0	0	0	0	0	0	0	0
ENSG00000241462.1	0	0	0	0	0	0	0	0
ENSG00000275680.1	0	1	0	0	0	0	0	0
ENSG00000263938.1	0	1	0	0	0	0	0	0
ENSG00000108395.14	177	148	157	167	214	172	174	134
ENSG00000263558.2	1	0	0	0	0	2	1	0
ENSG00000224738.2	0	5	1	1	3	2	3	4
ENSG00000182628.13	87	80	106	73	95	70	71	68
ENSG00000252212.1	0	1	0	0	0	0	0	0
ENSG00000211514.1	0	0	0	0	0	0	0	0
ENSG00000207996.1	0	0	0	0	0	0	0	0
ENSG00000068489.13	35	26	16	22	39	27	33	26
ENSG00000266537.1	9	3	5	7	7	3	6	4
ENSG00000265303.1	0	0	0	0	0	0	0	0
ENSG00000265415.1	0	0	0	0	0	0	0	0
ENSG00000167447.13	84	87	79	99	85	69	82	77
ENSG00000153982.11	12	7	4	5	7	6	5	5
ENSG00000207235.1	0	0	0	0	0	0	0	0
ENSG00000271063.1	14	16	9	12	8	14	14	15
ENSG00000175155.11	114	117	126	147	106	85	131	140
ENSG00000278863.1	0	0	0	0	0	0	0	0
ENSG00000263857.1	0	0	0	0	0	0	0	0
ENSG00000266002.1	0	0	0	0	0	0	0	0
ENSG00000265313.8	0	0	3	2	3	1	2	1
ENSG00000200889.1	0	0	0	0	0	0	0	0
ENSG00000108406.10	290	244	296	283	300	263	301	321
ENSG00000273702.1	1	1	1	2	0	0	2	3
ENSG00000141367.13	2400	2269	2284	2246	2421	2350	2343	2066
ENSG00000141378.15	42	34	39	38	34	45	39	37
ENSG00000062716.13	515	761	546	766	626	680	439	644
ENSG00000284190.1	0	0	0	0	0	0	0	0
ENSG00000201524.1	1	0	0	0	0	0	0	0
ENSG00000108423.15	9	3	9	8	9	17	18	4
ENSG00000270264.1	74	69	60	50	62	59	50	47
ENSG00000108443.14	159	120	141	158	168	175	121	137
ENSG00000241913.1	0	0	0	0	0	0	0	0
ENSG00000267318.1	0	0	0	0	0	0	0	0
ENSG00000189050.16	34	28	32	28	26	16	30	27
ENSG00000267104.2	0	0	0	0	0	0	0	0
ENSG00000267302.5	1	1	0	0	0	0	1	1
ENSG00000266992.1	0	0	0	0	1	1	0	0
ENSG00000238283.3	0	0	0	0	0	0	0	0
ENSG00000287664.1	0	0	0	0	0	0	0	0
ENSG00000275860.1	0	0	0	0	0	0	0	0
ENSG00000274378.1	0	0	0	0	0	0	0	0
ENSG00000068097.16	94	93	109	77	123	92	91	90
ENSG00000264049.1	0	0	0	0	0	0	0	0
ENSG00000267526.1	1	0	0	0	0	0	0	1
ENSG00000267416.2	0	2	0	1	0	0	1	0
ENSG00000261040.9	7	8	13	4	12	7	2	9
ENSG00000280852.2	30	33	34	43	27	38	41	38
ENSG00000267295.1	0	0	0	0	0	0	0	0
ENSG00000267248.5	3	4	1	3	2	4	9	4
ENSG00000277532.1	0	0	0	0	0	0	0	0
ENSG00000286435.1	0	0	0	0	0	0	0	0
ENSG00000267095.1	0	0	0	0	0	0	0	0
ENSG00000167434.10	0	0	0	0	1	0	0	0
ENSG00000170832.13	330	293	238	355	275	328	286	310
ENSG00000252577.1	0	0	0	0	0	0	0	0
ENSG00000241157.1	2	3	1	0	1	2	0	3
ENSG00000275562.1	101	103	89	95	61	92	98	94
ENSG00000271626.1	0	0	0	0	0	0	0	0
ENSG00000141371.13	0	0	0	0	0	0	0	0
ENSG00000213228.5	1143	1051	894	589	1059	872	740	608
ENSG00000062725.10	377	349	311	374	444	308	350	314
ENSG00000270553.1	62	66	67	67	64	59	61	51
ENSG00000259349.4	1	0	4	1	2	2	2	0
ENSG00000267678.1	2	1	1	0	0	1	0	1
ENSG00000267772.1	0	0	0	0	0	0	0	0
ENSG00000266943.1	61	67	31	26	24	31	44	31
ENSG00000170836.13	109	81	88	58	129	60	96	63
ENSG00000200013.1	0	0	0	0	0	0	0	0
ENSG00000141376.24	124	136	149	145	153	102	164	145
ENSG00000239932.3	0	0	0	0	0	1	0	0
ENSG00000224011.1	41	38	30	30	26	22	31	22
ENSG00000252534.1	0	0	0	0	0	0	0	0
ENSG00000267083.1	0	0	0	0	0	0	0	0
ENSG00000254114.1	62	38	40	40	55	26	48	21
ENSG00000264322.2	0	0	0	1	0	0	0	0
ENSG00000267207.1	0	0	0	0	0	0	1	0
ENSG00000267449.1	0	0	0	0	0	0	0	0
ENSG00000227694.1	2	2	2	1	0	0	0	0
ENSG00000286997.1	0	2	1	2	2	3	2	1
ENSG00000273982.1	0	0	0	0	1	0	0	0
ENSG00000267131.1	0	0	0	0	1	0	1	0
ENSG00000266934.1	1	1	2	1	0	1	1	0
ENSG00000267280.6	45	38	19	23	11	16	30	26
ENSG00000289926.1	18	12	6	8	12	13	14	15
ENSG00000121068.14	691	752	459	501	492	606	599	664
ENSG00000187013.4	5	1	2	3	3	2	6	4
ENSG00000121075.11	122	138	178	191	64	67	115	155
ENSG00000267137.1	2	0	0	0	0	2	0	1
ENSG00000253506.3	1695	1517	1580	1413	1489	1287	1429	1237
ENSG00000136492.10	11	20	14	25	12	22	18	8
ENSG00000108506.14	51	50	42	55	49	59	48	47
ENSG00000202361.1	0	0	0	0	0	0	0	0
ENSG00000108510.10	361	322	324	376	343	370	361	379
ENSG00000279133.1	2	2	2	4	0	2	3	2
ENSG00000242398.3	0	0	0	0	0	0	0	0
ENSG00000285879.1	0	0	0	1	0	0	0	0
ENSG00000200842.1	0	0	0	0	0	0	0	0
ENSG00000289293.1	7	4	4	9	4	5	10	9
ENSG00000207123.1	0	0	0	0	0	0	0	0
ENSG00000266066.1	96	102	61	73	73	108	82	85
ENSG00000266365.1	0	0	0	0	0	0	0	0
ENSG00000266647.1	0	0	0	0	0	0	0	0
ENSG00000290800.1	0	0	0	0	0	0	0	0
ENSG00000188755.11	0	0	0	0	0	0	0	0
ENSG00000263887.7	0	0	0	0	0	0	0	0
ENSG00000242123.1	14	5	11	4	7	8	12	14
ENSG00000172421.10	2	5	1	2	5	4	2	4
ENSG00000239809.1	242	220	161	144	124	104	153	132
ENSG00000251981.1	0	0	0	0	0	0	0	0
ENSG00000239527.1	0	0	0	0	0	0	0	0
ENSG00000087995.16	131	129	142	150	134	130	139	150
ENSG00000146872.19	130	135	138	156	147	147	146	148
ENSG00000239246.3	15	18	11	10	10	10	13	12
ENSG00000264546.1	1	1	0	1	3	0	0	1
ENSG00000277463.1	0	0	1	0	0	0	1	0
ENSG00000274565.1	20	16	21	7	18	8	29	14
ENSG00000011028.14	3543	2767	3695	2754	2890	2467	3310	2854
ENSG00000207382.1	0	0	0	0	0	0	0	0
ENSG00000279713.1	4	8	6	2	6	3	4	2
ENSG00000199697.1	0	2	1	0	0	0	0	0
ENSG00000265702.2	0	5	2	0	0	1	0	2
ENSG00000173838.12	2	18	1	28	3	25	1	12
ENSG00000287457.1	0	0	0	0	0	0	0	0
ENSG00000265000.1	0	0	0	0	0	0	0	2
ENSG00000264907.1	11	13	6	12	14	5	12	5
ENSG00000283538.3	1	0	1	3	0	4	2	1
ENSG00000207552.1	0	0	0	0	0	0	0	0
ENSG00000265262.1	74	76	50	50	51	51	49	65
ENSG00000170921.16	378	479	310	470	338	543	382	498
ENSG00000270324.1	0	0	0	0	0	0	0	0
ENSG00000272164.1	0	0	0	0	0	0	0	0
ENSG00000272383.1	0	0	0	0	0	0	0	0
ENSG00000264513.1	0	0	0	0	0	0	0	0
ENSG00000264529.1	4	2	2	0	2	0	2	1
ENSG00000233635.2	0	0	0	0	0	0	0	0
ENSG00000263501.1	0	0	0	0	0	0	0	0
ENSG00000271919.1	29	31	31	15	31	37	32	24
ENSG00000226797.2	0	0	0	0	0	0	0	0
ENSG00000263644.1	0	0	0	0	0	0	1	0
ENSG00000271749.1	0	0	0	1	0	0	1	1
ENSG00000265282.1	0	0	0	0	0	0	0	0
ENSG00000008283.16	120	112	116	88	107	110	96	88
ENSG00000265971.1	0	1	0	0	0	0	0	0
ENSG00000228979.4	3	1	1	0	0	0	0	1
ENSG00000159640.17	10	14	13	12	43	33	21	25
ENSG00000264813.6	0	0	0	0	0	0	0	1
ENSG00000224353.2	0	0	0	0	0	0	0	0
ENSG00000173826.15	3	1	0	0	0	2	1	1
ENSG00000136485.16	277	294	227	275	270	309	301	258
ENSG00000288894.1	0	0	0	0	0	0	0	0
ENSG00000200560.1	0	0	0	0	0	0	0	0
ENSG00000136463.9	12	12	2	7	12	4	14	6
ENSG00000270587.1	10	7	11	11	7	6	9	13
ENSG00000198909.8	225	355	285	350	252	237	193	370
ENSG00000263883.1	80	78	48	44	58	47	52	48
ENSG00000266173.7	27	25	34	14	34	31	25	14
ENSG00000136490.9	14	12	11	12	11	12	17	7
ENSG00000279369.1	3	3	1	1	1	1	2	2
ENSG00000125695.12	0	0	0	0	0	0	0	0
ENSG00000108588.15	249	354	281	314	277	313	275	257
ENSG00000198231.14	651	537	557	590	708	607	622	565
ENSG00000108592.17	254	318	262	298	248	249	176	251
ENSG00000087191.14	301	389	256	312	282	332	231	303
ENSG00000108604.18	293	856	264	567	262	430	248	614
ENSG00000240280.7	0	0	0	0	0	1	1	0
ENSG00000213218.11	0	0	0	0	0	0	0	0
ENSG00000136487.18	0	0	0	0	0	0	0	0
ENSG00000259533.2	0	0	0	0	0	0	0	0
ENSG00000136488.15	0	0	0	0	0	1	0	0
ENSG00000259333.1	0	0	0	0	0	0	0	0
ENSG00000204414.14	0	0	0	0	0	0	0	0
ENSG00000259384.7	0	0	0	0	0	0	0	0
ENSG00000285947.1	0	0	0	0	0	0	0	0
ENSG00000007312.14	0	1	0	3	1	0	0	1
ENSG00000007314.12	0	0	0	3	1	1	1	0
ENSG00000263489.1	0	0	1	0	0	0	0	0
ENSG00000264954.2	0	1	0	1	1	0	0	0
ENSG00000224383.8	2	1	1	0	2	1	0	2
ENSG00000108622.11	1	0	2	1	0	0	0	0
ENSG00000178607.17	75	72	78	70	57	55	92	113
ENSG00000286629.1	0	1	1	0	1	0	0	0
ENSG00000289957.1	0	0	0	0	0	0	0	0
ENSG00000266402.5	0	2	0	0	0	0	0	0
ENSG00000199753.1	1	1	0	0	0	1	0	0
ENSG00000281311.1	0	0	0	0	0	0	0	0
ENSG00000277887.1	0	0	0	0	0	0	0	0
ENSG00000136478.9	331	756	411	1206	375	1075	454	1319
ENSG00000256358.1	5	8	5	1	1	2	7	1
ENSG00000261371.6	0	2	1	3	6	3	0	0
ENSG00000239823.2	0	0	0	0	0	0	0	0
ENSG00000265031.1	0	0	0	0	0	0	0	0
ENSG00000271605.6	5	7	20	14	13	13	8	6
ENSG00000256525.8	38	34	35	34	26	16	23	29
ENSG00000256826.1	14	10	10	8	6	14	10	6
ENSG00000108654.16	3060	3230	2961	2962	3241	3000	2648	2893
ENSG00000284564.1	0	0	0	0	0	0	0	0
ENSG00000284368.1	0	0	0	0	0	0	0	0
ENSG00000258890.8	86	68	67	83	75	44	80	76
ENSG00000108854.16	545	563	977	550	718	553	650	590
ENSG00000271779.1	0	0	0	0	0	0	0	0
ENSG00000270714.1	85	131	52	75	45	49	71	71
ENSG00000215769.8	8	17	12	22	13	9	9	23
ENSG00000266820.1	0	0	0	0	0	0	0	0
ENSG00000265298.1	132	129	134	145	143	121	138	120
ENSG00000263647.1	0	0	0	0	0	0	0	0
ENSG00000265982.1	1	0	1	0	0	1	1	2
ENSG00000291117.1	36	50	33	45	30	41	39	73
ENSG00000278581.1	0	0	0	0	0	0	0	0
ENSG00000214176.12	0	0	0	0	0	4	0	0
ENSG00000284172.1	0	0	0	0	0	0	0	0
ENSG00000252242.1	0	0	0	0	0	0	0	0
ENSG00000272400.1	0	0	0	0	0	0	0	0
ENSG00000176809.11	26	10	25	20	31	20	28	12
ENSG00000264840.1	0	0	0	0	1	0	0	0
ENSG00000272134.1	0	0	0	0	0	0	0	0
ENSG00000272220.1	0	0	0	0	0	0	0	0
ENSG00000265218.1	1	0	0	0	2	5	3	1
ENSG00000266644.1	0	0	0	0	2	1	0	0
ENSG00000271974.1	0	0	0	0	0	0	0	0
ENSG00000264057.2	0	0	0	0	0	0	0	0
ENSG00000290457.1	1	0	0	0	0	1	1	2
ENSG00000266155.2	0	0	0	0	1	0	0	0
ENSG00000280299.1	0	0	0	0	0	0	0	0
ENSG00000272346.2	0	0	0	0	0	0	0	0
ENSG00000265912.1	1	0	1	0	1	1	1	2
ENSG00000272006.1	0	0	0	0	0	1	0	0
ENSG00000232457.4	0	0	0	0	0	0	0	0
ENSG00000291140.1	27	20	18	15	19	11	26	16
ENSG00000214174.11	0	1	0	0	2	1	1	0
ENSG00000120063.10	295	290	208	244	244	209	293	241
ENSG00000266598.1	0	0	0	0	0	0	0	0
ENSG00000108370.17	23	19	14	13	13	15	17	13
ENSG00000265883.1	0	0	0	0	0	0	0	0
ENSG00000263520.1	0	0	0	0	0	0	0	0
ENSG00000168646.14	37	104	40	99	35	58	46	99
ENSG00000266076.1	0	0	0	0	0	0	0	0
ENSG00000154240.18	44	58	42	54	44	42	66	81
ENSG00000271587.1	0	0	0	0	0	0	0	0
ENSG00000270870.1	37	53	63	56	52	49	50	36
ENSG00000266707.1	73	82	70	82	64	79	72	90
ENSG00000091583.11	0	1	0	1	0	0	0	1
ENSG00000252653.1	0	0	0	0	0	0	0	0
ENSG00000284242.1	0	0	0	0	0	0	0	0
ENSG00000154229.12	636	629	730	654	776	1041	615	733
ENSG00000244044.3	1	0	0	1	0	0	0	1
ENSG00000264630.5	0	0	0	0	0	0	0	0
ENSG00000289587.2	0	0	0	0	0	0	1	0
ENSG00000252685.1	0	0	0	0	0	0	0	0
ENSG00000251698.1	0	0	0	0	0	0	0	0
ENSG00000229330.2	0	1	0	1	0	0	0	0
ENSG00000207943.1	0	0	0	0	0	0	0	0
ENSG00000075429.9	0	2	1	0	1	0	1	0
ENSG00000251764.1	0	0	0	0	0	0	0	0
ENSG00000289877.1	0	0	0	0	0	0	0	0
ENSG00000075461.6	0	0	0	0	0	0	0	0
ENSG00000264491.1	0	0	0	0	0	0	0	0
ENSG00000265664.1	0	0	0	0	0	0	0	0
ENSG00000108878.5	0	0	0	0	0	0	0	0
ENSG00000198265.12	219	192	205	180	246	298	251	247
ENSG00000264421.1	0	0	0	0	0	0	0	0
ENSG00000213180.4	434	385	425	305	429	322	333	276
ENSG00000285877.1	2	6	5	2	4	5	5	5
ENSG00000266473.1	1	0	2	0	2	0	1	0
ENSG00000200619.1	0	0	0	0	0	0	0	0
ENSG00000207410.1	2	1	0	2	1	0	0	2
ENSG00000264093.1	0	0	0	0	0	0	0	0
ENSG00000197170.10	156	154	130	154	164	153	121	122
ENSG00000154217.16	19	40	28	45	27	54	20	37
ENSG00000290052.1	0	0	1	0	0	0	0	0
ENSG00000201547.1	0	0	0	0	0	0	0	0
ENSG00000244610.3	0	0	0	0	0	0	0	0
ENSG00000263690.2	0	0	0	0	0	0	0	0
ENSG00000207688.2	0	0	0	0	0	0	0	0
ENSG00000264754.1	0	0	0	0	0	0	0	0
ENSG00000279917.1	2	1	0	0	1	0	0	0
ENSG00000279361.1	0	0	0	0	0	0	0	0
ENSG00000288109.1	0	0	0	1	0	0	0	0
ENSG00000130935.10	118	96	99	89	121	105	100	94
ENSG00000200394.1	0	0	0	0	0	0	0	0
ENSG00000266858.1	0	0	0	0	0	0	0	0
ENSG00000213179.4	204	211	169	186	205	172	180	149
ENSG00000171634.19	411	331	388	357	411	369	413	390
ENSG00000266717.1	0	0	1	0	0	0	0	0
ENSG00000279573.1	2	1	4	2	1	3	1	1
ENSG00000279880.1	0	0	1	0	0	0	2	0
ENSG00000265052.2	0	0	1	1	2	0	2	0
ENSG00000186665.10	58	47	70	27	69	32	65	43
ENSG00000182481.10	256	278	289	189	285	201	244	194
ENSG00000266117.1	5	5	5	1	7	5	4	6
ENSG00000265055.2	2	3	3	3	2	0	2	1
ENSG00000291214.1	64	37	80	51	65	39	68	47
ENSG00000237854.6	0	0	0	0	0	0	0	0
ENSG00000267023.6	19	5	15	12	11	6	13	9
ENSG00000278730.1	104	65	143	100	71	59	115	74
ENSG00000290646.1	0	0	0	0	0	0	0	0
ENSG00000274561.1	10	7	8	4	9	6	5	2
ENSG00000277476.1	33	36	17	16	13	13	26	21
ENSG00000267352.1	0	0	0	0	0	0	0	0
ENSG00000267708.1	0	0	0	0	0	0	1	0
ENSG00000278740.1	0	0	0	0	0	0	0	0
ENSG00000267731.1	1	0	1	0	1	0	2	1
ENSG00000267472.1	0	0	0	0	0	0	0	0
ENSG00000196704.14	203	214	219	191	188	168	195	186
ENSG00000290793.1	2	5	9	4	6	4	4	6
ENSG00000274712.3	0	0	0	0	0	0	0	0
ENSG00000265100.2	0	4	1	1	1	0	2	1
ENSG00000141337.13	89	121	80	113	146	173	69	111
ENSG00000108932.13	6	5	6	3	6	38	1	3
ENSG00000267009.6	2	1	0	1	1	2	0	2
ENSG00000070540.13	546	1129	459	880	787	1071	419	908
ENSG00000207561.1	20	25	7	16	10	19	10	20
ENSG00000108946.17	1573	1708	1449	1839	1680	1885	1509	1688
ENSG00000108950.12	145	258	174	348	114	292	127	294
ENSG00000267461.1	0	0	1	0	0	0	0	0
ENSG00000267659.5	0	1	1	1	0	0	0	0
ENSG00000283376.1	0	0	1	0	0	0	0	0
ENSG00000267250.1	0	0	1	1	0	1	1	0
ENSG00000141338.15	866	1046	785	785	985	714	786	764
ENSG00000231749.3	1	2	3	3	2	2	2	1
ENSG00000154258.17	205	346	391	430	332	235	494	544
ENSG00000154262.13	335	599	326	685	308	493	380	799
ENSG00000267361.1	2	6	1	9	2	3	4	7
ENSG00000265331.1	0	2	0	0	1	0	0	0
ENSG00000283385.1	0	0	0	0	0	0	0	0
ENSG00000154263.18	73	33	71	31	53	15	59	20
ENSG00000278873.1	0	0	0	0	0	0	0	0
ENSG00000285931.1	0	0	0	0	0	0	0	0
ENSG00000154265.16	71	71	100	118	62	48	137	84
ENSG00000267203.1	47	73	40	49	60	62	53	37
ENSG00000252352.1	0	0	0	0	0	0	0	0
ENSG00000108984.16	74	71	95	77	37	27	35	16
ENSG00000278972.1	0	0	0	0	0	0	0	0
ENSG00000267653.1	1	1	0	3	0	0	0	1
ENSG00000227517.7	2	0	3	1	2	2	2	3
ENSG00000267184.1	6	2	6	4	2	4	3	3
ENSG00000237560.9	1	0	0	0	1	1	1	2
ENSG00000199801.1	0	0	0	0	0	0	0	0
ENSG00000230258.6	0	0	0	0	0	0	0	0
ENSG00000267603.1	0	0	0	0	0	0	0	0
ENSG00000153822.15	0	0	0	0	0	0	0	0
ENSG00000267365.2	13	9	12	5	21	11	18	11
ENSG00000123700.5	178	145	119	132	228	157	192	233
ENSG00000289371.1	0	2	0	2	2	0	0	1
ENSG00000267170.1	285	279	455	368	445	439	346	284
ENSG00000267109.1	0	0	0	0	0	0	0	0
ENSG00000267471.1	0	0	0	0	0	0	0	0
ENSG00000271239.1	0	0	0	0	0	0	0	0
ENSG00000271101.1	5	7	3	11	8	2	4	7
ENSG00000260785.2	0	0	0	0	0	0	0	0
ENSG00000238759.1	0	0	0	0	0	0	0	0
ENSG00000225818.1	0	0	0	0	0	0	0	0
ENSG00000228118.3	818	1268	1276	1475	1069	1792	1044	1278
ENSG00000286387.1	0	0	0	0	0	0	0	0
ENSG00000283517.1	0	0	0	0	0	0	0	0
ENSG00000228639.8	0	1	0	0	0	0	0	0
ENSG00000256124.6	8	3	5	1	7	4	1	0
ENSG00000288605.1	0	0	0	0	0	0	0	0
ENSG00000234899.11	0	0	2	0	1	1	0	1
ENSG00000226101.2	0	0	0	0	0	0	0	0
ENSG00000125398.8	170	108	179	64	94	23	209	65
ENSG00000227036.10	5	9	7	7	4	4	10	8
ENSG00000264026.2	0	0	0	0	0	0	0	0
ENSG00000263680.2	0	0	0	0	0	0	0	0
ENSG00000243514.2	1	0	0	0	0	0	0	0
ENSG00000263893.2	0	0	0	0	0	0	0	0
ENSG00000133195.12	51	44	67	74	49	47	36	28
ENSG00000200783.1	0	0	0	0	0	0	0	0
ENSG00000252274.1	1	0	0	0	0	0	0	0
ENSG00000264196.1	0	0	0	0	0	0	0	0
ENSG00000266501.1	0	0	0	0	0	0	0	0
ENSG00000265469.1	0	1	0	0	3	3	2	1
ENSG00000264860.1	0	0	0	0	0	0	0	0
ENSG00000180616.9	50	41	20	47	22	24	29	28
ENSG00000166685.13	143	109	119	105	127	118	116	89
ENSG00000277728.1	0	0	1	1	0	1	2	1
ENSG00000133193.13	84	67	69	46	88	84	62	67
ENSG00000141219.16	92	67	109	75	110	94	86	78
ENSG00000265010.1	0	0	1	0	1	0	1	0
ENSG00000187959.9	0	0	0	0	0	0	0	0
ENSG00000179604.10	312	257	296	235	229	147	290	313
ENSG00000069188.17	4	2	3	1	2	2	6	0
ENSG00000264985.4	0	0	2	0	0	0	0	0
ENSG00000264750.1	0	0	0	0	0	0	0	0
ENSG00000265935.1	0	0	0	0	0	0	0	0
ENSG00000263574.2	0	0	0	0	0	0	0	0
ENSG00000177338.14	0	0	0	0	0	0	0	2
ENSG00000234721.3	0	0	0	1	0	0	0	0
ENSG00000265927.1	0	0	0	0	0	0	0	0
ENSG00000266765.1	0	0	0	0	0	0	0	0
ENSG00000288006.1	0	0	0	0	0	0	0	0
ENSG00000285648.1	0	0	0	0	0	0	0	0
ENSG00000266357.6	0	0	0	0	0	0	0	0
ENSG00000172809.13	820	911	876	759	874	739	692	620
ENSG00000246731.3	0	1	2	2	2	0	3	1
ENSG00000141540.11	25	13	12	7	8	5	8	5
ENSG00000264272.1	0	0	0	1	0	0	0	0
ENSG00000171595.14	0	0	0	0	0	0	0	0
ENSG00000266106.1	0	0	0	0	0	0	0	0
ENSG00000196169.15	0	0	0	1	0	0	1	0
ENSG00000204347.4	0	0	0	0	0	0	0	0
ENSG00000257008.7	1	0	0	0	0	1	0	1
ENSG00000200021.1	0	0	0	0	0	0	0	0
ENSG00000170412.18	15	7	1	2	2	0	4	7
ENSG00000167851.15	0	0	0	0	0	0	0	0
ENSG00000178789.9	0	0	0	0	0	0	0	0
ENSG00000289070.2	0	0	0	0	0	0	0	0
ENSG00000167850.4	0	0	0	0	0	0	0	0
ENSG00000236770.1	0	0	0	0	0	0	0	0
ENSG00000284690.3	0	0	0	0	0	0	0	0
ENSG00000204345.1	0	0	0	0	0	0	0	0
ENSG00000182352.8	0	0	0	0	1	0	0	0
ENSG00000261222.4	0	0	0	0	0	0	0	0
ENSG00000186407.7	0	0	0	0	0	0	0	0
ENSG00000264659.2	0	0	0	0	0	0	0	0
ENSG00000172794.20	0	1	1	1	2	0	2	2
ENSG00000186074.19	0	0	0	0	0	0	0	0
ENSG00000266036.1	0	0	0	0	0	0	0	0
ENSG00000284186.1	0	0	0	0	0	0	0	0
ENSG00000109062.12	46	37	39	28	52	45	37	36
ENSG00000109065.12	121	114	102	91	113	108	95	94
ENSG00000109066.14	113	103	93	129	87	128	73	94
ENSG00000161509.14	3	0	0	0	1	2	0	0
ENSG00000161513.12	232	127	136	50	163	87	121	68
ENSG00000172782.13	0	1	2	0	1	2	1	0
ENSG00000182040.9	0	0	0	0	0	0	0	0
ENSG00000183034.13	0	0	0	0	0	0	0	0
ENSG00000182938.7	0	0	0	0	0	0	0	0
ENSG00000167861.16	2	2	2	3	1	2	1	3
ENSG00000263586.1	0	0	0	0	0	0	0	0
ENSG00000109089.7	106	149	91	118	142	102	114	118
ENSG00000167862.10	51	40	39	40	57	48	37	39
ENSG00000252545.1	0	0	0	0	0	0	0	0
ENSG00000180901.11	222	176	191	194	200	183	204	221
ENSG00000167863.12	316	384	281	352	310	360	257	259
ENSG00000239607.3	0	0	0	0	0	0	0	0
ENSG00000270993.1	1	2	1	3	0	1	4	5
ENSG00000232724.1	0	0	0	0	0	0	0	0
ENSG00000170190.16	24	41	37	36	39	44	37	47
ENSG00000206713.1	0	0	0	0	0	0	0	0
ENSG00000125449.7	39	44	32	31	32	41	31	31
ENSG00000125458.7	49	43	49	36	40	48	34	49
ENSG00000279035.1	0	0	1	0	0	1	0	0
ENSG00000189159.16	106	112	93	99	107	95	73	88
ENSG00000265800.1	0	1	1	0	0	0	0	1
ENSG00000263786.1	0	0	0	0	0	0	0	1
ENSG00000252042.1	0	0	0	0	0	0	0	0
ENSG00000188612.12	464	360	408	392	395	322	442	330
ENSG00000125450.11	100	112	84	80	77	105	95	88
ENSG00000125447.18	122	137	124	103	134	123	106	133
ENSG00000125445.11	109	83	79	73	80	74	87	50
ENSG00000125457.15	27	41	47	61	31	33	43	62
ENSG00000263843.1	4	2	0	1	2	1	1	1
ENSG00000125454.12	16	15	11	18	8	7	13	8
ENSG00000177885.15	440	369	343	359	389	372	335	361
ENSG00000228007.1	831	811	583	538	544	493	510	437
ENSG00000265987.1	0	0	0	0	1	0	0	0
ENSG00000264853.1	0	0	0	0	0	0	0	0
ENSG00000265342.1	0	0	0	0	0	1	0	0
ENSG00000264511.1	0	0	0	0	0	0	0	0
ENSG00000223217.1	0	0	0	0	0	0	0	0
ENSG00000202332.1	0	0	0	0	0	0	0	0
ENSG00000177728.17	245	261	215	193	268	236	210	242
ENSG00000284595.1	0	0	0	0	0	0	0	0
ENSG00000177303.10	65	82	49	55	70	54	80	79
ENSG00000182173.14	12	16	27	16	15	13	29	21
ENSG00000073350.14	2	0	2	1	2	0	0	2
ENSG00000266714.11	43	43	21	28	11	17	26	24
ENSG00000108469.15	102	83	78	76	72	69	74	68
ENSG00000204323.5	1	1	1	1	0	1	0	1
ENSG00000259120.3	0	0	0	0	0	0	0	0
ENSG00000161526.15	152	137	145	138	134	133	125	133
ENSG00000264829.1	0	0	0	0	0	0	0	0
ENSG00000264270.1	0	0	0	0	0	0	0	0
ENSG00000132470.14	3	0	2	1	6	2	3	2
ENSG00000108479.13	54	46	27	21	30	44	32	44
ENSG00000132475.10	802	678	729	557	702	562	753	593
ENSG00000283853.1	0	0	0	0	0	0	0	0
ENSG00000132478.10	113	89	61	46	70	56	64	65
ENSG00000266980.1	0	1	0	0	0	0	1	0
ENSG00000092929.13	13	12	10	12	11	5	5	9
ENSG00000132471.12	345	294	304	342	292	258	248	345
ENSG00000132481.7	15	18	16	13	16	10	15	12
ENSG00000267801.1	1	2	1	1	0	0	0	1
ENSG00000141569.12	74	89	64	46	66	77	67	60
ENSG00000267342.1	1	2	0	2	0	3	2	1
ENSG00000204316.13	11	6	7	5	5	6	3	5
ENSG00000267426.5	1	2	0	0	0	0	0	2
ENSG00000188878.20	11	10	10	9	18	11	14	13
ENSG00000161533.12	183	181	191	150	187	130	142	181
ENSG00000267615.1	0	0	0	0	0	0	0	0
ENSG00000261408.7	4	3	2	1	1	3	4	1
ENSG00000257949.7	1	1	0	0	0	1	0	0
ENSG00000250506.9	0	2	1	3	0	1	1	4
ENSG00000167880.8	0	1	0	0	0	0	0	0
ENSG00000167881.15	292	240	286	211	275	290	293	238
ENSG00000186919.13	0	0	0	0	0	0	0	0
ENSG00000182687.4	0	1	0	0	0	1	0	0
ENSG00000182473.22	450	297	444	277	476	359	454	335
ENSG00000279382.1	8	5	6	7	4	10	13	6
ENSG00000275360.1	0	0	0	0	0	0	0	0
ENSG00000129654.8	0	0	0	0	0	0	0	1
ENSG00000267128.2	1	0	0	0	0	0	0	1
ENSG00000141576.16	17	54	11	21	17	18	15	29
ENSG00000267376.1	0	0	0	0	0	0	0	0
ENSG00000228218.1	1070	836	1025	878	1158	832	1229	1011
ENSG00000185262.9	62	109	54	82	78	70	55	132
ENSG00000129646.16	15	10	10	7	15	9	15	17
ENSG00000161542.17	144	80	66	71	121	106	133	113
ENSG00000251779.1	0	0	0	0	0	0	0	0
ENSG00000207169.1	0	0	0	1	0	0	0	0
ENSG00000267518.1	0	0	0	0	0	0	0	0
ENSG00000176170.14	28	63	8	13	34	98	30	21
ENSG00000175931.13	112	109	82	83	109	134	101	101
ENSG00000242931.1	0	0	0	0	0	0	0	0
ENSG00000129673.10	0	0	0	0	0	1	1	1
ENSG00000129667.13	8	9	12	6	22	21	13	10
ENSG00000161544.10	338	243	228	150	254	197	304	229
ENSG00000214140.11	13	9	8	9	11	5	11	10
ENSG00000267546.2	2	1	0	1	2	4	2	2
ENSG00000267543.1	0	3	4	1	3	1	0	1
ENSG00000272386.1	0	0	1	0	1	0	0	0
ENSG00000163597.17	152	129	114	103	111	105	84	87
ENSG00000274091.1	0	0	0	0	0	0	0	0
ENSG00000199961.1	0	0	0	0	1	0	0	0
ENSG00000278261.1	0	0	0	0	0	0	0	0
ENSG00000284526.2	0	0	0	1	0	0	0	0
ENSG00000070731.11	2	1	0	1	1	1	2	0
ENSG00000267078.1	0	0	0	0	1	0	0	0
ENSG00000267084.1	9	4	4	6	6	6	6	7
ENSG00000286750.1	0	0	0	0	0	0	0	0
ENSG00000070526.15	0	0	0	0	0	0	0	0
ENSG00000199735.1	0	0	0	0	0	0	0	0
ENSG00000261335.1	0	0	1	0	4	0	0	0
ENSG00000182534.14	1429	1529	1397	1502	1632	1806	1301	1388
ENSG00000212418.1	0	0	0	0	0	0	0	0
ENSG00000277382.1	0	0	0	0	0	0	0	0
ENSG00000070495.15	56	82	35	55	64	77	39	80
ENSG00000274051.1	0	1	1	0	0	0	0	1
ENSG00000181038.14	44	38	33	35	36	28	36	30
ENSG00000267168.1	0	0	0	0	0	0	0	0
ENSG00000161547.17	297	324	300	277	264	284	276	224
ENSG00000092931.12	90	73	99	82	66	40	101	78
ENSG00000283805.1	0	0	0	0	0	0	0	0
ENSG00000200257.1	0	0	0	0	0	0	0	0
ENSG00000267065.2	3	0	4	3	0	1	3	4
ENSG00000287836.1	0	0	0	0	2	0	1	0
ENSG00000267535.2	0	1	1	0	0	0	0	0
ENSG00000167889.13	0	0	2	1	0	3	0	1
ENSG00000267568.6	0	0	0	0	0	0	0	0
ENSG00000267521.1	0	0	0	0	0	0	0	0
ENSG00000280122.1	0	1	0	1	0	2	0	1
ENSG00000276202.1	1	0	0	0	0	0	0	1
ENSG00000234912.12	9	14	14	17	8	19	15	7
ENSG00000129657.16	224	202	236	242	256	224	251	262
ENSG00000275143.1	0	0	0	0	0	0	0	0
ENSG00000284250.1	0	0	0	0	0	0	0	0
ENSG00000222808.1	0	1	0	0	0	0	0	0
ENSG00000262870.1	0	0	0	0	0	0	0	0
ENSG00000263718.3	0	0	0	0	0	0	0	0
ENSG00000265121.1	0	0	0	0	0	0	0	0
ENSG00000184640.20	2397	1796	1809	1214	1773	1270	1586	1031
ENSG00000266998.2	0	0	0	0	0	0	1	0
ENSG00000287257.1	0	0	0	0	0	0	0	0
ENSG00000264060.1	0	0	0	0	0	0	0	0
ENSG00000200651.1	0	0	0	0	0	0	1	0
ENSG00000279801.1	0	0	0	0	3	1	1	2
ENSG00000267263.1	0	0	0	0	0	0	0	0
ENSG00000267016.1	0	0	1	0	1	1	0	0
ENSG00000267665.3	1	1	0	0	1	1	0	0
ENSG00000267506.7	0	0	0	0	0	0	1	0
ENSG00000286534.1	0	0	0	0	0	0	0	0
ENSG00000267466.1	0	0	0	0	0	0	0	0
ENSG00000279572.1	0	0	0	0	0	0	0	0
ENSG00000285535.2	0	1	0	0	1	1	0	0
ENSG00000267790.1	0	1	0	0	0	0	0	0
ENSG00000204283.4	0	0	0	0	0	0	0	0
ENSG00000238898.1	0	0	0	0	0	0	0	0
ENSG00000078687.18	95	69	82	69	74	77	90	98
ENSG00000279600.1	0	0	0	0	0	0	0	0
ENSG00000267463.1	0	0	0	0	0	0	0	0
ENSG00000238658.1	0	0	0	0	0	0	0	0
ENSG00000141524.19	1	1	3	0	2	3	0	0
ENSG00000167895.16	0	1	0	1	1	0	0	0
ENSG00000187997.12	1	1	0	0	0	0	1	1
ENSG00000267679.1	0	0	1	0	0	0	0	0
ENSG00000108639.8	51	48	69	98	56	90	68	97
ENSG00000167900.12	15	17	5	6	10	9	15	19
ENSG00000183077.16	50	53	53	69	68	76	49	76
ENSG00000267624.1	0	0	0	0	0	0	0	0
ENSG00000089685.15	18	19	6	13	10	9	9	11
ENSG00000204278.14	0	0	0	0	0	0	0	0
ENSG00000283914.1	0	0	0	0	0	0	0	0
ENSG00000267676.1	1	0	1	1	0	0	0	0
ENSG00000279886.1	0	0	0	0	0	0	0	0
ENSG00000204277.1	1	1	0	0	1	0	1	2
ENSG00000267737.1	0	2	2	3	5	2	1	0
ENSG00000184557.4	309	278	236	172	241	247	164	182
ENSG00000266970.3	1	0	0	1	3	3	2	1
ENSG00000243870.3	0	0	0	0	0	0	0	0
ENSG00000087157.19	166	172	120	156	113	120	107	136
ENSG00000200063.1	0	0	0	0	0	0	0	0
ENSG00000187775.17	12	9	12	8	12	10	7	7
ENSG00000267432.6	1	3	3	1	1	0	1	1
ENSG00000267770.1	1	0	0	0	0	0	0	1
ENSG00000243426.3	0	1	0	0	0	2	0	0
ENSG00000267123.7	1	0	0	0	0	1	0	0
ENSG00000289922.1	0	0	0	0	0	0	0	0
ENSG00000108669.18	72	76	70	76	69	38	61	66
ENSG00000279570.1	0	0	0	0	0	0	0	0
ENSG00000252391.1	1	0	0	0	0	0	0	0
ENSG00000055483.20	189	212	138	153	138	155	179	169
ENSG00000287539.1	0	0	0	0	1	1	2	2
ENSG00000267355.2	1	0	0	0	0	0	0	0
ENSG00000035862.13	9500	8956	10336	12070	10777	10887	9908	10033
ENSG00000267601.1	0	0	0	0	0	0	0	0
ENSG00000178404.11	1	0	2	1	4	1	0	1
ENSG00000279339.1	0	5	2	3	1	2	0	0
ENSG00000267491.1	2	2	0	0	0	0	0	0
ENSG00000108679.13	637	525	1037	956	573	483	849	745
ENSG00000171302.17	320	253	273	261	287	288	309	287
ENSG00000265096.3	0	0	0	0	0	0	0	0
ENSG00000173918.15	90	203	87	252	174	368	130	258
ENSG00000167280.17	75	70	77	51	83	72	68	53
ENSG00000167281.20	1	0	1	0	0	1	0	0
ENSG00000266711.1	0	0	0	0	0	0	0	0
ENSG00000263278.2	0	0	0	0	0	0	0	0
ENSG00000266665.1	0	0	0	0	0	0	0	0
ENSG00000267719.1	1	2	0	0	1	1	0	1
ENSG00000182156.10	0	0	0	0	0	0	0	0
ENSG00000173894.11	9	9	8	6	6	4	8	4
ENSG00000141570.11	42	33	31	28	22	40	31	21
ENSG00000262768.2	0	0	0	0	0	0	0	0
ENSG00000262772.2	0	0	0	0	0	0	0	1
ENSG00000141582.15	58	75	68	51	59	62	58	57
ENSG00000262343.1	0	0	0	0	0	0	0	0
ENSG00000262585.1	0	0	0	1	0	1	0	0
ENSG00000262188.4	2	1	1	0	1	1	1	0
ENSG00000167291.16	496	785	375	480	519	680	448	648
ENSG00000275516.1	0	0	0	0	0	1	0	0
ENSG00000262172.1	0	0	0	0	0	0	0	0
ENSG00000261978.1	0	0	0	0	0	0	0	0
ENSG00000141519.15	20	35	11	11	16	17	21	7
ENSG00000289689.1	6	1	8	3	11	4	1	0
ENSG00000265561.2	0	0	0	0	0	0	0	0
ENSG00000171298.14	618	495	537	466	817	693	495	468
ENSG00000141543.12	234	272	163	151	219	243	197	189
ENSG00000279259.1	3	3	1	0	1	0	1	0
ENSG00000275479.1	0	1	1	0	0	0	2	0
ENSG00000141527.19	7	5	6	7	5	1	10	4
ENSG00000262580.5	15	18	10	13	8	5	19	6
ENSG00000181523.13	270	243	306	234	272	230	274	231
ENSG00000181045.15	74	70	69	57	69	42	71	67
ENSG00000173821.20	1292	1170	1088	1006	1063	1292	1082	1330
ENSG00000262979.1	0	0	0	0	0	1	0	0
ENSG00000276863.1	0	0	0	0	0	0	0	0
ENSG00000280248.1	0	0	0	1	0	1	2	0
ENSG00000263069.6	6	6	3	2	6	13	5	4
ENSG00000173818.17	90	106	103	71	69	66	67	62
ENSG00000264961.1	1	2	0	0	1	0	0	0
ENSG00000260369.2	0	0	0	0	0	0	0	0
ENSG00000279273.1	0	0	0	0	0	0	0	1
ENSG00000171246.7	3	3	6	2	7	1	4	0
ENSG00000290024.1	0	0	0	0	0	0	0	0
ENSG00000262000.1	2	1	0	1	1	0	1	0
ENSG00000271340.1	0	0	0	0	1	1	1	0
ENSG00000213128.3	93	86	51	48	44	36	50	33
ENSG00000141564.16	138	162	122	118	121	132	119	118
ENSG00000289764.2	0	0	0	0	0	0	0	0
ENSG00000232083.3	691	687	569	515	458	474	565	476
ENSG00000262833.1	0	0	0	1	1	0	0	0
ENSG00000287403.1	0	0	0	0	0	0	0	0
ENSG00000262313.1	0	0	0	0	0	1	0	0
ENSG00000262662.1	0	0	0	0	0	0	0	0
ENSG00000261924.1	1	0	2	0	1	0	0	0
ENSG00000240270.1	16	9	4	13	9	7	9	8
ENSG00000176108.9	38	41	48	29	47	54	50	42
ENSG00000263218.2	0	0	0	0	0	0	0	0
ENSG00000280351.2	7	4	3	8	3	5	10	6
ENSG00000262873.2	0	1	1	1	0	1	0	0
ENSG00000262098.1	0	0	0	0	0	0	0	1
ENSG00000226137.5	115	71	113	67	115	70	96	73
ENSG00000175866.16	52	62	47	44	30	15	72	63
ENSG00000181409.14	1	6	3	1	4	1	5	6
ENSG00000207736.1	0	0	0	0	0	0	0	1
ENSG00000211563.4	0	0	0	0	0	0	0	0
ENSG00000283604.1	0	0	0	0	0	0	0	0
ENSG00000221025.1	0	0	0	0	0	0	0	0
ENSG00000263167.1	0	0	0	0	0	0	0	0
ENSG00000225180.8	0	0	0	0	0	0	0	0
ENSG00000141577.14	50	48	40	24	26	36	32	31
ENSG00000262115.1	0	1	1	0	0	0	1	1
ENSG00000167302.11	39	45	34	42	35	35	43	46
ENSG00000260005.6	2	5	5	3	8	3	3	7
ENSG00000224877.4	78	70	54	31	54	47	42	37
ENSG00000157637.13	542	545	480	494	325	434	447	519
ENSG00000276101.1	0	0	0	0	0	0	0	0
ENSG00000279187.1	1	1	0	0	2	0	0	1
ENSG00000185168.7	0	0	0	0	0	0	0	0
ENSG00000185332.8	1	0	0	0	1	2	0	0
ENSG00000287431.1	9	4	5	4	7	3	6	9
ENSG00000263154.1	1	1	0	1	0	0	0	0
ENSG00000262223.10	1	2	2	1	1	0	2	3
ENSG00000274833.1	0	0	0	0	0	0	0	0
ENSG00000262877.5	13	12	11	11	3	7	7	9
ENSG00000289913.1	5	3	11	7	1	3	2	4
ENSG00000266074.11	167	108	138	91	118	81	141	109
ENSG00000279692.1	1	0	1	0	0	0	0	0
ENSG00000266392.1	0	0	0	2	0	0	0	0
ENSG00000266189.1	0	0	0	0	0	1	1	0
ENSG00000263271.1	0	0	0	0	0	0	0	0
ENSG00000278200.1	0	0	0	0	0	0	0	0
ENSG00000289140.1	0	0	0	0	0	0	0	0
ENSG00000184009.13	12031	15216	12905	18645	9567	19253	12419	16800
ENSG00000229848.1	2	2	5	0	2	3	1	0
ENSG00000289182.1	10	4	14	4	10	5	14	8
ENSG00000186765.12	0	1	6	4	2	8	8	6
ENSG00000185504.17	147	99	113	82	97	86	117	80
ENSG00000182446.15	358	455	353	428	392	408	354	390
ENSG00000207021.1	0	0	0	0	0	0	0	0
ENSG00000182612.11	8	12	7	8	32	27	7	9
ENSG00000185527.12	0	0	2	0	0	1	0	1
ENSG00000204237.5	70	62	36	52	42	29	47	45
ENSG00000185298.13	82	85	69	66	81	85	78	65
ENSG00000214087.9	94	82	58	66	88	96	85	68
ENSG00000185359.14	317	362	273	259	264	323	303	329
ENSG00000277784.1	0	0	0	0	0	0	0	0
ENSG00000275902.1	0	0	0	0	0	0	0	0
ENSG00000262049.2	0	1	0	0	0	1	2	1
ENSG00000262814.8	21	25	10	16	13	20	8	13
ENSG00000262660.1	0	0	0	0	0	0	0	0
ENSG00000183048.12	2	6	2	2	2	4	3	3
ENSG00000215644.10	0	0	0	0	0	0	0	0
ENSG00000225663.8	308	269	219	209	248	242	244	214
ENSG00000182676.5	0	0	1	0	0	0	0	0
ENSG00000185624.16	3367	3051	3180	2716	3202	3456	2890	2465
ENSG00000262831.1	0	0	0	0	0	0	0	0
ENSG00000278876.1	0	1	1	0	0	0	3	0
ENSG00000262413.1	0	0	0	0	0	0	0	0
ENSG00000141522.12	527	724	447	523	389	631	466	584
ENSG00000263731.1	2	1	0	5	4	2	1	0
ENSG00000263859.1	0	0	0	0	0	0	0	0
ENSG00000183684.8	89	108	74	65	83	87	81	72
ENSG00000141552.18	153	175	105	125	96	121	110	122
ENSG00000183979.8	0	0	0	0	0	0	0	0
ENSG00000185813.11	72	144	60	129	43	91	47	140
ENSG00000187531.14	35	46	42	42	34	54	34	42
ENSG00000197063.11	202	213	128	164	149	133	154	209
ENSG00000264769.1	1	3	2	1	0	1	1	3
ENSG00000265688.2	3	2	5	5	11	7	6	5
ENSG00000183010.17	93	57	91	31	72	53	70	28
ENSG00000263585.1	0	0	0	0	0	0	0	0
ENSG00000185105.5	0	0	0	0	0	0	0	0
ENSG00000235296.2	0	1	0	0	0	0	0	0
ENSG00000185269.12	1	0	0	0	0	0	1	0
ENSG00000264735.1	0	0	1	0	1	0	0	0
ENSG00000169696.16	55	50	58	42	51	58	51	42
ENSG00000169689.15	36	56	33	38	39	55	29	31
ENSG00000169683.8	50	53	32	40	21	44	39	43
ENSG00000169750.9	4	19	7	21	10	15	12	30
ENSG00000169738.8	53	130	61	264	50	160	41	219
ENSG00000279372.1	0	0	0	2	0	0	0	2
ENSG00000264569.2	0	1	1	3	0	0	1	1
ENSG00000169733.12	155	146	133	135	150	137	112	141
ENSG00000169727.14	303	354	284	264	269	274	281	287
ENSG00000169718.18	129	167	99	93	102	86	105	123
ENSG00000169710.9	491	427	290	219	233	269	238	359
ENSG00000176155.21	119	89	79	69	100	93	82	81
ENSG00000265678.1	5	3	3	1	4	4	1	0
ENSG00000266654.1	0	0	0	0	0	0	0	0
ENSG00000264548.1	2	5	5	1	1	0	3	2
ENSG00000141526.18	320	320	240	193	280	969	205	249
ENSG00000284574.1	0	0	0	0	0	0	0	0
ENSG00000141551.15	646	641	569	498	563	517	569	467
ENSG00000275888.1	3	3	5	5	3	5	4	2
ENSG00000280407.3	4	1	2	4	2	3	4	3
ENSG00000287737.3	9	9	6	13	10	5	6	6
ENSG00000265692.1	0	0	1	2	2	0	1	0
ENSG00000260563.3	13	15	18	11	12	6	11	18
ENSG00000173762.8	2	3	1	3	1	1	3	2
ENSG00000141574.8	176	93	151	85	125	102	182	96
ENSG00000182459.5	0	0	0	0	0	0	0	0
ENSG00000278964.1	0	0	0	0	0	0	0	0
ENSG00000181408.5	1	0	0	0	0	1	2	2
ENSG00000260011.2	0	0	0	0	0	1	1	0
ENSG00000181396.13	135	113	96	102	116	117	108	79
ENSG00000264812.1	0	1	0	0	1	0	0	0
ENSG00000201239.1	0	0	0	0	0	0	0	0
ENSG00000169660.17	46	40	29	27	41	34	32	28
ENSG00000279066.1	0	0	2	2	2	3	1	1
ENSG00000178927.19	198	214	195	151	184	140	181	148
ENSG00000287193.1	1	0	0	1	0	0	0	1
ENSG00000265458.3	5	2	3	5	6	3	7	5
ENSG00000141562.19	158	117	155	96	153	107	159	133
ENSG00000279744.1	2	1	1	3	2	2	1	3
ENSG00000266445.1	0	2	0	0	1	0	0	0
ENSG00000266236.1	0	0	0	0	2	1	0	0
ENSG00000141568.21	162	164	100	113	159	138	129	145
ENSG00000265136.1	43	36	43	30	42	43	46	37
ENSG00000262652.1	0	0	0	0	0	0	0	0
ENSG00000262147.1	0	0	1	0	0	0	1	0
ENSG00000261845.2	0	0	0	0	0	0	0	0
ENSG00000141580.16	400	395	421	328	385	450	397	344
ENSG00000279613.1	0	0	0	0	1	0	0	0
ENSG00000141542.11	70	64	58	49	50	36	69	63
ENSG00000266107.1	0	0	0	0	0	0	0	0
ENSG00000289945.1	0	0	1	0	0	0	0	0
ENSG00000263063.1	0	0	0	0	0	0	0	0
ENSG00000141560.15	105	86	88	90	86	72	101	94
ENSG00000263321.1	0	1	1	1	0	0	0	0
ENSG00000167363.14	20	17	22	25	23	16	24	13
ENSG00000262410.1	0	2	0	0	1	0	3	1
ENSG00000141556.22	365	321	353	292	407	388	299	314
ENSG00000263098.1	0	0	0	0	0	0	0	0
ENSG00000141579.7	0	1	1	0	1	0	0	0
ENSG00000262663.1	0	0	0	1	0	0	1	2
ENSG00000175711.9	10	16	8	6	12	14	10	7
ENSG00000262339.5	0	0	0	0	0	0	0	0
ENSG00000176845.13	314	222	237	140	211	113	231	166
ENSG00000274370.1	23	13	28	12	16	11	19	4
ENSG00000261888.1	99	61	112	65	80	29	66	47
ENSG00000288807.1	0	0	0	0	0	1	0	0
ENSG00000279143.1	0	0	0	0	0	0	0	0
ENSG00000262898.5	3	0	2	0	0	0	2	0
ENSG00000262094.1	0	0	1	0	0	0	0	0
ENSG00000232938.2	84	54	56	47	84	50	57	40
